[2026-01-12T22:07:00.541+0000] {processor.py:161} INFO - Started process (PID=306) to work on /opt/airflow/dags/novareatil_etl_dag.py
[2026-01-12T22:07:00.543+0000] {processor.py:830} INFO - Processing file /opt/airflow/dags/novareatil_etl_dag.py for tasks to queue
[2026-01-12T22:07:00.544+0000] {logging_mixin.py:188} INFO - [2026-01-12T22:07:00.544+0000] {dagbag.py:540} INFO - Filling up the DagBag from /opt/airflow/dags/novareatil_etl_dag.py
[2026-01-12T22:07:00.679+0000] {processor.py:840} INFO - DAG(s) 'novaretail_etl_pipeline' retrieved from /opt/airflow/dags/novareatil_etl_dag.py
[2026-01-12T22:07:01.447+0000] {logging_mixin.py:188} INFO - [2026-01-12T22:07:01.447+0000] {dag.py:3096} INFO - Sync 1 DAGs
[2026-01-12T22:07:01.477+0000] {logging_mixin.py:188} INFO - [2026-01-12T22:07:01.476+0000] {dag.py:3954} INFO - Setting next_dagrun for novaretail_etl_pipeline to None, run_after=None
[2026-01-12T22:07:01.567+0000] {processor.py:183} INFO - Processing /opt/airflow/dags/novareatil_etl_dag.py took 1.040 seconds
[2026-01-12T22:07:32.521+0000] {processor.py:161} INFO - Started process (PID=311) to work on /opt/airflow/dags/novareatil_etl_dag.py
[2026-01-12T22:07:32.526+0000] {processor.py:830} INFO - Processing file /opt/airflow/dags/novareatil_etl_dag.py for tasks to queue
[2026-01-12T22:07:32.530+0000] {logging_mixin.py:188} INFO - [2026-01-12T22:07:32.528+0000] {dagbag.py:540} INFO - Filling up the DagBag from /opt/airflow/dags/novareatil_etl_dag.py
[2026-01-12T22:07:32.554+0000] {processor.py:840} INFO - DAG(s) 'novaretail_etl_pipeline' retrieved from /opt/airflow/dags/novareatil_etl_dag.py
[2026-01-12T22:07:32.593+0000] {logging_mixin.py:188} INFO - [2026-01-12T22:07:32.593+0000] {dag.py:3096} INFO - Sync 1 DAGs
[2026-01-12T22:07:32.607+0000] {logging_mixin.py:188} INFO - [2026-01-12T22:07:32.607+0000] {dag.py:3954} INFO - Setting next_dagrun for novaretail_etl_pipeline to None, run_after=None
[2026-01-12T22:07:32.631+0000] {processor.py:183} INFO - Processing /opt/airflow/dags/novareatil_etl_dag.py took 0.136 seconds
[2026-01-12T22:08:02.708+0000] {processor.py:161} INFO - Started process (PID=316) to work on /opt/airflow/dags/novareatil_etl_dag.py
[2026-01-12T22:08:02.710+0000] {processor.py:830} INFO - Processing file /opt/airflow/dags/novareatil_etl_dag.py for tasks to queue
[2026-01-12T22:08:02.711+0000] {logging_mixin.py:188} INFO - [2026-01-12T22:08:02.710+0000] {dagbag.py:540} INFO - Filling up the DagBag from /opt/airflow/dags/novareatil_etl_dag.py
[2026-01-12T22:08:02.735+0000] {processor.py:840} INFO - DAG(s) 'novaretail_etl_pipeline' retrieved from /opt/airflow/dags/novareatil_etl_dag.py
[2026-01-12T22:08:02.768+0000] {logging_mixin.py:188} INFO - [2026-01-12T22:08:02.767+0000] {dag.py:3096} INFO - Sync 1 DAGs
[2026-01-12T22:08:02.786+0000] {logging_mixin.py:188} INFO - [2026-01-12T22:08:02.786+0000] {dag.py:3954} INFO - Setting next_dagrun for novaretail_etl_pipeline to None, run_after=None
[2026-01-12T22:08:02.806+0000] {processor.py:183} INFO - Processing /opt/airflow/dags/novareatil_etl_dag.py took 0.105 seconds
[2026-01-12T22:08:33.863+0000] {processor.py:161} INFO - Started process (PID=327) to work on /opt/airflow/dags/novareatil_etl_dag.py
[2026-01-12T22:08:33.865+0000] {processor.py:830} INFO - Processing file /opt/airflow/dags/novareatil_etl_dag.py for tasks to queue
[2026-01-12T22:08:33.866+0000] {logging_mixin.py:188} INFO - [2026-01-12T22:08:33.866+0000] {dagbag.py:540} INFO - Filling up the DagBag from /opt/airflow/dags/novareatil_etl_dag.py
[2026-01-12T22:08:33.900+0000] {processor.py:840} INFO - DAG(s) 'novaretail_etl_pipeline' retrieved from /opt/airflow/dags/novareatil_etl_dag.py
[2026-01-12T22:08:33.940+0000] {logging_mixin.py:188} INFO - [2026-01-12T22:08:33.939+0000] {dag.py:3096} INFO - Sync 1 DAGs
[2026-01-12T22:08:33.957+0000] {logging_mixin.py:188} INFO - [2026-01-12T22:08:33.956+0000] {dag.py:3954} INFO - Setting next_dagrun for novaretail_etl_pipeline to None, run_after=None
[2026-01-12T22:08:33.983+0000] {processor.py:183} INFO - Processing /opt/airflow/dags/novareatil_etl_dag.py took 0.128 seconds
[2026-01-12T22:09:07.286+0000] {processor.py:161} INFO - Started process (PID=332) to work on /opt/airflow/dags/novareatil_etl_dag.py
[2026-01-12T22:09:07.287+0000] {processor.py:830} INFO - Processing file /opt/airflow/dags/novareatil_etl_dag.py for tasks to queue
[2026-01-12T22:09:07.288+0000] {logging_mixin.py:188} INFO - [2026-01-12T22:09:07.288+0000] {dagbag.py:540} INFO - Filling up the DagBag from /opt/airflow/dags/novareatil_etl_dag.py
[2026-01-12T22:09:07.319+0000] {processor.py:840} INFO - DAG(s) 'novaretail_etl_pipeline' retrieved from /opt/airflow/dags/novareatil_etl_dag.py
[2026-01-12T22:09:07.379+0000] {logging_mixin.py:188} INFO - [2026-01-12T22:09:07.379+0000] {dag.py:3096} INFO - Sync 1 DAGs
[2026-01-12T22:09:07.401+0000] {logging_mixin.py:188} INFO - [2026-01-12T22:09:07.400+0000] {dag.py:3954} INFO - Setting next_dagrun for novaretail_etl_pipeline to None, run_after=None
[2026-01-12T22:09:07.433+0000] {processor.py:183} INFO - Processing /opt/airflow/dags/novareatil_etl_dag.py took 0.153 seconds
[2026-01-12T22:09:39.680+0000] {processor.py:161} INFO - Started process (PID=337) to work on /opt/airflow/dags/novareatil_etl_dag.py
[2026-01-12T22:09:39.681+0000] {processor.py:830} INFO - Processing file /opt/airflow/dags/novareatil_etl_dag.py for tasks to queue
[2026-01-12T22:09:39.687+0000] {logging_mixin.py:188} INFO - [2026-01-12T22:09:39.686+0000] {dagbag.py:540} INFO - Filling up the DagBag from /opt/airflow/dags/novareatil_etl_dag.py
[2026-01-12T22:09:39.731+0000] {processor.py:840} INFO - DAG(s) 'novaretail_etl_pipeline' retrieved from /opt/airflow/dags/novareatil_etl_dag.py
[2026-01-12T22:09:39.774+0000] {logging_mixin.py:188} INFO - [2026-01-12T22:09:39.773+0000] {dag.py:3096} INFO - Sync 1 DAGs
[2026-01-12T22:09:39.791+0000] {logging_mixin.py:188} INFO - [2026-01-12T22:09:39.791+0000] {dag.py:3954} INFO - Setting next_dagrun for novaretail_etl_pipeline to None, run_after=None
[2026-01-12T22:09:39.814+0000] {processor.py:183} INFO - Processing /opt/airflow/dags/novareatil_etl_dag.py took 0.143 seconds
[2026-01-12T22:10:13.060+0000] {processor.py:161} INFO - Started process (PID=342) to work on /opt/airflow/dags/novareatil_etl_dag.py
[2026-01-12T22:10:13.062+0000] {processor.py:830} INFO - Processing file /opt/airflow/dags/novareatil_etl_dag.py for tasks to queue
[2026-01-12T22:10:13.064+0000] {logging_mixin.py:188} INFO - [2026-01-12T22:10:13.063+0000] {dagbag.py:540} INFO - Filling up the DagBag from /opt/airflow/dags/novareatil_etl_dag.py
[2026-01-12T22:10:13.103+0000] {processor.py:840} INFO - DAG(s) 'novaretail_etl_pipeline' retrieved from /opt/airflow/dags/novareatil_etl_dag.py
[2026-01-12T22:10:13.152+0000] {logging_mixin.py:188} INFO - [2026-01-12T22:10:13.152+0000] {dag.py:3096} INFO - Sync 1 DAGs
[2026-01-12T22:10:13.174+0000] {logging_mixin.py:188} INFO - [2026-01-12T22:10:13.174+0000] {dag.py:3954} INFO - Setting next_dagrun for novaretail_etl_pipeline to None, run_after=None
[2026-01-12T22:10:13.201+0000] {processor.py:183} INFO - Processing /opt/airflow/dags/novareatil_etl_dag.py took 0.150 seconds
[2026-01-12T22:10:46.398+0000] {processor.py:161} INFO - Started process (PID=353) to work on /opt/airflow/dags/novareatil_etl_dag.py
[2026-01-12T22:10:46.400+0000] {processor.py:830} INFO - Processing file /opt/airflow/dags/novareatil_etl_dag.py for tasks to queue
[2026-01-12T22:10:46.401+0000] {logging_mixin.py:188} INFO - [2026-01-12T22:10:46.401+0000] {dagbag.py:540} INFO - Filling up the DagBag from /opt/airflow/dags/novareatil_etl_dag.py
[2026-01-12T22:10:46.440+0000] {processor.py:840} INFO - DAG(s) 'novaretail_etl_pipeline' retrieved from /opt/airflow/dags/novareatil_etl_dag.py
[2026-01-12T22:10:46.481+0000] {logging_mixin.py:188} INFO - [2026-01-12T22:10:46.481+0000] {dag.py:3096} INFO - Sync 1 DAGs
[2026-01-12T22:10:46.528+0000] {logging_mixin.py:188} INFO - [2026-01-12T22:10:46.527+0000] {dag.py:3954} INFO - Setting next_dagrun for novaretail_etl_pipeline to None, run_after=None
[2026-01-12T22:10:46.576+0000] {processor.py:183} INFO - Processing /opt/airflow/dags/novareatil_etl_dag.py took 0.185 seconds
[2026-01-12T22:11:16.818+0000] {processor.py:161} INFO - Started process (PID=358) to work on /opt/airflow/dags/novareatil_etl_dag.py
[2026-01-12T22:11:16.820+0000] {processor.py:830} INFO - Processing file /opt/airflow/dags/novareatil_etl_dag.py for tasks to queue
[2026-01-12T22:11:16.821+0000] {logging_mixin.py:188} INFO - [2026-01-12T22:11:16.821+0000] {dagbag.py:540} INFO - Filling up the DagBag from /opt/airflow/dags/novareatil_etl_dag.py
[2026-01-12T22:11:16.844+0000] {processor.py:840} INFO - DAG(s) 'novaretail_etl_pipeline' retrieved from /opt/airflow/dags/novareatil_etl_dag.py
[2026-01-12T22:11:18.948+0000] {logging_mixin.py:188} INFO - [2026-01-12T22:11:18.947+0000] {dag.py:3096} INFO - Sync 1 DAGs
[2026-01-12T22:11:18.965+0000] {logging_mixin.py:188} INFO - [2026-01-12T22:11:18.965+0000] {dag.py:3954} INFO - Setting next_dagrun for novaretail_etl_pipeline to None, run_after=None
[2026-01-12T22:11:18.991+0000] {processor.py:183} INFO - Processing /opt/airflow/dags/novareatil_etl_dag.py took 0.107 seconds
[2026-01-12T22:11:51.820+0000] {processor.py:161} INFO - Started process (PID=363) to work on /opt/airflow/dags/novareatil_etl_dag.py
[2026-01-12T22:11:51.821+0000] {processor.py:830} INFO - Processing file /opt/airflow/dags/novareatil_etl_dag.py for tasks to queue
[2026-01-12T22:11:51.822+0000] {logging_mixin.py:188} INFO - [2026-01-12T22:11:51.821+0000] {dagbag.py:540} INFO - Filling up the DagBag from /opt/airflow/dags/novareatil_etl_dag.py
[2026-01-12T22:11:51.843+0000] {processor.py:840} INFO - DAG(s) 'novaretail_etl_pipeline' retrieved from /opt/airflow/dags/novareatil_etl_dag.py
[2026-01-12T22:11:51.899+0000] {logging_mixin.py:188} INFO - [2026-01-12T22:11:51.899+0000] {dag.py:3096} INFO - Sync 1 DAGs
[2026-01-12T22:11:51.928+0000] {logging_mixin.py:188} INFO - [2026-01-12T22:11:51.928+0000] {dag.py:3954} INFO - Setting next_dagrun for novaretail_etl_pipeline to None, run_after=None
[2026-01-12T22:11:51.954+0000] {processor.py:183} INFO - Processing /opt/airflow/dags/novareatil_etl_dag.py took 0.141 seconds
[2026-01-12T22:12:25.156+0000] {processor.py:161} INFO - Started process (PID=368) to work on /opt/airflow/dags/novareatil_etl_dag.py
[2026-01-12T22:12:25.158+0000] {processor.py:830} INFO - Processing file /opt/airflow/dags/novareatil_etl_dag.py for tasks to queue
[2026-01-12T22:12:25.159+0000] {logging_mixin.py:188} INFO - [2026-01-12T22:12:25.159+0000] {dagbag.py:540} INFO - Filling up the DagBag from /opt/airflow/dags/novareatil_etl_dag.py
[2026-01-12T22:12:25.199+0000] {processor.py:840} INFO - DAG(s) 'novaretail_etl_pipeline' retrieved from /opt/airflow/dags/novareatil_etl_dag.py
[2026-01-12T22:12:25.272+0000] {logging_mixin.py:188} INFO - [2026-01-12T22:12:25.271+0000] {dag.py:3096} INFO - Sync 1 DAGs
[2026-01-12T22:12:25.310+0000] {logging_mixin.py:188} INFO - [2026-01-12T22:12:25.309+0000] {dag.py:3954} INFO - Setting next_dagrun for novaretail_etl_pipeline to None, run_after=None
[2026-01-12T22:12:25.397+0000] {processor.py:183} INFO - Processing /opt/airflow/dags/novareatil_etl_dag.py took 0.246 seconds
[2026-01-12T22:12:58.120+0000] {processor.py:161} INFO - Started process (PID=373) to work on /opt/airflow/dags/novareatil_etl_dag.py
[2026-01-12T22:12:58.138+0000] {processor.py:830} INFO - Processing file /opt/airflow/dags/novareatil_etl_dag.py for tasks to queue
[2026-01-12T22:12:58.148+0000] {logging_mixin.py:188} INFO - [2026-01-12T22:12:58.142+0000] {dagbag.py:540} INFO - Filling up the DagBag from /opt/airflow/dags/novareatil_etl_dag.py
[2026-01-12T22:12:58.299+0000] {processor.py:840} INFO - DAG(s) 'novaretail_etl_pipeline' retrieved from /opt/airflow/dags/novareatil_etl_dag.py
[2026-01-12T22:12:58.429+0000] {logging_mixin.py:188} INFO - [2026-01-12T22:12:58.429+0000] {dag.py:3096} INFO - Sync 1 DAGs
[2026-01-12T22:12:58.498+0000] {logging_mixin.py:188} INFO - [2026-01-12T22:12:58.498+0000] {dag.py:3954} INFO - Setting next_dagrun for novaretail_etl_pipeline to None, run_after=None
[2026-01-12T22:12:58.542+0000] {processor.py:183} INFO - Processing /opt/airflow/dags/novareatil_etl_dag.py took 0.706 seconds
[2026-01-12T22:13:30.728+0000] {processor.py:161} INFO - Started process (PID=390) to work on /opt/airflow/dags/novareatil_etl_dag.py
[2026-01-12T22:13:30.736+0000] {processor.py:830} INFO - Processing file /opt/airflow/dags/novareatil_etl_dag.py for tasks to queue
[2026-01-12T22:13:30.748+0000] {logging_mixin.py:188} INFO - [2026-01-12T22:13:30.740+0000] {dagbag.py:540} INFO - Filling up the DagBag from /opt/airflow/dags/novareatil_etl_dag.py
[2026-01-12T22:13:31.049+0000] {processor.py:840} INFO - DAG(s) 'novaretail_etl_pipeline' retrieved from /opt/airflow/dags/novareatil_etl_dag.py
[2026-01-12T22:13:31.556+0000] {logging_mixin.py:188} INFO - [2026-01-12T22:13:31.556+0000] {dag.py:3096} INFO - Sync 1 DAGs
[2026-01-12T22:13:31.635+0000] {logging_mixin.py:188} INFO - [2026-01-12T22:13:31.633+0000] {dag.py:3954} INFO - Setting next_dagrun for novaretail_etl_pipeline to None, run_after=None
[2026-01-12T22:13:31.725+0000] {processor.py:183} INFO - Processing /opt/airflow/dags/novareatil_etl_dag.py took 1.023 seconds
[2026-01-12T22:14:03.788+0000] {processor.py:161} INFO - Started process (PID=395) to work on /opt/airflow/dags/novareatil_etl_dag.py
[2026-01-12T22:14:03.790+0000] {processor.py:830} INFO - Processing file /opt/airflow/dags/novareatil_etl_dag.py for tasks to queue
[2026-01-12T22:14:03.792+0000] {logging_mixin.py:188} INFO - [2026-01-12T22:14:03.791+0000] {dagbag.py:540} INFO - Filling up the DagBag from /opt/airflow/dags/novareatil_etl_dag.py
[2026-01-12T22:14:03.840+0000] {processor.py:840} INFO - DAG(s) 'novaretail_etl_pipeline' retrieved from /opt/airflow/dags/novareatil_etl_dag.py
[2026-01-12T22:14:04.205+0000] {logging_mixin.py:188} INFO - [2026-01-12T22:14:04.204+0000] {dag.py:3096} INFO - Sync 1 DAGs
[2026-01-12T22:14:04.264+0000] {logging_mixin.py:188} INFO - [2026-01-12T22:14:04.264+0000] {dag.py:3954} INFO - Setting next_dagrun for novaretail_etl_pipeline to None, run_after=None
[2026-01-12T22:14:04.376+0000] {processor.py:183} INFO - Processing /opt/airflow/dags/novareatil_etl_dag.py took 0.596 seconds
[2026-01-12T22:14:36.632+0000] {processor.py:161} INFO - Started process (PID=400) to work on /opt/airflow/dags/novareatil_etl_dag.py
[2026-01-12T22:14:36.634+0000] {processor.py:830} INFO - Processing file /opt/airflow/dags/novareatil_etl_dag.py for tasks to queue
[2026-01-12T22:14:36.635+0000] {logging_mixin.py:188} INFO - [2026-01-12T22:14:36.634+0000] {dagbag.py:540} INFO - Filling up the DagBag from /opt/airflow/dags/novareatil_etl_dag.py
[2026-01-12T22:14:36.679+0000] {processor.py:840} INFO - DAG(s) 'novaretail_etl_pipeline' retrieved from /opt/airflow/dags/novareatil_etl_dag.py
[2026-01-12T22:14:36.724+0000] {logging_mixin.py:188} INFO - [2026-01-12T22:14:36.724+0000] {dag.py:3096} INFO - Sync 1 DAGs
[2026-01-12T22:14:36.742+0000] {logging_mixin.py:188} INFO - [2026-01-12T22:14:36.741+0000] {dag.py:3954} INFO - Setting next_dagrun for novaretail_etl_pipeline to None, run_after=None
[2026-01-12T22:14:36.766+0000] {processor.py:183} INFO - Processing /opt/airflow/dags/novareatil_etl_dag.py took 0.146 seconds
[2026-01-12T22:15:09.807+0000] {processor.py:161} INFO - Started process (PID=405) to work on /opt/airflow/dags/novareatil_etl_dag.py
[2026-01-12T22:15:09.809+0000] {processor.py:830} INFO - Processing file /opt/airflow/dags/novareatil_etl_dag.py for tasks to queue
[2026-01-12T22:15:09.811+0000] {logging_mixin.py:188} INFO - [2026-01-12T22:15:09.811+0000] {dagbag.py:540} INFO - Filling up the DagBag from /opt/airflow/dags/novareatil_etl_dag.py
[2026-01-12T22:15:09.874+0000] {processor.py:840} INFO - DAG(s) 'novaretail_etl_pipeline' retrieved from /opt/airflow/dags/novareatil_etl_dag.py
[2026-01-12T22:15:10.090+0000] {logging_mixin.py:188} INFO - [2026-01-12T22:15:10.089+0000] {dag.py:3096} INFO - Sync 1 DAGs
[2026-01-12T22:15:10.147+0000] {logging_mixin.py:188} INFO - [2026-01-12T22:15:10.147+0000] {dag.py:3954} INFO - Setting next_dagrun for novaretail_etl_pipeline to None, run_after=None
[2026-01-12T22:15:10.185+0000] {processor.py:183} INFO - Processing /opt/airflow/dags/novareatil_etl_dag.py took 0.387 seconds
[2026-01-12T22:15:42.225+0000] {processor.py:161} INFO - Started process (PID=422) to work on /opt/airflow/dags/novareatil_etl_dag.py
[2026-01-12T22:15:42.226+0000] {processor.py:830} INFO - Processing file /opt/airflow/dags/novareatil_etl_dag.py for tasks to queue
[2026-01-12T22:15:42.228+0000] {logging_mixin.py:188} INFO - [2026-01-12T22:15:42.227+0000] {dagbag.py:540} INFO - Filling up the DagBag from /opt/airflow/dags/novareatil_etl_dag.py
[2026-01-12T22:15:42.263+0000] {processor.py:840} INFO - DAG(s) 'novaretail_etl_pipeline' retrieved from /opt/airflow/dags/novareatil_etl_dag.py
[2026-01-12T22:15:42.323+0000] {logging_mixin.py:188} INFO - [2026-01-12T22:15:42.323+0000] {dag.py:3096} INFO - Sync 1 DAGs
[2026-01-12T22:15:42.353+0000] {logging_mixin.py:188} INFO - [2026-01-12T22:15:42.353+0000] {dag.py:3954} INFO - Setting next_dagrun for novaretail_etl_pipeline to None, run_after=None
[2026-01-12T22:15:42.385+0000] {processor.py:183} INFO - Processing /opt/airflow/dags/novareatil_etl_dag.py took 0.176 seconds
[2026-01-12T22:16:15.347+0000] {processor.py:161} INFO - Started process (PID=427) to work on /opt/airflow/dags/novareatil_etl_dag.py
[2026-01-12T22:16:15.351+0000] {processor.py:830} INFO - Processing file /opt/airflow/dags/novareatil_etl_dag.py for tasks to queue
[2026-01-12T22:16:15.360+0000] {logging_mixin.py:188} INFO - [2026-01-12T22:16:15.359+0000] {dagbag.py:540} INFO - Filling up the DagBag from /opt/airflow/dags/novareatil_etl_dag.py
[2026-01-12T22:16:15.492+0000] {processor.py:840} INFO - DAG(s) 'novaretail_etl_pipeline' retrieved from /opt/airflow/dags/novareatil_etl_dag.py
[2026-01-12T22:16:15.777+0000] {logging_mixin.py:188} INFO - [2026-01-12T22:16:15.777+0000] {dag.py:3096} INFO - Sync 1 DAGs
[2026-01-12T22:16:15.890+0000] {logging_mixin.py:188} INFO - [2026-01-12T22:16:15.890+0000] {dag.py:3954} INFO - Setting next_dagrun for novaretail_etl_pipeline to None, run_after=None
[2026-01-12T22:16:15.969+0000] {processor.py:183} INFO - Processing /opt/airflow/dags/novareatil_etl_dag.py took 0.641 seconds
[2026-01-12T22:16:48.273+0000] {processor.py:161} INFO - Started process (PID=438) to work on /opt/airflow/dags/novareatil_etl_dag.py
[2026-01-12T22:16:48.276+0000] {processor.py:830} INFO - Processing file /opt/airflow/dags/novareatil_etl_dag.py for tasks to queue
[2026-01-12T22:16:48.278+0000] {logging_mixin.py:188} INFO - [2026-01-12T22:16:48.277+0000] {dagbag.py:540} INFO - Filling up the DagBag from /opt/airflow/dags/novareatil_etl_dag.py
[2026-01-12T22:16:48.327+0000] {processor.py:840} INFO - DAG(s) 'novaretail_etl_pipeline' retrieved from /opt/airflow/dags/novareatil_etl_dag.py
[2026-01-12T22:16:48.398+0000] {logging_mixin.py:188} INFO - [2026-01-12T22:16:48.397+0000] {dag.py:3096} INFO - Sync 1 DAGs
[2026-01-12T22:16:48.425+0000] {logging_mixin.py:188} INFO - [2026-01-12T22:16:48.425+0000] {dag.py:3954} INFO - Setting next_dagrun for novaretail_etl_pipeline to None, run_after=None
[2026-01-12T22:16:48.463+0000] {processor.py:183} INFO - Processing /opt/airflow/dags/novareatil_etl_dag.py took 0.200 seconds
[2026-01-12T22:17:21.719+0000] {processor.py:161} INFO - Started process (PID=446) to work on /opt/airflow/dags/novareatil_etl_dag.py
[2026-01-12T22:17:21.730+0000] {processor.py:830} INFO - Processing file /opt/airflow/dags/novareatil_etl_dag.py for tasks to queue
[2026-01-12T22:17:21.736+0000] {logging_mixin.py:188} INFO - [2026-01-12T22:17:21.735+0000] {dagbag.py:540} INFO - Filling up the DagBag from /opt/airflow/dags/novareatil_etl_dag.py
[2026-01-12T22:17:22.026+0000] {processor.py:840} INFO - DAG(s) 'novaretail_etl_pipeline' retrieved from /opt/airflow/dags/novareatil_etl_dag.py
[2026-01-12T22:17:22.151+0000] {logging_mixin.py:188} INFO - [2026-01-12T22:17:22.150+0000] {dag.py:3096} INFO - Sync 1 DAGs
[2026-01-12T22:17:22.212+0000] {logging_mixin.py:188} INFO - [2026-01-12T22:17:22.211+0000] {dag.py:3954} INFO - Setting next_dagrun for novaretail_etl_pipeline to None, run_after=None
[2026-01-12T22:17:22.287+0000] {processor.py:183} INFO - Processing /opt/airflow/dags/novareatil_etl_dag.py took 0.590 seconds
[2026-01-12T22:17:54.505+0000] {processor.py:161} INFO - Started process (PID=460) to work on /opt/airflow/dags/novareatil_etl_dag.py
[2026-01-12T22:17:54.507+0000] {processor.py:830} INFO - Processing file /opt/airflow/dags/novareatil_etl_dag.py for tasks to queue
[2026-01-12T22:17:54.509+0000] {logging_mixin.py:188} INFO - [2026-01-12T22:17:54.508+0000] {dagbag.py:540} INFO - Filling up the DagBag from /opt/airflow/dags/novareatil_etl_dag.py
[2026-01-12T22:17:54.552+0000] {processor.py:840} INFO - DAG(s) 'novaretail_etl_pipeline' retrieved from /opt/airflow/dags/novareatil_etl_dag.py
[2026-01-12T22:17:54.605+0000] {logging_mixin.py:188} INFO - [2026-01-12T22:17:54.604+0000] {dag.py:3096} INFO - Sync 1 DAGs
[2026-01-12T22:17:54.626+0000] {logging_mixin.py:188} INFO - [2026-01-12T22:17:54.625+0000] {dag.py:3954} INFO - Setting next_dagrun for novaretail_etl_pipeline to None, run_after=None
[2026-01-12T22:17:54.656+0000] {processor.py:183} INFO - Processing /opt/airflow/dags/novareatil_etl_dag.py took 0.158 seconds
[2026-01-12T22:18:24.896+0000] {processor.py:161} INFO - Started process (PID=471) to work on /opt/airflow/dags/novareatil_etl_dag.py
[2026-01-12T22:18:24.897+0000] {processor.py:830} INFO - Processing file /opt/airflow/dags/novareatil_etl_dag.py for tasks to queue
[2026-01-12T22:18:24.899+0000] {logging_mixin.py:188} INFO - [2026-01-12T22:18:24.898+0000] {dagbag.py:540} INFO - Filling up the DagBag from /opt/airflow/dags/novareatil_etl_dag.py
[2026-01-12T22:18:24.940+0000] {processor.py:840} INFO - DAG(s) 'novaretail_etl_pipeline' retrieved from /opt/airflow/dags/novareatil_etl_dag.py
[2026-01-12T22:18:24.978+0000] {logging_mixin.py:188} INFO - [2026-01-12T22:18:24.978+0000] {dag.py:3096} INFO - Sync 1 DAGs
[2026-01-12T22:18:27.071+0000] {logging_mixin.py:188} INFO - [2026-01-12T22:18:27.071+0000] {dag.py:3954} INFO - Setting next_dagrun for novaretail_etl_pipeline to None, run_after=None
[2026-01-12T22:18:27.095+0000] {processor.py:183} INFO - Processing /opt/airflow/dags/novareatil_etl_dag.py took 0.134 seconds
[2026-01-12T22:19:00.191+0000] {processor.py:161} INFO - Started process (PID=476) to work on /opt/airflow/dags/novareatil_etl_dag.py
[2026-01-12T22:19:00.193+0000] {processor.py:830} INFO - Processing file /opt/airflow/dags/novareatil_etl_dag.py for tasks to queue
[2026-01-12T22:19:00.194+0000] {logging_mixin.py:188} INFO - [2026-01-12T22:19:00.194+0000] {dagbag.py:540} INFO - Filling up the DagBag from /opt/airflow/dags/novareatil_etl_dag.py
[2026-01-12T22:19:00.220+0000] {processor.py:840} INFO - DAG(s) 'novaretail_etl_pipeline' retrieved from /opt/airflow/dags/novareatil_etl_dag.py
[2026-01-12T22:19:00.297+0000] {logging_mixin.py:188} INFO - [2026-01-12T22:19:00.296+0000] {dag.py:3096} INFO - Sync 1 DAGs
[2026-01-12T22:19:00.355+0000] {logging_mixin.py:188} INFO - [2026-01-12T22:19:00.354+0000] {dag.py:3954} INFO - Setting next_dagrun for novaretail_etl_pipeline to None, run_after=None
[2026-01-12T22:19:00.422+0000] {processor.py:183} INFO - Processing /opt/airflow/dags/novareatil_etl_dag.py took 0.240 seconds
[2026-01-12T22:19:33.411+0000] {processor.py:161} INFO - Started process (PID=481) to work on /opt/airflow/dags/novareatil_etl_dag.py
[2026-01-12T22:19:33.414+0000] {processor.py:830} INFO - Processing file /opt/airflow/dags/novareatil_etl_dag.py for tasks to queue
[2026-01-12T22:19:33.416+0000] {logging_mixin.py:188} INFO - [2026-01-12T22:19:33.416+0000] {dagbag.py:540} INFO - Filling up the DagBag from /opt/airflow/dags/novareatil_etl_dag.py
[2026-01-12T22:19:33.466+0000] {processor.py:840} INFO - DAG(s) 'novaretail_etl_pipeline' retrieved from /opt/airflow/dags/novareatil_etl_dag.py
[2026-01-12T22:19:33.516+0000] {logging_mixin.py:188} INFO - [2026-01-12T22:19:33.516+0000] {dag.py:3096} INFO - Sync 1 DAGs
[2026-01-12T22:19:33.530+0000] {logging_mixin.py:188} INFO - [2026-01-12T22:19:33.529+0000] {dag.py:3954} INFO - Setting next_dagrun for novaretail_etl_pipeline to None, run_after=None
[2026-01-12T22:19:33.552+0000] {processor.py:183} INFO - Processing /opt/airflow/dags/novareatil_etl_dag.py took 0.148 seconds
[2026-01-12T22:20:06.800+0000] {processor.py:161} INFO - Started process (PID=486) to work on /opt/airflow/dags/novareatil_etl_dag.py
[2026-01-12T22:20:06.802+0000] {processor.py:830} INFO - Processing file /opt/airflow/dags/novareatil_etl_dag.py for tasks to queue
[2026-01-12T22:20:06.805+0000] {logging_mixin.py:188} INFO - [2026-01-12T22:20:06.804+0000] {dagbag.py:540} INFO - Filling up the DagBag from /opt/airflow/dags/novareatil_etl_dag.py
[2026-01-12T22:20:06.863+0000] {processor.py:840} INFO - DAG(s) 'novaretail_etl_pipeline' retrieved from /opt/airflow/dags/novareatil_etl_dag.py
[2026-01-12T22:20:06.952+0000] {logging_mixin.py:188} INFO - [2026-01-12T22:20:06.952+0000] {dag.py:3096} INFO - Sync 1 DAGs
[2026-01-12T22:20:06.985+0000] {logging_mixin.py:188} INFO - [2026-01-12T22:20:06.984+0000] {dag.py:3954} INFO - Setting next_dagrun for novaretail_etl_pipeline to None, run_after=None
[2026-01-12T22:20:07.017+0000] {processor.py:183} INFO - Processing /opt/airflow/dags/novareatil_etl_dag.py took 0.230 seconds
[2026-01-12T22:20:39.396+0000] {processor.py:161} INFO - Started process (PID=497) to work on /opt/airflow/dags/novareatil_etl_dag.py
[2026-01-12T22:20:39.400+0000] {processor.py:830} INFO - Processing file /opt/airflow/dags/novareatil_etl_dag.py for tasks to queue
[2026-01-12T22:20:39.405+0000] {logging_mixin.py:188} INFO - [2026-01-12T22:20:39.404+0000] {dagbag.py:540} INFO - Filling up the DagBag from /opt/airflow/dags/novareatil_etl_dag.py
[2026-01-12T22:20:39.582+0000] {processor.py:840} INFO - DAG(s) 'novaretail_etl_pipeline' retrieved from /opt/airflow/dags/novareatil_etl_dag.py
[2026-01-12T22:20:39.723+0000] {logging_mixin.py:188} INFO - [2026-01-12T22:20:39.722+0000] {dag.py:3096} INFO - Sync 1 DAGs
[2026-01-12T22:20:39.757+0000] {logging_mixin.py:188} INFO - [2026-01-12T22:20:39.757+0000] {dag.py:3954} INFO - Setting next_dagrun for novaretail_etl_pipeline to None, run_after=None
[2026-01-12T22:20:39.795+0000] {processor.py:183} INFO - Processing /opt/airflow/dags/novareatil_etl_dag.py took 0.419 seconds
[2026-01-12T22:21:12.597+0000] {processor.py:161} INFO - Started process (PID=502) to work on /opt/airflow/dags/novareatil_etl_dag.py
[2026-01-12T22:21:12.600+0000] {processor.py:830} INFO - Processing file /opt/airflow/dags/novareatil_etl_dag.py for tasks to queue
[2026-01-12T22:21:12.603+0000] {logging_mixin.py:188} INFO - [2026-01-12T22:21:12.602+0000] {dagbag.py:540} INFO - Filling up the DagBag from /opt/airflow/dags/novareatil_etl_dag.py
[2026-01-12T22:21:12.638+0000] {processor.py:840} INFO - DAG(s) 'novaretail_etl_pipeline' retrieved from /opt/airflow/dags/novareatil_etl_dag.py
[2026-01-12T22:21:12.685+0000] {logging_mixin.py:188} INFO - [2026-01-12T22:21:12.685+0000] {dag.py:3096} INFO - Sync 1 DAGs
[2026-01-12T22:21:12.704+0000] {logging_mixin.py:188} INFO - [2026-01-12T22:21:12.703+0000] {dag.py:3954} INFO - Setting next_dagrun for novaretail_etl_pipeline to None, run_after=None
[2026-01-12T22:21:12.731+0000] {processor.py:183} INFO - Processing /opt/airflow/dags/novareatil_etl_dag.py took 0.152 seconds
[2026-01-12T22:21:45.970+0000] {processor.py:161} INFO - Started process (PID=507) to work on /opt/airflow/dags/novareatil_etl_dag.py
[2026-01-12T22:21:45.971+0000] {processor.py:830} INFO - Processing file /opt/airflow/dags/novareatil_etl_dag.py for tasks to queue
[2026-01-12T22:21:45.972+0000] {logging_mixin.py:188} INFO - [2026-01-12T22:21:45.972+0000] {dagbag.py:540} INFO - Filling up the DagBag from /opt/airflow/dags/novareatil_etl_dag.py
[2026-01-12T22:21:46.005+0000] {processor.py:840} INFO - DAG(s) 'novaretail_etl_pipeline' retrieved from /opt/airflow/dags/novareatil_etl_dag.py
[2026-01-12T22:21:46.053+0000] {logging_mixin.py:188} INFO - [2026-01-12T22:21:46.053+0000] {dag.py:3096} INFO - Sync 1 DAGs
[2026-01-12T22:21:46.070+0000] {logging_mixin.py:188} INFO - [2026-01-12T22:21:46.070+0000] {dag.py:3954} INFO - Setting next_dagrun for novaretail_etl_pipeline to None, run_after=None
[2026-01-12T22:21:46.092+0000] {processor.py:183} INFO - Processing /opt/airflow/dags/novareatil_etl_dag.py took 0.131 seconds
[2026-01-12T22:22:19.345+0000] {processor.py:161} INFO - Started process (PID=512) to work on /opt/airflow/dags/novareatil_etl_dag.py
[2026-01-12T22:22:19.346+0000] {processor.py:830} INFO - Processing file /opt/airflow/dags/novareatil_etl_dag.py for tasks to queue
[2026-01-12T22:22:19.348+0000] {logging_mixin.py:188} INFO - [2026-01-12T22:22:19.347+0000] {dagbag.py:540} INFO - Filling up the DagBag from /opt/airflow/dags/novareatil_etl_dag.py
[2026-01-12T22:22:19.379+0000] {processor.py:840} INFO - DAG(s) 'novaretail_etl_pipeline' retrieved from /opt/airflow/dags/novareatil_etl_dag.py
[2026-01-12T22:22:19.415+0000] {logging_mixin.py:188} INFO - [2026-01-12T22:22:19.415+0000] {dag.py:3096} INFO - Sync 1 DAGs
[2026-01-12T22:22:19.430+0000] {logging_mixin.py:188} INFO - [2026-01-12T22:22:19.430+0000] {dag.py:3954} INFO - Setting next_dagrun for novaretail_etl_pipeline to None, run_after=None
[2026-01-12T22:22:19.451+0000] {processor.py:183} INFO - Processing /opt/airflow/dags/novareatil_etl_dag.py took 0.114 seconds
[2026-01-12T22:22:51.829+0000] {processor.py:161} INFO - Started process (PID=517) to work on /opt/airflow/dags/novareatil_etl_dag.py
[2026-01-12T22:22:51.831+0000] {processor.py:830} INFO - Processing file /opt/airflow/dags/novareatil_etl_dag.py for tasks to queue
[2026-01-12T22:22:51.833+0000] {logging_mixin.py:188} INFO - [2026-01-12T22:22:51.832+0000] {dagbag.py:540} INFO - Filling up the DagBag from /opt/airflow/dags/novareatil_etl_dag.py
[2026-01-12T22:22:51.882+0000] {processor.py:840} INFO - DAG(s) 'novaretail_etl_pipeline' retrieved from /opt/airflow/dags/novareatil_etl_dag.py
[2026-01-12T22:22:51.928+0000] {logging_mixin.py:188} INFO - [2026-01-12T22:22:51.928+0000] {dag.py:3096} INFO - Sync 1 DAGs
[2026-01-12T22:22:51.943+0000] {logging_mixin.py:188} INFO - [2026-01-12T22:22:51.943+0000] {dag.py:3954} INFO - Setting next_dagrun for novaretail_etl_pipeline to None, run_after=None
[2026-01-12T22:22:51.964+0000] {processor.py:183} INFO - Processing /opt/airflow/dags/novareatil_etl_dag.py took 0.148 seconds
[2026-01-12T22:23:24.627+0000] {processor.py:161} INFO - Started process (PID=522) to work on /opt/airflow/dags/novareatil_etl_dag.py
[2026-01-12T22:23:24.628+0000] {processor.py:830} INFO - Processing file /opt/airflow/dags/novareatil_etl_dag.py for tasks to queue
[2026-01-12T22:23:24.629+0000] {logging_mixin.py:188} INFO - [2026-01-12T22:23:24.629+0000] {dagbag.py:540} INFO - Filling up the DagBag from /opt/airflow/dags/novareatil_etl_dag.py
[2026-01-12T22:23:24.650+0000] {processor.py:840} INFO - DAG(s) 'novaretail_etl_pipeline' retrieved from /opt/airflow/dags/novareatil_etl_dag.py
[2026-01-12T22:23:24.718+0000] {logging_mixin.py:188} INFO - [2026-01-12T22:23:24.717+0000] {dag.py:3096} INFO - Sync 1 DAGs
[2026-01-12T22:23:24.739+0000] {logging_mixin.py:188} INFO - [2026-01-12T22:23:24.738+0000] {dag.py:3954} INFO - Setting next_dagrun for novaretail_etl_pipeline to None, run_after=None
[2026-01-12T22:23:24.759+0000] {processor.py:183} INFO - Processing /opt/airflow/dags/novareatil_etl_dag.py took 0.137 seconds
[2026-01-12T22:23:58.238+0000] {processor.py:161} INFO - Started process (PID=527) to work on /opt/airflow/dags/novareatil_etl_dag.py
[2026-01-12T22:23:58.240+0000] {processor.py:830} INFO - Processing file /opt/airflow/dags/novareatil_etl_dag.py for tasks to queue
[2026-01-12T22:23:58.241+0000] {logging_mixin.py:188} INFO - [2026-01-12T22:23:58.241+0000] {dagbag.py:540} INFO - Filling up the DagBag from /opt/airflow/dags/novareatil_etl_dag.py
[2026-01-12T22:23:58.269+0000] {processor.py:840} INFO - DAG(s) 'novaretail_etl_pipeline' retrieved from /opt/airflow/dags/novareatil_etl_dag.py
[2026-01-12T22:23:58.299+0000] {logging_mixin.py:188} INFO - [2026-01-12T22:23:58.299+0000] {dag.py:3096} INFO - Sync 1 DAGs
[2026-01-12T22:23:58.317+0000] {logging_mixin.py:188} INFO - [2026-01-12T22:23:58.317+0000] {dag.py:3954} INFO - Setting next_dagrun for novaretail_etl_pipeline to None, run_after=None
[2026-01-12T22:23:58.342+0000] {processor.py:183} INFO - Processing /opt/airflow/dags/novareatil_etl_dag.py took 0.113 seconds
[2026-01-12T22:24:31.655+0000] {processor.py:161} INFO - Started process (PID=532) to work on /opt/airflow/dags/novareatil_etl_dag.py
[2026-01-12T22:24:31.658+0000] {processor.py:830} INFO - Processing file /opt/airflow/dags/novareatil_etl_dag.py for tasks to queue
[2026-01-12T22:24:31.660+0000] {logging_mixin.py:188} INFO - [2026-01-12T22:24:31.660+0000] {dagbag.py:540} INFO - Filling up the DagBag from /opt/airflow/dags/novareatil_etl_dag.py
[2026-01-12T22:24:31.695+0000] {processor.py:840} INFO - DAG(s) 'novaretail_etl_pipeline' retrieved from /opt/airflow/dags/novareatil_etl_dag.py
[2026-01-12T22:24:31.745+0000] {logging_mixin.py:188} INFO - [2026-01-12T22:24:31.745+0000] {dag.py:3096} INFO - Sync 1 DAGs
[2026-01-12T22:24:31.778+0000] {logging_mixin.py:188} INFO - [2026-01-12T22:24:31.777+0000] {dag.py:3954} INFO - Setting next_dagrun for novaretail_etl_pipeline to None, run_after=None
[2026-01-12T22:24:31.801+0000] {processor.py:183} INFO - Processing /opt/airflow/dags/novareatil_etl_dag.py took 0.158 seconds
[2026-01-12T22:25:04.565+0000] {processor.py:161} INFO - Started process (PID=537) to work on /opt/airflow/dags/novareatil_etl_dag.py
[2026-01-12T22:25:04.572+0000] {processor.py:830} INFO - Processing file /opt/airflow/dags/novareatil_etl_dag.py for tasks to queue
[2026-01-12T22:25:04.579+0000] {logging_mixin.py:188} INFO - [2026-01-12T22:25:04.578+0000] {dagbag.py:540} INFO - Filling up the DagBag from /opt/airflow/dags/novareatil_etl_dag.py
[2026-01-12T22:25:04.666+0000] {processor.py:840} INFO - DAG(s) 'novaretail_etl_pipeline' retrieved from /opt/airflow/dags/novareatil_etl_dag.py
[2026-01-12T22:25:04.749+0000] {logging_mixin.py:188} INFO - [2026-01-12T22:25:04.749+0000] {dag.py:3096} INFO - Sync 1 DAGs
[2026-01-12T22:25:04.775+0000] {logging_mixin.py:188} INFO - [2026-01-12T22:25:04.775+0000] {dag.py:3954} INFO - Setting next_dagrun for novaretail_etl_pipeline to None, run_after=None
[2026-01-12T22:25:05.060+0000] {processor.py:183} INFO - Processing /opt/airflow/dags/novareatil_etl_dag.py took 0.514 seconds
[2026-01-12T22:25:37.402+0000] {processor.py:161} INFO - Started process (PID=542) to work on /opt/airflow/dags/novareatil_etl_dag.py
[2026-01-12T22:25:37.403+0000] {processor.py:830} INFO - Processing file /opt/airflow/dags/novareatil_etl_dag.py for tasks to queue
[2026-01-12T22:25:37.405+0000] {logging_mixin.py:188} INFO - [2026-01-12T22:25:37.404+0000] {dagbag.py:540} INFO - Filling up the DagBag from /opt/airflow/dags/novareatil_etl_dag.py
[2026-01-12T22:25:37.438+0000] {processor.py:840} INFO - DAG(s) 'novaretail_etl_pipeline' retrieved from /opt/airflow/dags/novareatil_etl_dag.py
[2026-01-12T22:25:37.478+0000] {logging_mixin.py:188} INFO - [2026-01-12T22:25:37.478+0000] {dag.py:3096} INFO - Sync 1 DAGs
[2026-01-12T22:25:37.493+0000] {logging_mixin.py:188} INFO - [2026-01-12T22:25:37.492+0000] {dag.py:3954} INFO - Setting next_dagrun for novaretail_etl_pipeline to None, run_after=None
[2026-01-12T22:25:37.526+0000] {processor.py:183} INFO - Processing /opt/airflow/dags/novareatil_etl_dag.py took 0.131 seconds
[2026-01-12T22:26:10.606+0000] {processor.py:161} INFO - Started process (PID=547) to work on /opt/airflow/dags/novareatil_etl_dag.py
[2026-01-12T22:26:10.609+0000] {processor.py:830} INFO - Processing file /opt/airflow/dags/novareatil_etl_dag.py for tasks to queue
[2026-01-12T22:26:10.611+0000] {logging_mixin.py:188} INFO - [2026-01-12T22:26:10.611+0000] {dagbag.py:540} INFO - Filling up the DagBag from /opt/airflow/dags/novareatil_etl_dag.py
[2026-01-12T22:26:10.653+0000] {processor.py:840} INFO - DAG(s) 'novaretail_etl_pipeline' retrieved from /opt/airflow/dags/novareatil_etl_dag.py
[2026-01-12T22:26:10.709+0000] {logging_mixin.py:188} INFO - [2026-01-12T22:26:10.709+0000] {dag.py:3096} INFO - Sync 1 DAGs
[2026-01-12T22:26:10.727+0000] {logging_mixin.py:188} INFO - [2026-01-12T22:26:10.727+0000] {dag.py:3954} INFO - Setting next_dagrun for novaretail_etl_pipeline to None, run_after=None
[2026-01-12T22:26:10.750+0000] {processor.py:183} INFO - Processing /opt/airflow/dags/novareatil_etl_dag.py took 0.161 seconds
[2026-01-12T22:26:23.929+0000] {processor.py:161} INFO - Started process (PID=552) to work on /opt/airflow/dags/novareatil_etl_dag.py
[2026-01-12T22:26:23.931+0000] {processor.py:830} INFO - Processing file /opt/airflow/dags/novareatil_etl_dag.py for tasks to queue
[2026-01-12T22:26:23.932+0000] {logging_mixin.py:188} INFO - [2026-01-12T22:26:23.932+0000] {dagbag.py:540} INFO - Filling up the DagBag from /opt/airflow/dags/novareatil_etl_dag.py
[2026-01-12T22:26:23.957+0000] {logging_mixin.py:188} WARNING - /opt/airflow/dags/novareatil_etl_dag.py:49 SyntaxWarning: invalid escape sequence '\e'
[2026-01-12T22:26:24.005+0000] {processor.py:840} INFO - DAG(s) 'novaretail_etl_pipeline' retrieved from /opt/airflow/dags/novareatil_etl_dag.py
[2026-01-12T22:26:25.707+0000] {logging_mixin.py:188} INFO - [2026-01-12T22:26:25.707+0000] {dag.py:3096} INFO - Sync 1 DAGs
[2026-01-12T22:26:25.759+0000] {logging_mixin.py:188} INFO - [2026-01-12T22:26:25.759+0000] {dag.py:3954} INFO - Setting next_dagrun for novaretail_etl_pipeline to None, run_after=None
[2026-01-12T22:26:25.855+0000] {processor.py:183} INFO - Processing /opt/airflow/dags/novareatil_etl_dag.py took 1.936 seconds
[2026-01-12T22:26:32.977+0000] {processor.py:161} INFO - Started process (PID=557) to work on /opt/airflow/dags/novareatil_etl_dag.py
[2026-01-12T22:26:32.979+0000] {processor.py:830} INFO - Processing file /opt/airflow/dags/novareatil_etl_dag.py for tasks to queue
[2026-01-12T22:26:32.984+0000] {logging_mixin.py:188} INFO - [2026-01-12T22:26:32.982+0000] {dagbag.py:540} INFO - Filling up the DagBag from /opt/airflow/dags/novareatil_etl_dag.py
[2026-01-12T22:26:33.053+0000] {logging_mixin.py:188} WARNING - /opt/airflow/dags/novareatil_etl_dag.py:49 SyntaxWarning: invalid escape sequence '\e'
[2026-01-12T22:26:33.056+0000] {logging_mixin.py:188} WARNING - /opt/airflow/dags/novareatil_etl_dag.py:57 SyntaxWarning: invalid escape sequence '\e'
[2026-01-12T22:26:33.088+0000] {processor.py:840} INFO - DAG(s) 'novaretail_etl_pipeline' retrieved from /opt/airflow/dags/novareatil_etl_dag.py
[2026-01-12T22:26:33.165+0000] {logging_mixin.py:188} INFO - [2026-01-12T22:26:33.164+0000] {dag.py:3096} INFO - Sync 1 DAGs
[2026-01-12T22:26:33.283+0000] {logging_mixin.py:188} INFO - [2026-01-12T22:26:33.282+0000] {dag.py:3954} INFO - Setting next_dagrun for novaretail_etl_pipeline to None, run_after=None
[2026-01-12T22:26:33.431+0000] {processor.py:183} INFO - Processing /opt/airflow/dags/novareatil_etl_dag.py took 0.465 seconds
[2026-01-12T22:26:39.129+0000] {processor.py:161} INFO - Started process (PID=562) to work on /opt/airflow/dags/novareatil_etl_dag.py
[2026-01-12T22:26:39.131+0000] {processor.py:830} INFO - Processing file /opt/airflow/dags/novareatil_etl_dag.py for tasks to queue
[2026-01-12T22:26:39.133+0000] {logging_mixin.py:188} INFO - [2026-01-12T22:26:39.133+0000] {dagbag.py:540} INFO - Filling up the DagBag from /opt/airflow/dags/novareatil_etl_dag.py
[2026-01-12T22:26:39.165+0000] {logging_mixin.py:188} WARNING - /opt/airflow/dags/novareatil_etl_dag.py:49 SyntaxWarning: invalid escape sequence '\e'
[2026-01-12T22:26:39.167+0000] {logging_mixin.py:188} WARNING - /opt/airflow/dags/novareatil_etl_dag.py:57 SyntaxWarning: invalid escape sequence '\e'
[2026-01-12T22:26:39.169+0000] {logging_mixin.py:188} WARNING - /opt/airflow/dags/novareatil_etl_dag.py:65 SyntaxWarning: invalid escape sequence '\e'
[2026-01-12T22:26:39.280+0000] {processor.py:840} INFO - DAG(s) 'novaretail_etl_pipeline' retrieved from /opt/airflow/dags/novareatil_etl_dag.py
[2026-01-12T22:26:39.344+0000] {logging_mixin.py:188} INFO - [2026-01-12T22:26:39.343+0000] {dag.py:3096} INFO - Sync 1 DAGs
[2026-01-12T22:26:39.375+0000] {logging_mixin.py:188} INFO - [2026-01-12T22:26:39.374+0000] {dag.py:3954} INFO - Setting next_dagrun for novaretail_etl_pipeline to None, run_after=None
[2026-01-12T22:26:39.401+0000] {processor.py:183} INFO - Processing /opt/airflow/dags/novareatil_etl_dag.py took 0.288 seconds
[2026-01-12T22:26:39.452+0000] {processor.py:161} INFO - Started process (PID=567) to work on /opt/airflow/dags/novareatil_etl_dag.py
[2026-01-12T22:26:39.453+0000] {processor.py:830} INFO - Processing file /opt/airflow/dags/novareatil_etl_dag.py for tasks to queue
[2026-01-12T22:26:39.454+0000] {logging_mixin.py:188} INFO - [2026-01-12T22:26:39.454+0000] {dagbag.py:540} INFO - Filling up the DagBag from /opt/airflow/dags/novareatil_etl_dag.py
[2026-01-12T22:26:39.480+0000] {processor.py:840} INFO - DAG(s) 'novaretail_etl_pipeline' retrieved from /opt/airflow/dags/novareatil_etl_dag.py
[2026-01-12T22:26:39.496+0000] {logging_mixin.py:188} INFO - [2026-01-12T22:26:39.495+0000] {dag.py:3096} INFO - Sync 1 DAGs
[2026-01-12T22:26:39.530+0000] {logging_mixin.py:188} INFO - [2026-01-12T22:26:39.530+0000] {dag.py:3954} INFO - Setting next_dagrun for novaretail_etl_pipeline to None, run_after=None
[2026-01-12T22:26:39.571+0000] {processor.py:183} INFO - Processing /opt/airflow/dags/novareatil_etl_dag.py took 0.124 seconds
[2026-01-12T22:26:39.631+0000] {processor.py:161} INFO - Started process (PID=572) to work on /opt/airflow/dags/novareatil_etl_dag.py
[2026-01-12T22:26:39.633+0000] {processor.py:830} INFO - Processing file /opt/airflow/dags/novareatil_etl_dag.py for tasks to queue
[2026-01-12T22:26:39.634+0000] {logging_mixin.py:188} INFO - [2026-01-12T22:26:39.634+0000] {dagbag.py:540} INFO - Filling up the DagBag from /opt/airflow/dags/novareatil_etl_dag.py
[2026-01-12T22:26:39.652+0000] {logging_mixin.py:188} WARNING - /opt/airflow/dags/novareatil_etl_dag.py:49 SyntaxWarning: invalid escape sequence '\e'
[2026-01-12T22:26:39.653+0000] {logging_mixin.py:188} WARNING - /opt/airflow/dags/novareatil_etl_dag.py:57 SyntaxWarning: invalid escape sequence '\e'
[2026-01-12T22:26:39.654+0000] {logging_mixin.py:188} WARNING - /opt/airflow/dags/novareatil_etl_dag.py:65 SyntaxWarning: invalid escape sequence '\e'
[2026-01-12T22:26:39.678+0000] {processor.py:840} INFO - DAG(s) 'novaretail_etl_pipeline' retrieved from /opt/airflow/dags/novareatil_etl_dag.py
[2026-01-12T22:26:39.695+0000] {logging_mixin.py:188} INFO - [2026-01-12T22:26:39.695+0000] {dag.py:3096} INFO - Sync 1 DAGs
[2026-01-12T22:26:39.764+0000] {logging_mixin.py:188} INFO - [2026-01-12T22:26:39.763+0000] {dag.py:3954} INFO - Setting next_dagrun for novaretail_etl_pipeline to None, run_after=None
[2026-01-12T22:26:39.797+0000] {processor.py:183} INFO - Processing /opt/airflow/dags/novareatil_etl_dag.py took 0.174 seconds
[2026-01-12T22:26:40.806+0000] {processor.py:161} INFO - Started process (PID=577) to work on /opt/airflow/dags/novareatil_etl_dag.py
[2026-01-12T22:26:40.808+0000] {processor.py:830} INFO - Processing file /opt/airflow/dags/novareatil_etl_dag.py for tasks to queue
[2026-01-12T22:26:40.809+0000] {logging_mixin.py:188} INFO - [2026-01-12T22:26:40.809+0000] {dagbag.py:540} INFO - Filling up the DagBag from /opt/airflow/dags/novareatil_etl_dag.py
[2026-01-12T22:26:40.844+0000] {processor.py:840} INFO - DAG(s) 'novaretail_etl_pipeline' retrieved from /opt/airflow/dags/novareatil_etl_dag.py
[2026-01-12T22:26:40.867+0000] {logging_mixin.py:188} INFO - [2026-01-12T22:26:40.866+0000] {dag.py:3096} INFO - Sync 1 DAGs
[2026-01-12T22:26:40.885+0000] {logging_mixin.py:188} INFO - [2026-01-12T22:26:40.884+0000] {dag.py:3954} INFO - Setting next_dagrun for novaretail_etl_pipeline to None, run_after=None
[2026-01-12T22:26:40.916+0000] {processor.py:183} INFO - Processing /opt/airflow/dags/novareatil_etl_dag.py took 0.116 seconds
[2026-01-12T22:27:11.101+0000] {processor.py:161} INFO - Started process (PID=588) to work on /opt/airflow/dags/novareatil_etl_dag.py
[2026-01-12T22:27:11.102+0000] {processor.py:830} INFO - Processing file /opt/airflow/dags/novareatil_etl_dag.py for tasks to queue
[2026-01-12T22:27:11.103+0000] {logging_mixin.py:188} INFO - [2026-01-12T22:27:11.103+0000] {dagbag.py:540} INFO - Filling up the DagBag from /opt/airflow/dags/novareatil_etl_dag.py
[2026-01-12T22:27:11.140+0000] {processor.py:840} INFO - DAG(s) 'novaretail_etl_pipeline' retrieved from /opt/airflow/dags/novareatil_etl_dag.py
[2026-01-12T22:27:11.356+0000] {logging_mixin.py:188} INFO - [2026-01-12T22:27:11.355+0000] {dag.py:3096} INFO - Sync 1 DAGs
[2026-01-12T22:27:11.381+0000] {logging_mixin.py:188} INFO - [2026-01-12T22:27:11.381+0000] {dag.py:3954} INFO - Setting next_dagrun for novaretail_etl_pipeline to None, run_after=None
[2026-01-12T22:27:11.411+0000] {processor.py:183} INFO - Processing /opt/airflow/dags/novareatil_etl_dag.py took 0.319 seconds
[2026-01-12T22:27:41.519+0000] {processor.py:161} INFO - Started process (PID=593) to work on /opt/airflow/dags/novareatil_etl_dag.py
[2026-01-12T22:27:41.521+0000] {processor.py:830} INFO - Processing file /opt/airflow/dags/novareatil_etl_dag.py for tasks to queue
[2026-01-12T22:27:41.523+0000] {logging_mixin.py:188} INFO - [2026-01-12T22:27:41.522+0000] {dagbag.py:540} INFO - Filling up the DagBag from /opt/airflow/dags/novareatil_etl_dag.py
[2026-01-12T22:27:41.572+0000] {processor.py:840} INFO - DAG(s) 'novaretail_etl_pipeline' retrieved from /opt/airflow/dags/novareatil_etl_dag.py
[2026-01-12T22:27:41.630+0000] {logging_mixin.py:188} INFO - [2026-01-12T22:27:41.630+0000] {dag.py:3096} INFO - Sync 1 DAGs
[2026-01-12T22:27:41.660+0000] {logging_mixin.py:188} INFO - [2026-01-12T22:27:41.660+0000] {dag.py:3954} INFO - Setting next_dagrun for novaretail_etl_pipeline to None, run_after=None
[2026-01-12T22:27:41.694+0000] {processor.py:183} INFO - Processing /opt/airflow/dags/novareatil_etl_dag.py took 0.190 seconds
[2026-01-12T22:28:11.917+0000] {processor.py:161} INFO - Started process (PID=598) to work on /opt/airflow/dags/novareatil_etl_dag.py
[2026-01-12T22:28:11.918+0000] {processor.py:830} INFO - Processing file /opt/airflow/dags/novareatil_etl_dag.py for tasks to queue
[2026-01-12T22:28:11.920+0000] {logging_mixin.py:188} INFO - [2026-01-12T22:28:11.919+0000] {dagbag.py:540} INFO - Filling up the DagBag from /opt/airflow/dags/novareatil_etl_dag.py
[2026-01-12T22:28:11.960+0000] {processor.py:840} INFO - DAG(s) 'novaretail_etl_pipeline' retrieved from /opt/airflow/dags/novareatil_etl_dag.py
[2026-01-12T22:28:12.016+0000] {logging_mixin.py:188} INFO - [2026-01-12T22:28:12.016+0000] {dag.py:3096} INFO - Sync 1 DAGs
[2026-01-12T22:28:12.049+0000] {logging_mixin.py:188} INFO - [2026-01-12T22:28:12.049+0000] {dag.py:3954} INFO - Setting next_dagrun for novaretail_etl_pipeline to None, run_after=None
[2026-01-12T22:28:12.116+0000] {processor.py:183} INFO - Processing /opt/airflow/dags/novareatil_etl_dag.py took 0.206 seconds
[2026-01-12T22:28:42.541+0000] {processor.py:161} INFO - Started process (PID=603) to work on /opt/airflow/dags/novareatil_etl_dag.py
[2026-01-12T22:28:42.542+0000] {processor.py:830} INFO - Processing file /opt/airflow/dags/novareatil_etl_dag.py for tasks to queue
[2026-01-12T22:28:42.543+0000] {logging_mixin.py:188} INFO - [2026-01-12T22:28:42.543+0000] {dagbag.py:540} INFO - Filling up the DagBag from /opt/airflow/dags/novareatil_etl_dag.py
[2026-01-12T22:28:42.579+0000] {processor.py:840} INFO - DAG(s) 'novaretail_etl_pipeline' retrieved from /opt/airflow/dags/novareatil_etl_dag.py
[2026-01-12T22:28:42.639+0000] {logging_mixin.py:188} INFO - [2026-01-12T22:28:42.639+0000] {dag.py:3096} INFO - Sync 1 DAGs
[2026-01-12T22:28:42.661+0000] {logging_mixin.py:188} INFO - [2026-01-12T22:28:42.661+0000] {dag.py:3954} INFO - Setting next_dagrun for novaretail_etl_pipeline to None, run_after=None
[2026-01-12T22:28:42.697+0000] {processor.py:183} INFO - Processing /opt/airflow/dags/novareatil_etl_dag.py took 0.164 seconds
[2026-01-12T22:29:12.840+0000] {processor.py:161} INFO - Started process (PID=614) to work on /opt/airflow/dags/novareatil_etl_dag.py
[2026-01-12T22:29:12.850+0000] {processor.py:830} INFO - Processing file /opt/airflow/dags/novareatil_etl_dag.py for tasks to queue
[2026-01-12T22:29:12.851+0000] {logging_mixin.py:188} INFO - [2026-01-12T22:29:12.850+0000] {dagbag.py:540} INFO - Filling up the DagBag from /opt/airflow/dags/novareatil_etl_dag.py
[2026-01-12T22:29:12.886+0000] {processor.py:840} INFO - DAG(s) 'novaretail_etl_pipeline' retrieved from /opt/airflow/dags/novareatil_etl_dag.py
[2026-01-12T22:29:12.935+0000] {logging_mixin.py:188} INFO - [2026-01-12T22:29:12.935+0000] {dag.py:3096} INFO - Sync 1 DAGs
[2026-01-12T22:29:12.953+0000] {logging_mixin.py:188} INFO - [2026-01-12T22:29:12.953+0000] {dag.py:3954} INFO - Setting next_dagrun for novaretail_etl_pipeline to None, run_after=None
[2026-01-12T22:29:12.976+0000] {processor.py:183} INFO - Processing /opt/airflow/dags/novareatil_etl_dag.py took 0.143 seconds
[2026-01-12T22:29:43.129+0000] {processor.py:161} INFO - Started process (PID=619) to work on /opt/airflow/dags/novareatil_etl_dag.py
[2026-01-12T22:29:43.131+0000] {processor.py:830} INFO - Processing file /opt/airflow/dags/novareatil_etl_dag.py for tasks to queue
[2026-01-12T22:29:43.133+0000] {logging_mixin.py:188} INFO - [2026-01-12T22:29:43.132+0000] {dagbag.py:540} INFO - Filling up the DagBag from /opt/airflow/dags/novareatil_etl_dag.py
[2026-01-12T22:29:43.165+0000] {processor.py:840} INFO - DAG(s) 'novaretail_etl_pipeline' retrieved from /opt/airflow/dags/novareatil_etl_dag.py
[2026-01-12T22:29:43.207+0000] {logging_mixin.py:188} INFO - [2026-01-12T22:29:43.207+0000] {dag.py:3096} INFO - Sync 1 DAGs
[2026-01-12T22:29:43.227+0000] {logging_mixin.py:188} INFO - [2026-01-12T22:29:43.227+0000] {dag.py:3954} INFO - Setting next_dagrun for novaretail_etl_pipeline to None, run_after=None
[2026-01-12T22:29:43.252+0000] {processor.py:183} INFO - Processing /opt/airflow/dags/novareatil_etl_dag.py took 0.137 seconds
[2026-01-12T22:30:13.668+0000] {processor.py:161} INFO - Started process (PID=624) to work on /opt/airflow/dags/novareatil_etl_dag.py
[2026-01-12T22:30:13.671+0000] {processor.py:830} INFO - Processing file /opt/airflow/dags/novareatil_etl_dag.py for tasks to queue
[2026-01-12T22:30:13.675+0000] {logging_mixin.py:188} INFO - [2026-01-12T22:30:13.674+0000] {dagbag.py:540} INFO - Filling up the DagBag from /opt/airflow/dags/novareatil_etl_dag.py
[2026-01-12T22:30:13.748+0000] {processor.py:840} INFO - DAG(s) 'novaretail_etl_pipeline' retrieved from /opt/airflow/dags/novareatil_etl_dag.py
[2026-01-12T22:30:13.827+0000] {logging_mixin.py:188} INFO - [2026-01-12T22:30:13.827+0000] {dag.py:3096} INFO - Sync 1 DAGs
[2026-01-12T22:30:13.859+0000] {logging_mixin.py:188} INFO - [2026-01-12T22:30:13.859+0000] {dag.py:3954} INFO - Setting next_dagrun for novaretail_etl_pipeline to None, run_after=None
[2026-01-12T22:30:13.914+0000] {processor.py:183} INFO - Processing /opt/airflow/dags/novareatil_etl_dag.py took 0.260 seconds
[2026-01-12T22:30:44.135+0000] {processor.py:161} INFO - Started process (PID=629) to work on /opt/airflow/dags/novareatil_etl_dag.py
[2026-01-12T22:30:44.137+0000] {processor.py:830} INFO - Processing file /opt/airflow/dags/novareatil_etl_dag.py for tasks to queue
[2026-01-12T22:30:44.137+0000] {logging_mixin.py:188} INFO - [2026-01-12T22:30:44.137+0000] {dagbag.py:540} INFO - Filling up the DagBag from /opt/airflow/dags/novareatil_etl_dag.py
[2026-01-12T22:30:44.172+0000] {processor.py:840} INFO - DAG(s) 'novaretail_etl_pipeline' retrieved from /opt/airflow/dags/novareatil_etl_dag.py
[2026-01-12T22:30:44.212+0000] {logging_mixin.py:188} INFO - [2026-01-12T22:30:44.212+0000] {dag.py:3096} INFO - Sync 1 DAGs
[2026-01-12T22:30:44.227+0000] {logging_mixin.py:188} INFO - [2026-01-12T22:30:44.227+0000] {dag.py:3954} INFO - Setting next_dagrun for novaretail_etl_pipeline to None, run_after=None
[2026-01-12T22:30:44.249+0000] {processor.py:183} INFO - Processing /opt/airflow/dags/novareatil_etl_dag.py took 0.120 seconds
[2026-01-12T22:31:14.431+0000] {processor.py:161} INFO - Started process (PID=640) to work on /opt/airflow/dags/novareatil_etl_dag.py
[2026-01-12T22:31:14.434+0000] {processor.py:830} INFO - Processing file /opt/airflow/dags/novareatil_etl_dag.py for tasks to queue
[2026-01-12T22:31:14.436+0000] {logging_mixin.py:188} INFO - [2026-01-12T22:31:14.435+0000] {dagbag.py:540} INFO - Filling up the DagBag from /opt/airflow/dags/novareatil_etl_dag.py
[2026-01-12T22:31:14.497+0000] {processor.py:840} INFO - DAG(s) 'novaretail_etl_pipeline' retrieved from /opt/airflow/dags/novareatil_etl_dag.py
[2026-01-12T22:31:14.557+0000] {logging_mixin.py:188} INFO - [2026-01-12T22:31:14.556+0000] {dag.py:3096} INFO - Sync 1 DAGs
[2026-01-12T22:31:14.585+0000] {logging_mixin.py:188} INFO - [2026-01-12T22:31:14.585+0000] {dag.py:3954} INFO - Setting next_dagrun for novaretail_etl_pipeline to None, run_after=None
[2026-01-12T22:31:14.650+0000] {processor.py:183} INFO - Processing /opt/airflow/dags/novareatil_etl_dag.py took 0.237 seconds
[2026-01-12T22:31:44.851+0000] {processor.py:161} INFO - Started process (PID=645) to work on /opt/airflow/dags/novareatil_etl_dag.py
[2026-01-12T22:31:44.854+0000] {processor.py:830} INFO - Processing file /opt/airflow/dags/novareatil_etl_dag.py for tasks to queue
[2026-01-12T22:31:44.857+0000] {logging_mixin.py:188} INFO - [2026-01-12T22:31:44.855+0000] {dagbag.py:540} INFO - Filling up the DagBag from /opt/airflow/dags/novareatil_etl_dag.py
[2026-01-12T22:31:44.909+0000] {processor.py:840} INFO - DAG(s) 'novaretail_etl_pipeline' retrieved from /opt/airflow/dags/novareatil_etl_dag.py
[2026-01-12T22:31:44.987+0000] {logging_mixin.py:188} INFO - [2026-01-12T22:31:44.987+0000] {dag.py:3096} INFO - Sync 1 DAGs
[2026-01-12T22:31:45.016+0000] {logging_mixin.py:188} INFO - [2026-01-12T22:31:45.016+0000] {dag.py:3954} INFO - Setting next_dagrun for novaretail_etl_pipeline to None, run_after=None
[2026-01-12T22:31:45.050+0000] {processor.py:183} INFO - Processing /opt/airflow/dags/novareatil_etl_dag.py took 0.209 seconds
[2026-01-12T22:32:15.140+0000] {processor.py:161} INFO - Started process (PID=650) to work on /opt/airflow/dags/novareatil_etl_dag.py
[2026-01-12T22:32:15.141+0000] {processor.py:830} INFO - Processing file /opt/airflow/dags/novareatil_etl_dag.py for tasks to queue
[2026-01-12T22:32:15.142+0000] {logging_mixin.py:188} INFO - [2026-01-12T22:32:15.142+0000] {dagbag.py:540} INFO - Filling up the DagBag from /opt/airflow/dags/novareatil_etl_dag.py
[2026-01-12T22:32:15.166+0000] {processor.py:840} INFO - DAG(s) 'novaretail_etl_pipeline' retrieved from /opt/airflow/dags/novareatil_etl_dag.py
[2026-01-12T22:32:15.202+0000] {logging_mixin.py:188} INFO - [2026-01-12T22:32:15.201+0000] {dag.py:3096} INFO - Sync 1 DAGs
[2026-01-12T22:32:15.216+0000] {logging_mixin.py:188} INFO - [2026-01-12T22:32:15.215+0000] {dag.py:3954} INFO - Setting next_dagrun for novaretail_etl_pipeline to None, run_after=None
[2026-01-12T22:32:15.234+0000] {processor.py:183} INFO - Processing /opt/airflow/dags/novareatil_etl_dag.py took 0.100 seconds
[2026-01-12T22:32:47.472+0000] {processor.py:161} INFO - Started process (PID=655) to work on /opt/airflow/dags/novareatil_etl_dag.py
[2026-01-12T22:32:47.473+0000] {processor.py:830} INFO - Processing file /opt/airflow/dags/novareatil_etl_dag.py for tasks to queue
[2026-01-12T22:32:47.475+0000] {logging_mixin.py:188} INFO - [2026-01-12T22:32:47.474+0000] {dagbag.py:540} INFO - Filling up the DagBag from /opt/airflow/dags/novareatil_etl_dag.py
[2026-01-12T22:32:47.506+0000] {processor.py:840} INFO - DAG(s) 'novaretail_etl_pipeline' retrieved from /opt/airflow/dags/novareatil_etl_dag.py
[2026-01-12T22:32:47.547+0000] {logging_mixin.py:188} INFO - [2026-01-12T22:32:47.547+0000] {dag.py:3096} INFO - Sync 1 DAGs
[2026-01-12T22:32:47.564+0000] {logging_mixin.py:188} INFO - [2026-01-12T22:32:47.564+0000] {dag.py:3954} INFO - Setting next_dagrun for novaretail_etl_pipeline to None, run_after=None
[2026-01-12T22:32:47.586+0000] {processor.py:183} INFO - Processing /opt/airflow/dags/novareatil_etl_dag.py took 0.121 seconds
[2026-01-12T22:33:19.976+0000] {processor.py:161} INFO - Started process (PID=660) to work on /opt/airflow/dags/novareatil_etl_dag.py
[2026-01-12T22:33:19.980+0000] {processor.py:830} INFO - Processing file /opt/airflow/dags/novareatil_etl_dag.py for tasks to queue
[2026-01-12T22:33:19.982+0000] {logging_mixin.py:188} INFO - [2026-01-12T22:33:19.982+0000] {dagbag.py:540} INFO - Filling up the DagBag from /opt/airflow/dags/novareatil_etl_dag.py
[2026-01-12T22:33:20.015+0000] {processor.py:840} INFO - DAG(s) 'novaretail_etl_pipeline' retrieved from /opt/airflow/dags/novareatil_etl_dag.py
[2026-01-12T22:33:20.063+0000] {logging_mixin.py:188} INFO - [2026-01-12T22:33:20.063+0000] {dag.py:3096} INFO - Sync 1 DAGs
[2026-01-12T22:33:20.086+0000] {logging_mixin.py:188} INFO - [2026-01-12T22:33:20.086+0000] {dag.py:3954} INFO - Setting next_dagrun for novaretail_etl_pipeline to None, run_after=None
[2026-01-12T22:33:20.118+0000] {processor.py:183} INFO - Processing /opt/airflow/dags/novareatil_etl_dag.py took 0.149 seconds
[2026-01-12T22:33:53.267+0000] {processor.py:161} INFO - Started process (PID=665) to work on /opt/airflow/dags/novareatil_etl_dag.py
[2026-01-12T22:33:53.269+0000] {processor.py:830} INFO - Processing file /opt/airflow/dags/novareatil_etl_dag.py for tasks to queue
[2026-01-12T22:33:53.271+0000] {logging_mixin.py:188} INFO - [2026-01-12T22:33:53.270+0000] {dagbag.py:540} INFO - Filling up the DagBag from /opt/airflow/dags/novareatil_etl_dag.py
[2026-01-12T22:33:53.302+0000] {processor.py:840} INFO - DAG(s) 'novaretail_etl_pipeline' retrieved from /opt/airflow/dags/novareatil_etl_dag.py
[2026-01-12T22:33:53.343+0000] {logging_mixin.py:188} INFO - [2026-01-12T22:33:53.343+0000] {dag.py:3096} INFO - Sync 1 DAGs
[2026-01-12T22:33:53.359+0000] {logging_mixin.py:188} INFO - [2026-01-12T22:33:53.358+0000] {dag.py:3954} INFO - Setting next_dagrun for novaretail_etl_pipeline to None, run_after=None
[2026-01-12T22:33:53.382+0000] {processor.py:183} INFO - Processing /opt/airflow/dags/novareatil_etl_dag.py took 0.124 seconds
[2026-01-12T22:34:26.540+0000] {processor.py:161} INFO - Started process (PID=670) to work on /opt/airflow/dags/novareatil_etl_dag.py
[2026-01-12T22:34:26.541+0000] {processor.py:830} INFO - Processing file /opt/airflow/dags/novareatil_etl_dag.py for tasks to queue
[2026-01-12T22:34:26.542+0000] {logging_mixin.py:188} INFO - [2026-01-12T22:34:26.542+0000] {dagbag.py:540} INFO - Filling up the DagBag from /opt/airflow/dags/novareatil_etl_dag.py
[2026-01-12T22:34:26.566+0000] {processor.py:840} INFO - DAG(s) 'novaretail_etl_pipeline' retrieved from /opt/airflow/dags/novareatil_etl_dag.py
[2026-01-12T22:34:26.596+0000] {logging_mixin.py:188} INFO - [2026-01-12T22:34:26.596+0000] {dag.py:3096} INFO - Sync 1 DAGs
[2026-01-12T22:34:26.609+0000] {logging_mixin.py:188} INFO - [2026-01-12T22:34:26.608+0000] {dag.py:3954} INFO - Setting next_dagrun for novaretail_etl_pipeline to None, run_after=None
[2026-01-12T22:34:26.628+0000] {processor.py:183} INFO - Processing /opt/airflow/dags/novareatil_etl_dag.py took 0.095 seconds
[2026-01-12T22:34:59.188+0000] {processor.py:161} INFO - Started process (PID=675) to work on /opt/airflow/dags/novareatil_etl_dag.py
[2026-01-12T22:34:59.190+0000] {processor.py:830} INFO - Processing file /opt/airflow/dags/novareatil_etl_dag.py for tasks to queue
[2026-01-12T22:34:59.192+0000] {logging_mixin.py:188} INFO - [2026-01-12T22:34:59.191+0000] {dagbag.py:540} INFO - Filling up the DagBag from /opt/airflow/dags/novareatil_etl_dag.py
[2026-01-12T22:34:59.227+0000] {processor.py:840} INFO - DAG(s) 'novaretail_etl_pipeline' retrieved from /opt/airflow/dags/novareatil_etl_dag.py
[2026-01-12T22:34:59.266+0000] {logging_mixin.py:188} INFO - [2026-01-12T22:34:59.266+0000] {dag.py:3096} INFO - Sync 1 DAGs
[2026-01-12T22:34:59.283+0000] {logging_mixin.py:188} INFO - [2026-01-12T22:34:59.282+0000] {dag.py:3954} INFO - Setting next_dagrun for novaretail_etl_pipeline to None, run_after=None
[2026-01-12T22:34:59.310+0000] {processor.py:183} INFO - Processing /opt/airflow/dags/novareatil_etl_dag.py took 0.134 seconds
[2026-01-12T22:35:32.603+0000] {processor.py:161} INFO - Started process (PID=680) to work on /opt/airflow/dags/novareatil_etl_dag.py
[2026-01-12T22:35:32.604+0000] {processor.py:830} INFO - Processing file /opt/airflow/dags/novareatil_etl_dag.py for tasks to queue
[2026-01-12T22:35:32.606+0000] {logging_mixin.py:188} INFO - [2026-01-12T22:35:32.605+0000] {dagbag.py:540} INFO - Filling up the DagBag from /opt/airflow/dags/novareatil_etl_dag.py
[2026-01-12T22:35:32.637+0000] {processor.py:840} INFO - DAG(s) 'novaretail_etl_pipeline' retrieved from /opt/airflow/dags/novareatil_etl_dag.py
[2026-01-12T22:35:32.675+0000] {logging_mixin.py:188} INFO - [2026-01-12T22:35:32.674+0000] {dag.py:3096} INFO - Sync 1 DAGs
[2026-01-12T22:35:32.692+0000] {logging_mixin.py:188} INFO - [2026-01-12T22:35:32.692+0000] {dag.py:3954} INFO - Setting next_dagrun for novaretail_etl_pipeline to None, run_after=None
[2026-01-12T22:35:32.713+0000] {processor.py:183} INFO - Processing /opt/airflow/dags/novareatil_etl_dag.py took 0.116 seconds
[2026-01-12T22:36:06.014+0000] {processor.py:161} INFO - Started process (PID=685) to work on /opt/airflow/dags/novareatil_etl_dag.py
[2026-01-12T22:36:06.016+0000] {processor.py:830} INFO - Processing file /opt/airflow/dags/novareatil_etl_dag.py for tasks to queue
[2026-01-12T22:36:06.018+0000] {logging_mixin.py:188} INFO - [2026-01-12T22:36:06.017+0000] {dagbag.py:540} INFO - Filling up the DagBag from /opt/airflow/dags/novareatil_etl_dag.py
[2026-01-12T22:36:06.052+0000] {processor.py:840} INFO - DAG(s) 'novaretail_etl_pipeline' retrieved from /opt/airflow/dags/novareatil_etl_dag.py
[2026-01-12T22:36:06.100+0000] {logging_mixin.py:188} INFO - [2026-01-12T22:36:06.100+0000] {dag.py:3096} INFO - Sync 1 DAGs
[2026-01-12T22:36:06.121+0000] {logging_mixin.py:188} INFO - [2026-01-12T22:36:06.120+0000] {dag.py:3954} INFO - Setting next_dagrun for novaretail_etl_pipeline to None, run_after=None
[2026-01-12T22:36:06.158+0000] {processor.py:183} INFO - Processing /opt/airflow/dags/novareatil_etl_dag.py took 0.152 seconds
[2026-01-12T22:36:36.394+0000] {processor.py:161} INFO - Started process (PID=690) to work on /opt/airflow/dags/novareatil_etl_dag.py
[2026-01-12T22:36:36.395+0000] {processor.py:830} INFO - Processing file /opt/airflow/dags/novareatil_etl_dag.py for tasks to queue
[2026-01-12T22:36:36.397+0000] {logging_mixin.py:188} INFO - [2026-01-12T22:36:36.396+0000] {dagbag.py:540} INFO - Filling up the DagBag from /opt/airflow/dags/novareatil_etl_dag.py
[2026-01-12T22:36:36.427+0000] {processor.py:840} INFO - DAG(s) 'novaretail_etl_pipeline' retrieved from /opt/airflow/dags/novareatil_etl_dag.py
[2026-01-12T22:36:36.462+0000] {logging_mixin.py:188} INFO - [2026-01-12T22:36:36.462+0000] {dag.py:3096} INFO - Sync 1 DAGs
[2026-01-12T22:36:36.476+0000] {logging_mixin.py:188} INFO - [2026-01-12T22:36:36.476+0000] {dag.py:3954} INFO - Setting next_dagrun for novaretail_etl_pipeline to None, run_after=None
[2026-01-12T22:36:38.561+0000] {processor.py:183} INFO - Processing /opt/airflow/dags/novareatil_etl_dag.py took 0.109 seconds
[2026-01-12T22:37:11.971+0000] {processor.py:161} INFO - Started process (PID=695) to work on /opt/airflow/dags/novareatil_etl_dag.py
[2026-01-12T22:37:11.972+0000] {processor.py:830} INFO - Processing file /opt/airflow/dags/novareatil_etl_dag.py for tasks to queue
[2026-01-12T22:37:11.974+0000] {logging_mixin.py:188} INFO - [2026-01-12T22:37:11.973+0000] {dagbag.py:540} INFO - Filling up the DagBag from /opt/airflow/dags/novareatil_etl_dag.py
[2026-01-12T22:37:12.006+0000] {processor.py:840} INFO - DAG(s) 'novaretail_etl_pipeline' retrieved from /opt/airflow/dags/novareatil_etl_dag.py
[2026-01-12T22:37:12.048+0000] {logging_mixin.py:188} INFO - [2026-01-12T22:37:12.048+0000] {dag.py:3096} INFO - Sync 1 DAGs
[2026-01-12T22:37:12.067+0000] {logging_mixin.py:188} INFO - [2026-01-12T22:37:12.066+0000] {dag.py:3954} INFO - Setting next_dagrun for novaretail_etl_pipeline to None, run_after=None
[2026-01-12T22:37:12.111+0000] {processor.py:183} INFO - Processing /opt/airflow/dags/novareatil_etl_dag.py took 0.149 seconds
[2026-01-12T22:37:45.236+0000] {processor.py:161} INFO - Started process (PID=706) to work on /opt/airflow/dags/novareatil_etl_dag.py
[2026-01-12T22:37:45.242+0000] {processor.py:830} INFO - Processing file /opt/airflow/dags/novareatil_etl_dag.py for tasks to queue
[2026-01-12T22:37:45.248+0000] {logging_mixin.py:188} INFO - [2026-01-12T22:37:45.246+0000] {dagbag.py:540} INFO - Filling up the DagBag from /opt/airflow/dags/novareatil_etl_dag.py
[2026-01-12T22:37:45.382+0000] {processor.py:840} INFO - DAG(s) 'novaretail_etl_pipeline' retrieved from /opt/airflow/dags/novareatil_etl_dag.py
[2026-01-12T22:37:45.622+0000] {logging_mixin.py:188} INFO - [2026-01-12T22:37:45.622+0000] {dag.py:3096} INFO - Sync 1 DAGs
[2026-01-12T22:37:45.698+0000] {logging_mixin.py:188} INFO - [2026-01-12T22:37:45.698+0000] {dag.py:3954} INFO - Setting next_dagrun for novaretail_etl_pipeline to None, run_after=None
[2026-01-12T22:37:45.789+0000] {processor.py:183} INFO - Processing /opt/airflow/dags/novareatil_etl_dag.py took 0.599 seconds
[2026-01-12T22:38:18.174+0000] {processor.py:161} INFO - Started process (PID=711) to work on /opt/airflow/dags/novareatil_etl_dag.py
[2026-01-12T22:38:18.176+0000] {processor.py:830} INFO - Processing file /opt/airflow/dags/novareatil_etl_dag.py for tasks to queue
[2026-01-12T22:38:18.177+0000] {logging_mixin.py:188} INFO - [2026-01-12T22:38:18.177+0000] {dagbag.py:540} INFO - Filling up the DagBag from /opt/airflow/dags/novareatil_etl_dag.py
[2026-01-12T22:38:18.205+0000] {processor.py:840} INFO - DAG(s) 'novaretail_etl_pipeline' retrieved from /opt/airflow/dags/novareatil_etl_dag.py
[2026-01-12T22:38:18.252+0000] {logging_mixin.py:188} INFO - [2026-01-12T22:38:18.252+0000] {dag.py:3096} INFO - Sync 1 DAGs
[2026-01-12T22:38:18.270+0000] {logging_mixin.py:188} INFO - [2026-01-12T22:38:18.269+0000] {dag.py:3954} INFO - Setting next_dagrun for novaretail_etl_pipeline to None, run_after=None
[2026-01-12T22:38:18.301+0000] {processor.py:183} INFO - Processing /opt/airflow/dags/novareatil_etl_dag.py took 0.133 seconds
[2026-01-12T22:38:51.583+0000] {processor.py:161} INFO - Started process (PID=716) to work on /opt/airflow/dags/novareatil_etl_dag.py
[2026-01-12T22:38:51.586+0000] {processor.py:830} INFO - Processing file /opt/airflow/dags/novareatil_etl_dag.py for tasks to queue
[2026-01-12T22:38:51.588+0000] {logging_mixin.py:188} INFO - [2026-01-12T22:38:51.588+0000] {dagbag.py:540} INFO - Filling up the DagBag from /opt/airflow/dags/novareatil_etl_dag.py
[2026-01-12T22:38:51.623+0000] {processor.py:840} INFO - DAG(s) 'novaretail_etl_pipeline' retrieved from /opt/airflow/dags/novareatil_etl_dag.py
[2026-01-12T22:38:51.668+0000] {logging_mixin.py:188} INFO - [2026-01-12T22:38:51.668+0000] {dag.py:3096} INFO - Sync 1 DAGs
[2026-01-12T22:38:51.688+0000] {logging_mixin.py:188} INFO - [2026-01-12T22:38:51.687+0000] {dag.py:3954} INFO - Setting next_dagrun for novaretail_etl_pipeline to None, run_after=None
[2026-01-12T22:38:51.717+0000] {processor.py:183} INFO - Processing /opt/airflow/dags/novareatil_etl_dag.py took 0.147 seconds
[2026-01-12T22:39:21.999+0000] {processor.py:161} INFO - Started process (PID=721) to work on /opt/airflow/dags/novareatil_etl_dag.py
[2026-01-12T22:39:22.001+0000] {processor.py:830} INFO - Processing file /opt/airflow/dags/novareatil_etl_dag.py for tasks to queue
[2026-01-12T22:39:22.003+0000] {logging_mixin.py:188} INFO - [2026-01-12T22:39:22.002+0000] {dagbag.py:540} INFO - Filling up the DagBag from /opt/airflow/dags/novareatil_etl_dag.py
[2026-01-12T22:39:24.105+0000] {processor.py:840} INFO - DAG(s) 'novaretail_etl_pipeline' retrieved from /opt/airflow/dags/novareatil_etl_dag.py
[2026-01-12T22:39:24.181+0000] {logging_mixin.py:188} INFO - [2026-01-12T22:39:24.180+0000] {dag.py:3096} INFO - Sync 1 DAGs
[2026-01-12T22:39:24.202+0000] {logging_mixin.py:188} INFO - [2026-01-12T22:39:24.202+0000] {dag.py:3954} INFO - Setting next_dagrun for novaretail_etl_pipeline to None, run_after=None
[2026-01-12T22:39:24.248+0000] {processor.py:183} INFO - Processing /opt/airflow/dags/novareatil_etl_dag.py took 0.195 seconds
[2026-01-12T22:39:57.441+0000] {processor.py:161} INFO - Started process (PID=732) to work on /opt/airflow/dags/novareatil_etl_dag.py
[2026-01-12T22:39:57.443+0000] {processor.py:830} INFO - Processing file /opt/airflow/dags/novareatil_etl_dag.py for tasks to queue
[2026-01-12T22:39:57.446+0000] {logging_mixin.py:188} INFO - [2026-01-12T22:39:57.445+0000] {dagbag.py:540} INFO - Filling up the DagBag from /opt/airflow/dags/novareatil_etl_dag.py
[2026-01-12T22:39:57.481+0000] {processor.py:840} INFO - DAG(s) 'novaretail_etl_pipeline' retrieved from /opt/airflow/dags/novareatil_etl_dag.py
[2026-01-12T22:39:57.529+0000] {logging_mixin.py:188} INFO - [2026-01-12T22:39:57.529+0000] {dag.py:3096} INFO - Sync 1 DAGs
[2026-01-12T22:39:57.560+0000] {logging_mixin.py:188} INFO - [2026-01-12T22:39:57.559+0000] {dag.py:3954} INFO - Setting next_dagrun for novaretail_etl_pipeline to None, run_after=None
[2026-01-12T22:39:57.602+0000] {processor.py:183} INFO - Processing /opt/airflow/dags/novareatil_etl_dag.py took 0.169 seconds
[2026-01-12T22:40:30.870+0000] {processor.py:161} INFO - Started process (PID=737) to work on /opt/airflow/dags/novareatil_etl_dag.py
[2026-01-12T22:40:30.872+0000] {processor.py:830} INFO - Processing file /opt/airflow/dags/novareatil_etl_dag.py for tasks to queue
[2026-01-12T22:40:30.873+0000] {logging_mixin.py:188} INFO - [2026-01-12T22:40:30.873+0000] {dagbag.py:540} INFO - Filling up the DagBag from /opt/airflow/dags/novareatil_etl_dag.py
[2026-01-12T22:40:30.906+0000] {processor.py:840} INFO - DAG(s) 'novaretail_etl_pipeline' retrieved from /opt/airflow/dags/novareatil_etl_dag.py
[2026-01-12T22:40:31.026+0000] {logging_mixin.py:188} INFO - [2026-01-12T22:40:31.025+0000] {dag.py:3096} INFO - Sync 1 DAGs
[2026-01-12T22:40:31.048+0000] {logging_mixin.py:188} INFO - [2026-01-12T22:40:31.048+0000] {dag.py:3954} INFO - Setting next_dagrun for novaretail_etl_pipeline to None, run_after=None
[2026-01-12T22:40:31.077+0000] {processor.py:183} INFO - Processing /opt/airflow/dags/novareatil_etl_dag.py took 0.214 seconds
[2026-01-12T22:41:01.244+0000] {processor.py:161} INFO - Started process (PID=742) to work on /opt/airflow/dags/novareatil_etl_dag.py
[2026-01-12T22:41:01.246+0000] {processor.py:830} INFO - Processing file /opt/airflow/dags/novareatil_etl_dag.py for tasks to queue
[2026-01-12T22:41:01.248+0000] {logging_mixin.py:188} INFO - [2026-01-12T22:41:01.248+0000] {dagbag.py:540} INFO - Filling up the DagBag from /opt/airflow/dags/novareatil_etl_dag.py
[2026-01-12T22:41:03.361+0000] {processor.py:840} INFO - DAG(s) 'novaretail_etl_pipeline' retrieved from /opt/airflow/dags/novareatil_etl_dag.py
[2026-01-12T22:41:03.430+0000] {logging_mixin.py:188} INFO - [2026-01-12T22:41:03.429+0000] {dag.py:3096} INFO - Sync 1 DAGs
[2026-01-12T22:41:03.457+0000] {logging_mixin.py:188} INFO - [2026-01-12T22:41:03.456+0000] {dag.py:3954} INFO - Setting next_dagrun for novaretail_etl_pipeline to None, run_after=None
[2026-01-12T22:41:03.503+0000] {processor.py:183} INFO - Processing /opt/airflow/dags/novareatil_etl_dag.py took 0.209 seconds
[2026-01-12T22:41:36.615+0000] {processor.py:161} INFO - Started process (PID=747) to work on /opt/airflow/dags/novareatil_etl_dag.py
[2026-01-12T22:41:36.616+0000] {processor.py:830} INFO - Processing file /opt/airflow/dags/novareatil_etl_dag.py for tasks to queue
[2026-01-12T22:41:36.617+0000] {logging_mixin.py:188} INFO - [2026-01-12T22:41:36.617+0000] {dagbag.py:540} INFO - Filling up the DagBag from /opt/airflow/dags/novareatil_etl_dag.py
[2026-01-12T22:41:36.643+0000] {processor.py:840} INFO - DAG(s) 'novaretail_etl_pipeline' retrieved from /opt/airflow/dags/novareatil_etl_dag.py
[2026-01-12T22:41:36.677+0000] {logging_mixin.py:188} INFO - [2026-01-12T22:41:36.677+0000] {dag.py:3096} INFO - Sync 1 DAGs
[2026-01-12T22:41:36.690+0000] {logging_mixin.py:188} INFO - [2026-01-12T22:41:36.690+0000] {dag.py:3954} INFO - Setting next_dagrun for novaretail_etl_pipeline to None, run_after=None
[2026-01-12T22:41:36.709+0000] {processor.py:183} INFO - Processing /opt/airflow/dags/novareatil_etl_dag.py took 0.100 seconds
[2026-01-12T22:42:09.833+0000] {processor.py:161} INFO - Started process (PID=758) to work on /opt/airflow/dags/novareatil_etl_dag.py
[2026-01-12T22:42:09.835+0000] {processor.py:830} INFO - Processing file /opt/airflow/dags/novareatil_etl_dag.py for tasks to queue
[2026-01-12T22:42:09.837+0000] {logging_mixin.py:188} INFO - [2026-01-12T22:42:09.837+0000] {dagbag.py:540} INFO - Filling up the DagBag from /opt/airflow/dags/novareatil_etl_dag.py
[2026-01-12T22:42:09.878+0000] {processor.py:840} INFO - DAG(s) 'novaretail_etl_pipeline' retrieved from /opt/airflow/dags/novareatil_etl_dag.py
[2026-01-12T22:42:09.921+0000] {logging_mixin.py:188} INFO - [2026-01-12T22:42:09.920+0000] {dag.py:3096} INFO - Sync 1 DAGs
[2026-01-12T22:42:09.947+0000] {logging_mixin.py:188} INFO - [2026-01-12T22:42:09.946+0000] {dag.py:3954} INFO - Setting next_dagrun for novaretail_etl_pipeline to None, run_after=None
[2026-01-12T22:42:09.981+0000] {processor.py:183} INFO - Processing /opt/airflow/dags/novareatil_etl_dag.py took 0.159 seconds
[2026-01-12T22:42:43.453+0000] {processor.py:161} INFO - Started process (PID=763) to work on /opt/airflow/dags/novareatil_etl_dag.py
[2026-01-12T22:42:43.458+0000] {processor.py:830} INFO - Processing file /opt/airflow/dags/novareatil_etl_dag.py for tasks to queue
[2026-01-12T22:42:43.466+0000] {logging_mixin.py:188} INFO - [2026-01-12T22:42:43.462+0000] {dagbag.py:540} INFO - Filling up the DagBag from /opt/airflow/dags/novareatil_etl_dag.py
[2026-01-12T22:42:43.534+0000] {processor.py:840} INFO - DAG(s) 'novaretail_etl_pipeline' retrieved from /opt/airflow/dags/novareatil_etl_dag.py
[2026-01-12T22:42:43.606+0000] {logging_mixin.py:188} INFO - [2026-01-12T22:42:43.606+0000] {dag.py:3096} INFO - Sync 1 DAGs
[2026-01-12T22:42:43.630+0000] {logging_mixin.py:188} INFO - [2026-01-12T22:42:43.629+0000] {dag.py:3954} INFO - Setting next_dagrun for novaretail_etl_pipeline to None, run_after=None
[2026-01-12T22:42:43.656+0000] {processor.py:183} INFO - Processing /opt/airflow/dags/novareatil_etl_dag.py took 0.227 seconds
[2026-01-12T22:43:15.707+0000] {processor.py:161} INFO - Started process (PID=768) to work on /opt/airflow/dags/novareatil_etl_dag.py
[2026-01-12T22:43:15.709+0000] {processor.py:830} INFO - Processing file /opt/airflow/dags/novareatil_etl_dag.py for tasks to queue
[2026-01-12T22:43:15.710+0000] {logging_mixin.py:188} INFO - [2026-01-12T22:43:15.710+0000] {dagbag.py:540} INFO - Filling up the DagBag from /opt/airflow/dags/novareatil_etl_dag.py
[2026-01-12T22:43:15.746+0000] {processor.py:840} INFO - DAG(s) 'novaretail_etl_pipeline' retrieved from /opt/airflow/dags/novareatil_etl_dag.py
[2026-01-12T22:43:15.793+0000] {logging_mixin.py:188} INFO - [2026-01-12T22:43:15.793+0000] {dag.py:3096} INFO - Sync 1 DAGs
[2026-01-12T22:43:15.815+0000] {logging_mixin.py:188} INFO - [2026-01-12T22:43:15.815+0000] {dag.py:3954} INFO - Setting next_dagrun for novaretail_etl_pipeline to None, run_after=None
[2026-01-12T22:43:15.843+0000] {processor.py:183} INFO - Processing /opt/airflow/dags/novareatil_etl_dag.py took 0.149 seconds
[2026-01-12T22:43:48.954+0000] {processor.py:161} INFO - Started process (PID=773) to work on /opt/airflow/dags/novareatil_etl_dag.py
[2026-01-12T22:43:48.959+0000] {processor.py:830} INFO - Processing file /opt/airflow/dags/novareatil_etl_dag.py for tasks to queue
[2026-01-12T22:43:48.960+0000] {logging_mixin.py:188} INFO - [2026-01-12T22:43:48.960+0000] {dagbag.py:540} INFO - Filling up the DagBag from /opt/airflow/dags/novareatil_etl_dag.py
[2026-01-12T22:43:49.033+0000] {processor.py:840} INFO - DAG(s) 'novaretail_etl_pipeline' retrieved from /opt/airflow/dags/novareatil_etl_dag.py
[2026-01-12T22:43:49.143+0000] {logging_mixin.py:188} INFO - [2026-01-12T22:43:49.143+0000] {dag.py:3096} INFO - Sync 1 DAGs
[2026-01-12T22:43:49.174+0000] {logging_mixin.py:188} INFO - [2026-01-12T22:43:49.174+0000] {dag.py:3954} INFO - Setting next_dagrun for novaretail_etl_pipeline to None, run_after=None
[2026-01-12T22:43:49.223+0000] {processor.py:183} INFO - Processing /opt/airflow/dags/novareatil_etl_dag.py took 0.277 seconds
[2026-01-12T22:44:22.411+0000] {processor.py:161} INFO - Started process (PID=778) to work on /opt/airflow/dags/novareatil_etl_dag.py
[2026-01-12T22:44:22.413+0000] {processor.py:830} INFO - Processing file /opt/airflow/dags/novareatil_etl_dag.py for tasks to queue
[2026-01-12T22:44:22.414+0000] {logging_mixin.py:188} INFO - [2026-01-12T22:44:22.413+0000] {dagbag.py:540} INFO - Filling up the DagBag from /opt/airflow/dags/novareatil_etl_dag.py
[2026-01-12T22:44:22.451+0000] {processor.py:840} INFO - DAG(s) 'novaretail_etl_pipeline' retrieved from /opt/airflow/dags/novareatil_etl_dag.py
[2026-01-12T22:44:22.518+0000] {logging_mixin.py:188} INFO - [2026-01-12T22:44:22.518+0000] {dag.py:3096} INFO - Sync 1 DAGs
[2026-01-12T22:44:22.540+0000] {logging_mixin.py:188} INFO - [2026-01-12T22:44:22.540+0000] {dag.py:3954} INFO - Setting next_dagrun for novaretail_etl_pipeline to None, run_after=None
[2026-01-12T22:44:22.569+0000] {processor.py:183} INFO - Processing /opt/airflow/dags/novareatil_etl_dag.py took 0.165 seconds
[2026-01-12T22:44:55.019+0000] {processor.py:161} INFO - Started process (PID=783) to work on /opt/airflow/dags/novareatil_etl_dag.py
[2026-01-12T22:44:55.020+0000] {processor.py:830} INFO - Processing file /opt/airflow/dags/novareatil_etl_dag.py for tasks to queue
[2026-01-12T22:44:55.022+0000] {logging_mixin.py:188} INFO - [2026-01-12T22:44:55.022+0000] {dagbag.py:540} INFO - Filling up the DagBag from /opt/airflow/dags/novareatil_etl_dag.py
[2026-01-12T22:44:55.054+0000] {processor.py:840} INFO - DAG(s) 'novaretail_etl_pipeline' retrieved from /opt/airflow/dags/novareatil_etl_dag.py
[2026-01-12T22:44:55.135+0000] {logging_mixin.py:188} INFO - [2026-01-12T22:44:55.135+0000] {dag.py:3096} INFO - Sync 1 DAGs
[2026-01-12T22:44:55.151+0000] {logging_mixin.py:188} INFO - [2026-01-12T22:44:55.151+0000] {dag.py:3954} INFO - Setting next_dagrun for novaretail_etl_pipeline to None, run_after=None
[2026-01-12T22:44:55.177+0000] {processor.py:183} INFO - Processing /opt/airflow/dags/novareatil_etl_dag.py took 0.164 seconds
[2026-01-12T22:45:28.432+0000] {processor.py:161} INFO - Started process (PID=788) to work on /opt/airflow/dags/novareatil_etl_dag.py
[2026-01-12T22:45:28.433+0000] {processor.py:830} INFO - Processing file /opt/airflow/dags/novareatil_etl_dag.py for tasks to queue
[2026-01-12T22:45:28.435+0000] {logging_mixin.py:188} INFO - [2026-01-12T22:45:28.434+0000] {dagbag.py:540} INFO - Filling up the DagBag from /opt/airflow/dags/novareatil_etl_dag.py
[2026-01-12T22:45:28.477+0000] {processor.py:840} INFO - DAG(s) 'novaretail_etl_pipeline' retrieved from /opt/airflow/dags/novareatil_etl_dag.py
[2026-01-12T22:45:28.555+0000] {logging_mixin.py:188} INFO - [2026-01-12T22:45:28.555+0000] {dag.py:3096} INFO - Sync 1 DAGs
[2026-01-12T22:45:28.585+0000] {logging_mixin.py:188} INFO - [2026-01-12T22:45:28.585+0000] {dag.py:3954} INFO - Setting next_dagrun for novaretail_etl_pipeline to None, run_after=None
[2026-01-12T22:45:28.607+0000] {processor.py:183} INFO - Processing /opt/airflow/dags/novareatil_etl_dag.py took 0.190 seconds
[2026-01-12T22:46:01.972+0000] {processor.py:161} INFO - Started process (PID=793) to work on /opt/airflow/dags/novareatil_etl_dag.py
[2026-01-12T22:46:01.979+0000] {processor.py:830} INFO - Processing file /opt/airflow/dags/novareatil_etl_dag.py for tasks to queue
[2026-01-12T22:46:01.994+0000] {logging_mixin.py:188} INFO - [2026-01-12T22:46:01.993+0000] {dagbag.py:540} INFO - Filling up the DagBag from /opt/airflow/dags/novareatil_etl_dag.py
[2026-01-12T22:46:02.133+0000] {processor.py:840} INFO - DAG(s) 'novaretail_etl_pipeline' retrieved from /opt/airflow/dags/novareatil_etl_dag.py
[2026-01-12T22:46:02.229+0000] {logging_mixin.py:188} INFO - [2026-01-12T22:46:02.229+0000] {dag.py:3096} INFO - Sync 1 DAGs
[2026-01-12T22:46:02.278+0000] {logging_mixin.py:188} INFO - [2026-01-12T22:46:02.278+0000] {dag.py:3954} INFO - Setting next_dagrun for novaretail_etl_pipeline to None, run_after=None
[2026-01-12T22:46:02.350+0000] {processor.py:183} INFO - Processing /opt/airflow/dags/novareatil_etl_dag.py took 0.398 seconds
[2026-01-12T22:46:34.745+0000] {processor.py:161} INFO - Started process (PID=798) to work on /opt/airflow/dags/novareatil_etl_dag.py
[2026-01-12T22:46:34.747+0000] {processor.py:830} INFO - Processing file /opt/airflow/dags/novareatil_etl_dag.py for tasks to queue
[2026-01-12T22:46:34.748+0000] {logging_mixin.py:188} INFO - [2026-01-12T22:46:34.748+0000] {dagbag.py:540} INFO - Filling up the DagBag from /opt/airflow/dags/novareatil_etl_dag.py
[2026-01-12T22:46:34.780+0000] {processor.py:840} INFO - DAG(s) 'novaretail_etl_pipeline' retrieved from /opt/airflow/dags/novareatil_etl_dag.py
[2026-01-12T22:46:34.824+0000] {logging_mixin.py:188} INFO - [2026-01-12T22:46:34.823+0000] {dag.py:3096} INFO - Sync 1 DAGs
[2026-01-12T22:46:34.847+0000] {logging_mixin.py:188} INFO - [2026-01-12T22:46:34.847+0000] {dag.py:3954} INFO - Setting next_dagrun for novaretail_etl_pipeline to None, run_after=None
[2026-01-12T22:46:34.869+0000] {processor.py:183} INFO - Processing /opt/airflow/dags/novareatil_etl_dag.py took 0.132 seconds
[2026-01-12T22:47:07.453+0000] {processor.py:161} INFO - Started process (PID=803) to work on /opt/airflow/dags/novareatil_etl_dag.py
[2026-01-12T22:47:07.457+0000] {processor.py:830} INFO - Processing file /opt/airflow/dags/novareatil_etl_dag.py for tasks to queue
[2026-01-12T22:47:07.459+0000] {logging_mixin.py:188} INFO - [2026-01-12T22:47:07.458+0000] {dagbag.py:540} INFO - Filling up the DagBag from /opt/airflow/dags/novareatil_etl_dag.py
[2026-01-12T22:47:07.507+0000] {processor.py:840} INFO - DAG(s) 'novaretail_etl_pipeline' retrieved from /opt/airflow/dags/novareatil_etl_dag.py
[2026-01-12T22:47:07.578+0000] {logging_mixin.py:188} INFO - [2026-01-12T22:47:07.577+0000] {dag.py:3096} INFO - Sync 1 DAGs
[2026-01-12T22:47:07.599+0000] {logging_mixin.py:188} INFO - [2026-01-12T22:47:07.599+0000] {dag.py:3954} INFO - Setting next_dagrun for novaretail_etl_pipeline to None, run_after=None
[2026-01-12T22:47:07.627+0000] {processor.py:183} INFO - Processing /opt/airflow/dags/novareatil_etl_dag.py took 0.184 seconds
[2026-01-12T22:47:40.880+0000] {processor.py:161} INFO - Started process (PID=808) to work on /opt/airflow/dags/novareatil_etl_dag.py
[2026-01-12T22:47:40.881+0000] {processor.py:830} INFO - Processing file /opt/airflow/dags/novareatil_etl_dag.py for tasks to queue
[2026-01-12T22:47:40.882+0000] {logging_mixin.py:188} INFO - [2026-01-12T22:47:40.882+0000] {dagbag.py:540} INFO - Filling up the DagBag from /opt/airflow/dags/novareatil_etl_dag.py
[2026-01-12T22:47:40.906+0000] {processor.py:840} INFO - DAG(s) 'novaretail_etl_pipeline' retrieved from /opt/airflow/dags/novareatil_etl_dag.py
[2026-01-12T22:47:40.986+0000] {logging_mixin.py:188} INFO - [2026-01-12T22:47:40.986+0000] {dag.py:3096} INFO - Sync 1 DAGs
[2026-01-12T22:47:41.010+0000] {logging_mixin.py:188} INFO - [2026-01-12T22:47:41.009+0000] {dag.py:3954} INFO - Setting next_dagrun for novaretail_etl_pipeline to None, run_after=None
[2026-01-12T22:47:41.039+0000] {processor.py:183} INFO - Processing /opt/airflow/dags/novareatil_etl_dag.py took 0.164 seconds
[2026-01-12T22:48:14.330+0000] {processor.py:161} INFO - Started process (PID=813) to work on /opt/airflow/dags/novareatil_etl_dag.py
[2026-01-12T22:48:14.331+0000] {processor.py:830} INFO - Processing file /opt/airflow/dags/novareatil_etl_dag.py for tasks to queue
[2026-01-12T22:48:14.332+0000] {logging_mixin.py:188} INFO - [2026-01-12T22:48:14.332+0000] {dagbag.py:540} INFO - Filling up the DagBag from /opt/airflow/dags/novareatil_etl_dag.py
[2026-01-12T22:48:14.358+0000] {processor.py:840} INFO - DAG(s) 'novaretail_etl_pipeline' retrieved from /opt/airflow/dags/novareatil_etl_dag.py
[2026-01-12T22:48:14.394+0000] {logging_mixin.py:188} INFO - [2026-01-12T22:48:14.394+0000] {dag.py:3096} INFO - Sync 1 DAGs
[2026-01-12T22:48:14.409+0000] {logging_mixin.py:188} INFO - [2026-01-12T22:48:14.409+0000] {dag.py:3954} INFO - Setting next_dagrun for novaretail_etl_pipeline to None, run_after=None
[2026-01-12T22:48:14.456+0000] {processor.py:183} INFO - Processing /opt/airflow/dags/novareatil_etl_dag.py took 0.133 seconds
[2026-01-12T22:48:44.758+0000] {processor.py:161} INFO - Started process (PID=818) to work on /opt/airflow/dags/novareatil_etl_dag.py
[2026-01-12T22:48:44.759+0000] {processor.py:830} INFO - Processing file /opt/airflow/dags/novareatil_etl_dag.py for tasks to queue
[2026-01-12T22:48:44.760+0000] {logging_mixin.py:188} INFO - [2026-01-12T22:48:44.759+0000] {dagbag.py:540} INFO - Filling up the DagBag from /opt/airflow/dags/novareatil_etl_dag.py
[2026-01-12T22:48:44.789+0000] {processor.py:840} INFO - DAG(s) 'novaretail_etl_pipeline' retrieved from /opt/airflow/dags/novareatil_etl_dag.py
[2026-01-12T22:48:44.824+0000] {logging_mixin.py:188} INFO - [2026-01-12T22:48:44.823+0000] {dag.py:3096} INFO - Sync 1 DAGs
[2026-01-12T22:48:46.951+0000] {logging_mixin.py:188} INFO - [2026-01-12T22:48:46.950+0000] {dag.py:3954} INFO - Setting next_dagrun for novaretail_etl_pipeline to None, run_after=None
[2026-01-12T22:48:47.131+0000] {processor.py:183} INFO - Processing /opt/airflow/dags/novareatil_etl_dag.py took 0.322 seconds
[2026-01-12T22:49:20.058+0000] {processor.py:161} INFO - Started process (PID=823) to work on /opt/airflow/dags/novareatil_etl_dag.py
[2026-01-12T22:49:20.059+0000] {processor.py:830} INFO - Processing file /opt/airflow/dags/novareatil_etl_dag.py for tasks to queue
[2026-01-12T22:49:20.060+0000] {logging_mixin.py:188} INFO - [2026-01-12T22:49:20.060+0000] {dagbag.py:540} INFO - Filling up the DagBag from /opt/airflow/dags/novareatil_etl_dag.py
[2026-01-12T22:49:20.086+0000] {processor.py:840} INFO - DAG(s) 'novaretail_etl_pipeline' retrieved from /opt/airflow/dags/novareatil_etl_dag.py
[2026-01-12T22:49:20.132+0000] {logging_mixin.py:188} INFO - [2026-01-12T22:49:20.132+0000] {dag.py:3096} INFO - Sync 1 DAGs
[2026-01-12T22:49:20.169+0000] {logging_mixin.py:188} INFO - [2026-01-12T22:49:20.169+0000] {dag.py:3954} INFO - Setting next_dagrun for novaretail_etl_pipeline to None, run_after=None
[2026-01-12T22:49:20.199+0000] {processor.py:183} INFO - Processing /opt/airflow/dags/novareatil_etl_dag.py took 0.146 seconds
[2026-01-12T22:49:53.475+0000] {processor.py:161} INFO - Started process (PID=828) to work on /opt/airflow/dags/novareatil_etl_dag.py
[2026-01-12T22:49:53.476+0000] {processor.py:830} INFO - Processing file /opt/airflow/dags/novareatil_etl_dag.py for tasks to queue
[2026-01-12T22:49:53.477+0000] {logging_mixin.py:188} INFO - [2026-01-12T22:49:53.476+0000] {dagbag.py:540} INFO - Filling up the DagBag from /opt/airflow/dags/novareatil_etl_dag.py
[2026-01-12T22:49:53.499+0000] {processor.py:840} INFO - DAG(s) 'novaretail_etl_pipeline' retrieved from /opt/airflow/dags/novareatil_etl_dag.py
[2026-01-12T22:49:53.536+0000] {logging_mixin.py:188} INFO - [2026-01-12T22:49:53.535+0000] {dag.py:3096} INFO - Sync 1 DAGs
[2026-01-12T22:49:53.583+0000] {logging_mixin.py:188} INFO - [2026-01-12T22:49:53.583+0000] {dag.py:3954} INFO - Setting next_dagrun for novaretail_etl_pipeline to None, run_after=None
[2026-01-12T22:49:53.631+0000] {processor.py:183} INFO - Processing /opt/airflow/dags/novareatil_etl_dag.py took 0.162 seconds
[2026-01-12T22:50:26.989+0000] {processor.py:161} INFO - Started process (PID=833) to work on /opt/airflow/dags/novareatil_etl_dag.py
[2026-01-12T22:50:26.990+0000] {processor.py:830} INFO - Processing file /opt/airflow/dags/novareatil_etl_dag.py for tasks to queue
[2026-01-12T22:50:26.991+0000] {logging_mixin.py:188} INFO - [2026-01-12T22:50:26.990+0000] {dagbag.py:540} INFO - Filling up the DagBag from /opt/airflow/dags/novareatil_etl_dag.py
[2026-01-12T22:50:27.016+0000] {processor.py:840} INFO - DAG(s) 'novaretail_etl_pipeline' retrieved from /opt/airflow/dags/novareatil_etl_dag.py
[2026-01-12T22:50:27.046+0000] {logging_mixin.py:188} INFO - [2026-01-12T22:50:27.046+0000] {dag.py:3096} INFO - Sync 1 DAGs
[2026-01-12T22:50:27.062+0000] {logging_mixin.py:188} INFO - [2026-01-12T22:50:27.061+0000] {dag.py:3954} INFO - Setting next_dagrun for novaretail_etl_pipeline to None, run_after=None
[2026-01-12T22:50:27.083+0000] {processor.py:183} INFO - Processing /opt/airflow/dags/novareatil_etl_dag.py took 0.100 seconds
[2026-01-12T22:50:59.862+0000] {processor.py:161} INFO - Started process (PID=838) to work on /opt/airflow/dags/novareatil_etl_dag.py
[2026-01-12T22:50:59.867+0000] {processor.py:830} INFO - Processing file /opt/airflow/dags/novareatil_etl_dag.py for tasks to queue
[2026-01-12T22:50:59.871+0000] {logging_mixin.py:188} INFO - [2026-01-12T22:50:59.869+0000] {dagbag.py:540} INFO - Filling up the DagBag from /opt/airflow/dags/novareatil_etl_dag.py
[2026-01-12T22:50:59.938+0000] {processor.py:840} INFO - DAG(s) 'novaretail_etl_pipeline' retrieved from /opt/airflow/dags/novareatil_etl_dag.py
[2026-01-12T22:51:00.008+0000] {logging_mixin.py:188} INFO - [2026-01-12T22:51:00.008+0000] {dag.py:3096} INFO - Sync 1 DAGs
[2026-01-12T22:51:00.049+0000] {logging_mixin.py:188} INFO - [2026-01-12T22:51:00.048+0000] {dag.py:3954} INFO - Setting next_dagrun for novaretail_etl_pipeline to None, run_after=None
[2026-01-12T22:51:00.098+0000] {processor.py:183} INFO - Processing /opt/airflow/dags/novareatil_etl_dag.py took 0.255 seconds
[2026-01-12T22:51:33.141+0000] {processor.py:161} INFO - Started process (PID=843) to work on /opt/airflow/dags/novareatil_etl_dag.py
[2026-01-12T22:51:33.143+0000] {processor.py:830} INFO - Processing file /opt/airflow/dags/novareatil_etl_dag.py for tasks to queue
[2026-01-12T22:51:33.145+0000] {logging_mixin.py:188} INFO - [2026-01-12T22:51:33.144+0000] {dagbag.py:540} INFO - Filling up the DagBag from /opt/airflow/dags/novareatil_etl_dag.py
[2026-01-12T22:51:33.226+0000] {processor.py:840} INFO - DAG(s) 'novaretail_etl_pipeline' retrieved from /opt/airflow/dags/novareatil_etl_dag.py
[2026-01-12T22:51:33.310+0000] {logging_mixin.py:188} INFO - [2026-01-12T22:51:33.309+0000] {dag.py:3096} INFO - Sync 1 DAGs
[2026-01-12T22:51:33.339+0000] {logging_mixin.py:188} INFO - [2026-01-12T22:51:33.338+0000] {dag.py:3954} INFO - Setting next_dagrun for novaretail_etl_pipeline to None, run_after=None
[2026-01-12T22:51:33.364+0000] {processor.py:183} INFO - Processing /opt/airflow/dags/novareatil_etl_dag.py took 0.230 seconds
[2026-01-12T22:52:03.983+0000] {processor.py:161} INFO - Started process (PID=848) to work on /opt/airflow/dags/novareatil_etl_dag.py
[2026-01-12T22:52:03.985+0000] {processor.py:830} INFO - Processing file /opt/airflow/dags/novareatil_etl_dag.py for tasks to queue
[2026-01-12T22:52:03.986+0000] {logging_mixin.py:188} INFO - [2026-01-12T22:52:03.986+0000] {dagbag.py:540} INFO - Filling up the DagBag from /opt/airflow/dags/novareatil_etl_dag.py
[2026-01-12T22:52:06.096+0000] {processor.py:840} INFO - DAG(s) 'novaretail_etl_pipeline' retrieved from /opt/airflow/dags/novareatil_etl_dag.py
[2026-01-12T22:52:06.143+0000] {logging_mixin.py:188} INFO - [2026-01-12T22:52:06.142+0000] {dag.py:3096} INFO - Sync 1 DAGs
[2026-01-12T22:52:06.160+0000] {logging_mixin.py:188} INFO - [2026-01-12T22:52:06.160+0000] {dag.py:3954} INFO - Setting next_dagrun for novaretail_etl_pipeline to None, run_after=None
[2026-01-12T22:52:06.199+0000] {processor.py:183} INFO - Processing /opt/airflow/dags/novareatil_etl_dag.py took 0.166 seconds
[2026-01-12T22:52:39.677+0000] {processor.py:161} INFO - Started process (PID=853) to work on /opt/airflow/dags/novareatil_etl_dag.py
[2026-01-12T22:52:39.680+0000] {processor.py:830} INFO - Processing file /opt/airflow/dags/novareatil_etl_dag.py for tasks to queue
[2026-01-12T22:52:39.683+0000] {logging_mixin.py:188} INFO - [2026-01-12T22:52:39.682+0000] {dagbag.py:540} INFO - Filling up the DagBag from /opt/airflow/dags/novareatil_etl_dag.py
[2026-01-12T22:52:39.711+0000] {processor.py:840} INFO - DAG(s) 'novaretail_etl_pipeline' retrieved from /opt/airflow/dags/novareatil_etl_dag.py
[2026-01-12T22:52:39.750+0000] {logging_mixin.py:188} INFO - [2026-01-12T22:52:39.749+0000] {dag.py:3096} INFO - Sync 1 DAGs
[2026-01-12T22:52:39.765+0000] {logging_mixin.py:188} INFO - [2026-01-12T22:52:39.764+0000] {dag.py:3954} INFO - Setting next_dagrun for novaretail_etl_pipeline to None, run_after=None
[2026-01-12T22:52:39.786+0000] {processor.py:183} INFO - Processing /opt/airflow/dags/novareatil_etl_dag.py took 0.131 seconds
[2026-01-12T22:53:13.048+0000] {processor.py:161} INFO - Started process (PID=858) to work on /opt/airflow/dags/novareatil_etl_dag.py
[2026-01-12T22:53:13.050+0000] {processor.py:830} INFO - Processing file /opt/airflow/dags/novareatil_etl_dag.py for tasks to queue
[2026-01-12T22:53:13.051+0000] {logging_mixin.py:188} INFO - [2026-01-12T22:53:13.050+0000] {dagbag.py:540} INFO - Filling up the DagBag from /opt/airflow/dags/novareatil_etl_dag.py
[2026-01-12T22:53:13.077+0000] {processor.py:840} INFO - DAG(s) 'novaretail_etl_pipeline' retrieved from /opt/airflow/dags/novareatil_etl_dag.py
[2026-01-12T22:53:13.112+0000] {logging_mixin.py:188} INFO - [2026-01-12T22:53:13.112+0000] {dag.py:3096} INFO - Sync 1 DAGs
[2026-01-12T22:53:13.126+0000] {logging_mixin.py:188} INFO - [2026-01-12T22:53:13.126+0000] {dag.py:3954} INFO - Setting next_dagrun for novaretail_etl_pipeline to None, run_after=None
[2026-01-12T22:53:13.147+0000] {processor.py:183} INFO - Processing /opt/airflow/dags/novareatil_etl_dag.py took 0.105 seconds
[2026-01-12T22:53:46.436+0000] {processor.py:161} INFO - Started process (PID=863) to work on /opt/airflow/dags/novareatil_etl_dag.py
[2026-01-12T22:53:46.437+0000] {processor.py:830} INFO - Processing file /opt/airflow/dags/novareatil_etl_dag.py for tasks to queue
[2026-01-12T22:53:46.439+0000] {logging_mixin.py:188} INFO - [2026-01-12T22:53:46.438+0000] {dagbag.py:540} INFO - Filling up the DagBag from /opt/airflow/dags/novareatil_etl_dag.py
[2026-01-12T22:53:46.464+0000] {processor.py:840} INFO - DAG(s) 'novaretail_etl_pipeline' retrieved from /opt/airflow/dags/novareatil_etl_dag.py
[2026-01-12T22:53:46.525+0000] {logging_mixin.py:188} INFO - [2026-01-12T22:53:46.524+0000] {dag.py:3096} INFO - Sync 1 DAGs
[2026-01-12T22:53:46.538+0000] {logging_mixin.py:188} INFO - [2026-01-12T22:53:46.538+0000] {dag.py:3954} INFO - Setting next_dagrun for novaretail_etl_pipeline to None, run_after=None
[2026-01-12T22:53:46.559+0000] {processor.py:183} INFO - Processing /opt/airflow/dags/novareatil_etl_dag.py took 0.130 seconds
[2026-01-12T22:54:18.921+0000] {processor.py:161} INFO - Started process (PID=868) to work on /opt/airflow/dags/novareatil_etl_dag.py
[2026-01-12T22:54:18.922+0000] {processor.py:830} INFO - Processing file /opt/airflow/dags/novareatil_etl_dag.py for tasks to queue
[2026-01-12T22:54:18.923+0000] {logging_mixin.py:188} INFO - [2026-01-12T22:54:18.923+0000] {dagbag.py:540} INFO - Filling up the DagBag from /opt/airflow/dags/novareatil_etl_dag.py
[2026-01-12T22:54:18.947+0000] {processor.py:840} INFO - DAG(s) 'novaretail_etl_pipeline' retrieved from /opt/airflow/dags/novareatil_etl_dag.py
[2026-01-12T22:54:18.984+0000] {logging_mixin.py:188} INFO - [2026-01-12T22:54:18.984+0000] {dag.py:3096} INFO - Sync 1 DAGs
[2026-01-12T22:54:19.008+0000] {logging_mixin.py:188} INFO - [2026-01-12T22:54:19.008+0000] {dag.py:3954} INFO - Setting next_dagrun for novaretail_etl_pipeline to None, run_after=None
[2026-01-12T22:54:19.027+0000] {processor.py:183} INFO - Processing /opt/airflow/dags/novareatil_etl_dag.py took 0.112 seconds
[2026-01-12T22:54:52.406+0000] {processor.py:161} INFO - Started process (PID=873) to work on /opt/airflow/dags/novareatil_etl_dag.py
[2026-01-12T22:54:52.409+0000] {processor.py:830} INFO - Processing file /opt/airflow/dags/novareatil_etl_dag.py for tasks to queue
[2026-01-12T22:54:52.411+0000] {logging_mixin.py:188} INFO - [2026-01-12T22:54:52.411+0000] {dagbag.py:540} INFO - Filling up the DagBag from /opt/airflow/dags/novareatil_etl_dag.py
[2026-01-12T22:54:52.463+0000] {processor.py:840} INFO - DAG(s) 'novaretail_etl_pipeline' retrieved from /opt/airflow/dags/novareatil_etl_dag.py
[2026-01-12T22:54:52.524+0000] {logging_mixin.py:188} INFO - [2026-01-12T22:54:52.524+0000] {dag.py:3096} INFO - Sync 1 DAGs
[2026-01-12T22:54:52.546+0000] {logging_mixin.py:188} INFO - [2026-01-12T22:54:52.546+0000] {dag.py:3954} INFO - Setting next_dagrun for novaretail_etl_pipeline to None, run_after=None
[2026-01-12T22:54:52.576+0000] {processor.py:183} INFO - Processing /opt/airflow/dags/novareatil_etl_dag.py took 0.187 seconds
[2026-01-12T22:55:25.861+0000] {processor.py:161} INFO - Started process (PID=878) to work on /opt/airflow/dags/novareatil_etl_dag.py
[2026-01-12T22:55:25.863+0000] {processor.py:830} INFO - Processing file /opt/airflow/dags/novareatil_etl_dag.py for tasks to queue
[2026-01-12T22:55:25.866+0000] {logging_mixin.py:188} INFO - [2026-01-12T22:55:25.864+0000] {dagbag.py:540} INFO - Filling up the DagBag from /opt/airflow/dags/novareatil_etl_dag.py
[2026-01-12T22:55:25.911+0000] {processor.py:840} INFO - DAG(s) 'novaretail_etl_pipeline' retrieved from /opt/airflow/dags/novareatil_etl_dag.py
[2026-01-12T22:55:25.986+0000] {logging_mixin.py:188} INFO - [2026-01-12T22:55:25.986+0000] {dag.py:3096} INFO - Sync 1 DAGs
[2026-01-12T22:55:26.003+0000] {logging_mixin.py:188} INFO - [2026-01-12T22:55:26.002+0000] {dag.py:3954} INFO - Setting next_dagrun for novaretail_etl_pipeline to None, run_after=None
[2026-01-12T22:55:26.023+0000] {processor.py:183} INFO - Processing /opt/airflow/dags/novareatil_etl_dag.py took 0.172 seconds
[2026-01-12T22:55:56.347+0000] {processor.py:161} INFO - Started process (PID=883) to work on /opt/airflow/dags/novareatil_etl_dag.py
[2026-01-12T22:55:56.348+0000] {processor.py:830} INFO - Processing file /opt/airflow/dags/novareatil_etl_dag.py for tasks to queue
[2026-01-12T22:55:56.350+0000] {logging_mixin.py:188} INFO - [2026-01-12T22:55:56.349+0000] {dagbag.py:540} INFO - Filling up the DagBag from /opt/airflow/dags/novareatil_etl_dag.py
[2026-01-12T22:55:56.377+0000] {processor.py:840} INFO - DAG(s) 'novaretail_etl_pipeline' retrieved from /opt/airflow/dags/novareatil_etl_dag.py
[2026-01-12T22:55:58.467+0000] {logging_mixin.py:188} INFO - [2026-01-12T22:55:58.467+0000] {dag.py:3096} INFO - Sync 1 DAGs
[2026-01-12T22:55:58.480+0000] {logging_mixin.py:188} INFO - [2026-01-12T22:55:58.480+0000] {dag.py:3954} INFO - Setting next_dagrun for novaretail_etl_pipeline to None, run_after=None
[2026-01-12T22:55:58.500+0000] {processor.py:183} INFO - Processing /opt/airflow/dags/novareatil_etl_dag.py took 0.105 seconds
[2026-01-12T22:56:31.724+0000] {processor.py:161} INFO - Started process (PID=888) to work on /opt/airflow/dags/novareatil_etl_dag.py
[2026-01-12T22:56:31.726+0000] {processor.py:830} INFO - Processing file /opt/airflow/dags/novareatil_etl_dag.py for tasks to queue
[2026-01-12T22:56:31.727+0000] {logging_mixin.py:188} INFO - [2026-01-12T22:56:31.727+0000] {dagbag.py:540} INFO - Filling up the DagBag from /opt/airflow/dags/novareatil_etl_dag.py
[2026-01-12T22:56:31.753+0000] {processor.py:840} INFO - DAG(s) 'novaretail_etl_pipeline' retrieved from /opt/airflow/dags/novareatil_etl_dag.py
[2026-01-12T22:56:31.793+0000] {logging_mixin.py:188} INFO - [2026-01-12T22:56:31.792+0000] {dag.py:3096} INFO - Sync 1 DAGs
[2026-01-12T22:56:31.813+0000] {logging_mixin.py:188} INFO - [2026-01-12T22:56:31.813+0000] {dag.py:3954} INFO - Setting next_dagrun for novaretail_etl_pipeline to None, run_after=None
[2026-01-12T22:56:31.840+0000] {processor.py:183} INFO - Processing /opt/airflow/dags/novareatil_etl_dag.py took 0.125 seconds
[2026-01-12T22:57:05.305+0000] {processor.py:161} INFO - Started process (PID=893) to work on /opt/airflow/dags/novareatil_etl_dag.py
[2026-01-12T22:57:05.307+0000] {processor.py:830} INFO - Processing file /opt/airflow/dags/novareatil_etl_dag.py for tasks to queue
[2026-01-12T22:57:05.308+0000] {logging_mixin.py:188} INFO - [2026-01-12T22:57:05.307+0000] {dagbag.py:540} INFO - Filling up the DagBag from /opt/airflow/dags/novareatil_etl_dag.py
[2026-01-12T22:57:05.332+0000] {processor.py:840} INFO - DAG(s) 'novaretail_etl_pipeline' retrieved from /opt/airflow/dags/novareatil_etl_dag.py
[2026-01-12T22:57:05.368+0000] {logging_mixin.py:188} INFO - [2026-01-12T22:57:05.367+0000] {dag.py:3096} INFO - Sync 1 DAGs
[2026-01-12T22:57:05.384+0000] {logging_mixin.py:188} INFO - [2026-01-12T22:57:05.383+0000] {dag.py:3954} INFO - Setting next_dagrun for novaretail_etl_pipeline to None, run_after=None
[2026-01-12T22:57:05.405+0000] {processor.py:183} INFO - Processing /opt/airflow/dags/novareatil_etl_dag.py took 0.106 seconds
[2026-01-12T22:57:38.726+0000] {processor.py:161} INFO - Started process (PID=898) to work on /opt/airflow/dags/novareatil_etl_dag.py
[2026-01-12T22:57:38.728+0000] {processor.py:830} INFO - Processing file /opt/airflow/dags/novareatil_etl_dag.py for tasks to queue
[2026-01-12T22:57:38.731+0000] {logging_mixin.py:188} INFO - [2026-01-12T22:57:38.730+0000] {dagbag.py:540} INFO - Filling up the DagBag from /opt/airflow/dags/novareatil_etl_dag.py
[2026-01-12T22:57:38.780+0000] {processor.py:840} INFO - DAG(s) 'novaretail_etl_pipeline' retrieved from /opt/airflow/dags/novareatil_etl_dag.py
[2026-01-12T22:57:38.854+0000] {logging_mixin.py:188} INFO - [2026-01-12T22:57:38.854+0000] {dag.py:3096} INFO - Sync 1 DAGs
[2026-01-12T22:57:38.887+0000] {logging_mixin.py:188} INFO - [2026-01-12T22:57:38.886+0000] {dag.py:3954} INFO - Setting next_dagrun for novaretail_etl_pipeline to None, run_after=None
[2026-01-12T22:57:38.940+0000] {processor.py:183} INFO - Processing /opt/airflow/dags/novareatil_etl_dag.py took 0.231 seconds
[2026-01-12T22:58:11.280+0000] {processor.py:161} INFO - Started process (PID=903) to work on /opt/airflow/dags/novareatil_etl_dag.py
[2026-01-12T22:58:11.282+0000] {processor.py:830} INFO - Processing file /opt/airflow/dags/novareatil_etl_dag.py for tasks to queue
[2026-01-12T22:58:11.284+0000] {logging_mixin.py:188} INFO - [2026-01-12T22:58:11.283+0000] {dagbag.py:540} INFO - Filling up the DagBag from /opt/airflow/dags/novareatil_etl_dag.py
[2026-01-12T22:58:11.312+0000] {processor.py:840} INFO - DAG(s) 'novaretail_etl_pipeline' retrieved from /opt/airflow/dags/novareatil_etl_dag.py
[2026-01-12T22:58:11.345+0000] {logging_mixin.py:188} INFO - [2026-01-12T22:58:11.344+0000] {dag.py:3096} INFO - Sync 1 DAGs
[2026-01-12T22:58:11.358+0000] {logging_mixin.py:188} INFO - [2026-01-12T22:58:11.358+0000] {dag.py:3954} INFO - Setting next_dagrun for novaretail_etl_pipeline to None, run_after=None
[2026-01-12T22:58:11.376+0000] {processor.py:183} INFO - Processing /opt/airflow/dags/novareatil_etl_dag.py took 0.104 seconds
[2026-01-12T22:58:44.637+0000] {processor.py:161} INFO - Started process (PID=908) to work on /opt/airflow/dags/novareatil_etl_dag.py
[2026-01-12T22:58:44.639+0000] {processor.py:830} INFO - Processing file /opt/airflow/dags/novareatil_etl_dag.py for tasks to queue
[2026-01-12T22:58:44.640+0000] {logging_mixin.py:188} INFO - [2026-01-12T22:58:44.640+0000] {dagbag.py:540} INFO - Filling up the DagBag from /opt/airflow/dags/novareatil_etl_dag.py
[2026-01-12T22:58:44.666+0000] {processor.py:840} INFO - DAG(s) 'novaretail_etl_pipeline' retrieved from /opt/airflow/dags/novareatil_etl_dag.py
[2026-01-12T22:58:44.704+0000] {logging_mixin.py:188} INFO - [2026-01-12T22:58:44.704+0000] {dag.py:3096} INFO - Sync 1 DAGs
[2026-01-12T22:58:44.718+0000] {logging_mixin.py:188} INFO - [2026-01-12T22:58:44.718+0000] {dag.py:3954} INFO - Setting next_dagrun for novaretail_etl_pipeline to None, run_after=None
[2026-01-12T22:58:44.742+0000] {processor.py:183} INFO - Processing /opt/airflow/dags/novareatil_etl_dag.py took 0.112 seconds
[2026-01-12T22:59:18.126+0000] {processor.py:161} INFO - Started process (PID=913) to work on /opt/airflow/dags/novareatil_etl_dag.py
[2026-01-12T22:59:18.127+0000] {processor.py:830} INFO - Processing file /opt/airflow/dags/novareatil_etl_dag.py for tasks to queue
[2026-01-12T22:59:18.128+0000] {logging_mixin.py:188} INFO - [2026-01-12T22:59:18.127+0000] {dagbag.py:540} INFO - Filling up the DagBag from /opt/airflow/dags/novareatil_etl_dag.py
[2026-01-12T22:59:18.151+0000] {processor.py:840} INFO - DAG(s) 'novaretail_etl_pipeline' retrieved from /opt/airflow/dags/novareatil_etl_dag.py
[2026-01-12T22:59:18.184+0000] {logging_mixin.py:188} INFO - [2026-01-12T22:59:18.184+0000] {dag.py:3096} INFO - Sync 1 DAGs
[2026-01-12T22:59:18.201+0000] {logging_mixin.py:188} INFO - [2026-01-12T22:59:18.201+0000] {dag.py:3954} INFO - Setting next_dagrun for novaretail_etl_pipeline to None, run_after=None
[2026-01-12T22:59:18.222+0000] {processor.py:183} INFO - Processing /opt/airflow/dags/novareatil_etl_dag.py took 0.102 seconds
[2026-01-12T22:59:48.707+0000] {processor.py:161} INFO - Started process (PID=918) to work on /opt/airflow/dags/novareatil_etl_dag.py
[2026-01-12T22:59:48.709+0000] {processor.py:830} INFO - Processing file /opt/airflow/dags/novareatil_etl_dag.py for tasks to queue
[2026-01-12T22:59:48.711+0000] {logging_mixin.py:188} INFO - [2026-01-12T22:59:48.710+0000] {dagbag.py:540} INFO - Filling up the DagBag from /opt/airflow/dags/novareatil_etl_dag.py
[2026-01-12T22:59:48.744+0000] {processor.py:840} INFO - DAG(s) 'novaretail_etl_pipeline' retrieved from /opt/airflow/dags/novareatil_etl_dag.py
[2026-01-12T22:59:48.788+0000] {logging_mixin.py:188} INFO - [2026-01-12T22:59:48.787+0000] {dag.py:3096} INFO - Sync 1 DAGs
[2026-01-12T22:59:50.865+0000] {logging_mixin.py:188} INFO - [2026-01-12T22:59:50.864+0000] {dag.py:3954} INFO - Setting next_dagrun for novaretail_etl_pipeline to None, run_after=None
[2026-01-12T22:59:50.896+0000] {processor.py:183} INFO - Processing /opt/airflow/dags/novareatil_etl_dag.py took 0.141 seconds
[2026-01-12T23:00:24.256+0000] {processor.py:161} INFO - Started process (PID=923) to work on /opt/airflow/dags/novareatil_etl_dag.py
[2026-01-12T23:00:24.258+0000] {processor.py:830} INFO - Processing file /opt/airflow/dags/novareatil_etl_dag.py for tasks to queue
[2026-01-12T23:00:24.259+0000] {logging_mixin.py:188} INFO - [2026-01-12T23:00:24.259+0000] {dagbag.py:540} INFO - Filling up the DagBag from /opt/airflow/dags/novareatil_etl_dag.py
[2026-01-12T23:00:24.288+0000] {processor.py:840} INFO - DAG(s) 'novaretail_etl_pipeline' retrieved from /opt/airflow/dags/novareatil_etl_dag.py
[2026-01-12T23:00:24.338+0000] {logging_mixin.py:188} INFO - [2026-01-12T23:00:24.338+0000] {dag.py:3096} INFO - Sync 1 DAGs
[2026-01-12T23:00:24.357+0000] {logging_mixin.py:188} INFO - [2026-01-12T23:00:24.357+0000] {dag.py:3954} INFO - Setting next_dagrun for novaretail_etl_pipeline to None, run_after=None
[2026-01-12T23:00:24.380+0000] {processor.py:183} INFO - Processing /opt/airflow/dags/novareatil_etl_dag.py took 0.130 seconds
[2026-01-12T23:00:57.603+0000] {processor.py:161} INFO - Started process (PID=928) to work on /opt/airflow/dags/novareatil_etl_dag.py
[2026-01-12T23:00:57.605+0000] {processor.py:830} INFO - Processing file /opt/airflow/dags/novareatil_etl_dag.py for tasks to queue
[2026-01-12T23:00:57.606+0000] {logging_mixin.py:188} INFO - [2026-01-12T23:00:57.605+0000] {dagbag.py:540} INFO - Filling up the DagBag from /opt/airflow/dags/novareatil_etl_dag.py
[2026-01-12T23:00:57.631+0000] {processor.py:840} INFO - DAG(s) 'novaretail_etl_pipeline' retrieved from /opt/airflow/dags/novareatil_etl_dag.py
[2026-01-12T23:00:57.662+0000] {logging_mixin.py:188} INFO - [2026-01-12T23:00:57.661+0000] {dag.py:3096} INFO - Sync 1 DAGs
[2026-01-12T23:00:57.675+0000] {logging_mixin.py:188} INFO - [2026-01-12T23:00:57.675+0000] {dag.py:3954} INFO - Setting next_dagrun for novaretail_etl_pipeline to None, run_after=None
[2026-01-12T23:00:57.696+0000] {processor.py:183} INFO - Processing /opt/airflow/dags/novareatil_etl_dag.py took 0.098 seconds
[2026-01-12T23:01:31.039+0000] {processor.py:161} INFO - Started process (PID=933) to work on /opt/airflow/dags/novareatil_etl_dag.py
[2026-01-12T23:01:31.040+0000] {processor.py:830} INFO - Processing file /opt/airflow/dags/novareatil_etl_dag.py for tasks to queue
[2026-01-12T23:01:31.042+0000] {logging_mixin.py:188} INFO - [2026-01-12T23:01:31.041+0000] {dagbag.py:540} INFO - Filling up the DagBag from /opt/airflow/dags/novareatil_etl_dag.py
[2026-01-12T23:01:31.071+0000] {processor.py:840} INFO - DAG(s) 'novaretail_etl_pipeline' retrieved from /opt/airflow/dags/novareatil_etl_dag.py
[2026-01-12T23:01:31.156+0000] {logging_mixin.py:188} INFO - [2026-01-12T23:01:31.156+0000] {dag.py:3096} INFO - Sync 1 DAGs
[2026-01-12T23:01:31.185+0000] {logging_mixin.py:188} INFO - [2026-01-12T23:01:31.185+0000] {dag.py:3954} INFO - Setting next_dagrun for novaretail_etl_pipeline to None, run_after=None
[2026-01-12T23:01:31.207+0000] {processor.py:183} INFO - Processing /opt/airflow/dags/novareatil_etl_dag.py took 0.176 seconds
[2026-01-12T23:02:03.593+0000] {processor.py:161} INFO - Started process (PID=938) to work on /opt/airflow/dags/novareatil_etl_dag.py
[2026-01-12T23:02:03.597+0000] {processor.py:830} INFO - Processing file /opt/airflow/dags/novareatil_etl_dag.py for tasks to queue
[2026-01-12T23:02:03.598+0000] {logging_mixin.py:188} INFO - [2026-01-12T23:02:03.598+0000] {dagbag.py:540} INFO - Filling up the DagBag from /opt/airflow/dags/novareatil_etl_dag.py
[2026-01-12T23:02:03.625+0000] {processor.py:840} INFO - DAG(s) 'novaretail_etl_pipeline' retrieved from /opt/airflow/dags/novareatil_etl_dag.py
[2026-01-12T23:02:03.670+0000] {logging_mixin.py:188} INFO - [2026-01-12T23:02:03.670+0000] {dag.py:3096} INFO - Sync 1 DAGs
[2026-01-12T23:02:03.688+0000] {logging_mixin.py:188} INFO - [2026-01-12T23:02:03.688+0000] {dag.py:3954} INFO - Setting next_dagrun for novaretail_etl_pipeline to None, run_after=None
[2026-01-12T23:02:03.718+0000] {processor.py:183} INFO - Processing /opt/airflow/dags/novareatil_etl_dag.py took 0.131 seconds
[2026-01-12T23:02:37.034+0000] {processor.py:161} INFO - Started process (PID=943) to work on /opt/airflow/dags/novareatil_etl_dag.py
[2026-01-12T23:02:37.038+0000] {processor.py:830} INFO - Processing file /opt/airflow/dags/novareatil_etl_dag.py for tasks to queue
[2026-01-12T23:02:37.042+0000] {logging_mixin.py:188} INFO - [2026-01-12T23:02:37.040+0000] {dagbag.py:540} INFO - Filling up the DagBag from /opt/airflow/dags/novareatil_etl_dag.py
[2026-01-12T23:02:37.078+0000] {processor.py:840} INFO - DAG(s) 'novaretail_etl_pipeline' retrieved from /opt/airflow/dags/novareatil_etl_dag.py
[2026-01-12T23:02:37.108+0000] {logging_mixin.py:188} INFO - [2026-01-12T23:02:37.108+0000] {dag.py:3096} INFO - Sync 1 DAGs
[2026-01-12T23:02:37.122+0000] {logging_mixin.py:188} INFO - [2026-01-12T23:02:37.122+0000] {dag.py:3954} INFO - Setting next_dagrun for novaretail_etl_pipeline to None, run_after=None
[2026-01-12T23:02:37.144+0000] {processor.py:183} INFO - Processing /opt/airflow/dags/novareatil_etl_dag.py took 0.119 seconds
[2026-01-12T23:03:10.420+0000] {processor.py:161} INFO - Started process (PID=948) to work on /opt/airflow/dags/novareatil_etl_dag.py
[2026-01-12T23:03:10.422+0000] {processor.py:830} INFO - Processing file /opt/airflow/dags/novareatil_etl_dag.py for tasks to queue
[2026-01-12T23:03:10.424+0000] {logging_mixin.py:188} INFO - [2026-01-12T23:03:10.423+0000] {dagbag.py:540} INFO - Filling up the DagBag from /opt/airflow/dags/novareatil_etl_dag.py
[2026-01-12T23:03:10.488+0000] {processor.py:840} INFO - DAG(s) 'novaretail_etl_pipeline' retrieved from /opt/airflow/dags/novareatil_etl_dag.py
[2026-01-12T23:03:10.553+0000] {logging_mixin.py:188} INFO - [2026-01-12T23:03:10.553+0000] {dag.py:3096} INFO - Sync 1 DAGs
[2026-01-12T23:03:10.573+0000] {logging_mixin.py:188} INFO - [2026-01-12T23:03:10.573+0000] {dag.py:3954} INFO - Setting next_dagrun for novaretail_etl_pipeline to None, run_after=None
[2026-01-12T23:03:10.611+0000] {processor.py:183} INFO - Processing /opt/airflow/dags/novareatil_etl_dag.py took 0.200 seconds
[2026-01-12T23:03:41.001+0000] {processor.py:161} INFO - Started process (PID=953) to work on /opt/airflow/dags/novareatil_etl_dag.py
[2026-01-12T23:03:41.002+0000] {processor.py:830} INFO - Processing file /opt/airflow/dags/novareatil_etl_dag.py for tasks to queue
[2026-01-12T23:03:41.003+0000] {logging_mixin.py:188} INFO - [2026-01-12T23:03:41.003+0000] {dagbag.py:540} INFO - Filling up the DagBag from /opt/airflow/dags/novareatil_etl_dag.py
[2026-01-12T23:03:41.026+0000] {processor.py:840} INFO - DAG(s) 'novaretail_etl_pipeline' retrieved from /opt/airflow/dags/novareatil_etl_dag.py
[2026-01-12T23:03:41.057+0000] {logging_mixin.py:188} INFO - [2026-01-12T23:03:41.057+0000] {dag.py:3096} INFO - Sync 1 DAGs
[2026-01-12T23:03:41.070+0000] {logging_mixin.py:188} INFO - [2026-01-12T23:03:41.070+0000] {dag.py:3954} INFO - Setting next_dagrun for novaretail_etl_pipeline to None, run_after=None
[2026-01-12T23:03:41.090+0000] {processor.py:183} INFO - Processing /opt/airflow/dags/novareatil_etl_dag.py took 0.095 seconds
[2026-01-12T23:04:11.264+0000] {processor.py:161} INFO - Started process (PID=958) to work on /opt/airflow/dags/novareatil_etl_dag.py
[2026-01-12T23:04:11.265+0000] {processor.py:830} INFO - Processing file /opt/airflow/dags/novareatil_etl_dag.py for tasks to queue
[2026-01-12T23:04:11.267+0000] {logging_mixin.py:188} INFO - [2026-01-12T23:04:11.266+0000] {dagbag.py:540} INFO - Filling up the DagBag from /opt/airflow/dags/novareatil_etl_dag.py
[2026-01-12T23:04:11.293+0000] {processor.py:840} INFO - DAG(s) 'novaretail_etl_pipeline' retrieved from /opt/airflow/dags/novareatil_etl_dag.py
[2026-01-12T23:04:11.333+0000] {logging_mixin.py:188} INFO - [2026-01-12T23:04:11.333+0000] {dag.py:3096} INFO - Sync 1 DAGs
[2026-01-12T23:04:11.350+0000] {logging_mixin.py:188} INFO - [2026-01-12T23:04:11.349+0000] {dag.py:3954} INFO - Setting next_dagrun for novaretail_etl_pipeline to None, run_after=None
[2026-01-12T23:04:11.373+0000] {processor.py:183} INFO - Processing /opt/airflow/dags/novareatil_etl_dag.py took 0.115 seconds
[2026-01-12T23:04:41.661+0000] {processor.py:161} INFO - Started process (PID=963) to work on /opt/airflow/dags/novareatil_etl_dag.py
[2026-01-12T23:04:41.663+0000] {processor.py:830} INFO - Processing file /opt/airflow/dags/novareatil_etl_dag.py for tasks to queue
[2026-01-12T23:04:41.665+0000] {logging_mixin.py:188} INFO - [2026-01-12T23:04:41.665+0000] {dagbag.py:540} INFO - Filling up the DagBag from /opt/airflow/dags/novareatil_etl_dag.py
[2026-01-12T23:04:41.703+0000] {processor.py:840} INFO - DAG(s) 'novaretail_etl_pipeline' retrieved from /opt/airflow/dags/novareatil_etl_dag.py
[2026-01-12T23:04:41.753+0000] {logging_mixin.py:188} INFO - [2026-01-12T23:04:41.753+0000] {dag.py:3096} INFO - Sync 1 DAGs
[2026-01-12T23:04:41.773+0000] {logging_mixin.py:188} INFO - [2026-01-12T23:04:41.773+0000] {dag.py:3954} INFO - Setting next_dagrun for novaretail_etl_pipeline to None, run_after=None
[2026-01-12T23:04:41.805+0000] {processor.py:183} INFO - Processing /opt/airflow/dags/novareatil_etl_dag.py took 0.152 seconds
[2026-01-12T23:05:12.235+0000] {processor.py:161} INFO - Started process (PID=968) to work on /opt/airflow/dags/novareatil_etl_dag.py
[2026-01-12T23:05:12.237+0000] {processor.py:830} INFO - Processing file /opt/airflow/dags/novareatil_etl_dag.py for tasks to queue
[2026-01-12T23:05:12.238+0000] {logging_mixin.py:188} INFO - [2026-01-12T23:05:12.237+0000] {dagbag.py:540} INFO - Filling up the DagBag from /opt/airflow/dags/novareatil_etl_dag.py
[2026-01-12T23:05:12.272+0000] {processor.py:840} INFO - DAG(s) 'novaretail_etl_pipeline' retrieved from /opt/airflow/dags/novareatil_etl_dag.py
[2026-01-12T23:05:12.317+0000] {logging_mixin.py:188} INFO - [2026-01-12T23:05:12.316+0000] {dag.py:3096} INFO - Sync 1 DAGs
[2026-01-12T23:05:12.347+0000] {logging_mixin.py:188} INFO - [2026-01-12T23:05:12.346+0000] {dag.py:3954} INFO - Setting next_dagrun for novaretail_etl_pipeline to None, run_after=None
[2026-01-12T23:05:12.374+0000] {processor.py:183} INFO - Processing /opt/airflow/dags/novareatil_etl_dag.py took 0.147 seconds
[2026-01-12T23:05:42.673+0000] {processor.py:161} INFO - Started process (PID=973) to work on /opt/airflow/dags/novareatil_etl_dag.py
[2026-01-12T23:05:42.674+0000] {processor.py:830} INFO - Processing file /opt/airflow/dags/novareatil_etl_dag.py for tasks to queue
[2026-01-12T23:05:42.677+0000] {logging_mixin.py:188} INFO - [2026-01-12T23:05:42.675+0000] {dagbag.py:540} INFO - Filling up the DagBag from /opt/airflow/dags/novareatil_etl_dag.py
[2026-01-12T23:05:42.711+0000] {processor.py:840} INFO - DAG(s) 'novaretail_etl_pipeline' retrieved from /opt/airflow/dags/novareatil_etl_dag.py
[2026-01-12T23:05:42.762+0000] {logging_mixin.py:188} INFO - [2026-01-12T23:05:42.762+0000] {dag.py:3096} INFO - Sync 1 DAGs
[2026-01-12T23:05:42.787+0000] {logging_mixin.py:188} INFO - [2026-01-12T23:05:42.787+0000] {dag.py:3954} INFO - Setting next_dagrun for novaretail_etl_pipeline to None, run_after=None
[2026-01-12T23:05:42.831+0000] {processor.py:183} INFO - Processing /opt/airflow/dags/novareatil_etl_dag.py took 0.165 seconds
[2026-01-12T23:06:13.184+0000] {processor.py:161} INFO - Started process (PID=978) to work on /opt/airflow/dags/novareatil_etl_dag.py
[2026-01-12T23:06:13.186+0000] {processor.py:830} INFO - Processing file /opt/airflow/dags/novareatil_etl_dag.py for tasks to queue
[2026-01-12T23:06:13.187+0000] {logging_mixin.py:188} INFO - [2026-01-12T23:06:13.186+0000] {dagbag.py:540} INFO - Filling up the DagBag from /opt/airflow/dags/novareatil_etl_dag.py
[2026-01-12T23:06:13.221+0000] {processor.py:840} INFO - DAG(s) 'novaretail_etl_pipeline' retrieved from /opt/airflow/dags/novareatil_etl_dag.py
[2026-01-12T23:06:13.269+0000] {logging_mixin.py:188} INFO - [2026-01-12T23:06:13.269+0000] {dag.py:3096} INFO - Sync 1 DAGs
[2026-01-12T23:06:13.292+0000] {logging_mixin.py:188} INFO - [2026-01-12T23:06:13.292+0000] {dag.py:3954} INFO - Setting next_dagrun for novaretail_etl_pipeline to None, run_after=None
[2026-01-12T23:06:13.313+0000] {processor.py:183} INFO - Processing /opt/airflow/dags/novareatil_etl_dag.py took 0.136 seconds
[2026-01-12T23:06:43.989+0000] {processor.py:161} INFO - Started process (PID=983) to work on /opt/airflow/dags/novareatil_etl_dag.py
[2026-01-12T23:06:43.991+0000] {processor.py:830} INFO - Processing file /opt/airflow/dags/novareatil_etl_dag.py for tasks to queue
[2026-01-12T23:06:43.993+0000] {logging_mixin.py:188} INFO - [2026-01-12T23:06:43.992+0000] {dagbag.py:540} INFO - Filling up the DagBag from /opt/airflow/dags/novareatil_etl_dag.py
[2026-01-12T23:06:44.034+0000] {processor.py:840} INFO - DAG(s) 'novaretail_etl_pipeline' retrieved from /opt/airflow/dags/novareatil_etl_dag.py
[2026-01-12T23:06:44.089+0000] {logging_mixin.py:188} INFO - [2026-01-12T23:06:44.089+0000] {dag.py:3096} INFO - Sync 1 DAGs
[2026-01-12T23:06:44.114+0000] {logging_mixin.py:188} INFO - [2026-01-12T23:06:44.113+0000] {dag.py:3954} INFO - Setting next_dagrun for novaretail_etl_pipeline to None, run_after=None
[2026-01-12T23:06:44.144+0000] {processor.py:183} INFO - Processing /opt/airflow/dags/novareatil_etl_dag.py took 0.165 seconds
[2026-01-12T23:07:14.326+0000] {processor.py:161} INFO - Started process (PID=988) to work on /opt/airflow/dags/novareatil_etl_dag.py
[2026-01-12T23:07:14.327+0000] {processor.py:830} INFO - Processing file /opt/airflow/dags/novareatil_etl_dag.py for tasks to queue
[2026-01-12T23:07:14.328+0000] {logging_mixin.py:188} INFO - [2026-01-12T23:07:14.328+0000] {dagbag.py:540} INFO - Filling up the DagBag from /opt/airflow/dags/novareatil_etl_dag.py
[2026-01-12T23:07:14.362+0000] {processor.py:840} INFO - DAG(s) 'novaretail_etl_pipeline' retrieved from /opt/airflow/dags/novareatil_etl_dag.py
[2026-01-12T23:07:14.410+0000] {logging_mixin.py:188} INFO - [2026-01-12T23:07:14.410+0000] {dag.py:3096} INFO - Sync 1 DAGs
[2026-01-12T23:07:14.431+0000] {logging_mixin.py:188} INFO - [2026-01-12T23:07:14.430+0000] {dag.py:3954} INFO - Setting next_dagrun for novaretail_etl_pipeline to None, run_after=None
[2026-01-12T23:07:14.454+0000] {processor.py:183} INFO - Processing /opt/airflow/dags/novareatil_etl_dag.py took 0.135 seconds
[2026-01-12T23:07:45.002+0000] {processor.py:161} INFO - Started process (PID=993) to work on /opt/airflow/dags/novareatil_etl_dag.py
[2026-01-12T23:07:45.003+0000] {processor.py:830} INFO - Processing file /opt/airflow/dags/novareatil_etl_dag.py for tasks to queue
[2026-01-12T23:07:45.004+0000] {logging_mixin.py:188} INFO - [2026-01-12T23:07:45.004+0000] {dagbag.py:540} INFO - Filling up the DagBag from /opt/airflow/dags/novareatil_etl_dag.py
[2026-01-12T23:07:45.032+0000] {processor.py:840} INFO - DAG(s) 'novaretail_etl_pipeline' retrieved from /opt/airflow/dags/novareatil_etl_dag.py
[2026-01-12T23:07:45.065+0000] {logging_mixin.py:188} INFO - [2026-01-12T23:07:45.065+0000] {dag.py:3096} INFO - Sync 1 DAGs
[2026-01-12T23:07:45.080+0000] {logging_mixin.py:188} INFO - [2026-01-12T23:07:45.080+0000] {dag.py:3954} INFO - Setting next_dagrun for novaretail_etl_pipeline to None, run_after=None
[2026-01-12T23:07:45.114+0000] {processor.py:183} INFO - Processing /opt/airflow/dags/novareatil_etl_dag.py took 0.119 seconds
[2026-01-12T23:08:15.456+0000] {processor.py:161} INFO - Started process (PID=998) to work on /opt/airflow/dags/novareatil_etl_dag.py
[2026-01-12T23:08:15.457+0000] {processor.py:830} INFO - Processing file /opt/airflow/dags/novareatil_etl_dag.py for tasks to queue
[2026-01-12T23:08:15.458+0000] {logging_mixin.py:188} INFO - [2026-01-12T23:08:15.458+0000] {dagbag.py:540} INFO - Filling up the DagBag from /opt/airflow/dags/novareatil_etl_dag.py
[2026-01-12T23:08:15.492+0000] {processor.py:840} INFO - DAG(s) 'novaretail_etl_pipeline' retrieved from /opt/airflow/dags/novareatil_etl_dag.py
[2026-01-12T23:08:15.552+0000] {logging_mixin.py:188} INFO - [2026-01-12T23:08:15.552+0000] {dag.py:3096} INFO - Sync 1 DAGs
[2026-01-12T23:08:15.577+0000] {logging_mixin.py:188} INFO - [2026-01-12T23:08:15.576+0000] {dag.py:3954} INFO - Setting next_dagrun for novaretail_etl_pipeline to None, run_after=None
[2026-01-12T23:08:15.616+0000] {processor.py:183} INFO - Processing /opt/airflow/dags/novareatil_etl_dag.py took 0.169 seconds
[2026-01-12T23:08:45.938+0000] {processor.py:161} INFO - Started process (PID=1003) to work on /opt/airflow/dags/novareatil_etl_dag.py
[2026-01-12T23:08:45.940+0000] {processor.py:830} INFO - Processing file /opt/airflow/dags/novareatil_etl_dag.py for tasks to queue
[2026-01-12T23:08:45.942+0000] {logging_mixin.py:188} INFO - [2026-01-12T23:08:45.941+0000] {dagbag.py:540} INFO - Filling up the DagBag from /opt/airflow/dags/novareatil_etl_dag.py
[2026-01-12T23:08:45.973+0000] {processor.py:840} INFO - DAG(s) 'novaretail_etl_pipeline' retrieved from /opt/airflow/dags/novareatil_etl_dag.py
[2026-01-12T23:08:46.006+0000] {logging_mixin.py:188} INFO - [2026-01-12T23:08:46.005+0000] {dag.py:3096} INFO - Sync 1 DAGs
[2026-01-12T23:08:46.019+0000] {logging_mixin.py:188} INFO - [2026-01-12T23:08:46.019+0000] {dag.py:3954} INFO - Setting next_dagrun for novaretail_etl_pipeline to None, run_after=None
[2026-01-12T23:08:46.040+0000] {processor.py:183} INFO - Processing /opt/airflow/dags/novareatil_etl_dag.py took 0.112 seconds
[2026-01-12T23:09:16.282+0000] {processor.py:161} INFO - Started process (PID=1008) to work on /opt/airflow/dags/novareatil_etl_dag.py
[2026-01-12T23:09:16.284+0000] {processor.py:830} INFO - Processing file /opt/airflow/dags/novareatil_etl_dag.py for tasks to queue
[2026-01-12T23:09:16.286+0000] {logging_mixin.py:188} INFO - [2026-01-12T23:09:16.285+0000] {dagbag.py:540} INFO - Filling up the DagBag from /opt/airflow/dags/novareatil_etl_dag.py
[2026-01-12T23:09:16.324+0000] {processor.py:840} INFO - DAG(s) 'novaretail_etl_pipeline' retrieved from /opt/airflow/dags/novareatil_etl_dag.py
[2026-01-12T23:09:16.381+0000] {logging_mixin.py:188} INFO - [2026-01-12T23:09:16.380+0000] {dag.py:3096} INFO - Sync 1 DAGs
[2026-01-12T23:09:16.404+0000] {logging_mixin.py:188} INFO - [2026-01-12T23:09:16.403+0000] {dag.py:3954} INFO - Setting next_dagrun for novaretail_etl_pipeline to None, run_after=None
[2026-01-12T23:09:16.440+0000] {processor.py:183} INFO - Processing /opt/airflow/dags/novareatil_etl_dag.py took 0.168 seconds
[2026-01-12T23:09:48.818+0000] {processor.py:161} INFO - Started process (PID=1013) to work on /opt/airflow/dags/novareatil_etl_dag.py
[2026-01-12T23:09:48.819+0000] {processor.py:830} INFO - Processing file /opt/airflow/dags/novareatil_etl_dag.py for tasks to queue
[2026-01-12T23:09:48.820+0000] {logging_mixin.py:188} INFO - [2026-01-12T23:09:48.819+0000] {dagbag.py:540} INFO - Filling up the DagBag from /opt/airflow/dags/novareatil_etl_dag.py
[2026-01-12T23:09:48.847+0000] {processor.py:840} INFO - DAG(s) 'novaretail_etl_pipeline' retrieved from /opt/airflow/dags/novareatil_etl_dag.py
[2026-01-12T23:09:48.887+0000] {logging_mixin.py:188} INFO - [2026-01-12T23:09:48.886+0000] {dag.py:3096} INFO - Sync 1 DAGs
[2026-01-12T23:09:48.906+0000] {logging_mixin.py:188} INFO - [2026-01-12T23:09:48.905+0000] {dag.py:3954} INFO - Setting next_dagrun for novaretail_etl_pipeline to None, run_after=None
[2026-01-12T23:09:48.936+0000] {processor.py:183} INFO - Processing /opt/airflow/dags/novareatil_etl_dag.py took 0.124 seconds
[2026-01-12T23:10:22.473+0000] {processor.py:161} INFO - Started process (PID=1018) to work on /opt/airflow/dags/novareatil_etl_dag.py
[2026-01-12T23:10:22.475+0000] {processor.py:830} INFO - Processing file /opt/airflow/dags/novareatil_etl_dag.py for tasks to queue
[2026-01-12T23:10:22.476+0000] {logging_mixin.py:188} INFO - [2026-01-12T23:10:22.476+0000] {dagbag.py:540} INFO - Filling up the DagBag from /opt/airflow/dags/novareatil_etl_dag.py
[2026-01-12T23:10:22.523+0000] {processor.py:840} INFO - DAG(s) 'novaretail_etl_pipeline' retrieved from /opt/airflow/dags/novareatil_etl_dag.py
[2026-01-12T23:10:22.592+0000] {logging_mixin.py:188} INFO - [2026-01-12T23:10:22.592+0000] {dag.py:3096} INFO - Sync 1 DAGs
[2026-01-12T23:10:22.625+0000] {logging_mixin.py:188} INFO - [2026-01-12T23:10:22.624+0000] {dag.py:3954} INFO - Setting next_dagrun for novaretail_etl_pipeline to None, run_after=None
[2026-01-12T23:10:22.665+0000] {processor.py:183} INFO - Processing /opt/airflow/dags/novareatil_etl_dag.py took 0.201 seconds
[2026-01-12T23:10:55.208+0000] {processor.py:161} INFO - Started process (PID=1023) to work on /opt/airflow/dags/novareatil_etl_dag.py
[2026-01-12T23:10:55.213+0000] {processor.py:830} INFO - Processing file /opt/airflow/dags/novareatil_etl_dag.py for tasks to queue
[2026-01-12T23:10:55.235+0000] {logging_mixin.py:188} INFO - [2026-01-12T23:10:55.233+0000] {dagbag.py:540} INFO - Filling up the DagBag from /opt/airflow/dags/novareatil_etl_dag.py
[2026-01-12T23:10:55.370+0000] {processor.py:840} INFO - DAG(s) 'novaretail_etl_pipeline' retrieved from /opt/airflow/dags/novareatil_etl_dag.py
[2026-01-12T23:10:55.417+0000] {logging_mixin.py:188} INFO - [2026-01-12T23:10:55.417+0000] {dag.py:3096} INFO - Sync 1 DAGs
[2026-01-12T23:10:55.453+0000] {logging_mixin.py:188} INFO - [2026-01-12T23:10:55.453+0000] {dag.py:3954} INFO - Setting next_dagrun for novaretail_etl_pipeline to None, run_after=None
[2026-01-12T23:10:55.495+0000] {processor.py:183} INFO - Processing /opt/airflow/dags/novareatil_etl_dag.py took 0.320 seconds
[2026-01-12T23:11:28.463+0000] {processor.py:161} INFO - Started process (PID=1028) to work on /opt/airflow/dags/novareatil_etl_dag.py
[2026-01-12T23:11:28.465+0000] {processor.py:830} INFO - Processing file /opt/airflow/dags/novareatil_etl_dag.py for tasks to queue
[2026-01-12T23:11:28.466+0000] {logging_mixin.py:188} INFO - [2026-01-12T23:11:28.465+0000] {dagbag.py:540} INFO - Filling up the DagBag from /opt/airflow/dags/novareatil_etl_dag.py
[2026-01-12T23:11:28.501+0000] {processor.py:840} INFO - DAG(s) 'novaretail_etl_pipeline' retrieved from /opt/airflow/dags/novareatil_etl_dag.py
[2026-01-12T23:11:28.545+0000] {logging_mixin.py:188} INFO - [2026-01-12T23:11:28.544+0000] {dag.py:3096} INFO - Sync 1 DAGs
[2026-01-12T23:11:28.562+0000] {logging_mixin.py:188} INFO - [2026-01-12T23:11:28.562+0000] {dag.py:3954} INFO - Setting next_dagrun for novaretail_etl_pipeline to None, run_after=None
[2026-01-12T23:11:28.586+0000] {processor.py:183} INFO - Processing /opt/airflow/dags/novareatil_etl_dag.py took 0.138 seconds
[2026-01-12T23:12:01.917+0000] {processor.py:161} INFO - Started process (PID=1033) to work on /opt/airflow/dags/novareatil_etl_dag.py
[2026-01-12T23:12:01.918+0000] {processor.py:830} INFO - Processing file /opt/airflow/dags/novareatil_etl_dag.py for tasks to queue
[2026-01-12T23:12:01.919+0000] {logging_mixin.py:188} INFO - [2026-01-12T23:12:01.919+0000] {dagbag.py:540} INFO - Filling up the DagBag from /opt/airflow/dags/novareatil_etl_dag.py
[2026-01-12T23:12:01.950+0000] {processor.py:840} INFO - DAG(s) 'novaretail_etl_pipeline' retrieved from /opt/airflow/dags/novareatil_etl_dag.py
[2026-01-12T23:12:01.981+0000] {logging_mixin.py:188} INFO - [2026-01-12T23:12:01.981+0000] {dag.py:3096} INFO - Sync 1 DAGs
[2026-01-12T23:12:02.000+0000] {logging_mixin.py:188} INFO - [2026-01-12T23:12:01.999+0000] {dag.py:3954} INFO - Setting next_dagrun for novaretail_etl_pipeline to None, run_after=None
[2026-01-12T23:12:02.022+0000] {processor.py:183} INFO - Processing /opt/airflow/dags/novareatil_etl_dag.py took 0.111 seconds
[2026-01-12T23:12:35.486+0000] {processor.py:161} INFO - Started process (PID=1038) to work on /opt/airflow/dags/novareatil_etl_dag.py
[2026-01-12T23:12:35.492+0000] {processor.py:830} INFO - Processing file /opt/airflow/dags/novareatil_etl_dag.py for tasks to queue
[2026-01-12T23:12:35.496+0000] {logging_mixin.py:188} INFO - [2026-01-12T23:12:35.494+0000] {dagbag.py:540} INFO - Filling up the DagBag from /opt/airflow/dags/novareatil_etl_dag.py
[2026-01-12T23:12:35.531+0000] {processor.py:840} INFO - DAG(s) 'novaretail_etl_pipeline' retrieved from /opt/airflow/dags/novareatil_etl_dag.py
[2026-01-12T23:12:35.586+0000] {logging_mixin.py:188} INFO - [2026-01-12T23:12:35.585+0000] {dag.py:3096} INFO - Sync 1 DAGs
[2026-01-12T23:12:35.610+0000] {logging_mixin.py:188} INFO - [2026-01-12T23:12:35.609+0000] {dag.py:3954} INFO - Setting next_dagrun for novaretail_etl_pipeline to None, run_after=None
[2026-01-12T23:12:35.660+0000] {processor.py:183} INFO - Processing /opt/airflow/dags/novareatil_etl_dag.py took 0.243 seconds
[2026-01-12T23:13:08.091+0000] {processor.py:161} INFO - Started process (PID=1043) to work on /opt/airflow/dags/novareatil_etl_dag.py
[2026-01-12T23:13:08.092+0000] {processor.py:830} INFO - Processing file /opt/airflow/dags/novareatil_etl_dag.py for tasks to queue
[2026-01-12T23:13:08.093+0000] {logging_mixin.py:188} INFO - [2026-01-12T23:13:08.093+0000] {dagbag.py:540} INFO - Filling up the DagBag from /opt/airflow/dags/novareatil_etl_dag.py
[2026-01-12T23:13:08.123+0000] {processor.py:840} INFO - DAG(s) 'novaretail_etl_pipeline' retrieved from /opt/airflow/dags/novareatil_etl_dag.py
[2026-01-12T23:13:08.165+0000] {logging_mixin.py:188} INFO - [2026-01-12T23:13:08.164+0000] {dag.py:3096} INFO - Sync 1 DAGs
[2026-01-12T23:13:08.181+0000] {logging_mixin.py:188} INFO - [2026-01-12T23:13:08.180+0000] {dag.py:3954} INFO - Setting next_dagrun for novaretail_etl_pipeline to None, run_after=None
[2026-01-12T23:13:08.203+0000] {processor.py:183} INFO - Processing /opt/airflow/dags/novareatil_etl_dag.py took 0.120 seconds
[2026-01-12T23:13:41.477+0000] {processor.py:161} INFO - Started process (PID=1048) to work on /opt/airflow/dags/novareatil_etl_dag.py
[2026-01-12T23:13:41.478+0000] {processor.py:830} INFO - Processing file /opt/airflow/dags/novareatil_etl_dag.py for tasks to queue
[2026-01-12T23:13:41.479+0000] {logging_mixin.py:188} INFO - [2026-01-12T23:13:41.479+0000] {dagbag.py:540} INFO - Filling up the DagBag from /opt/airflow/dags/novareatil_etl_dag.py
[2026-01-12T23:13:41.511+0000] {processor.py:840} INFO - DAG(s) 'novaretail_etl_pipeline' retrieved from /opt/airflow/dags/novareatil_etl_dag.py
[2026-01-12T23:13:41.553+0000] {logging_mixin.py:188} INFO - [2026-01-12T23:13:41.553+0000] {dag.py:3096} INFO - Sync 1 DAGs
[2026-01-12T23:13:41.567+0000] {logging_mixin.py:188} INFO - [2026-01-12T23:13:41.567+0000] {dag.py:3954} INFO - Setting next_dagrun for novaretail_etl_pipeline to None, run_after=None
[2026-01-12T23:13:41.593+0000] {processor.py:183} INFO - Processing /opt/airflow/dags/novareatil_etl_dag.py took 0.122 seconds
[2026-01-12T23:14:14.497+0000] {processor.py:161} INFO - Started process (PID=1053) to work on /opt/airflow/dags/novareatil_etl_dag.py
[2026-01-12T23:14:14.501+0000] {processor.py:830} INFO - Processing file /opt/airflow/dags/novareatil_etl_dag.py for tasks to queue
[2026-01-12T23:14:14.505+0000] {logging_mixin.py:188} INFO - [2026-01-12T23:14:14.504+0000] {dagbag.py:540} INFO - Filling up the DagBag from /opt/airflow/dags/novareatil_etl_dag.py
[2026-01-12T23:14:14.592+0000] {processor.py:840} INFO - DAG(s) 'novaretail_etl_pipeline' retrieved from /opt/airflow/dags/novareatil_etl_dag.py
[2026-01-12T23:14:14.715+0000] {logging_mixin.py:188} INFO - [2026-01-12T23:14:14.714+0000] {dag.py:3096} INFO - Sync 1 DAGs
[2026-01-12T23:14:14.771+0000] {logging_mixin.py:188} INFO - [2026-01-12T23:14:14.770+0000] {dag.py:3954} INFO - Setting next_dagrun for novaretail_etl_pipeline to None, run_after=None
[2026-01-12T23:14:14.833+0000] {processor.py:183} INFO - Processing /opt/airflow/dags/novareatil_etl_dag.py took 0.349 seconds
[2026-01-12T23:14:47.928+0000] {processor.py:161} INFO - Started process (PID=1058) to work on /opt/airflow/dags/novareatil_etl_dag.py
[2026-01-12T23:14:47.929+0000] {processor.py:830} INFO - Processing file /opt/airflow/dags/novareatil_etl_dag.py for tasks to queue
[2026-01-12T23:14:47.930+0000] {logging_mixin.py:188} INFO - [2026-01-12T23:14:47.930+0000] {dagbag.py:540} INFO - Filling up the DagBag from /opt/airflow/dags/novareatil_etl_dag.py
[2026-01-12T23:14:47.954+0000] {processor.py:840} INFO - DAG(s) 'novaretail_etl_pipeline' retrieved from /opt/airflow/dags/novareatil_etl_dag.py
[2026-01-12T23:14:47.988+0000] {logging_mixin.py:188} INFO - [2026-01-12T23:14:47.988+0000] {dag.py:3096} INFO - Sync 1 DAGs
[2026-01-12T23:14:48.001+0000] {logging_mixin.py:188} INFO - [2026-01-12T23:14:48.001+0000] {dag.py:3954} INFO - Setting next_dagrun for novaretail_etl_pipeline to None, run_after=None
[2026-01-12T23:14:48.021+0000] {processor.py:183} INFO - Processing /opt/airflow/dags/novareatil_etl_dag.py took 0.099 seconds
[2026-01-12T23:15:21.367+0000] {processor.py:161} INFO - Started process (PID=1063) to work on /opt/airflow/dags/novareatil_etl_dag.py
[2026-01-12T23:15:21.369+0000] {processor.py:830} INFO - Processing file /opt/airflow/dags/novareatil_etl_dag.py for tasks to queue
[2026-01-12T23:15:21.371+0000] {logging_mixin.py:188} INFO - [2026-01-12T23:15:21.370+0000] {dagbag.py:540} INFO - Filling up the DagBag from /opt/airflow/dags/novareatil_etl_dag.py
[2026-01-12T23:15:21.452+0000] {processor.py:840} INFO - DAG(s) 'novaretail_etl_pipeline' retrieved from /opt/airflow/dags/novareatil_etl_dag.py
[2026-01-12T23:15:21.507+0000] {logging_mixin.py:188} INFO - [2026-01-12T23:15:21.506+0000] {dag.py:3096} INFO - Sync 1 DAGs
[2026-01-12T23:15:21.526+0000] {logging_mixin.py:188} INFO - [2026-01-12T23:15:21.526+0000] {dag.py:3954} INFO - Setting next_dagrun for novaretail_etl_pipeline to None, run_after=None
[2026-01-12T23:15:21.552+0000] {processor.py:183} INFO - Processing /opt/airflow/dags/novareatil_etl_dag.py took 0.193 seconds
[2026-01-12T23:15:54.095+0000] {processor.py:161} INFO - Started process (PID=1068) to work on /opt/airflow/dags/novareatil_etl_dag.py
[2026-01-12T23:15:54.097+0000] {processor.py:830} INFO - Processing file /opt/airflow/dags/novareatil_etl_dag.py for tasks to queue
[2026-01-12T23:15:54.099+0000] {logging_mixin.py:188} INFO - [2026-01-12T23:15:54.098+0000] {dagbag.py:540} INFO - Filling up the DagBag from /opt/airflow/dags/novareatil_etl_dag.py
[2026-01-12T23:15:54.139+0000] {processor.py:840} INFO - DAG(s) 'novaretail_etl_pipeline' retrieved from /opt/airflow/dags/novareatil_etl_dag.py
[2026-01-12T23:15:54.193+0000] {logging_mixin.py:188} INFO - [2026-01-12T23:15:54.192+0000] {dag.py:3096} INFO - Sync 1 DAGs
[2026-01-12T23:15:54.211+0000] {logging_mixin.py:188} INFO - [2026-01-12T23:15:54.210+0000] {dag.py:3954} INFO - Setting next_dagrun for novaretail_etl_pipeline to None, run_after=None
[2026-01-12T23:15:54.237+0000] {processor.py:183} INFO - Processing /opt/airflow/dags/novareatil_etl_dag.py took 0.154 seconds
[2026-01-12T23:16:27.590+0000] {processor.py:161} INFO - Started process (PID=1073) to work on /opt/airflow/dags/novareatil_etl_dag.py
[2026-01-12T23:16:27.592+0000] {processor.py:830} INFO - Processing file /opt/airflow/dags/novareatil_etl_dag.py for tasks to queue
[2026-01-12T23:16:27.594+0000] {logging_mixin.py:188} INFO - [2026-01-12T23:16:27.593+0000] {dagbag.py:540} INFO - Filling up the DagBag from /opt/airflow/dags/novareatil_etl_dag.py
[2026-01-12T23:16:27.641+0000] {processor.py:840} INFO - DAG(s) 'novaretail_etl_pipeline' retrieved from /opt/airflow/dags/novareatil_etl_dag.py
[2026-01-12T23:16:27.694+0000] {logging_mixin.py:188} INFO - [2026-01-12T23:16:27.693+0000] {dag.py:3096} INFO - Sync 1 DAGs
[2026-01-12T23:16:27.712+0000] {logging_mixin.py:188} INFO - [2026-01-12T23:16:27.712+0000] {dag.py:3954} INFO - Setting next_dagrun for novaretail_etl_pipeline to None, run_after=None
[2026-01-12T23:16:27.736+0000] {processor.py:183} INFO - Processing /opt/airflow/dags/novareatil_etl_dag.py took 0.155 seconds
[2026-01-12T23:17:01.274+0000] {processor.py:161} INFO - Started process (PID=1078) to work on /opt/airflow/dags/novareatil_etl_dag.py
[2026-01-12T23:17:01.277+0000] {processor.py:830} INFO - Processing file /opt/airflow/dags/novareatil_etl_dag.py for tasks to queue
[2026-01-12T23:17:01.279+0000] {logging_mixin.py:188} INFO - [2026-01-12T23:17:01.279+0000] {dagbag.py:540} INFO - Filling up the DagBag from /opt/airflow/dags/novareatil_etl_dag.py
[2026-01-12T23:17:01.322+0000] {processor.py:840} INFO - DAG(s) 'novaretail_etl_pipeline' retrieved from /opt/airflow/dags/novareatil_etl_dag.py
[2026-01-12T23:17:01.384+0000] {logging_mixin.py:188} INFO - [2026-01-12T23:17:01.382+0000] {dag.py:3096} INFO - Sync 1 DAGs
[2026-01-12T23:17:01.413+0000] {logging_mixin.py:188} INFO - [2026-01-12T23:17:01.412+0000] {dag.py:3954} INFO - Setting next_dagrun for novaretail_etl_pipeline to None, run_after=None
[2026-01-12T23:17:01.456+0000] {processor.py:183} INFO - Processing /opt/airflow/dags/novareatil_etl_dag.py took 0.193 seconds
[2026-01-12T23:17:16.646+0000] {processor.py:161} INFO - Started process (PID=1083) to work on /opt/airflow/dags/novareatil_etl_dag.py
[2026-01-12T23:17:16.647+0000] {processor.py:830} INFO - Processing file /opt/airflow/dags/novareatil_etl_dag.py for tasks to queue
[2026-01-12T23:17:16.648+0000] {logging_mixin.py:188} INFO - [2026-01-12T23:17:16.648+0000] {dagbag.py:540} INFO - Filling up the DagBag from /opt/airflow/dags/novareatil_etl_dag.py
[2026-01-12T23:17:16.699+0000] {logging_mixin.py:188} INFO - [2026-01-12T23:17:16.679+0000] {dagbag.py:350} ERROR - Failed to import: /opt/airflow/dags/novareatil_etl_dag.py
Traceback (most recent call last):
  File "/home/airflow/.local/lib/python3.12/site-packages/airflow/models/dagbag.py", line 346, in parse
    loader.exec_module(new_module)
  File "<frozen importlib._bootstrap_external>", line 995, in exec_module
  File "<frozen importlib._bootstrap>", line 488, in _call_with_frames_removed
  File "/opt/airflow/dags/novareatil_etl_dag.py", line 92, in <module>
    [transform_clientes, transform_ordenes, transform_pagos] >> [
TypeError: unsupported operand type(s) for >>: 'list' and 'list'
[2026-01-12T23:17:16.702+0000] {processor.py:842} WARNING - No viable dags retrieved from /opt/airflow/dags/novareatil_etl_dag.py
[2026-01-12T23:17:16.766+0000] {processor.py:183} INFO - Processing /opt/airflow/dags/novareatil_etl_dag.py took 0.127 seconds
[2026-01-12T23:17:47.789+0000] {processor.py:161} INFO - Started process (PID=1088) to work on /opt/airflow/dags/novareatil_etl_dag.py
[2026-01-12T23:17:47.793+0000] {processor.py:830} INFO - Processing file /opt/airflow/dags/novareatil_etl_dag.py for tasks to queue
[2026-01-12T23:17:47.796+0000] {logging_mixin.py:188} INFO - [2026-01-12T23:17:47.793+0000] {dagbag.py:540} INFO - Filling up the DagBag from /opt/airflow/dags/novareatil_etl_dag.py
[2026-01-12T23:17:47.848+0000] {logging_mixin.py:188} INFO - [2026-01-12T23:17:47.839+0000] {dagbag.py:350} ERROR - Failed to import: /opt/airflow/dags/novareatil_etl_dag.py
Traceback (most recent call last):
  File "/home/airflow/.local/lib/python3.12/site-packages/airflow/models/dagbag.py", line 346, in parse
    loader.exec_module(new_module)
  File "<frozen importlib._bootstrap_external>", line 995, in exec_module
  File "<frozen importlib._bootstrap>", line 488, in _call_with_frames_removed
  File "/opt/airflow/dags/novareatil_etl_dag.py", line 92, in <module>
    [transform_clientes, transform_ordenes, transform_pagos] >> [
TypeError: unsupported operand type(s) for >>: 'list' and 'list'
[2026-01-12T23:17:47.851+0000] {processor.py:842} WARNING - No viable dags retrieved from /opt/airflow/dags/novareatil_etl_dag.py
[2026-01-12T23:17:47.930+0000] {processor.py:183} INFO - Processing /opt/airflow/dags/novareatil_etl_dag.py took 0.179 seconds
[2026-01-12T23:18:18.230+0000] {processor.py:161} INFO - Started process (PID=1093) to work on /opt/airflow/dags/novareatil_etl_dag.py
[2026-01-12T23:18:18.232+0000] {processor.py:830} INFO - Processing file /opt/airflow/dags/novareatil_etl_dag.py for tasks to queue
[2026-01-12T23:18:18.233+0000] {logging_mixin.py:188} INFO - [2026-01-12T23:18:18.233+0000] {dagbag.py:540} INFO - Filling up the DagBag from /opt/airflow/dags/novareatil_etl_dag.py
[2026-01-12T23:18:18.261+0000] {logging_mixin.py:188} INFO - [2026-01-12T23:18:18.255+0000] {dagbag.py:350} ERROR - Failed to import: /opt/airflow/dags/novareatil_etl_dag.py
Traceback (most recent call last):
  File "/home/airflow/.local/lib/python3.12/site-packages/airflow/models/dagbag.py", line 346, in parse
    loader.exec_module(new_module)
  File "<frozen importlib._bootstrap_external>", line 995, in exec_module
  File "<frozen importlib._bootstrap>", line 488, in _call_with_frames_removed
  File "/opt/airflow/dags/novareatil_etl_dag.py", line 92, in <module>
    [transform_clientes, transform_ordenes, transform_pagos] >> [
TypeError: unsupported operand type(s) for >>: 'list' and 'list'
[2026-01-12T23:18:18.264+0000] {processor.py:842} WARNING - No viable dags retrieved from /opt/airflow/dags/novareatil_etl_dag.py
[2026-01-12T23:18:18.305+0000] {processor.py:183} INFO - Processing /opt/airflow/dags/novareatil_etl_dag.py took 0.084 seconds
[2026-01-12T23:18:48.705+0000] {processor.py:161} INFO - Started process (PID=1098) to work on /opt/airflow/dags/novareatil_etl_dag.py
[2026-01-12T23:18:48.706+0000] {processor.py:830} INFO - Processing file /opt/airflow/dags/novareatil_etl_dag.py for tasks to queue
[2026-01-12T23:18:48.707+0000] {logging_mixin.py:188} INFO - [2026-01-12T23:18:48.707+0000] {dagbag.py:540} INFO - Filling up the DagBag from /opt/airflow/dags/novareatil_etl_dag.py
[2026-01-12T23:18:48.726+0000] {logging_mixin.py:188} INFO - [2026-01-12T23:18:48.722+0000] {dagbag.py:350} ERROR - Failed to import: /opt/airflow/dags/novareatil_etl_dag.py
Traceback (most recent call last):
  File "/home/airflow/.local/lib/python3.12/site-packages/airflow/models/dagbag.py", line 346, in parse
    loader.exec_module(new_module)
  File "<frozen importlib._bootstrap_external>", line 995, in exec_module
  File "<frozen importlib._bootstrap>", line 488, in _call_with_frames_removed
  File "/opt/airflow/dags/novareatil_etl_dag.py", line 92, in <module>
    [transform_clientes, transform_ordenes, transform_pagos] >> [
TypeError: unsupported operand type(s) for >>: 'list' and 'list'
[2026-01-12T23:18:48.727+0000] {processor.py:842} WARNING - No viable dags retrieved from /opt/airflow/dags/novareatil_etl_dag.py
[2026-01-12T23:18:48.750+0000] {processor.py:183} INFO - Processing /opt/airflow/dags/novareatil_etl_dag.py took 0.051 seconds
[2026-01-12T23:18:59.959+0000] {processor.py:161} INFO - Started process (PID=1103) to work on /opt/airflow/dags/novareatil_etl_dag.py
[2026-01-12T23:18:59.961+0000] {processor.py:830} INFO - Processing file /opt/airflow/dags/novareatil_etl_dag.py for tasks to queue
[2026-01-12T23:18:59.965+0000] {logging_mixin.py:188} INFO - [2026-01-12T23:18:59.964+0000] {dagbag.py:540} INFO - Filling up the DagBag from /opt/airflow/dags/novareatil_etl_dag.py
[2026-01-12T23:19:00.040+0000] {processor.py:840} INFO - DAG(s) 'novaretail_etl_pipeline' retrieved from /opt/airflow/dags/novareatil_etl_dag.py
[2026-01-12T23:19:00.878+0000] {logging_mixin.py:188} INFO - [2026-01-12T23:19:00.878+0000] {dag.py:3096} INFO - Sync 1 DAGs
[2026-01-12T23:19:00.901+0000] {logging_mixin.py:188} INFO - [2026-01-12T23:19:00.900+0000] {dag.py:3954} INFO - Setting next_dagrun for novaretail_etl_pipeline to None, run_after=None
[2026-01-12T23:19:00.939+0000] {processor.py:183} INFO - Processing /opt/airflow/dags/novareatil_etl_dag.py took 1.038 seconds
[2026-01-12T23:19:31.427+0000] {processor.py:161} INFO - Started process (PID=1117) to work on /opt/airflow/dags/novareatil_etl_dag.py
[2026-01-12T23:19:31.429+0000] {processor.py:830} INFO - Processing file /opt/airflow/dags/novareatil_etl_dag.py for tasks to queue
[2026-01-12T23:19:31.431+0000] {logging_mixin.py:188} INFO - [2026-01-12T23:19:31.430+0000] {dagbag.py:540} INFO - Filling up the DagBag from /opt/airflow/dags/novareatil_etl_dag.py
[2026-01-12T23:19:31.462+0000] {processor.py:840} INFO - DAG(s) 'novaretail_etl_pipeline' retrieved from /opt/airflow/dags/novareatil_etl_dag.py
[2026-01-12T23:19:31.520+0000] {logging_mixin.py:188} INFO - [2026-01-12T23:19:31.519+0000] {dag.py:3096} INFO - Sync 1 DAGs
[2026-01-12T23:19:31.553+0000] {logging_mixin.py:188} INFO - [2026-01-12T23:19:31.552+0000] {dag.py:3954} INFO - Setting next_dagrun for novaretail_etl_pipeline to None, run_after=None
[2026-01-12T23:19:31.591+0000] {processor.py:183} INFO - Processing /opt/airflow/dags/novareatil_etl_dag.py took 0.173 seconds
[2026-01-12T23:20:01.817+0000] {processor.py:161} INFO - Started process (PID=1122) to work on /opt/airflow/dags/novareatil_etl_dag.py
[2026-01-12T23:20:01.818+0000] {processor.py:830} INFO - Processing file /opt/airflow/dags/novareatil_etl_dag.py for tasks to queue
[2026-01-12T23:20:01.819+0000] {logging_mixin.py:188} INFO - [2026-01-12T23:20:01.819+0000] {dagbag.py:540} INFO - Filling up the DagBag from /opt/airflow/dags/novareatil_etl_dag.py
[2026-01-12T23:20:01.839+0000] {processor.py:840} INFO - DAG(s) 'novaretail_etl_pipeline' retrieved from /opt/airflow/dags/novareatil_etl_dag.py
[2026-01-12T23:20:01.870+0000] {logging_mixin.py:188} INFO - [2026-01-12T23:20:01.870+0000] {dag.py:3096} INFO - Sync 1 DAGs
[2026-01-12T23:20:01.884+0000] {logging_mixin.py:188} INFO - [2026-01-12T23:20:01.884+0000] {dag.py:3954} INFO - Setting next_dagrun for novaretail_etl_pipeline to None, run_after=None
[2026-01-12T23:20:01.903+0000] {processor.py:183} INFO - Processing /opt/airflow/dags/novareatil_etl_dag.py took 0.091 seconds
[2026-01-12T23:20:32.256+0000] {processor.py:161} INFO - Started process (PID=1127) to work on /opt/airflow/dags/novareatil_etl_dag.py
[2026-01-12T23:20:32.259+0000] {processor.py:830} INFO - Processing file /opt/airflow/dags/novareatil_etl_dag.py for tasks to queue
[2026-01-12T23:20:32.261+0000] {logging_mixin.py:188} INFO - [2026-01-12T23:20:32.260+0000] {dagbag.py:540} INFO - Filling up the DagBag from /opt/airflow/dags/novareatil_etl_dag.py
[2026-01-12T23:20:32.317+0000] {processor.py:840} INFO - DAG(s) 'novaretail_etl_pipeline' retrieved from /opt/airflow/dags/novareatil_etl_dag.py
[2026-01-12T23:20:32.418+0000] {logging_mixin.py:188} INFO - [2026-01-12T23:20:32.417+0000] {dag.py:3096} INFO - Sync 1 DAGs
[2026-01-12T23:20:32.465+0000] {logging_mixin.py:188} INFO - [2026-01-12T23:20:32.464+0000] {dag.py:3954} INFO - Setting next_dagrun for novaretail_etl_pipeline to None, run_after=None
[2026-01-12T23:20:32.526+0000] {processor.py:183} INFO - Processing /opt/airflow/dags/novareatil_etl_dag.py took 0.290 seconds
[2026-01-12T23:21:02.814+0000] {processor.py:161} INFO - Started process (PID=1132) to work on /opt/airflow/dags/novareatil_etl_dag.py
[2026-01-12T23:21:02.817+0000] {processor.py:830} INFO - Processing file /opt/airflow/dags/novareatil_etl_dag.py for tasks to queue
[2026-01-12T23:21:02.821+0000] {logging_mixin.py:188} INFO - [2026-01-12T23:21:02.820+0000] {dagbag.py:540} INFO - Filling up the DagBag from /opt/airflow/dags/novareatil_etl_dag.py
[2026-01-12T23:21:02.863+0000] {processor.py:840} INFO - DAG(s) 'novaretail_etl_pipeline' retrieved from /opt/airflow/dags/novareatil_etl_dag.py
[2026-01-12T23:21:02.936+0000] {logging_mixin.py:188} INFO - [2026-01-12T23:21:02.936+0000] {dag.py:3096} INFO - Sync 1 DAGs
[2026-01-12T23:21:02.970+0000] {logging_mixin.py:188} INFO - [2026-01-12T23:21:02.969+0000] {dag.py:3954} INFO - Setting next_dagrun for novaretail_etl_pipeline to None, run_after=None
[2026-01-12T23:21:03.033+0000] {processor.py:183} INFO - Processing /opt/airflow/dags/novareatil_etl_dag.py took 0.229 seconds
[2026-01-12T23:21:09.487+0000] {processor.py:161} INFO - Started process (PID=1137) to work on /opt/airflow/dags/novareatil_etl_dag.py
[2026-01-12T23:21:09.489+0000] {processor.py:830} INFO - Processing file /opt/airflow/dags/novareatil_etl_dag.py for tasks to queue
[2026-01-12T23:21:09.492+0000] {logging_mixin.py:188} INFO - [2026-01-12T23:21:09.491+0000] {dagbag.py:540} INFO - Filling up the DagBag from /opt/airflow/dags/novareatil_etl_dag.py
[2026-01-12T23:21:09.507+0000] {logging_mixin.py:188} INFO - [2026-01-12T23:21:09.506+0000] {dagbag.py:329} INFO - File /opt/airflow/dags/novareatil_etl_dag.py assumed to contain no DAGs. Skipping.
[2026-01-12T23:21:09.511+0000] {processor.py:842} WARNING - No viable dags retrieved from /opt/airflow/dags/novareatil_etl_dag.py
[2026-01-12T23:21:09.591+0000] {processor.py:183} INFO - Processing /opt/airflow/dags/novareatil_etl_dag.py took 0.115 seconds
[2026-01-12T23:21:14.805+0000] {processor.py:161} INFO - Started process (PID=1142) to work on /opt/airflow/dags/novareatil_etl_dag.py
[2026-01-12T23:21:14.807+0000] {processor.py:830} INFO - Processing file /opt/airflow/dags/novareatil_etl_dag.py for tasks to queue
[2026-01-12T23:21:14.809+0000] {logging_mixin.py:188} INFO - [2026-01-12T23:21:14.808+0000] {dagbag.py:540} INFO - Filling up the DagBag from /opt/airflow/dags/novareatil_etl_dag.py
[2026-01-12T23:21:14.889+0000] {processor.py:840} INFO - DAG(s) 'novaretail_etl_pipeline' retrieved from /opt/airflow/dags/novareatil_etl_dag.py
[2026-01-12T23:21:15.337+0000] {logging_mixin.py:188} INFO - [2026-01-12T23:21:15.337+0000] {dag.py:3096} INFO - Sync 1 DAGs
[2026-01-12T23:21:15.354+0000] {logging_mixin.py:188} INFO - [2026-01-12T23:21:15.353+0000] {dag.py:3954} INFO - Setting next_dagrun for novaretail_etl_pipeline to None, run_after=None
[2026-01-12T23:21:15.400+0000] {processor.py:183} INFO - Processing /opt/airflow/dags/novareatil_etl_dag.py took 0.619 seconds
[2026-01-12T23:21:46.337+0000] {processor.py:161} INFO - Started process (PID=1290) to work on /opt/airflow/dags/novareatil_etl_dag.py
[2026-01-12T23:21:46.348+0000] {processor.py:830} INFO - Processing file /opt/airflow/dags/novareatil_etl_dag.py for tasks to queue
[2026-01-12T23:21:46.353+0000] {logging_mixin.py:188} INFO - [2026-01-12T23:21:46.352+0000] {dagbag.py:540} INFO - Filling up the DagBag from /opt/airflow/dags/novareatil_etl_dag.py
[2026-01-12T23:21:46.515+0000] {processor.py:840} INFO - DAG(s) 'novaretail_etl_pipeline' retrieved from /opt/airflow/dags/novareatil_etl_dag.py
[2026-01-12T23:21:46.705+0000] {logging_mixin.py:188} INFO - [2026-01-12T23:21:46.704+0000] {dag.py:3096} INFO - Sync 1 DAGs
[2026-01-12T23:21:46.781+0000] {logging_mixin.py:188} INFO - [2026-01-12T23:21:46.781+0000] {dag.py:3954} INFO - Setting next_dagrun for novaretail_etl_pipeline to None, run_after=None
[2026-01-12T23:21:46.921+0000] {processor.py:183} INFO - Processing /opt/airflow/dags/novareatil_etl_dag.py took 0.670 seconds
[2026-01-12T23:22:17.529+0000] {processor.py:161} INFO - Started process (PID=1356) to work on /opt/airflow/dags/novareatil_etl_dag.py
[2026-01-12T23:22:17.530+0000] {processor.py:830} INFO - Processing file /opt/airflow/dags/novareatil_etl_dag.py for tasks to queue
[2026-01-12T23:22:17.531+0000] {logging_mixin.py:188} INFO - [2026-01-12T23:22:17.531+0000] {dagbag.py:540} INFO - Filling up the DagBag from /opt/airflow/dags/novareatil_etl_dag.py
[2026-01-12T23:22:17.556+0000] {processor.py:840} INFO - DAG(s) 'novaretail_etl_pipeline' retrieved from /opt/airflow/dags/novareatil_etl_dag.py
[2026-01-12T23:22:17.599+0000] {logging_mixin.py:188} INFO - [2026-01-12T23:22:17.598+0000] {dag.py:3096} INFO - Sync 1 DAGs
[2026-01-12T23:22:17.619+0000] {logging_mixin.py:188} INFO - [2026-01-12T23:22:17.619+0000] {dag.py:3954} INFO - Setting next_dagrun for novaretail_etl_pipeline to None, run_after=None
[2026-01-12T23:22:17.643+0000] {processor.py:183} INFO - Processing /opt/airflow/dags/novareatil_etl_dag.py took 0.129 seconds
[2026-01-12T23:22:47.987+0000] {processor.py:161} INFO - Started process (PID=1361) to work on /opt/airflow/dags/novareatil_etl_dag.py
[2026-01-12T23:22:47.990+0000] {processor.py:830} INFO - Processing file /opt/airflow/dags/novareatil_etl_dag.py for tasks to queue
[2026-01-12T23:22:47.991+0000] {logging_mixin.py:188} INFO - [2026-01-12T23:22:47.991+0000] {dagbag.py:540} INFO - Filling up the DagBag from /opt/airflow/dags/novareatil_etl_dag.py
[2026-01-12T23:22:48.027+0000] {processor.py:840} INFO - DAG(s) 'novaretail_etl_pipeline' retrieved from /opt/airflow/dags/novareatil_etl_dag.py
[2026-01-12T23:22:48.110+0000] {logging_mixin.py:188} INFO - [2026-01-12T23:22:48.109+0000] {dag.py:3096} INFO - Sync 1 DAGs
[2026-01-12T23:22:48.125+0000] {logging_mixin.py:188} INFO - [2026-01-12T23:22:48.125+0000] {dag.py:3954} INFO - Setting next_dagrun for novaretail_etl_pipeline to None, run_after=None
[2026-01-12T23:22:48.145+0000] {processor.py:183} INFO - Processing /opt/airflow/dags/novareatil_etl_dag.py took 0.173 seconds
[2026-01-12T23:23:18.538+0000] {processor.py:161} INFO - Started process (PID=1366) to work on /opt/airflow/dags/novareatil_etl_dag.py
[2026-01-12T23:23:18.539+0000] {processor.py:830} INFO - Processing file /opt/airflow/dags/novareatil_etl_dag.py for tasks to queue
[2026-01-12T23:23:18.540+0000] {logging_mixin.py:188} INFO - [2026-01-12T23:23:18.540+0000] {dagbag.py:540} INFO - Filling up the DagBag from /opt/airflow/dags/novareatil_etl_dag.py
[2026-01-12T23:23:18.561+0000] {processor.py:840} INFO - DAG(s) 'novaretail_etl_pipeline' retrieved from /opt/airflow/dags/novareatil_etl_dag.py
[2026-01-12T23:23:18.598+0000] {logging_mixin.py:188} INFO - [2026-01-12T23:23:18.598+0000] {dag.py:3096} INFO - Sync 1 DAGs
[2026-01-12T23:23:18.620+0000] {logging_mixin.py:188} INFO - [2026-01-12T23:23:18.619+0000] {dag.py:3954} INFO - Setting next_dagrun for novaretail_etl_pipeline to None, run_after=None
[2026-01-12T23:23:18.640+0000] {processor.py:183} INFO - Processing /opt/airflow/dags/novareatil_etl_dag.py took 0.108 seconds
[2026-01-12T23:23:48.973+0000] {processor.py:161} INFO - Started process (PID=1371) to work on /opt/airflow/dags/novareatil_etl_dag.py
[2026-01-12T23:23:48.974+0000] {processor.py:830} INFO - Processing file /opt/airflow/dags/novareatil_etl_dag.py for tasks to queue
[2026-01-12T23:23:48.975+0000] {logging_mixin.py:188} INFO - [2026-01-12T23:23:48.974+0000] {dagbag.py:540} INFO - Filling up the DagBag from /opt/airflow/dags/novareatil_etl_dag.py
[2026-01-12T23:23:48.995+0000] {processor.py:840} INFO - DAG(s) 'novaretail_etl_pipeline' retrieved from /opt/airflow/dags/novareatil_etl_dag.py
[2026-01-12T23:23:49.088+0000] {logging_mixin.py:188} INFO - [2026-01-12T23:23:49.087+0000] {dag.py:3096} INFO - Sync 1 DAGs
[2026-01-12T23:23:49.109+0000] {logging_mixin.py:188} INFO - [2026-01-12T23:23:49.109+0000] {dag.py:3954} INFO - Setting next_dagrun for novaretail_etl_pipeline to None, run_after=None
[2026-01-12T23:23:49.134+0000] {processor.py:183} INFO - Processing /opt/airflow/dags/novareatil_etl_dag.py took 0.168 seconds
[2026-01-12T23:24:19.506+0000] {processor.py:161} INFO - Started process (PID=1376) to work on /opt/airflow/dags/novareatil_etl_dag.py
[2026-01-12T23:24:19.537+0000] {processor.py:830} INFO - Processing file /opt/airflow/dags/novareatil_etl_dag.py for tasks to queue
[2026-01-12T23:24:19.561+0000] {logging_mixin.py:188} INFO - [2026-01-12T23:24:19.554+0000] {dagbag.py:540} INFO - Filling up the DagBag from /opt/airflow/dags/novareatil_etl_dag.py
[2026-01-12T23:24:19.773+0000] {processor.py:840} INFO - DAG(s) 'novaretail_etl_pipeline' retrieved from /opt/airflow/dags/novareatil_etl_dag.py
[2026-01-12T23:24:19.907+0000] {logging_mixin.py:188} INFO - [2026-01-12T23:24:19.906+0000] {dag.py:3096} INFO - Sync 1 DAGs
[2026-01-12T23:24:19.955+0000] {logging_mixin.py:188} INFO - [2026-01-12T23:24:19.953+0000] {dag.py:3954} INFO - Setting next_dagrun for novaretail_etl_pipeline to None, run_after=None
[2026-01-12T23:24:20.078+0000] {processor.py:183} INFO - Processing /opt/airflow/dags/novareatil_etl_dag.py took 0.696 seconds
[2026-01-12T23:24:29.575+0000] {processor.py:161} INFO - Started process (PID=1381) to work on /opt/airflow/dags/novareatil_etl_dag.py
[2026-01-12T23:24:29.576+0000] {processor.py:830} INFO - Processing file /opt/airflow/dags/novareatil_etl_dag.py for tasks to queue
[2026-01-12T23:24:29.577+0000] {logging_mixin.py:188} INFO - [2026-01-12T23:24:29.577+0000] {dagbag.py:540} INFO - Filling up the DagBag from /opt/airflow/dags/novareatil_etl_dag.py
[2026-01-12T23:24:29.615+0000] {processor.py:840} INFO - DAG(s) 'novaretail_etl_pipeline' retrieved from /opt/airflow/dags/novareatil_etl_dag.py
[2026-01-12T23:24:30.373+0000] {logging_mixin.py:188} INFO - [2026-01-12T23:24:30.373+0000] {dag.py:3096} INFO - Sync 1 DAGs
[2026-01-12T23:24:30.400+0000] {logging_mixin.py:188} INFO - [2026-01-12T23:24:30.399+0000] {dag.py:3954} INFO - Setting next_dagrun for novaretail_etl_pipeline to None, run_after=None
[2026-01-12T23:24:30.446+0000] {processor.py:183} INFO - Processing /opt/airflow/dags/novareatil_etl_dag.py took 0.877 seconds
[2026-01-12T23:25:00.928+0000] {processor.py:161} INFO - Started process (PID=1439) to work on /opt/airflow/dags/novareatil_etl_dag.py
[2026-01-12T23:25:00.956+0000] {processor.py:830} INFO - Processing file /opt/airflow/dags/novareatil_etl_dag.py for tasks to queue
[2026-01-12T23:25:00.969+0000] {logging_mixin.py:188} INFO - [2026-01-12T23:25:00.966+0000] {dagbag.py:540} INFO - Filling up the DagBag from /opt/airflow/dags/novareatil_etl_dag.py
[2026-01-12T23:25:01.082+0000] {processor.py:840} INFO - DAG(s) 'novaretail_etl_pipeline' retrieved from /opt/airflow/dags/novareatil_etl_dag.py
[2026-01-12T23:25:01.233+0000] {logging_mixin.py:188} INFO - [2026-01-12T23:25:01.232+0000] {dag.py:3096} INFO - Sync 1 DAGs
[2026-01-12T23:25:01.294+0000] {logging_mixin.py:188} INFO - [2026-01-12T23:25:01.294+0000] {dag.py:3954} INFO - Setting next_dagrun for novaretail_etl_pipeline to None, run_after=None
[2026-01-12T23:25:01.335+0000] {processor.py:183} INFO - Processing /opt/airflow/dags/novareatil_etl_dag.py took 0.632 seconds
[2026-01-12T23:25:31.874+0000] {processor.py:161} INFO - Started process (PID=1595) to work on /opt/airflow/dags/novareatil_etl_dag.py
[2026-01-12T23:25:31.875+0000] {processor.py:830} INFO - Processing file /opt/airflow/dags/novareatil_etl_dag.py for tasks to queue
[2026-01-12T23:25:31.876+0000] {logging_mixin.py:188} INFO - [2026-01-12T23:25:31.876+0000] {dagbag.py:540} INFO - Filling up the DagBag from /opt/airflow/dags/novareatil_etl_dag.py
[2026-01-12T23:25:31.898+0000] {processor.py:840} INFO - DAG(s) 'novaretail_etl_pipeline' retrieved from /opt/airflow/dags/novareatil_etl_dag.py
[2026-01-12T23:25:31.934+0000] {logging_mixin.py:188} INFO - [2026-01-12T23:25:31.933+0000] {dag.py:3096} INFO - Sync 1 DAGs
[2026-01-12T23:25:31.950+0000] {logging_mixin.py:188} INFO - [2026-01-12T23:25:31.950+0000] {dag.py:3954} INFO - Setting next_dagrun for novaretail_etl_pipeline to None, run_after=None
[2026-01-12T23:25:31.971+0000] {processor.py:183} INFO - Processing /opt/airflow/dags/novareatil_etl_dag.py took 0.104 seconds
[2026-01-12T23:26:02.283+0000] {processor.py:161} INFO - Started process (PID=1600) to work on /opt/airflow/dags/novareatil_etl_dag.py
[2026-01-12T23:26:02.284+0000] {processor.py:830} INFO - Processing file /opt/airflow/dags/novareatil_etl_dag.py for tasks to queue
[2026-01-12T23:26:02.285+0000] {logging_mixin.py:188} INFO - [2026-01-12T23:26:02.285+0000] {dagbag.py:540} INFO - Filling up the DagBag from /opt/airflow/dags/novareatil_etl_dag.py
[2026-01-12T23:26:02.303+0000] {processor.py:840} INFO - DAG(s) 'novaretail_etl_pipeline' retrieved from /opt/airflow/dags/novareatil_etl_dag.py
[2026-01-12T23:26:02.349+0000] {logging_mixin.py:188} INFO - [2026-01-12T23:26:02.349+0000] {dag.py:3096} INFO - Sync 1 DAGs
[2026-01-12T23:26:02.365+0000] {logging_mixin.py:188} INFO - [2026-01-12T23:26:02.365+0000] {dag.py:3954} INFO - Setting next_dagrun for novaretail_etl_pipeline to None, run_after=None
[2026-01-12T23:26:02.387+0000] {processor.py:183} INFO - Processing /opt/airflow/dags/novareatil_etl_dag.py took 0.110 seconds
[2026-01-12T23:26:32.790+0000] {processor.py:161} INFO - Started process (PID=1605) to work on /opt/airflow/dags/novareatil_etl_dag.py
[2026-01-12T23:26:32.793+0000] {processor.py:830} INFO - Processing file /opt/airflow/dags/novareatil_etl_dag.py for tasks to queue
[2026-01-12T23:26:32.795+0000] {logging_mixin.py:188} INFO - [2026-01-12T23:26:32.794+0000] {dagbag.py:540} INFO - Filling up the DagBag from /opt/airflow/dags/novareatil_etl_dag.py
[2026-01-12T23:26:32.842+0000] {processor.py:840} INFO - DAG(s) 'novaretail_etl_pipeline' retrieved from /opt/airflow/dags/novareatil_etl_dag.py
[2026-01-12T23:26:32.889+0000] {logging_mixin.py:188} INFO - [2026-01-12T23:26:32.889+0000] {dag.py:3096} INFO - Sync 1 DAGs
[2026-01-12T23:26:32.908+0000] {logging_mixin.py:188} INFO - [2026-01-12T23:26:32.907+0000] {dag.py:3954} INFO - Setting next_dagrun for novaretail_etl_pipeline to None, run_after=None
[2026-01-12T23:26:32.934+0000] {processor.py:183} INFO - Processing /opt/airflow/dags/novareatil_etl_dag.py took 0.159 seconds
[2026-01-12T23:27:03.143+0000] {processor.py:161} INFO - Started process (PID=1610) to work on /opt/airflow/dags/novareatil_etl_dag.py
[2026-01-12T23:27:03.144+0000] {processor.py:830} INFO - Processing file /opt/airflow/dags/novareatil_etl_dag.py for tasks to queue
[2026-01-12T23:27:03.145+0000] {logging_mixin.py:188} INFO - [2026-01-12T23:27:03.145+0000] {dagbag.py:540} INFO - Filling up the DagBag from /opt/airflow/dags/novareatil_etl_dag.py
[2026-01-12T23:27:03.170+0000] {processor.py:840} INFO - DAG(s) 'novaretail_etl_pipeline' retrieved from /opt/airflow/dags/novareatil_etl_dag.py
[2026-01-12T23:27:03.213+0000] {logging_mixin.py:188} INFO - [2026-01-12T23:27:03.213+0000] {dag.py:3096} INFO - Sync 1 DAGs
[2026-01-12T23:27:03.238+0000] {logging_mixin.py:188} INFO - [2026-01-12T23:27:03.238+0000] {dag.py:3954} INFO - Setting next_dagrun for novaretail_etl_pipeline to None, run_after=None
[2026-01-12T23:27:03.258+0000] {processor.py:183} INFO - Processing /opt/airflow/dags/novareatil_etl_dag.py took 0.124 seconds
[2026-01-12T23:27:33.635+0000] {processor.py:161} INFO - Started process (PID=1615) to work on /opt/airflow/dags/novareatil_etl_dag.py
[2026-01-12T23:27:33.636+0000] {processor.py:830} INFO - Processing file /opt/airflow/dags/novareatil_etl_dag.py for tasks to queue
[2026-01-12T23:27:33.637+0000] {logging_mixin.py:188} INFO - [2026-01-12T23:27:33.636+0000] {dagbag.py:540} INFO - Filling up the DagBag from /opt/airflow/dags/novareatil_etl_dag.py
[2026-01-12T23:27:33.667+0000] {processor.py:840} INFO - DAG(s) 'novaretail_etl_pipeline' retrieved from /opt/airflow/dags/novareatil_etl_dag.py
[2026-01-12T23:27:33.765+0000] {logging_mixin.py:188} INFO - [2026-01-12T23:27:33.765+0000] {dag.py:3096} INFO - Sync 1 DAGs
[2026-01-12T23:27:33.804+0000] {logging_mixin.py:188} INFO - [2026-01-12T23:27:33.802+0000] {dag.py:3954} INFO - Setting next_dagrun for novaretail_etl_pipeline to None, run_after=None
[2026-01-12T23:27:33.841+0000] {processor.py:183} INFO - Processing /opt/airflow/dags/novareatil_etl_dag.py took 0.213 seconds
[2026-01-12T23:28:05.277+0000] {processor.py:161} INFO - Started process (PID=1620) to work on /opt/airflow/dags/novareatil_etl_dag.py
[2026-01-12T23:28:05.278+0000] {processor.py:830} INFO - Processing file /opt/airflow/dags/novareatil_etl_dag.py for tasks to queue
[2026-01-12T23:28:05.280+0000] {logging_mixin.py:188} INFO - [2026-01-12T23:28:05.279+0000] {dagbag.py:540} INFO - Filling up the DagBag from /opt/airflow/dags/novareatil_etl_dag.py
[2026-01-12T23:28:05.303+0000] {processor.py:840} INFO - DAG(s) 'novaretail_etl_pipeline' retrieved from /opt/airflow/dags/novareatil_etl_dag.py
[2026-01-12T23:28:05.340+0000] {logging_mixin.py:188} INFO - [2026-01-12T23:28:05.340+0000] {dag.py:3096} INFO - Sync 1 DAGs
[2026-01-12T23:28:05.358+0000] {logging_mixin.py:188} INFO - [2026-01-12T23:28:05.358+0000] {dag.py:3954} INFO - Setting next_dagrun for novaretail_etl_pipeline to None, run_after=None
[2026-01-12T23:28:05.408+0000] {processor.py:183} INFO - Processing /opt/airflow/dags/novareatil_etl_dag.py took 0.138 seconds
[2026-01-12T23:28:39.081+0000] {processor.py:161} INFO - Started process (PID=1658) to work on /opt/airflow/dags/novareatil_etl_dag.py
[2026-01-12T23:28:39.094+0000] {processor.py:830} INFO - Processing file /opt/airflow/dags/novareatil_etl_dag.py for tasks to queue
[2026-01-12T23:28:39.106+0000] {logging_mixin.py:188} INFO - [2026-01-12T23:28:39.103+0000] {dagbag.py:540} INFO - Filling up the DagBag from /opt/airflow/dags/novareatil_etl_dag.py
[2026-01-12T23:28:39.270+0000] {processor.py:840} INFO - DAG(s) 'novaretail_etl_pipeline' retrieved from /opt/airflow/dags/novareatil_etl_dag.py
[2026-01-12T23:28:39.437+0000] {logging_mixin.py:188} INFO - [2026-01-12T23:28:39.436+0000] {dag.py:3096} INFO - Sync 1 DAGs
[2026-01-12T23:28:39.522+0000] {logging_mixin.py:188} INFO - [2026-01-12T23:28:39.522+0000] {dag.py:3954} INFO - Setting next_dagrun for novaretail_etl_pipeline to None, run_after=None
[2026-01-12T23:28:39.592+0000] {processor.py:183} INFO - Processing /opt/airflow/dags/novareatil_etl_dag.py took 0.561 seconds
[2026-01-12T23:29:11.410+0000] {processor.py:161} INFO - Started process (PID=1755) to work on /opt/airflow/dags/novareatil_etl_dag.py
[2026-01-12T23:29:11.412+0000] {processor.py:830} INFO - Processing file /opt/airflow/dags/novareatil_etl_dag.py for tasks to queue
[2026-01-12T23:29:11.413+0000] {logging_mixin.py:188} INFO - [2026-01-12T23:29:11.413+0000] {dagbag.py:540} INFO - Filling up the DagBag from /opt/airflow/dags/novareatil_etl_dag.py
[2026-01-12T23:29:11.439+0000] {processor.py:840} INFO - DAG(s) 'novaretail_etl_pipeline' retrieved from /opt/airflow/dags/novareatil_etl_dag.py
[2026-01-12T23:29:11.476+0000] {logging_mixin.py:188} INFO - [2026-01-12T23:29:11.476+0000] {dag.py:3096} INFO - Sync 1 DAGs
[2026-01-12T23:29:11.492+0000] {logging_mixin.py:188} INFO - [2026-01-12T23:29:11.492+0000] {dag.py:3954} INFO - Setting next_dagrun for novaretail_etl_pipeline to None, run_after=None
[2026-01-12T23:29:11.516+0000] {processor.py:183} INFO - Processing /opt/airflow/dags/novareatil_etl_dag.py took 0.113 seconds
[2026-01-12T23:29:44.913+0000] {processor.py:161} INFO - Started process (PID=1760) to work on /opt/airflow/dags/novareatil_etl_dag.py
[2026-01-12T23:29:44.916+0000] {processor.py:830} INFO - Processing file /opt/airflow/dags/novareatil_etl_dag.py for tasks to queue
[2026-01-12T23:29:44.920+0000] {logging_mixin.py:188} INFO - [2026-01-12T23:29:44.919+0000] {dagbag.py:540} INFO - Filling up the DagBag from /opt/airflow/dags/novareatil_etl_dag.py
[2026-01-12T23:29:44.958+0000] {processor.py:840} INFO - DAG(s) 'novaretail_etl_pipeline' retrieved from /opt/airflow/dags/novareatil_etl_dag.py
[2026-01-12T23:29:45.006+0000] {logging_mixin.py:188} INFO - [2026-01-12T23:29:45.005+0000] {dag.py:3096} INFO - Sync 1 DAGs
[2026-01-12T23:29:45.029+0000] {logging_mixin.py:188} INFO - [2026-01-12T23:29:45.029+0000] {dag.py:3954} INFO - Setting next_dagrun for novaretail_etl_pipeline to None, run_after=None
[2026-01-12T23:29:45.057+0000] {processor.py:183} INFO - Processing /opt/airflow/dags/novareatil_etl_dag.py took 0.162 seconds
[2026-01-12T23:30:18.298+0000] {processor.py:161} INFO - Started process (PID=1776) to work on /opt/airflow/dags/novareatil_etl_dag.py
[2026-01-12T23:30:18.300+0000] {processor.py:830} INFO - Processing file /opt/airflow/dags/novareatil_etl_dag.py for tasks to queue
[2026-01-12T23:30:18.303+0000] {logging_mixin.py:188} INFO - [2026-01-12T23:30:18.301+0000] {dagbag.py:540} INFO - Filling up the DagBag from /opt/airflow/dags/novareatil_etl_dag.py
[2026-01-12T23:30:18.333+0000] {processor.py:840} INFO - DAG(s) 'novaretail_etl_pipeline' retrieved from /opt/airflow/dags/novareatil_etl_dag.py
[2026-01-12T23:30:18.399+0000] {logging_mixin.py:188} INFO - [2026-01-12T23:30:18.399+0000] {dag.py:3096} INFO - Sync 1 DAGs
[2026-01-12T23:30:18.424+0000] {logging_mixin.py:188} INFO - [2026-01-12T23:30:18.424+0000] {dag.py:3954} INFO - Setting next_dagrun for novaretail_etl_pipeline to None, run_after=None
[2026-01-12T23:30:18.471+0000] {processor.py:183} INFO - Processing /opt/airflow/dags/novareatil_etl_dag.py took 0.181 seconds
[2026-01-12T23:30:48.722+0000] {processor.py:161} INFO - Started process (PID=1781) to work on /opt/airflow/dags/novareatil_etl_dag.py
[2026-01-12T23:30:48.724+0000] {processor.py:830} INFO - Processing file /opt/airflow/dags/novareatil_etl_dag.py for tasks to queue
[2026-01-12T23:30:48.726+0000] {logging_mixin.py:188} INFO - [2026-01-12T23:30:48.725+0000] {dagbag.py:540} INFO - Filling up the DagBag from /opt/airflow/dags/novareatil_etl_dag.py
[2026-01-12T23:30:48.749+0000] {processor.py:840} INFO - DAG(s) 'novaretail_etl_pipeline' retrieved from /opt/airflow/dags/novareatil_etl_dag.py
[2026-01-12T23:30:50.849+0000] {logging_mixin.py:188} INFO - [2026-01-12T23:30:50.849+0000] {dag.py:3096} INFO - Sync 1 DAGs
[2026-01-12T23:30:50.871+0000] {logging_mixin.py:188} INFO - [2026-01-12T23:30:50.871+0000] {dag.py:3954} INFO - Setting next_dagrun for novaretail_etl_pipeline to None, run_after=None
[2026-01-12T23:30:50.895+0000] {processor.py:183} INFO - Processing /opt/airflow/dags/novareatil_etl_dag.py took 0.138 seconds
[2026-01-12T23:31:24.272+0000] {processor.py:161} INFO - Started process (PID=1874) to work on /opt/airflow/dags/novareatil_etl_dag.py
[2026-01-12T23:31:24.274+0000] {processor.py:830} INFO - Processing file /opt/airflow/dags/novareatil_etl_dag.py for tasks to queue
[2026-01-12T23:31:24.275+0000] {logging_mixin.py:188} INFO - [2026-01-12T23:31:24.274+0000] {dagbag.py:540} INFO - Filling up the DagBag from /opt/airflow/dags/novareatil_etl_dag.py
[2026-01-12T23:31:24.296+0000] {processor.py:840} INFO - DAG(s) 'novaretail_etl_pipeline' retrieved from /opt/airflow/dags/novareatil_etl_dag.py
[2026-01-12T23:31:24.334+0000] {logging_mixin.py:188} INFO - [2026-01-12T23:31:24.334+0000] {dag.py:3096} INFO - Sync 1 DAGs
[2026-01-12T23:31:24.354+0000] {logging_mixin.py:188} INFO - [2026-01-12T23:31:24.353+0000] {dag.py:3954} INFO - Setting next_dagrun for novaretail_etl_pipeline to None, run_after=None
[2026-01-12T23:31:24.378+0000] {processor.py:183} INFO - Processing /opt/airflow/dags/novareatil_etl_dag.py took 0.114 seconds
[2026-01-12T23:31:57.620+0000] {processor.py:161} INFO - Started process (PID=1879) to work on /opt/airflow/dags/novareatil_etl_dag.py
[2026-01-12T23:31:57.621+0000] {processor.py:830} INFO - Processing file /opt/airflow/dags/novareatil_etl_dag.py for tasks to queue
[2026-01-12T23:31:57.622+0000] {logging_mixin.py:188} INFO - [2026-01-12T23:31:57.622+0000] {dagbag.py:540} INFO - Filling up the DagBag from /opt/airflow/dags/novareatil_etl_dag.py
[2026-01-12T23:31:57.647+0000] {processor.py:840} INFO - DAG(s) 'novaretail_etl_pipeline' retrieved from /opt/airflow/dags/novareatil_etl_dag.py
[2026-01-12T23:31:57.682+0000] {logging_mixin.py:188} INFO - [2026-01-12T23:31:57.681+0000] {dag.py:3096} INFO - Sync 1 DAGs
[2026-01-12T23:31:57.698+0000] {logging_mixin.py:188} INFO - [2026-01-12T23:31:57.697+0000] {dag.py:3954} INFO - Setting next_dagrun for novaretail_etl_pipeline to None, run_after=None
[2026-01-12T23:31:57.721+0000] {processor.py:183} INFO - Processing /opt/airflow/dags/novareatil_etl_dag.py took 0.107 seconds
[2026-01-12T23:32:30.469+0000] {processor.py:161} INFO - Started process (PID=1884) to work on /opt/airflow/dags/novareatil_etl_dag.py
[2026-01-12T23:32:30.471+0000] {processor.py:830} INFO - Processing file /opt/airflow/dags/novareatil_etl_dag.py for tasks to queue
[2026-01-12T23:32:30.472+0000] {logging_mixin.py:188} INFO - [2026-01-12T23:32:30.472+0000] {dagbag.py:540} INFO - Filling up the DagBag from /opt/airflow/dags/novareatil_etl_dag.py
[2026-01-12T23:32:30.506+0000] {processor.py:840} INFO - DAG(s) 'novaretail_etl_pipeline' retrieved from /opt/airflow/dags/novareatil_etl_dag.py
[2026-01-12T23:32:30.558+0000] {logging_mixin.py:188} INFO - [2026-01-12T23:32:30.557+0000] {dag.py:3096} INFO - Sync 1 DAGs
[2026-01-12T23:32:30.579+0000] {logging_mixin.py:188} INFO - [2026-01-12T23:32:30.579+0000] {dag.py:3954} INFO - Setting next_dagrun for novaretail_etl_pipeline to None, run_after=None
[2026-01-12T23:32:30.616+0000] {processor.py:183} INFO - Processing /opt/airflow/dags/novareatil_etl_dag.py took 0.156 seconds
[2026-01-12T23:33:03.684+0000] {processor.py:161} INFO - Started process (PID=1889) to work on /opt/airflow/dags/novareatil_etl_dag.py
[2026-01-12T23:33:03.690+0000] {processor.py:830} INFO - Processing file /opt/airflow/dags/novareatil_etl_dag.py for tasks to queue
[2026-01-12T23:33:03.695+0000] {logging_mixin.py:188} INFO - [2026-01-12T23:33:03.693+0000] {dagbag.py:540} INFO - Filling up the DagBag from /opt/airflow/dags/novareatil_etl_dag.py
[2026-01-12T23:33:03.795+0000] {processor.py:840} INFO - DAG(s) 'novaretail_etl_pipeline' retrieved from /opt/airflow/dags/novareatil_etl_dag.py
[2026-01-12T23:33:03.907+0000] {logging_mixin.py:188} INFO - [2026-01-12T23:33:03.907+0000] {dag.py:3096} INFO - Sync 1 DAGs
[2026-01-12T23:33:03.954+0000] {logging_mixin.py:188} INFO - [2026-01-12T23:33:03.952+0000] {dag.py:3954} INFO - Setting next_dagrun for novaretail_etl_pipeline to None, run_after=None
[2026-01-12T23:33:04.057+0000] {processor.py:183} INFO - Processing /opt/airflow/dags/novareatil_etl_dag.py took 0.443 seconds
[2026-01-12T23:33:37.378+0000] {processor.py:161} INFO - Started process (PID=1894) to work on /opt/airflow/dags/novareatil_etl_dag.py
[2026-01-12T23:33:37.382+0000] {processor.py:830} INFO - Processing file /opt/airflow/dags/novareatil_etl_dag.py for tasks to queue
[2026-01-12T23:33:37.383+0000] {logging_mixin.py:188} INFO - [2026-01-12T23:33:37.383+0000] {dagbag.py:540} INFO - Filling up the DagBag from /opt/airflow/dags/novareatil_etl_dag.py
[2026-01-12T23:33:37.432+0000] {processor.py:840} INFO - DAG(s) 'novaretail_etl_pipeline' retrieved from /opt/airflow/dags/novareatil_etl_dag.py
[2026-01-12T23:33:37.515+0000] {logging_mixin.py:188} INFO - [2026-01-12T23:33:37.514+0000] {dag.py:3096} INFO - Sync 1 DAGs
[2026-01-12T23:33:37.546+0000] {logging_mixin.py:188} INFO - [2026-01-12T23:33:37.546+0000] {dag.py:3954} INFO - Setting next_dagrun for novaretail_etl_pipeline to None, run_after=None
[2026-01-12T23:33:37.606+0000] {processor.py:183} INFO - Processing /opt/airflow/dags/novareatil_etl_dag.py took 0.239 seconds
[2026-01-12T23:34:09.731+0000] {processor.py:161} INFO - Started process (PID=1899) to work on /opt/airflow/dags/novareatil_etl_dag.py
[2026-01-12T23:34:09.732+0000] {processor.py:830} INFO - Processing file /opt/airflow/dags/novareatil_etl_dag.py for tasks to queue
[2026-01-12T23:34:09.733+0000] {logging_mixin.py:188} INFO - [2026-01-12T23:34:09.732+0000] {dagbag.py:540} INFO - Filling up the DagBag from /opt/airflow/dags/novareatil_etl_dag.py
[2026-01-12T23:34:09.753+0000] {processor.py:840} INFO - DAG(s) 'novaretail_etl_pipeline' retrieved from /opt/airflow/dags/novareatil_etl_dag.py
[2026-01-12T23:34:09.801+0000] {logging_mixin.py:188} INFO - [2026-01-12T23:34:09.801+0000] {dag.py:3096} INFO - Sync 1 DAGs
[2026-01-12T23:34:09.905+0000] {logging_mixin.py:188} INFO - [2026-01-12T23:34:09.905+0000] {dag.py:3954} INFO - Setting next_dagrun for novaretail_etl_pipeline to None, run_after=None
[2026-01-12T23:34:09.966+0000] {processor.py:183} INFO - Processing /opt/airflow/dags/novareatil_etl_dag.py took 0.242 seconds
[2026-01-12T23:34:43.049+0000] {processor.py:161} INFO - Started process (PID=1904) to work on /opt/airflow/dags/novareatil_etl_dag.py
[2026-01-12T23:34:43.050+0000] {processor.py:830} INFO - Processing file /opt/airflow/dags/novareatil_etl_dag.py for tasks to queue
[2026-01-12T23:34:43.052+0000] {logging_mixin.py:188} INFO - [2026-01-12T23:34:43.051+0000] {dagbag.py:540} INFO - Filling up the DagBag from /opt/airflow/dags/novareatil_etl_dag.py
[2026-01-12T23:34:43.082+0000] {processor.py:840} INFO - DAG(s) 'novaretail_etl_pipeline' retrieved from /opt/airflow/dags/novareatil_etl_dag.py
[2026-01-12T23:34:43.125+0000] {logging_mixin.py:188} INFO - [2026-01-12T23:34:43.125+0000] {dag.py:3096} INFO - Sync 1 DAGs
[2026-01-12T23:34:43.155+0000] {logging_mixin.py:188} INFO - [2026-01-12T23:34:43.154+0000] {dag.py:3954} INFO - Setting next_dagrun for novaretail_etl_pipeline to None, run_after=None
[2026-01-12T23:34:43.223+0000] {processor.py:183} INFO - Processing /opt/airflow/dags/novareatil_etl_dag.py took 0.183 seconds
[2026-01-12T23:35:16.408+0000] {processor.py:161} INFO - Started process (PID=1909) to work on /opt/airflow/dags/novareatil_etl_dag.py
[2026-01-12T23:35:16.410+0000] {processor.py:830} INFO - Processing file /opt/airflow/dags/novareatil_etl_dag.py for tasks to queue
[2026-01-12T23:35:16.412+0000] {logging_mixin.py:188} INFO - [2026-01-12T23:35:16.411+0000] {dagbag.py:540} INFO - Filling up the DagBag from /opt/airflow/dags/novareatil_etl_dag.py
[2026-01-12T23:35:16.485+0000] {processor.py:840} INFO - DAG(s) 'novaretail_etl_pipeline' retrieved from /opt/airflow/dags/novareatil_etl_dag.py
[2026-01-12T23:35:16.587+0000] {logging_mixin.py:188} INFO - [2026-01-12T23:35:16.586+0000] {dag.py:3096} INFO - Sync 1 DAGs
[2026-01-12T23:35:16.618+0000] {logging_mixin.py:188} INFO - [2026-01-12T23:35:16.617+0000] {dag.py:3954} INFO - Setting next_dagrun for novaretail_etl_pipeline to None, run_after=None
[2026-01-12T23:35:16.685+0000] {processor.py:183} INFO - Processing /opt/airflow/dags/novareatil_etl_dag.py took 0.296 seconds
[2026-01-12T23:35:49.185+0000] {processor.py:161} INFO - Started process (PID=1914) to work on /opt/airflow/dags/novareatil_etl_dag.py
[2026-01-12T23:35:49.186+0000] {processor.py:830} INFO - Processing file /opt/airflow/dags/novareatil_etl_dag.py for tasks to queue
[2026-01-12T23:35:49.187+0000] {logging_mixin.py:188} INFO - [2026-01-12T23:35:49.187+0000] {dagbag.py:540} INFO - Filling up the DagBag from /opt/airflow/dags/novareatil_etl_dag.py
[2026-01-12T23:35:49.207+0000] {processor.py:840} INFO - DAG(s) 'novaretail_etl_pipeline' retrieved from /opt/airflow/dags/novareatil_etl_dag.py
[2026-01-12T23:35:49.238+0000] {logging_mixin.py:188} INFO - [2026-01-12T23:35:49.238+0000] {dag.py:3096} INFO - Sync 1 DAGs
[2026-01-12T23:35:49.252+0000] {logging_mixin.py:188} INFO - [2026-01-12T23:35:49.252+0000] {dag.py:3954} INFO - Setting next_dagrun for novaretail_etl_pipeline to None, run_after=None
[2026-01-12T23:35:49.273+0000] {processor.py:183} INFO - Processing /opt/airflow/dags/novareatil_etl_dag.py took 0.114 seconds
[2026-01-12T23:36:22.557+0000] {processor.py:161} INFO - Started process (PID=1919) to work on /opt/airflow/dags/novareatil_etl_dag.py
[2026-01-12T23:36:22.559+0000] {processor.py:830} INFO - Processing file /opt/airflow/dags/novareatil_etl_dag.py for tasks to queue
[2026-01-12T23:36:22.561+0000] {logging_mixin.py:188} INFO - [2026-01-12T23:36:22.561+0000] {dagbag.py:540} INFO - Filling up the DagBag from /opt/airflow/dags/novareatil_etl_dag.py
[2026-01-12T23:36:22.597+0000] {processor.py:840} INFO - DAG(s) 'novaretail_etl_pipeline' retrieved from /opt/airflow/dags/novareatil_etl_dag.py
[2026-01-12T23:36:22.766+0000] {logging_mixin.py:188} INFO - [2026-01-12T23:36:22.766+0000] {dag.py:3096} INFO - Sync 1 DAGs
[2026-01-12T23:36:22.882+0000] {logging_mixin.py:188} INFO - [2026-01-12T23:36:22.881+0000] {dag.py:3954} INFO - Setting next_dagrun for novaretail_etl_pipeline to None, run_after=None
[2026-01-12T23:36:22.944+0000] {processor.py:183} INFO - Processing /opt/airflow/dags/novareatil_etl_dag.py took 0.399 seconds
[2026-01-12T23:36:56.234+0000] {processor.py:161} INFO - Started process (PID=1924) to work on /opt/airflow/dags/novareatil_etl_dag.py
[2026-01-12T23:36:56.240+0000] {processor.py:830} INFO - Processing file /opt/airflow/dags/novareatil_etl_dag.py for tasks to queue
[2026-01-12T23:36:56.243+0000] {logging_mixin.py:188} INFO - [2026-01-12T23:36:56.242+0000] {dagbag.py:540} INFO - Filling up the DagBag from /opt/airflow/dags/novareatil_etl_dag.py
[2026-01-12T23:36:56.288+0000] {processor.py:840} INFO - DAG(s) 'novaretail_etl_pipeline' retrieved from /opt/airflow/dags/novareatil_etl_dag.py
[2026-01-12T23:36:56.321+0000] {logging_mixin.py:188} INFO - [2026-01-12T23:36:56.321+0000] {dag.py:3096} INFO - Sync 1 DAGs
[2026-01-12T23:36:56.335+0000] {logging_mixin.py:188} INFO - [2026-01-12T23:36:56.335+0000] {dag.py:3954} INFO - Setting next_dagrun for novaretail_etl_pipeline to None, run_after=None
[2026-01-12T23:36:56.356+0000] {processor.py:183} INFO - Processing /opt/airflow/dags/novareatil_etl_dag.py took 0.171 seconds
[2026-01-12T23:37:26.666+0000] {processor.py:161} INFO - Started process (PID=1929) to work on /opt/airflow/dags/novareatil_etl_dag.py
[2026-01-12T23:37:26.667+0000] {processor.py:830} INFO - Processing file /opt/airflow/dags/novareatil_etl_dag.py for tasks to queue
[2026-01-12T23:37:26.668+0000] {logging_mixin.py:188} INFO - [2026-01-12T23:37:26.668+0000] {dagbag.py:540} INFO - Filling up the DagBag from /opt/airflow/dags/novareatil_etl_dag.py
[2026-01-12T23:37:26.689+0000] {processor.py:840} INFO - DAG(s) 'novaretail_etl_pipeline' retrieved from /opt/airflow/dags/novareatil_etl_dag.py
[2026-01-12T23:37:28.759+0000] {logging_mixin.py:188} INFO - [2026-01-12T23:37:28.758+0000] {dag.py:3096} INFO - Sync 1 DAGs
[2026-01-12T23:37:28.775+0000] {logging_mixin.py:188} INFO - [2026-01-12T23:37:28.775+0000] {dag.py:3954} INFO - Setting next_dagrun for novaretail_etl_pipeline to None, run_after=None
[2026-01-12T23:37:28.793+0000] {processor.py:183} INFO - Processing /opt/airflow/dags/novareatil_etl_dag.py took 0.092 seconds
[2026-01-12T23:38:02.063+0000] {processor.py:161} INFO - Started process (PID=1934) to work on /opt/airflow/dags/novareatil_etl_dag.py
[2026-01-12T23:38:02.064+0000] {processor.py:830} INFO - Processing file /opt/airflow/dags/novareatil_etl_dag.py for tasks to queue
[2026-01-12T23:38:02.065+0000] {logging_mixin.py:188} INFO - [2026-01-12T23:38:02.064+0000] {dagbag.py:540} INFO - Filling up the DagBag from /opt/airflow/dags/novareatil_etl_dag.py
[2026-01-12T23:38:02.085+0000] {processor.py:840} INFO - DAG(s) 'novaretail_etl_pipeline' retrieved from /opt/airflow/dags/novareatil_etl_dag.py
[2026-01-12T23:38:02.119+0000] {logging_mixin.py:188} INFO - [2026-01-12T23:38:02.119+0000] {dag.py:3096} INFO - Sync 1 DAGs
[2026-01-12T23:38:02.136+0000] {logging_mixin.py:188} INFO - [2026-01-12T23:38:02.136+0000] {dag.py:3954} INFO - Setting next_dagrun for novaretail_etl_pipeline to None, run_after=None
[2026-01-12T23:38:02.160+0000] {processor.py:183} INFO - Processing /opt/airflow/dags/novareatil_etl_dag.py took 0.103 seconds
[2026-01-12T23:38:35.493+0000] {processor.py:161} INFO - Started process (PID=1939) to work on /opt/airflow/dags/novareatil_etl_dag.py
[2026-01-12T23:38:35.494+0000] {processor.py:830} INFO - Processing file /opt/airflow/dags/novareatil_etl_dag.py for tasks to queue
[2026-01-12T23:38:35.495+0000] {logging_mixin.py:188} INFO - [2026-01-12T23:38:35.495+0000] {dagbag.py:540} INFO - Filling up the DagBag from /opt/airflow/dags/novareatil_etl_dag.py
[2026-01-12T23:38:35.518+0000] {processor.py:840} INFO - DAG(s) 'novaretail_etl_pipeline' retrieved from /opt/airflow/dags/novareatil_etl_dag.py
[2026-01-12T23:38:35.552+0000] {logging_mixin.py:188} INFO - [2026-01-12T23:38:35.552+0000] {dag.py:3096} INFO - Sync 1 DAGs
[2026-01-12T23:38:35.568+0000] {logging_mixin.py:188} INFO - [2026-01-12T23:38:35.567+0000] {dag.py:3954} INFO - Setting next_dagrun for novaretail_etl_pipeline to None, run_after=None
[2026-01-12T23:38:35.589+0000] {processor.py:183} INFO - Processing /opt/airflow/dags/novareatil_etl_dag.py took 0.104 seconds
[2026-01-12T23:39:09.060+0000] {processor.py:161} INFO - Started process (PID=1944) to work on /opt/airflow/dags/novareatil_etl_dag.py
[2026-01-12T23:39:09.062+0000] {processor.py:830} INFO - Processing file /opt/airflow/dags/novareatil_etl_dag.py for tasks to queue
[2026-01-12T23:39:09.063+0000] {logging_mixin.py:188} INFO - [2026-01-12T23:39:09.063+0000] {dagbag.py:540} INFO - Filling up the DagBag from /opt/airflow/dags/novareatil_etl_dag.py
[2026-01-12T23:39:09.089+0000] {processor.py:840} INFO - DAG(s) 'novaretail_etl_pipeline' retrieved from /opt/airflow/dags/novareatil_etl_dag.py
[2026-01-12T23:39:09.126+0000] {logging_mixin.py:188} INFO - [2026-01-12T23:39:09.126+0000] {dag.py:3096} INFO - Sync 1 DAGs
[2026-01-12T23:39:09.145+0000] {logging_mixin.py:188} INFO - [2026-01-12T23:39:09.145+0000] {dag.py:3954} INFO - Setting next_dagrun for novaretail_etl_pipeline to None, run_after=None
[2026-01-12T23:39:09.168+0000] {processor.py:183} INFO - Processing /opt/airflow/dags/novareatil_etl_dag.py took 0.115 seconds
[2026-01-12T23:39:39.386+0000] {processor.py:161} INFO - Started process (PID=1949) to work on /opt/airflow/dags/novareatil_etl_dag.py
[2026-01-12T23:39:39.387+0000] {processor.py:830} INFO - Processing file /opt/airflow/dags/novareatil_etl_dag.py for tasks to queue
[2026-01-12T23:39:39.388+0000] {logging_mixin.py:188} INFO - [2026-01-12T23:39:39.388+0000] {dagbag.py:540} INFO - Filling up the DagBag from /opt/airflow/dags/novareatil_etl_dag.py
[2026-01-12T23:39:39.409+0000] {processor.py:840} INFO - DAG(s) 'novaretail_etl_pipeline' retrieved from /opt/airflow/dags/novareatil_etl_dag.py
[2026-01-12T23:39:39.439+0000] {logging_mixin.py:188} INFO - [2026-01-12T23:39:39.439+0000] {dag.py:3096} INFO - Sync 1 DAGs
[2026-01-12T23:39:41.491+0000] {logging_mixin.py:188} INFO - [2026-01-12T23:39:41.491+0000] {dag.py:3954} INFO - Setting next_dagrun for novaretail_etl_pipeline to None, run_after=None
[2026-01-12T23:39:41.512+0000] {processor.py:183} INFO - Processing /opt/airflow/dags/novareatil_etl_dag.py took 0.095 seconds
[2026-01-12T23:40:14.803+0000] {processor.py:161} INFO - Started process (PID=1954) to work on /opt/airflow/dags/novareatil_etl_dag.py
[2026-01-12T23:40:14.804+0000] {processor.py:830} INFO - Processing file /opt/airflow/dags/novareatil_etl_dag.py for tasks to queue
[2026-01-12T23:40:14.805+0000] {logging_mixin.py:188} INFO - [2026-01-12T23:40:14.805+0000] {dagbag.py:540} INFO - Filling up the DagBag from /opt/airflow/dags/novareatil_etl_dag.py
[2026-01-12T23:40:14.825+0000] {processor.py:840} INFO - DAG(s) 'novaretail_etl_pipeline' retrieved from /opt/airflow/dags/novareatil_etl_dag.py
[2026-01-12T23:40:14.857+0000] {logging_mixin.py:188} INFO - [2026-01-12T23:40:14.857+0000] {dag.py:3096} INFO - Sync 1 DAGs
[2026-01-12T23:40:14.872+0000] {logging_mixin.py:188} INFO - [2026-01-12T23:40:14.872+0000] {dag.py:3954} INFO - Setting next_dagrun for novaretail_etl_pipeline to None, run_after=None
[2026-01-12T23:40:14.896+0000] {processor.py:183} INFO - Processing /opt/airflow/dags/novareatil_etl_dag.py took 0.097 seconds
[2026-01-12T23:40:48.359+0000] {processor.py:161} INFO - Started process (PID=1959) to work on /opt/airflow/dags/novareatil_etl_dag.py
[2026-01-12T23:40:48.361+0000] {processor.py:830} INFO - Processing file /opt/airflow/dags/novareatil_etl_dag.py for tasks to queue
[2026-01-12T23:40:48.364+0000] {logging_mixin.py:188} INFO - [2026-01-12T23:40:48.363+0000] {dagbag.py:540} INFO - Filling up the DagBag from /opt/airflow/dags/novareatil_etl_dag.py
[2026-01-12T23:40:48.398+0000] {processor.py:840} INFO - DAG(s) 'novaretail_etl_pipeline' retrieved from /opt/airflow/dags/novareatil_etl_dag.py
[2026-01-12T23:40:48.449+0000] {logging_mixin.py:188} INFO - [2026-01-12T23:40:48.449+0000] {dag.py:3096} INFO - Sync 1 DAGs
[2026-01-12T23:40:48.486+0000] {logging_mixin.py:188} INFO - [2026-01-12T23:40:48.486+0000] {dag.py:3954} INFO - Setting next_dagrun for novaretail_etl_pipeline to None, run_after=None
[2026-01-12T23:40:48.543+0000] {processor.py:183} INFO - Processing /opt/airflow/dags/novareatil_etl_dag.py took 0.192 seconds
[2026-01-12T23:41:21.785+0000] {processor.py:161} INFO - Started process (PID=1964) to work on /opt/airflow/dags/novareatil_etl_dag.py
[2026-01-12T23:41:21.787+0000] {processor.py:830} INFO - Processing file /opt/airflow/dags/novareatil_etl_dag.py for tasks to queue
[2026-01-12T23:41:21.788+0000] {logging_mixin.py:188} INFO - [2026-01-12T23:41:21.787+0000] {dagbag.py:540} INFO - Filling up the DagBag from /opt/airflow/dags/novareatil_etl_dag.py
[2026-01-12T23:41:21.812+0000] {processor.py:840} INFO - DAG(s) 'novaretail_etl_pipeline' retrieved from /opt/airflow/dags/novareatil_etl_dag.py
[2026-01-12T23:41:21.888+0000] {logging_mixin.py:188} INFO - [2026-01-12T23:41:21.888+0000] {dag.py:3096} INFO - Sync 1 DAGs
[2026-01-12T23:41:21.963+0000] {logging_mixin.py:188} INFO - [2026-01-12T23:41:21.962+0000] {dag.py:3954} INFO - Setting next_dagrun for novaretail_etl_pipeline to None, run_after=None
[2026-01-12T23:41:22.042+0000] {processor.py:183} INFO - Processing /opt/airflow/dags/novareatil_etl_dag.py took 0.263 seconds
[2026-01-12T23:41:52.138+0000] {processor.py:161} INFO - Started process (PID=1969) to work on /opt/airflow/dags/novareatil_etl_dag.py
[2026-01-12T23:41:52.139+0000] {processor.py:830} INFO - Processing file /opt/airflow/dags/novareatil_etl_dag.py for tasks to queue
[2026-01-12T23:41:52.140+0000] {logging_mixin.py:188} INFO - [2026-01-12T23:41:52.140+0000] {dagbag.py:540} INFO - Filling up the DagBag from /opt/airflow/dags/novareatil_etl_dag.py
[2026-01-12T23:41:52.162+0000] {processor.py:840} INFO - DAG(s) 'novaretail_etl_pipeline' retrieved from /opt/airflow/dags/novareatil_etl_dag.py
[2026-01-12T23:41:52.199+0000] {logging_mixin.py:188} INFO - [2026-01-12T23:41:52.199+0000] {dag.py:3096} INFO - Sync 1 DAGs
[2026-01-12T23:41:54.321+0000] {logging_mixin.py:188} INFO - [2026-01-12T23:41:54.320+0000] {dag.py:3954} INFO - Setting next_dagrun for novaretail_etl_pipeline to None, run_after=None
[2026-01-12T23:41:54.378+0000] {processor.py:183} INFO - Processing /opt/airflow/dags/novareatil_etl_dag.py took 0.210 seconds
[2026-01-12T23:42:27.904+0000] {processor.py:161} INFO - Started process (PID=1974) to work on /opt/airflow/dags/novareatil_etl_dag.py
[2026-01-12T23:42:27.907+0000] {processor.py:830} INFO - Processing file /opt/airflow/dags/novareatil_etl_dag.py for tasks to queue
[2026-01-12T23:42:27.909+0000] {logging_mixin.py:188} INFO - [2026-01-12T23:42:27.908+0000] {dagbag.py:540} INFO - Filling up the DagBag from /opt/airflow/dags/novareatil_etl_dag.py
[2026-01-12T23:42:27.944+0000] {processor.py:840} INFO - DAG(s) 'novaretail_etl_pipeline' retrieved from /opt/airflow/dags/novareatil_etl_dag.py
[2026-01-12T23:42:28.014+0000] {logging_mixin.py:188} INFO - [2026-01-12T23:42:28.014+0000] {dag.py:3096} INFO - Sync 1 DAGs
[2026-01-12T23:42:28.105+0000] {logging_mixin.py:188} INFO - [2026-01-12T23:42:28.105+0000] {dag.py:3954} INFO - Setting next_dagrun for novaretail_etl_pipeline to None, run_after=None
[2026-01-12T23:42:28.196+0000] {processor.py:183} INFO - Processing /opt/airflow/dags/novareatil_etl_dag.py took 0.310 seconds
[2026-01-12T23:43:01.422+0000] {processor.py:161} INFO - Started process (PID=1979) to work on /opt/airflow/dags/novareatil_etl_dag.py
[2026-01-12T23:43:01.424+0000] {processor.py:830} INFO - Processing file /opt/airflow/dags/novareatil_etl_dag.py for tasks to queue
[2026-01-12T23:43:01.426+0000] {logging_mixin.py:188} INFO - [2026-01-12T23:43:01.425+0000] {dagbag.py:540} INFO - Filling up the DagBag from /opt/airflow/dags/novareatil_etl_dag.py
[2026-01-12T23:43:01.452+0000] {processor.py:840} INFO - DAG(s) 'novaretail_etl_pipeline' retrieved from /opt/airflow/dags/novareatil_etl_dag.py
[2026-01-12T23:43:01.538+0000] {logging_mixin.py:188} INFO - [2026-01-12T23:43:01.538+0000] {dag.py:3096} INFO - Sync 1 DAGs
[2026-01-12T23:43:01.573+0000] {logging_mixin.py:188} INFO - [2026-01-12T23:43:01.573+0000] {dag.py:3954} INFO - Setting next_dagrun for novaretail_etl_pipeline to None, run_after=None
[2026-01-12T23:43:01.598+0000] {processor.py:183} INFO - Processing /opt/airflow/dags/novareatil_etl_dag.py took 0.182 seconds
[2026-01-12T23:43:33.995+0000] {processor.py:161} INFO - Started process (PID=1984) to work on /opt/airflow/dags/novareatil_etl_dag.py
[2026-01-12T23:43:33.997+0000] {processor.py:830} INFO - Processing file /opt/airflow/dags/novareatil_etl_dag.py for tasks to queue
[2026-01-12T23:43:33.999+0000] {logging_mixin.py:188} INFO - [2026-01-12T23:43:33.998+0000] {dagbag.py:540} INFO - Filling up the DagBag from /opt/airflow/dags/novareatil_etl_dag.py
[2026-01-12T23:43:34.031+0000] {processor.py:840} INFO - DAG(s) 'novaretail_etl_pipeline' retrieved from /opt/airflow/dags/novareatil_etl_dag.py
[2026-01-12T23:43:34.061+0000] {logging_mixin.py:188} INFO - [2026-01-12T23:43:34.061+0000] {dag.py:3096} INFO - Sync 1 DAGs
[2026-01-12T23:43:34.076+0000] {logging_mixin.py:188} INFO - [2026-01-12T23:43:34.075+0000] {dag.py:3954} INFO - Setting next_dagrun for novaretail_etl_pipeline to None, run_after=None
[2026-01-12T23:43:34.095+0000] {processor.py:183} INFO - Processing /opt/airflow/dags/novareatil_etl_dag.py took 0.111 seconds
[2026-01-12T23:44:07.252+0000] {processor.py:161} INFO - Started process (PID=1989) to work on /opt/airflow/dags/novareatil_etl_dag.py
[2026-01-12T23:44:07.253+0000] {processor.py:830} INFO - Processing file /opt/airflow/dags/novareatil_etl_dag.py for tasks to queue
[2026-01-12T23:44:07.254+0000] {logging_mixin.py:188} INFO - [2026-01-12T23:44:07.254+0000] {dagbag.py:540} INFO - Filling up the DagBag from /opt/airflow/dags/novareatil_etl_dag.py
[2026-01-12T23:44:07.285+0000] {processor.py:840} INFO - DAG(s) 'novaretail_etl_pipeline' retrieved from /opt/airflow/dags/novareatil_etl_dag.py
[2026-01-12T23:44:07.350+0000] {logging_mixin.py:188} INFO - [2026-01-12T23:44:07.350+0000] {dag.py:3096} INFO - Sync 1 DAGs
[2026-01-12T23:44:07.387+0000] {logging_mixin.py:188} INFO - [2026-01-12T23:44:07.386+0000] {dag.py:3954} INFO - Setting next_dagrun for novaretail_etl_pipeline to None, run_after=None
[2026-01-12T23:44:07.406+0000] {processor.py:183} INFO - Processing /opt/airflow/dags/novareatil_etl_dag.py took 0.159 seconds
[2026-01-12T23:44:40.755+0000] {processor.py:161} INFO - Started process (PID=1994) to work on /opt/airflow/dags/novareatil_etl_dag.py
[2026-01-12T23:44:40.756+0000] {processor.py:830} INFO - Processing file /opt/airflow/dags/novareatil_etl_dag.py for tasks to queue
[2026-01-12T23:44:40.757+0000] {logging_mixin.py:188} INFO - [2026-01-12T23:44:40.756+0000] {dagbag.py:540} INFO - Filling up the DagBag from /opt/airflow/dags/novareatil_etl_dag.py
[2026-01-12T23:44:40.777+0000] {processor.py:840} INFO - DAG(s) 'novaretail_etl_pipeline' retrieved from /opt/airflow/dags/novareatil_etl_dag.py
[2026-01-12T23:44:40.811+0000] {logging_mixin.py:188} INFO - [2026-01-12T23:44:40.811+0000] {dag.py:3096} INFO - Sync 1 DAGs
[2026-01-12T23:44:40.831+0000] {logging_mixin.py:188} INFO - [2026-01-12T23:44:40.831+0000] {dag.py:3954} INFO - Setting next_dagrun for novaretail_etl_pipeline to None, run_after=None
[2026-01-12T23:44:40.891+0000] {processor.py:183} INFO - Processing /opt/airflow/dags/novareatil_etl_dag.py took 0.142 seconds
[2026-01-12T23:45:14.309+0000] {processor.py:161} INFO - Started process (PID=1999) to work on /opt/airflow/dags/novareatil_etl_dag.py
[2026-01-12T23:45:14.310+0000] {processor.py:830} INFO - Processing file /opt/airflow/dags/novareatil_etl_dag.py for tasks to queue
[2026-01-12T23:45:14.311+0000] {logging_mixin.py:188} INFO - [2026-01-12T23:45:14.311+0000] {dagbag.py:540} INFO - Filling up the DagBag from /opt/airflow/dags/novareatil_etl_dag.py
[2026-01-12T23:45:14.330+0000] {processor.py:840} INFO - DAG(s) 'novaretail_etl_pipeline' retrieved from /opt/airflow/dags/novareatil_etl_dag.py
[2026-01-12T23:45:14.366+0000] {logging_mixin.py:188} INFO - [2026-01-12T23:45:14.366+0000] {dag.py:3096} INFO - Sync 1 DAGs
[2026-01-12T23:45:14.382+0000] {logging_mixin.py:188} INFO - [2026-01-12T23:45:14.382+0000] {dag.py:3954} INFO - Setting next_dagrun for novaretail_etl_pipeline to None, run_after=None
[2026-01-12T23:45:14.404+0000] {processor.py:183} INFO - Processing /opt/airflow/dags/novareatil_etl_dag.py took 0.101 seconds
[2026-01-12T23:45:44.765+0000] {processor.py:161} INFO - Started process (PID=2004) to work on /opt/airflow/dags/novareatil_etl_dag.py
[2026-01-12T23:45:44.767+0000] {processor.py:830} INFO - Processing file /opt/airflow/dags/novareatil_etl_dag.py for tasks to queue
[2026-01-12T23:45:44.768+0000] {logging_mixin.py:188} INFO - [2026-01-12T23:45:44.768+0000] {dagbag.py:540} INFO - Filling up the DagBag from /opt/airflow/dags/novareatil_etl_dag.py
[2026-01-12T23:45:44.796+0000] {processor.py:840} INFO - DAG(s) 'novaretail_etl_pipeline' retrieved from /opt/airflow/dags/novareatil_etl_dag.py
[2026-01-12T23:45:46.877+0000] {logging_mixin.py:188} INFO - [2026-01-12T23:45:46.876+0000] {dag.py:3096} INFO - Sync 1 DAGs
[2026-01-12T23:45:46.897+0000] {logging_mixin.py:188} INFO - [2026-01-12T23:45:46.896+0000] {dag.py:3954} INFO - Setting next_dagrun for novaretail_etl_pipeline to None, run_after=None
[2026-01-12T23:45:46.933+0000] {processor.py:183} INFO - Processing /opt/airflow/dags/novareatil_etl_dag.py took 0.138 seconds
[2026-01-12T23:46:20.067+0000] {processor.py:161} INFO - Started process (PID=2009) to work on /opt/airflow/dags/novareatil_etl_dag.py
[2026-01-12T23:46:20.068+0000] {processor.py:830} INFO - Processing file /opt/airflow/dags/novareatil_etl_dag.py for tasks to queue
[2026-01-12T23:46:20.069+0000] {logging_mixin.py:188} INFO - [2026-01-12T23:46:20.069+0000] {dagbag.py:540} INFO - Filling up the DagBag from /opt/airflow/dags/novareatil_etl_dag.py
[2026-01-12T23:46:20.097+0000] {processor.py:840} INFO - DAG(s) 'novaretail_etl_pipeline' retrieved from /opt/airflow/dags/novareatil_etl_dag.py
[2026-01-12T23:46:20.150+0000] {logging_mixin.py:188} INFO - [2026-01-12T23:46:20.150+0000] {dag.py:3096} INFO - Sync 1 DAGs
[2026-01-12T23:46:20.191+0000] {logging_mixin.py:188} INFO - [2026-01-12T23:46:20.190+0000] {dag.py:3954} INFO - Setting next_dagrun for novaretail_etl_pipeline to None, run_after=None
[2026-01-12T23:46:20.239+0000] {processor.py:183} INFO - Processing /opt/airflow/dags/novareatil_etl_dag.py took 0.178 seconds
[2026-01-12T23:46:53.538+0000] {processor.py:161} INFO - Started process (PID=2014) to work on /opt/airflow/dags/novareatil_etl_dag.py
[2026-01-12T23:46:53.540+0000] {processor.py:830} INFO - Processing file /opt/airflow/dags/novareatil_etl_dag.py for tasks to queue
[2026-01-12T23:46:53.542+0000] {logging_mixin.py:188} INFO - [2026-01-12T23:46:53.542+0000] {dagbag.py:540} INFO - Filling up the DagBag from /opt/airflow/dags/novareatil_etl_dag.py
[2026-01-12T23:46:53.564+0000] {processor.py:840} INFO - DAG(s) 'novaretail_etl_pipeline' retrieved from /opt/airflow/dags/novareatil_etl_dag.py
[2026-01-12T23:46:53.652+0000] {logging_mixin.py:188} INFO - [2026-01-12T23:46:53.651+0000] {dag.py:3096} INFO - Sync 1 DAGs
[2026-01-12T23:46:53.677+0000] {logging_mixin.py:188} INFO - [2026-01-12T23:46:53.676+0000] {dag.py:3954} INFO - Setting next_dagrun for novaretail_etl_pipeline to None, run_after=None
[2026-01-12T23:46:53.700+0000] {processor.py:183} INFO - Processing /opt/airflow/dags/novareatil_etl_dag.py took 0.168 seconds
[2026-01-12T23:47:27.199+0000] {processor.py:161} INFO - Started process (PID=2019) to work on /opt/airflow/dags/novareatil_etl_dag.py
[2026-01-12T23:47:27.200+0000] {processor.py:830} INFO - Processing file /opt/airflow/dags/novareatil_etl_dag.py for tasks to queue
[2026-01-12T23:47:27.202+0000] {logging_mixin.py:188} INFO - [2026-01-12T23:47:27.201+0000] {dagbag.py:540} INFO - Filling up the DagBag from /opt/airflow/dags/novareatil_etl_dag.py
[2026-01-12T23:47:27.231+0000] {processor.py:840} INFO - DAG(s) 'novaretail_etl_pipeline' retrieved from /opt/airflow/dags/novareatil_etl_dag.py
[2026-01-12T23:47:27.272+0000] {logging_mixin.py:188} INFO - [2026-01-12T23:47:27.272+0000] {dag.py:3096} INFO - Sync 1 DAGs
[2026-01-12T23:47:27.304+0000] {logging_mixin.py:188} INFO - [2026-01-12T23:47:27.304+0000] {dag.py:3954} INFO - Setting next_dagrun for novaretail_etl_pipeline to None, run_after=None
[2026-01-12T23:47:27.349+0000] {processor.py:183} INFO - Processing /opt/airflow/dags/novareatil_etl_dag.py took 0.155 seconds
[2026-01-12T23:47:57.631+0000] {processor.py:161} INFO - Started process (PID=2024) to work on /opt/airflow/dags/novareatil_etl_dag.py
[2026-01-12T23:47:57.633+0000] {processor.py:830} INFO - Processing file /opt/airflow/dags/novareatil_etl_dag.py for tasks to queue
[2026-01-12T23:47:57.634+0000] {logging_mixin.py:188} INFO - [2026-01-12T23:47:57.634+0000] {dagbag.py:540} INFO - Filling up the DagBag from /opt/airflow/dags/novareatil_etl_dag.py
[2026-01-12T23:47:57.660+0000] {processor.py:840} INFO - DAG(s) 'novaretail_etl_pipeline' retrieved from /opt/airflow/dags/novareatil_etl_dag.py
[2026-01-12T23:47:59.730+0000] {logging_mixin.py:188} INFO - [2026-01-12T23:47:59.729+0000] {dag.py:3096} INFO - Sync 1 DAGs
[2026-01-12T23:47:59.758+0000] {logging_mixin.py:188} INFO - [2026-01-12T23:47:59.757+0000] {dag.py:3954} INFO - Setting next_dagrun for novaretail_etl_pipeline to None, run_after=None
[2026-01-12T23:47:59.781+0000] {processor.py:183} INFO - Processing /opt/airflow/dags/novareatil_etl_dag.py took 0.121 seconds
[2026-01-12T23:48:32.940+0000] {processor.py:161} INFO - Started process (PID=2029) to work on /opt/airflow/dags/novareatil_etl_dag.py
[2026-01-12T23:48:32.942+0000] {processor.py:830} INFO - Processing file /opt/airflow/dags/novareatil_etl_dag.py for tasks to queue
[2026-01-12T23:48:32.943+0000] {logging_mixin.py:188} INFO - [2026-01-12T23:48:32.943+0000] {dagbag.py:540} INFO - Filling up the DagBag from /opt/airflow/dags/novareatil_etl_dag.py
[2026-01-12T23:48:32.968+0000] {processor.py:840} INFO - DAG(s) 'novaretail_etl_pipeline' retrieved from /opt/airflow/dags/novareatil_etl_dag.py
[2026-01-12T23:48:33.007+0000] {logging_mixin.py:188} INFO - [2026-01-12T23:48:33.006+0000] {dag.py:3096} INFO - Sync 1 DAGs
[2026-01-12T23:48:33.036+0000] {logging_mixin.py:188} INFO - [2026-01-12T23:48:33.036+0000] {dag.py:3954} INFO - Setting next_dagrun for novaretail_etl_pipeline to None, run_after=None
[2026-01-12T23:48:33.065+0000] {processor.py:183} INFO - Processing /opt/airflow/dags/novareatil_etl_dag.py took 0.132 seconds
[2026-01-12T23:49:06.554+0000] {processor.py:161} INFO - Started process (PID=2034) to work on /opt/airflow/dags/novareatil_etl_dag.py
[2026-01-12T23:49:06.555+0000] {processor.py:830} INFO - Processing file /opt/airflow/dags/novareatil_etl_dag.py for tasks to queue
[2026-01-12T23:49:06.556+0000] {logging_mixin.py:188} INFO - [2026-01-12T23:49:06.556+0000] {dagbag.py:540} INFO - Filling up the DagBag from /opt/airflow/dags/novareatil_etl_dag.py
[2026-01-12T23:49:06.578+0000] {processor.py:840} INFO - DAG(s) 'novaretail_etl_pipeline' retrieved from /opt/airflow/dags/novareatil_etl_dag.py
[2026-01-12T23:49:06.609+0000] {logging_mixin.py:188} INFO - [2026-01-12T23:49:06.609+0000] {dag.py:3096} INFO - Sync 1 DAGs
[2026-01-12T23:49:06.624+0000] {logging_mixin.py:188} INFO - [2026-01-12T23:49:06.624+0000] {dag.py:3954} INFO - Setting next_dagrun for novaretail_etl_pipeline to None, run_after=None
[2026-01-12T23:49:06.644+0000] {processor.py:183} INFO - Processing /opt/airflow/dags/novareatil_etl_dag.py took 0.097 seconds
[2026-01-12T23:49:40.034+0000] {processor.py:161} INFO - Started process (PID=2039) to work on /opt/airflow/dags/novareatil_etl_dag.py
[2026-01-12T23:49:40.035+0000] {processor.py:830} INFO - Processing file /opt/airflow/dags/novareatil_etl_dag.py for tasks to queue
[2026-01-12T23:49:40.037+0000] {logging_mixin.py:188} INFO - [2026-01-12T23:49:40.037+0000] {dagbag.py:540} INFO - Filling up the DagBag from /opt/airflow/dags/novareatil_etl_dag.py
[2026-01-12T23:49:40.069+0000] {processor.py:840} INFO - DAG(s) 'novaretail_etl_pipeline' retrieved from /opt/airflow/dags/novareatil_etl_dag.py
[2026-01-12T23:49:40.124+0000] {logging_mixin.py:188} INFO - [2026-01-12T23:49:40.123+0000] {dag.py:3096} INFO - Sync 1 DAGs
[2026-01-12T23:49:40.141+0000] {logging_mixin.py:188} INFO - [2026-01-12T23:49:40.141+0000] {dag.py:3954} INFO - Setting next_dagrun for novaretail_etl_pipeline to None, run_after=None
[2026-01-12T23:49:40.190+0000] {processor.py:183} INFO - Processing /opt/airflow/dags/novareatil_etl_dag.py took 0.165 seconds
[2026-01-12T23:50:12.667+0000] {processor.py:161} INFO - Started process (PID=2044) to work on /opt/airflow/dags/novareatil_etl_dag.py
[2026-01-12T23:50:12.672+0000] {processor.py:830} INFO - Processing file /opt/airflow/dags/novareatil_etl_dag.py for tasks to queue
[2026-01-12T23:50:12.676+0000] {logging_mixin.py:188} INFO - [2026-01-12T23:50:12.675+0000] {dagbag.py:540} INFO - Filling up the DagBag from /opt/airflow/dags/novareatil_etl_dag.py
[2026-01-12T23:50:12.717+0000] {processor.py:840} INFO - DAG(s) 'novaretail_etl_pipeline' retrieved from /opt/airflow/dags/novareatil_etl_dag.py
[2026-01-12T23:50:12.814+0000] {logging_mixin.py:188} INFO - [2026-01-12T23:50:12.814+0000] {dag.py:3096} INFO - Sync 1 DAGs
[2026-01-12T23:50:12.858+0000] {logging_mixin.py:188} INFO - [2026-01-12T23:50:12.857+0000] {dag.py:3954} INFO - Setting next_dagrun for novaretail_etl_pipeline to None, run_after=None
[2026-01-12T23:50:12.906+0000] {processor.py:183} INFO - Processing /opt/airflow/dags/novareatil_etl_dag.py took 0.252 seconds
[2026-01-12T23:50:45.922+0000] {processor.py:161} INFO - Started process (PID=2049) to work on /opt/airflow/dags/novareatil_etl_dag.py
[2026-01-12T23:50:45.923+0000] {processor.py:830} INFO - Processing file /opt/airflow/dags/novareatil_etl_dag.py for tasks to queue
[2026-01-12T23:50:45.924+0000] {logging_mixin.py:188} INFO - [2026-01-12T23:50:45.924+0000] {dagbag.py:540} INFO - Filling up the DagBag from /opt/airflow/dags/novareatil_etl_dag.py
[2026-01-12T23:50:45.947+0000] {processor.py:840} INFO - DAG(s) 'novaretail_etl_pipeline' retrieved from /opt/airflow/dags/novareatil_etl_dag.py
[2026-01-12T23:50:45.986+0000] {logging_mixin.py:188} INFO - [2026-01-12T23:50:45.986+0000] {dag.py:3096} INFO - Sync 1 DAGs
[2026-01-12T23:50:46.003+0000] {logging_mixin.py:188} INFO - [2026-01-12T23:50:46.003+0000] {dag.py:3954} INFO - Setting next_dagrun for novaretail_etl_pipeline to None, run_after=None
[2026-01-12T23:50:46.030+0000] {processor.py:183} INFO - Processing /opt/airflow/dags/novareatil_etl_dag.py took 0.114 seconds
[2026-01-12T23:51:19.410+0000] {processor.py:161} INFO - Started process (PID=2054) to work on /opt/airflow/dags/novareatil_etl_dag.py
[2026-01-12T23:51:19.411+0000] {processor.py:830} INFO - Processing file /opt/airflow/dags/novareatil_etl_dag.py for tasks to queue
[2026-01-12T23:51:19.412+0000] {logging_mixin.py:188} INFO - [2026-01-12T23:51:19.412+0000] {dagbag.py:540} INFO - Filling up the DagBag from /opt/airflow/dags/novareatil_etl_dag.py
[2026-01-12T23:51:19.436+0000] {processor.py:840} INFO - DAG(s) 'novaretail_etl_pipeline' retrieved from /opt/airflow/dags/novareatil_etl_dag.py
[2026-01-12T23:51:19.467+0000] {logging_mixin.py:188} INFO - [2026-01-12T23:51:19.467+0000] {dag.py:3096} INFO - Sync 1 DAGs
[2026-01-12T23:51:19.484+0000] {logging_mixin.py:188} INFO - [2026-01-12T23:51:19.483+0000] {dag.py:3954} INFO - Setting next_dagrun for novaretail_etl_pipeline to None, run_after=None
[2026-01-12T23:51:19.501+0000] {processor.py:183} INFO - Processing /opt/airflow/dags/novareatil_etl_dag.py took 0.100 seconds
[2026-01-12T23:51:52.895+0000] {processor.py:161} INFO - Started process (PID=2059) to work on /opt/airflow/dags/novareatil_etl_dag.py
[2026-01-12T23:51:52.895+0000] {processor.py:830} INFO - Processing file /opt/airflow/dags/novareatil_etl_dag.py for tasks to queue
[2026-01-12T23:51:52.896+0000] {logging_mixin.py:188} INFO - [2026-01-12T23:51:52.896+0000] {dagbag.py:540} INFO - Filling up the DagBag from /opt/airflow/dags/novareatil_etl_dag.py
[2026-01-12T23:51:52.916+0000] {processor.py:840} INFO - DAG(s) 'novaretail_etl_pipeline' retrieved from /opt/airflow/dags/novareatil_etl_dag.py
[2026-01-12T23:51:52.946+0000] {logging_mixin.py:188} INFO - [2026-01-12T23:51:52.946+0000] {dag.py:3096} INFO - Sync 1 DAGs
[2026-01-12T23:51:52.960+0000] {logging_mixin.py:188} INFO - [2026-01-12T23:51:52.959+0000] {dag.py:3954} INFO - Setting next_dagrun for novaretail_etl_pipeline to None, run_after=None
[2026-01-12T23:51:52.978+0000] {processor.py:183} INFO - Processing /opt/airflow/dags/novareatil_etl_dag.py took 0.088 seconds
[2026-01-12T23:52:26.392+0000] {processor.py:161} INFO - Started process (PID=2064) to work on /opt/airflow/dags/novareatil_etl_dag.py
[2026-01-12T23:52:26.393+0000] {processor.py:830} INFO - Processing file /opt/airflow/dags/novareatil_etl_dag.py for tasks to queue
[2026-01-12T23:52:26.395+0000] {logging_mixin.py:188} INFO - [2026-01-12T23:52:26.394+0000] {dagbag.py:540} INFO - Filling up the DagBag from /opt/airflow/dags/novareatil_etl_dag.py
[2026-01-12T23:52:26.446+0000] {processor.py:840} INFO - DAG(s) 'novaretail_etl_pipeline' retrieved from /opt/airflow/dags/novareatil_etl_dag.py
[2026-01-12T23:52:26.502+0000] {logging_mixin.py:188} INFO - [2026-01-12T23:52:26.502+0000] {dag.py:3096} INFO - Sync 1 DAGs
[2026-01-12T23:52:26.521+0000] {logging_mixin.py:188} INFO - [2026-01-12T23:52:26.520+0000] {dag.py:3954} INFO - Setting next_dagrun for novaretail_etl_pipeline to None, run_after=None
[2026-01-12T23:52:26.546+0000] {processor.py:183} INFO - Processing /opt/airflow/dags/novareatil_etl_dag.py took 0.163 seconds
[2026-01-12T23:52:58.720+0000] {processor.py:161} INFO - Started process (PID=2069) to work on /opt/airflow/dags/novareatil_etl_dag.py
[2026-01-12T23:52:58.721+0000] {processor.py:830} INFO - Processing file /opt/airflow/dags/novareatil_etl_dag.py for tasks to queue
[2026-01-12T23:52:58.723+0000] {logging_mixin.py:188} INFO - [2026-01-12T23:52:58.722+0000] {dagbag.py:540} INFO - Filling up the DagBag from /opt/airflow/dags/novareatil_etl_dag.py
[2026-01-12T23:52:58.750+0000] {processor.py:840} INFO - DAG(s) 'novaretail_etl_pipeline' retrieved from /opt/airflow/dags/novareatil_etl_dag.py
[2026-01-12T23:52:58.803+0000] {logging_mixin.py:188} INFO - [2026-01-12T23:52:58.802+0000] {dag.py:3096} INFO - Sync 1 DAGs
[2026-01-12T23:52:58.826+0000] {logging_mixin.py:188} INFO - [2026-01-12T23:52:58.826+0000] {dag.py:3954} INFO - Setting next_dagrun for novaretail_etl_pipeline to None, run_after=None
[2026-01-12T23:52:58.856+0000] {processor.py:183} INFO - Processing /opt/airflow/dags/novareatil_etl_dag.py took 0.144 seconds
[2026-01-12T23:53:32.315+0000] {processor.py:161} INFO - Started process (PID=2074) to work on /opt/airflow/dags/novareatil_etl_dag.py
[2026-01-12T23:53:32.316+0000] {processor.py:830} INFO - Processing file /opt/airflow/dags/novareatil_etl_dag.py for tasks to queue
[2026-01-12T23:53:32.317+0000] {logging_mixin.py:188} INFO - [2026-01-12T23:53:32.317+0000] {dagbag.py:540} INFO - Filling up the DagBag from /opt/airflow/dags/novareatil_etl_dag.py
[2026-01-12T23:53:32.340+0000] {processor.py:840} INFO - DAG(s) 'novaretail_etl_pipeline' retrieved from /opt/airflow/dags/novareatil_etl_dag.py
[2026-01-12T23:53:32.373+0000] {logging_mixin.py:188} INFO - [2026-01-12T23:53:32.372+0000] {dag.py:3096} INFO - Sync 1 DAGs
[2026-01-12T23:53:32.386+0000] {logging_mixin.py:188} INFO - [2026-01-12T23:53:32.386+0000] {dag.py:3954} INFO - Setting next_dagrun for novaretail_etl_pipeline to None, run_after=None
[2026-01-12T23:53:32.406+0000] {processor.py:183} INFO - Processing /opt/airflow/dags/novareatil_etl_dag.py took 0.110 seconds
[2026-01-12T23:54:06.084+0000] {processor.py:161} INFO - Started process (PID=2079) to work on /opt/airflow/dags/novareatil_etl_dag.py
[2026-01-12T23:54:06.087+0000] {processor.py:830} INFO - Processing file /opt/airflow/dags/novareatil_etl_dag.py for tasks to queue
[2026-01-12T23:54:06.090+0000] {logging_mixin.py:188} INFO - [2026-01-12T23:54:06.090+0000] {dagbag.py:540} INFO - Filling up the DagBag from /opt/airflow/dags/novareatil_etl_dag.py
[2026-01-12T23:54:06.182+0000] {processor.py:840} INFO - DAG(s) 'novaretail_etl_pipeline' retrieved from /opt/airflow/dags/novareatil_etl_dag.py
[2026-01-12T23:54:06.297+0000] {logging_mixin.py:188} INFO - [2026-01-12T23:54:06.296+0000] {dag.py:3096} INFO - Sync 1 DAGs
[2026-01-12T23:54:06.350+0000] {logging_mixin.py:188} INFO - [2026-01-12T23:54:06.349+0000] {dag.py:3954} INFO - Setting next_dagrun for novaretail_etl_pipeline to None, run_after=None
[2026-01-12T23:54:06.448+0000] {processor.py:183} INFO - Processing /opt/airflow/dags/novareatil_etl_dag.py took 0.381 seconds
[2026-01-12T23:54:38.993+0000] {processor.py:161} INFO - Started process (PID=2084) to work on /opt/airflow/dags/novareatil_etl_dag.py
[2026-01-12T23:54:38.994+0000] {processor.py:830} INFO - Processing file /opt/airflow/dags/novareatil_etl_dag.py for tasks to queue
[2026-01-12T23:54:38.997+0000] {logging_mixin.py:188} INFO - [2026-01-12T23:54:38.997+0000] {dagbag.py:540} INFO - Filling up the DagBag from /opt/airflow/dags/novareatil_etl_dag.py
[2026-01-12T23:54:39.060+0000] {processor.py:840} INFO - DAG(s) 'novaretail_etl_pipeline' retrieved from /opt/airflow/dags/novareatil_etl_dag.py
[2026-01-12T23:54:39.148+0000] {logging_mixin.py:188} INFO - [2026-01-12T23:54:39.147+0000] {dag.py:3096} INFO - Sync 1 DAGs
[2026-01-12T23:54:39.192+0000] {logging_mixin.py:188} INFO - [2026-01-12T23:54:39.192+0000] {dag.py:3954} INFO - Setting next_dagrun for novaretail_etl_pipeline to None, run_after=None
[2026-01-12T23:54:39.273+0000] {processor.py:183} INFO - Processing /opt/airflow/dags/novareatil_etl_dag.py took 0.295 seconds
[2026-01-12T23:55:11.661+0000] {processor.py:161} INFO - Started process (PID=2089) to work on /opt/airflow/dags/novareatil_etl_dag.py
[2026-01-12T23:55:11.663+0000] {processor.py:830} INFO - Processing file /opt/airflow/dags/novareatil_etl_dag.py for tasks to queue
[2026-01-12T23:55:11.665+0000] {logging_mixin.py:188} INFO - [2026-01-12T23:55:11.664+0000] {dagbag.py:540} INFO - Filling up the DagBag from /opt/airflow/dags/novareatil_etl_dag.py
[2026-01-12T23:55:11.702+0000] {processor.py:840} INFO - DAG(s) 'novaretail_etl_pipeline' retrieved from /opt/airflow/dags/novareatil_etl_dag.py
[2026-01-12T23:55:11.751+0000] {logging_mixin.py:188} INFO - [2026-01-12T23:55:11.751+0000] {dag.py:3096} INFO - Sync 1 DAGs
[2026-01-12T23:55:11.774+0000] {logging_mixin.py:188} INFO - [2026-01-12T23:55:11.774+0000] {dag.py:3954} INFO - Setting next_dagrun for novaretail_etl_pipeline to None, run_after=None
[2026-01-12T23:55:11.803+0000] {processor.py:183} INFO - Processing /opt/airflow/dags/novareatil_etl_dag.py took 0.152 seconds
[2026-01-12T23:55:45.142+0000] {processor.py:161} INFO - Started process (PID=2094) to work on /opt/airflow/dags/novareatil_etl_dag.py
[2026-01-12T23:55:45.143+0000] {processor.py:830} INFO - Processing file /opt/airflow/dags/novareatil_etl_dag.py for tasks to queue
[2026-01-12T23:55:45.144+0000] {logging_mixin.py:188} INFO - [2026-01-12T23:55:45.144+0000] {dagbag.py:540} INFO - Filling up the DagBag from /opt/airflow/dags/novareatil_etl_dag.py
[2026-01-12T23:55:45.172+0000] {processor.py:840} INFO - DAG(s) 'novaretail_etl_pipeline' retrieved from /opt/airflow/dags/novareatil_etl_dag.py
[2026-01-12T23:55:45.231+0000] {logging_mixin.py:188} INFO - [2026-01-12T23:55:45.231+0000] {dag.py:3096} INFO - Sync 1 DAGs
[2026-01-12T23:55:45.295+0000] {logging_mixin.py:188} INFO - [2026-01-12T23:55:45.294+0000] {dag.py:3954} INFO - Setting next_dagrun for novaretail_etl_pipeline to None, run_after=None
[2026-01-12T23:55:45.409+0000] {processor.py:183} INFO - Processing /opt/airflow/dags/novareatil_etl_dag.py took 0.276 seconds
[2026-01-12T23:56:18.949+0000] {processor.py:161} INFO - Started process (PID=2099) to work on /opt/airflow/dags/novareatil_etl_dag.py
[2026-01-12T23:56:18.953+0000] {processor.py:830} INFO - Processing file /opt/airflow/dags/novareatil_etl_dag.py for tasks to queue
[2026-01-12T23:56:18.956+0000] {logging_mixin.py:188} INFO - [2026-01-12T23:56:18.955+0000] {dagbag.py:540} INFO - Filling up the DagBag from /opt/airflow/dags/novareatil_etl_dag.py
[2026-01-12T23:56:19.031+0000] {processor.py:840} INFO - DAG(s) 'novaretail_etl_pipeline' retrieved from /opt/airflow/dags/novareatil_etl_dag.py
[2026-01-12T23:56:19.135+0000] {logging_mixin.py:188} INFO - [2026-01-12T23:56:19.135+0000] {dag.py:3096} INFO - Sync 1 DAGs
[2026-01-12T23:56:19.172+0000] {logging_mixin.py:188} INFO - [2026-01-12T23:56:19.172+0000] {dag.py:3954} INFO - Setting next_dagrun for novaretail_etl_pipeline to None, run_after=None
[2026-01-12T23:56:19.228+0000] {processor.py:183} INFO - Processing /opt/airflow/dags/novareatil_etl_dag.py took 0.306 seconds
[2026-01-12T23:56:51.457+0000] {processor.py:161} INFO - Started process (PID=2104) to work on /opt/airflow/dags/novareatil_etl_dag.py
[2026-01-12T23:56:51.462+0000] {processor.py:830} INFO - Processing file /opt/airflow/dags/novareatil_etl_dag.py for tasks to queue
[2026-01-12T23:56:51.465+0000] {logging_mixin.py:188} INFO - [2026-01-12T23:56:51.464+0000] {dagbag.py:540} INFO - Filling up the DagBag from /opt/airflow/dags/novareatil_etl_dag.py
[2026-01-12T23:56:51.502+0000] {processor.py:840} INFO - DAG(s) 'novaretail_etl_pipeline' retrieved from /opt/airflow/dags/novareatil_etl_dag.py
[2026-01-12T23:56:51.556+0000] {logging_mixin.py:188} INFO - [2026-01-12T23:56:51.556+0000] {dag.py:3096} INFO - Sync 1 DAGs
[2026-01-12T23:56:51.578+0000] {logging_mixin.py:188} INFO - [2026-01-12T23:56:51.577+0000] {dag.py:3954} INFO - Setting next_dagrun for novaretail_etl_pipeline to None, run_after=None
[2026-01-12T23:56:51.616+0000] {processor.py:183} INFO - Processing /opt/airflow/dags/novareatil_etl_dag.py took 0.199 seconds
[2026-01-12T23:57:24.847+0000] {processor.py:161} INFO - Started process (PID=2109) to work on /opt/airflow/dags/novareatil_etl_dag.py
[2026-01-12T23:57:24.851+0000] {processor.py:830} INFO - Processing file /opt/airflow/dags/novareatil_etl_dag.py for tasks to queue
[2026-01-12T23:57:24.853+0000] {logging_mixin.py:188} INFO - [2026-01-12T23:57:24.853+0000] {dagbag.py:540} INFO - Filling up the DagBag from /opt/airflow/dags/novareatil_etl_dag.py
[2026-01-12T23:57:24.886+0000] {processor.py:840} INFO - DAG(s) 'novaretail_etl_pipeline' retrieved from /opt/airflow/dags/novareatil_etl_dag.py
[2026-01-12T23:57:24.935+0000] {logging_mixin.py:188} INFO - [2026-01-12T23:57:24.935+0000] {dag.py:3096} INFO - Sync 1 DAGs
[2026-01-12T23:57:24.965+0000] {logging_mixin.py:188} INFO - [2026-01-12T23:57:24.964+0000] {dag.py:3954} INFO - Setting next_dagrun for novaretail_etl_pipeline to None, run_after=None
[2026-01-12T23:57:25.006+0000] {processor.py:183} INFO - Processing /opt/airflow/dags/novareatil_etl_dag.py took 0.179 seconds
[2026-01-12T23:57:58.573+0000] {processor.py:161} INFO - Started process (PID=2114) to work on /opt/airflow/dags/novareatil_etl_dag.py
[2026-01-12T23:57:58.575+0000] {processor.py:830} INFO - Processing file /opt/airflow/dags/novareatil_etl_dag.py for tasks to queue
[2026-01-12T23:57:58.581+0000] {logging_mixin.py:188} INFO - [2026-01-12T23:57:58.580+0000] {dagbag.py:540} INFO - Filling up the DagBag from /opt/airflow/dags/novareatil_etl_dag.py
[2026-01-12T23:57:58.623+0000] {processor.py:840} INFO - DAG(s) 'novaretail_etl_pipeline' retrieved from /opt/airflow/dags/novareatil_etl_dag.py
[2026-01-12T23:57:58.680+0000] {logging_mixin.py:188} INFO - [2026-01-12T23:57:58.679+0000] {dag.py:3096} INFO - Sync 1 DAGs
[2026-01-12T23:57:58.830+0000] {logging_mixin.py:188} INFO - [2026-01-12T23:57:58.829+0000] {dag.py:3954} INFO - Setting next_dagrun for novaretail_etl_pipeline to None, run_after=None
[2026-01-12T23:57:58.911+0000] {processor.py:183} INFO - Processing /opt/airflow/dags/novareatil_etl_dag.py took 0.351 seconds
[2026-01-12T23:58:31.142+0000] {processor.py:161} INFO - Started process (PID=2119) to work on /opt/airflow/dags/novareatil_etl_dag.py
[2026-01-12T23:58:31.155+0000] {processor.py:830} INFO - Processing file /opt/airflow/dags/novareatil_etl_dag.py for tasks to queue
[2026-01-12T23:58:31.161+0000] {logging_mixin.py:188} INFO - [2026-01-12T23:58:31.158+0000] {dagbag.py:540} INFO - Filling up the DagBag from /opt/airflow/dags/novareatil_etl_dag.py
[2026-01-12T23:58:31.259+0000] {processor.py:840} INFO - DAG(s) 'novaretail_etl_pipeline' retrieved from /opt/airflow/dags/novareatil_etl_dag.py
[2026-01-12T23:58:31.308+0000] {logging_mixin.py:188} INFO - [2026-01-12T23:58:31.308+0000] {dag.py:3096} INFO - Sync 1 DAGs
[2026-01-12T23:58:31.330+0000] {logging_mixin.py:188} INFO - [2026-01-12T23:58:31.329+0000] {dag.py:3954} INFO - Setting next_dagrun for novaretail_etl_pipeline to None, run_after=None
[2026-01-12T23:58:31.403+0000] {processor.py:183} INFO - Processing /opt/airflow/dags/novareatil_etl_dag.py took 0.331 seconds
[2026-01-12T23:59:04.494+0000] {processor.py:161} INFO - Started process (PID=2124) to work on /opt/airflow/dags/novareatil_etl_dag.py
[2026-01-12T23:59:04.502+0000] {processor.py:830} INFO - Processing file /opt/airflow/dags/novareatil_etl_dag.py for tasks to queue
[2026-01-12T23:59:04.507+0000] {logging_mixin.py:188} INFO - [2026-01-12T23:59:04.505+0000] {dagbag.py:540} INFO - Filling up the DagBag from /opt/airflow/dags/novareatil_etl_dag.py
[2026-01-12T23:59:04.561+0000] {processor.py:840} INFO - DAG(s) 'novaretail_etl_pipeline' retrieved from /opt/airflow/dags/novareatil_etl_dag.py
[2026-01-12T23:59:05.093+0000] {logging_mixin.py:188} INFO - [2026-01-12T23:59:05.092+0000] {dag.py:3096} INFO - Sync 1 DAGs
[2026-01-12T23:59:05.173+0000] {logging_mixin.py:188} INFO - [2026-01-12T23:59:05.172+0000] {dag.py:3954} INFO - Setting next_dagrun for novaretail_etl_pipeline to None, run_after=None
[2026-01-12T23:59:05.236+0000] {processor.py:183} INFO - Processing /opt/airflow/dags/novareatil_etl_dag.py took 0.775 seconds
[2026-01-12T23:59:35.368+0000] {processor.py:161} INFO - Started process (PID=2129) to work on /opt/airflow/dags/novareatil_etl_dag.py
[2026-01-12T23:59:35.372+0000] {processor.py:830} INFO - Processing file /opt/airflow/dags/novareatil_etl_dag.py for tasks to queue
[2026-01-12T23:59:35.378+0000] {logging_mixin.py:188} INFO - [2026-01-12T23:59:35.375+0000] {dagbag.py:540} INFO - Filling up the DagBag from /opt/airflow/dags/novareatil_etl_dag.py
[2026-01-12T23:59:37.581+0000] {processor.py:840} INFO - DAG(s) 'novaretail_etl_pipeline' retrieved from /opt/airflow/dags/novareatil_etl_dag.py
[2026-01-12T23:59:37.767+0000] {logging_mixin.py:188} INFO - [2026-01-12T23:59:37.767+0000] {dag.py:3096} INFO - Sync 1 DAGs
[2026-01-12T23:59:37.810+0000] {logging_mixin.py:188} INFO - [2026-01-12T23:59:37.810+0000] {dag.py:3954} INFO - Setting next_dagrun for novaretail_etl_pipeline to None, run_after=None
[2026-01-12T23:59:37.872+0000] {processor.py:183} INFO - Processing /opt/airflow/dags/novareatil_etl_dag.py took 0.505 seconds
