[2026-01-12T21:32:50.977+0000] {processor.py:161} INFO - Started process (PID=164) to work on /opt/airflow/dags/novaretail_etl_dag.py
[2026-01-12T21:32:50.993+0000] {processor.py:830} INFO - Processing file /opt/airflow/dags/novaretail_etl_dag.py for tasks to queue
[2026-01-12T21:32:51.063+0000] {logging_mixin.py:188} INFO - [2026-01-12T21:32:51.048+0000] {dagbag.py:540} INFO - Filling up the DagBag from /opt/airflow/dags/novaretail_etl_dag.py
[2026-01-12T21:32:51.277+0000] {logging_mixin.py:188} INFO - [2026-01-12T21:32:51.258+0000] {dagbag.py:350} ERROR - Failed to import: /opt/airflow/dags/novaretail_etl_dag.py
Traceback (most recent call last):
  File "/home/airflow/.local/lib/python3.12/site-packages/airflow/models/dagbag.py", line 346, in parse
    loader.exec_module(new_module)
  File "<frozen importlib._bootstrap_external>", line 995, in exec_module
  File "<frozen importlib._bootstrap>", line 488, in _call_with_frames_removed
  File "/opt/airflow/dags/novaretail_etl_dag.py", line 91, in <module>
    [extract_clientes, extract_ordenes, extract_pagos] >> \
TypeError: unsupported operand type(s) for >>: 'list' and 'list'
[2026-01-12T21:32:51.284+0000] {processor.py:842} WARNING - No viable dags retrieved from /opt/airflow/dags/novaretail_etl_dag.py
[2026-01-12T21:32:51.743+0000] {processor.py:183} INFO - Processing /opt/airflow/dags/novaretail_etl_dag.py took 0.933 seconds
[2026-01-12T21:32:59.818+0000] {processor.py:161} INFO - Started process (PID=169) to work on /opt/airflow/dags/novaretail_etl_dag.py
[2026-01-12T21:32:59.819+0000] {processor.py:830} INFO - Processing file /opt/airflow/dags/novaretail_etl_dag.py for tasks to queue
[2026-01-12T21:32:59.824+0000] {logging_mixin.py:188} INFO - [2026-01-12T21:32:59.823+0000] {dagbag.py:540} INFO - Filling up the DagBag from /opt/airflow/dags/novaretail_etl_dag.py
[2026-01-12T21:32:59.857+0000] {logging_mixin.py:188} INFO - [2026-01-12T21:32:59.853+0000] {dagbag.py:350} ERROR - Failed to import: /opt/airflow/dags/novaretail_etl_dag.py
Traceback (most recent call last):
  File "/home/airflow/.local/lib/python3.12/site-packages/airflow/models/dagbag.py", line 346, in parse
    loader.exec_module(new_module)
  File "<frozen importlib._bootstrap_external>", line 991, in exec_module
  File "<frozen importlib._bootstrap_external>", line 1129, in get_code
  File "<frozen importlib._bootstrap_external>", line 1059, in source_to_code
  File "<frozen importlib._bootstrap>", line 488, in _call_with_frames_removed
  File "/opt/airflow/dags/novaretail_etl_dag.py", line 33
    bash_command="python C:\Users\Carlo\OneDrive\Escritorio\enterprise-data-lakehouse\etl\extract\extract_clientes.py",
                 ^^^^^^^^^^^^^^^^^^^^^^^^^^^^^^^^^^^^^^^^^^^^^^^^^^^^^^^^^^^^^^^^^^^^^^^^^^^^^^^^^^^^^^^^^^^^^^^^^^^^^
SyntaxError: (unicode error) 'unicodeescape' codec can't decode bytes in position 9-10: truncated \UXXXXXXXX escape
[2026-01-12T21:32:59.858+0000] {processor.py:842} WARNING - No viable dags retrieved from /opt/airflow/dags/novaretail_etl_dag.py
[2026-01-12T21:32:59.911+0000] {processor.py:183} INFO - Processing /opt/airflow/dags/novaretail_etl_dag.py took 0.103 seconds
[2026-01-12T21:33:06.914+0000] {processor.py:161} INFO - Started process (PID=174) to work on /opt/airflow/dags/novaretail_etl_dag.py
[2026-01-12T21:33:06.917+0000] {processor.py:830} INFO - Processing file /opt/airflow/dags/novaretail_etl_dag.py for tasks to queue
[2026-01-12T21:33:06.921+0000] {logging_mixin.py:188} INFO - [2026-01-12T21:33:06.920+0000] {dagbag.py:540} INFO - Filling up the DagBag from /opt/airflow/dags/novaretail_etl_dag.py
[2026-01-12T21:33:06.951+0000] {logging_mixin.py:188} INFO - [2026-01-12T21:33:06.949+0000] {dagbag.py:350} ERROR - Failed to import: /opt/airflow/dags/novaretail_etl_dag.py
Traceback (most recent call last):
  File "/home/airflow/.local/lib/python3.12/site-packages/airflow/models/dagbag.py", line 346, in parse
    loader.exec_module(new_module)
  File "<frozen importlib._bootstrap_external>", line 991, in exec_module
  File "<frozen importlib._bootstrap_external>", line 1129, in get_code
  File "<frozen importlib._bootstrap_external>", line 1059, in source_to_code
  File "<frozen importlib._bootstrap>", line 488, in _call_with_frames_removed
  File "/opt/airflow/dags/novaretail_etl_dag.py", line 33
    bash_command="python C:\Users\Carlo\OneDrive\Escritorio\enterprise-data-lakehouse\etl\extract\extract_clientes.py",
                 ^^^^^^^^^^^^^^^^^^^^^^^^^^^^^^^^^^^^^^^^^^^^^^^^^^^^^^^^^^^^^^^^^^^^^^^^^^^^^^^^^^^^^^^^^^^^^^^^^^^^^
SyntaxError: (unicode error) 'unicodeescape' codec can't decode bytes in position 9-10: truncated \UXXXXXXXX escape
[2026-01-12T21:33:06.952+0000] {processor.py:842} WARNING - No viable dags retrieved from /opt/airflow/dags/novaretail_etl_dag.py
[2026-01-12T21:33:06.987+0000] {processor.py:183} INFO - Processing /opt/airflow/dags/novaretail_etl_dag.py took 0.081 seconds
[2026-01-12T21:33:15.069+0000] {processor.py:161} INFO - Started process (PID=179) to work on /opt/airflow/dags/novaretail_etl_dag.py
[2026-01-12T21:33:15.071+0000] {processor.py:830} INFO - Processing file /opt/airflow/dags/novaretail_etl_dag.py for tasks to queue
[2026-01-12T21:33:15.073+0000] {logging_mixin.py:188} INFO - [2026-01-12T21:33:15.072+0000] {dagbag.py:540} INFO - Filling up the DagBag from /opt/airflow/dags/novaretail_etl_dag.py
[2026-01-12T21:33:15.092+0000] {logging_mixin.py:188} INFO - [2026-01-12T21:33:15.091+0000] {dagbag.py:350} ERROR - Failed to import: /opt/airflow/dags/novaretail_etl_dag.py
Traceback (most recent call last):
  File "/home/airflow/.local/lib/python3.12/site-packages/airflow/models/dagbag.py", line 346, in parse
    loader.exec_module(new_module)
  File "<frozen importlib._bootstrap_external>", line 991, in exec_module
  File "<frozen importlib._bootstrap_external>", line 1129, in get_code
  File "<frozen importlib._bootstrap_external>", line 1059, in source_to_code
  File "<frozen importlib._bootstrap>", line 488, in _call_with_frames_removed
  File "/opt/airflow/dags/novaretail_etl_dag.py", line 33
    bash_command="python C:\Users\Carlo\OneDrive\Escritorio\enterprise-data-lakehouse\etl\extract\extract_clientes.py",
                 ^^^^^^^^^^^^^^^^^^^^^^^^^^^^^^^^^^^^^^^^^^^^^^^^^^^^^^^^^^^^^^^^^^^^^^^^^^^^^^^^^^^^^^^^^^^^^^^^^^^^^
SyntaxError: (unicode error) 'unicodeescape' codec can't decode bytes in position 9-10: truncated \UXXXXXXXX escape
[2026-01-12T21:33:15.092+0000] {processor.py:842} WARNING - No viable dags retrieved from /opt/airflow/dags/novaretail_etl_dag.py
[2026-01-12T21:33:15.118+0000] {processor.py:183} INFO - Processing /opt/airflow/dags/novaretail_etl_dag.py took 0.055 seconds
[2026-01-12T21:33:41.453+0000] {processor.py:161} INFO - Started process (PID=184) to work on /opt/airflow/dags/novaretail_etl_dag.py
[2026-01-12T21:33:41.455+0000] {processor.py:830} INFO - Processing file /opt/airflow/dags/novaretail_etl_dag.py for tasks to queue
[2026-01-12T21:33:41.461+0000] {logging_mixin.py:188} INFO - [2026-01-12T21:33:41.461+0000] {dagbag.py:540} INFO - Filling up the DagBag from /opt/airflow/dags/novaretail_etl_dag.py
[2026-01-12T21:33:41.492+0000] {logging_mixin.py:188} INFO - [2026-01-12T21:33:41.489+0000] {dagbag.py:350} ERROR - Failed to import: /opt/airflow/dags/novaretail_etl_dag.py
Traceback (most recent call last):
  File "/home/airflow/.local/lib/python3.12/site-packages/airflow/models/dagbag.py", line 346, in parse
    loader.exec_module(new_module)
  File "<frozen importlib._bootstrap_external>", line 991, in exec_module
  File "<frozen importlib._bootstrap_external>", line 1129, in get_code
  File "<frozen importlib._bootstrap_external>", line 1059, in source_to_code
  File "<frozen importlib._bootstrap>", line 488, in _call_with_frames_removed
  File "/opt/airflow/dags/novaretail_etl_dag.py", line 33
    bash_command="python C:\Users\Carlo\OneDrive\Escritorio\enterprise-data-lakehouse\etl\extract\extract_clientes.py",
                 ^^^^^^^^^^^^^^^^^^^^^^^^^^^^^^^^^^^^^^^^^^^^^^^^^^^^^^^^^^^^^^^^^^^^^^^^^^^^^^^^^^^^^^^^^^^^^^^^^^^^^
SyntaxError: (unicode error) 'unicodeescape' codec can't decode bytes in position 9-10: truncated \UXXXXXXXX escape
[2026-01-12T21:33:41.494+0000] {processor.py:842} WARNING - No viable dags retrieved from /opt/airflow/dags/novaretail_etl_dag.py
[2026-01-12T21:33:41.541+0000] {processor.py:183} INFO - Processing /opt/airflow/dags/novaretail_etl_dag.py took 0.098 seconds
[2026-01-12T21:33:47.507+0000] {processor.py:161} INFO - Started process (PID=189) to work on /opt/airflow/dags/novaretail_etl_dag.py
[2026-01-12T21:33:47.510+0000] {processor.py:830} INFO - Processing file /opt/airflow/dags/novaretail_etl_dag.py for tasks to queue
[2026-01-12T21:33:47.512+0000] {logging_mixin.py:188} INFO - [2026-01-12T21:33:47.512+0000] {dagbag.py:540} INFO - Filling up the DagBag from /opt/airflow/dags/novaretail_etl_dag.py
[2026-01-12T21:33:47.562+0000] {logging_mixin.py:188} INFO - [2026-01-12T21:33:47.560+0000] {dagbag.py:350} ERROR - Failed to import: /opt/airflow/dags/novaretail_etl_dag.py
Traceback (most recent call last):
  File "/home/airflow/.local/lib/python3.12/site-packages/airflow/models/dagbag.py", line 346, in parse
    loader.exec_module(new_module)
  File "<frozen importlib._bootstrap_external>", line 991, in exec_module
  File "<frozen importlib._bootstrap_external>", line 1129, in get_code
  File "<frozen importlib._bootstrap_external>", line 1059, in source_to_code
  File "<frozen importlib._bootstrap>", line 488, in _call_with_frames_removed
  File "/opt/airflow/dags/novaretail_etl_dag.py", line 33
    bash_command="python C:\Users\Carlo\OneDrive\Escritorio\enterprise-data-lakehouse\etl\extract\extract_clientes.py",
                 ^^^^^^^^^^^^^^^^^^^^^^^^^^^^^^^^^^^^^^^^^^^^^^^^^^^^^^^^^^^^^^^^^^^^^^^^^^^^^^^^^^^^^^^^^^^^^^^^^^^^^
SyntaxError: (unicode error) 'unicodeescape' codec can't decode bytes in position 9-10: truncated \UXXXXXXXX escape
[2026-01-12T21:33:47.564+0000] {processor.py:842} WARNING - No viable dags retrieved from /opt/airflow/dags/novaretail_etl_dag.py
[2026-01-12T21:33:47.622+0000] {processor.py:183} INFO - Processing /opt/airflow/dags/novaretail_etl_dag.py took 0.127 seconds
[2026-01-12T21:33:57.262+0000] {processor.py:161} INFO - Started process (PID=194) to work on /opt/airflow/dags/novaretail_etl_dag.py
[2026-01-12T21:33:57.263+0000] {processor.py:830} INFO - Processing file /opt/airflow/dags/novaretail_etl_dag.py for tasks to queue
[2026-01-12T21:33:57.267+0000] {logging_mixin.py:188} INFO - [2026-01-12T21:33:57.267+0000] {dagbag.py:540} INFO - Filling up the DagBag from /opt/airflow/dags/novaretail_etl_dag.py
[2026-01-12T21:33:57.299+0000] {logging_mixin.py:188} INFO - [2026-01-12T21:33:57.293+0000] {dagbag.py:350} ERROR - Failed to import: /opt/airflow/dags/novaretail_etl_dag.py
Traceback (most recent call last):
  File "/home/airflow/.local/lib/python3.12/site-packages/airflow/models/dagbag.py", line 346, in parse
    loader.exec_module(new_module)
  File "<frozen importlib._bootstrap_external>", line 991, in exec_module
  File "<frozen importlib._bootstrap_external>", line 1129, in get_code
  File "<frozen importlib._bootstrap_external>", line 1059, in source_to_code
  File "<frozen importlib._bootstrap>", line 488, in _call_with_frames_removed
  File "/opt/airflow/dags/novaretail_etl_dag.py", line 33
    bash_command="python C:\Users\Carlo\OneDrive\Escritorio\enterprise-data-lakehouse\etl\extract\extract_clientes.py",
                 ^^^^^^^^^^^^^^^^^^^^^^^^^^^^^^^^^^^^^^^^^^^^^^^^^^^^^^^^^^^^^^^^^^^^^^^^^^^^^^^^^^^^^^^^^^^^^^^^^^^^^
SyntaxError: (unicode error) 'unicodeescape' codec can't decode bytes in position 9-10: truncated \UXXXXXXXX escape
[2026-01-12T21:33:57.301+0000] {processor.py:842} WARNING - No viable dags retrieved from /opt/airflow/dags/novaretail_etl_dag.py
[2026-01-12T21:33:57.366+0000] {processor.py:183} INFO - Processing /opt/airflow/dags/novaretail_etl_dag.py took 0.113 seconds
[2026-01-12T21:34:11.463+0000] {processor.py:161} INFO - Started process (PID=199) to work on /opt/airflow/dags/novaretail_etl_dag.py
[2026-01-12T21:34:11.464+0000] {processor.py:830} INFO - Processing file /opt/airflow/dags/novaretail_etl_dag.py for tasks to queue
[2026-01-12T21:34:11.467+0000] {logging_mixin.py:188} INFO - [2026-01-12T21:34:11.466+0000] {dagbag.py:540} INFO - Filling up the DagBag from /opt/airflow/dags/novaretail_etl_dag.py
[2026-01-12T21:34:11.485+0000] {logging_mixin.py:188} WARNING - /opt/airflow/dags/novaretail_etl_dag.py:33 SyntaxWarning: invalid escape sequence '\e'
[2026-01-12T21:34:11.490+0000] {logging_mixin.py:188} INFO - [2026-01-12T21:34:11.488+0000] {dagbag.py:350} ERROR - Failed to import: /opt/airflow/dags/novaretail_etl_dag.py
Traceback (most recent call last):
  File "/home/airflow/.local/lib/python3.12/site-packages/airflow/models/dagbag.py", line 346, in parse
    loader.exec_module(new_module)
  File "<frozen importlib._bootstrap_external>", line 991, in exec_module
  File "<frozen importlib._bootstrap_external>", line 1129, in get_code
  File "<frozen importlib._bootstrap_external>", line 1059, in source_to_code
  File "<frozen importlib._bootstrap>", line 488, in _call_with_frames_removed
  File "/opt/airflow/dags/novaretail_etl_dag.py", line 38
    bash_command="python C:\Users\Carlo\OneDrive\Escritorio\enterprise-data-lakehouse\etl\extract\extract_ordenes.py",
                 ^^^^^^^^^^^^^^^^^^^^^^^^^^^^^^^^^^^^^^^^^^^^^^^^^^^^^^^^^^^^^^^^^^^^^^^^^^^^^^^^^^^^^^^^^^^^^^^^^^^^
SyntaxError: (unicode error) 'unicodeescape' codec can't decode bytes in position 9-10: truncated \UXXXXXXXX escape
[2026-01-12T21:34:11.491+0000] {processor.py:842} WARNING - No viable dags retrieved from /opt/airflow/dags/novaretail_etl_dag.py
[2026-01-12T21:34:11.519+0000] {processor.py:183} INFO - Processing /opt/airflow/dags/novaretail_etl_dag.py took 0.062 seconds
[2026-01-12T21:34:16.576+0000] {processor.py:161} INFO - Started process (PID=204) to work on /opt/airflow/dags/novaretail_etl_dag.py
[2026-01-12T21:34:16.578+0000] {processor.py:830} INFO - Processing file /opt/airflow/dags/novaretail_etl_dag.py for tasks to queue
[2026-01-12T21:34:16.581+0000] {logging_mixin.py:188} INFO - [2026-01-12T21:34:16.581+0000] {dagbag.py:540} INFO - Filling up the DagBag from /opt/airflow/dags/novaretail_etl_dag.py
[2026-01-12T21:34:16.638+0000] {logging_mixin.py:188} WARNING - /opt/airflow/dags/novaretail_etl_dag.py:33 SyntaxWarning: invalid escape sequence '\e'
[2026-01-12T21:34:16.641+0000] {logging_mixin.py:188} WARNING - /opt/airflow/dags/novaretail_etl_dag.py:38 SyntaxWarning: invalid escape sequence '\e'
[2026-01-12T21:34:16.648+0000] {logging_mixin.py:188} INFO - [2026-01-12T21:34:16.645+0000] {dagbag.py:350} ERROR - Failed to import: /opt/airflow/dags/novaretail_etl_dag.py
Traceback (most recent call last):
  File "/home/airflow/.local/lib/python3.12/site-packages/airflow/models/dagbag.py", line 346, in parse
    loader.exec_module(new_module)
  File "<frozen importlib._bootstrap_external>", line 991, in exec_module
  File "<frozen importlib._bootstrap_external>", line 1129, in get_code
  File "<frozen importlib._bootstrap_external>", line 1059, in source_to_code
  File "<frozen importlib._bootstrap>", line 488, in _call_with_frames_removed
  File "/opt/airflow/dags/novaretail_etl_dag.py", line 43
    bash_command="python C:\Users\Carlo\OneDrive\Escritorio\enterprise-data-lakehouse\etl\extract\extract_pagos.py",
                 ^^^^^^^^^^^^^^^^^^^^^^^^^^^^^^^^^^^^^^^^^^^^^^^^^^^^^^^^^^^^^^^^^^^^^^^^^^^^^^^^^^^^^^^^^^^^^^^^^^
SyntaxError: (unicode error) 'unicodeescape' codec can't decode bytes in position 9-10: truncated \UXXXXXXXX escape
[2026-01-12T21:34:16.650+0000] {processor.py:842} WARNING - No viable dags retrieved from /opt/airflow/dags/novaretail_etl_dag.py
[2026-01-12T21:34:16.690+0000] {processor.py:183} INFO - Processing /opt/airflow/dags/novaretail_etl_dag.py took 0.126 seconds
[2026-01-12T21:34:22.781+0000] {processor.py:161} INFO - Started process (PID=209) to work on /opt/airflow/dags/novaretail_etl_dag.py
[2026-01-12T21:34:22.782+0000] {processor.py:830} INFO - Processing file /opt/airflow/dags/novaretail_etl_dag.py for tasks to queue
[2026-01-12T21:34:22.784+0000] {logging_mixin.py:188} INFO - [2026-01-12T21:34:22.784+0000] {dagbag.py:540} INFO - Filling up the DagBag from /opt/airflow/dags/novaretail_etl_dag.py
[2026-01-12T21:34:22.801+0000] {logging_mixin.py:188} WARNING - /opt/airflow/dags/novaretail_etl_dag.py:33 SyntaxWarning: invalid escape sequence '\e'
[2026-01-12T21:34:22.802+0000] {logging_mixin.py:188} WARNING - /opt/airflow/dags/novaretail_etl_dag.py:38 SyntaxWarning: invalid escape sequence '\e'
[2026-01-12T21:34:22.803+0000] {logging_mixin.py:188} WARNING - /opt/airflow/dags/novaretail_etl_dag.py:43 SyntaxWarning: invalid escape sequence '\e'
[2026-01-12T21:34:22.827+0000] {logging_mixin.py:188} INFO - [2026-01-12T21:34:22.821+0000] {dagbag.py:350} ERROR - Failed to import: /opt/airflow/dags/novaretail_etl_dag.py
Traceback (most recent call last):
  File "/home/airflow/.local/lib/python3.12/site-packages/airflow/models/dagbag.py", line 346, in parse
    loader.exec_module(new_module)
  File "<frozen importlib._bootstrap_external>", line 995, in exec_module
  File "<frozen importlib._bootstrap>", line 488, in _call_with_frames_removed
  File "/opt/airflow/dags/novaretail_etl_dag.py", line 91, in <module>
    [extract_clientes, extract_ordenes, extract_pagos] >> \
TypeError: unsupported operand type(s) for >>: 'list' and 'list'
[2026-01-12T21:34:22.829+0000] {processor.py:842} WARNING - No viable dags retrieved from /opt/airflow/dags/novaretail_etl_dag.py
[2026-01-12T21:34:22.861+0000] {processor.py:183} INFO - Processing /opt/airflow/dags/novaretail_etl_dag.py took 0.086 seconds
[2026-01-12T21:34:22.920+0000] {processor.py:161} INFO - Started process (PID=214) to work on /opt/airflow/dags/novaretail_etl_dag.py
[2026-01-12T21:34:22.922+0000] {processor.py:830} INFO - Processing file /opt/airflow/dags/novaretail_etl_dag.py for tasks to queue
[2026-01-12T21:34:22.925+0000] {logging_mixin.py:188} INFO - [2026-01-12T21:34:22.924+0000] {dagbag.py:540} INFO - Filling up the DagBag from /opt/airflow/dags/novaretail_etl_dag.py
[2026-01-12T21:34:22.952+0000] {logging_mixin.py:188} INFO - [2026-01-12T21:34:22.947+0000] {dagbag.py:350} ERROR - Failed to import: /opt/airflow/dags/novaretail_etl_dag.py
Traceback (most recent call last):
  File "/home/airflow/.local/lib/python3.12/site-packages/airflow/models/dagbag.py", line 346, in parse
    loader.exec_module(new_module)
  File "<frozen importlib._bootstrap_external>", line 995, in exec_module
  File "<frozen importlib._bootstrap>", line 488, in _call_with_frames_removed
  File "/opt/airflow/dags/novaretail_etl_dag.py", line 91, in <module>
    [extract_clientes, extract_ordenes, extract_pagos] >> \
TypeError: unsupported operand type(s) for >>: 'list' and 'list'
[2026-01-12T21:34:22.954+0000] {processor.py:842} WARNING - No viable dags retrieved from /opt/airflow/dags/novaretail_etl_dag.py
[2026-01-12T21:34:22.997+0000] {processor.py:183} INFO - Processing /opt/airflow/dags/novaretail_etl_dag.py took 0.087 seconds
[2026-01-12T21:34:23.052+0000] {processor.py:161} INFO - Started process (PID=219) to work on /opt/airflow/dags/novaretail_etl_dag.py
[2026-01-12T21:34:23.053+0000] {processor.py:830} INFO - Processing file /opt/airflow/dags/novaretail_etl_dag.py for tasks to queue
[2026-01-12T21:34:23.054+0000] {logging_mixin.py:188} INFO - [2026-01-12T21:34:23.054+0000] {dagbag.py:540} INFO - Filling up the DagBag from /opt/airflow/dags/novaretail_etl_dag.py
[2026-01-12T21:34:23.079+0000] {logging_mixin.py:188} INFO - [2026-01-12T21:34:23.071+0000] {dagbag.py:350} ERROR - Failed to import: /opt/airflow/dags/novaretail_etl_dag.py
Traceback (most recent call last):
  File "/home/airflow/.local/lib/python3.12/site-packages/airflow/models/dagbag.py", line 346, in parse
    loader.exec_module(new_module)
  File "<frozen importlib._bootstrap_external>", line 995, in exec_module
  File "<frozen importlib._bootstrap>", line 488, in _call_with_frames_removed
  File "/opt/airflow/dags/novaretail_etl_dag.py", line 91, in <module>
    [extract_clientes, extract_ordenes, extract_pagos] >> \
TypeError: unsupported operand type(s) for >>: 'list' and 'list'
[2026-01-12T21:34:23.082+0000] {processor.py:842} WARNING - No viable dags retrieved from /opt/airflow/dags/novaretail_etl_dag.py
[2026-01-12T21:34:23.142+0000] {processor.py:183} INFO - Processing /opt/airflow/dags/novaretail_etl_dag.py took 0.098 seconds
[2026-01-12T21:34:23.196+0000] {processor.py:161} INFO - Started process (PID=224) to work on /opt/airflow/dags/novaretail_etl_dag.py
[2026-01-12T21:34:23.197+0000] {processor.py:830} INFO - Processing file /opt/airflow/dags/novaretail_etl_dag.py for tasks to queue
[2026-01-12T21:34:23.199+0000] {logging_mixin.py:188} INFO - [2026-01-12T21:34:23.198+0000] {dagbag.py:540} INFO - Filling up the DagBag from /opt/airflow/dags/novaretail_etl_dag.py
[2026-01-12T21:34:23.222+0000] {logging_mixin.py:188} INFO - [2026-01-12T21:34:23.218+0000] {dagbag.py:350} ERROR - Failed to import: /opt/airflow/dags/novaretail_etl_dag.py
Traceback (most recent call last):
  File "/home/airflow/.local/lib/python3.12/site-packages/airflow/models/dagbag.py", line 346, in parse
    loader.exec_module(new_module)
  File "<frozen importlib._bootstrap_external>", line 995, in exec_module
  File "<frozen importlib._bootstrap>", line 488, in _call_with_frames_removed
  File "/opt/airflow/dags/novaretail_etl_dag.py", line 91, in <module>
    [extract_clientes, extract_ordenes, extract_pagos] >> \
TypeError: unsupported operand type(s) for >>: 'list' and 'list'
[2026-01-12T21:34:23.223+0000] {processor.py:842} WARNING - No viable dags retrieved from /opt/airflow/dags/novaretail_etl_dag.py
[2026-01-12T21:34:23.265+0000] {processor.py:183} INFO - Processing /opt/airflow/dags/novaretail_etl_dag.py took 0.076 seconds
[2026-01-12T21:34:54.052+0000] {processor.py:161} INFO - Started process (PID=229) to work on /opt/airflow/dags/novaretail_etl_dag.py
[2026-01-12T21:34:54.053+0000] {processor.py:830} INFO - Processing file /opt/airflow/dags/novaretail_etl_dag.py for tasks to queue
[2026-01-12T21:34:54.056+0000] {logging_mixin.py:188} INFO - [2026-01-12T21:34:54.055+0000] {dagbag.py:540} INFO - Filling up the DagBag from /opt/airflow/dags/novaretail_etl_dag.py
[2026-01-12T21:34:54.076+0000] {logging_mixin.py:188} INFO - [2026-01-12T21:34:54.073+0000] {dagbag.py:350} ERROR - Failed to import: /opt/airflow/dags/novaretail_etl_dag.py
Traceback (most recent call last):
  File "/home/airflow/.local/lib/python3.12/site-packages/airflow/models/dagbag.py", line 346, in parse
    loader.exec_module(new_module)
  File "<frozen importlib._bootstrap_external>", line 995, in exec_module
  File "<frozen importlib._bootstrap>", line 488, in _call_with_frames_removed
  File "/opt/airflow/dags/novaretail_etl_dag.py", line 91, in <module>
    [extract_clientes, extract_ordenes, extract_pagos] >> \
TypeError: unsupported operand type(s) for >>: 'list' and 'list'
[2026-01-12T21:34:54.077+0000] {processor.py:842} WARNING - No viable dags retrieved from /opt/airflow/dags/novaretail_etl_dag.py
[2026-01-12T21:34:54.107+0000] {processor.py:183} INFO - Processing /opt/airflow/dags/novaretail_etl_dag.py took 0.061 seconds
[2026-01-12T21:35:24.644+0000] {processor.py:161} INFO - Started process (PID=234) to work on /opt/airflow/dags/novaretail_etl_dag.py
[2026-01-12T21:35:24.646+0000] {processor.py:830} INFO - Processing file /opt/airflow/dags/novaretail_etl_dag.py for tasks to queue
[2026-01-12T21:35:24.651+0000] {logging_mixin.py:188} INFO - [2026-01-12T21:35:24.650+0000] {dagbag.py:540} INFO - Filling up the DagBag from /opt/airflow/dags/novaretail_etl_dag.py
[2026-01-12T21:35:24.673+0000] {logging_mixin.py:188} WARNING - /opt/airflow/dags/novaretail_etl_dag.py:33 SyntaxWarning: invalid escape sequence '\e'
[2026-01-12T21:35:24.674+0000] {logging_mixin.py:188} WARNING - /opt/airflow/dags/novaretail_etl_dag.py:38 SyntaxWarning: invalid escape sequence '\e'
[2026-01-12T21:35:24.675+0000] {logging_mixin.py:188} WARNING - /opt/airflow/dags/novaretail_etl_dag.py:43 SyntaxWarning: invalid escape sequence '\e'
[2026-01-12T21:35:24.677+0000] {logging_mixin.py:188} WARNING - /opt/airflow/dags/novaretail_etl_dag.py:69 SyntaxWarning: invalid escape sequence '\g'
[2026-01-12T21:35:24.699+0000] {logging_mixin.py:188} INFO - [2026-01-12T21:35:24.693+0000] {dagbag.py:350} ERROR - Failed to import: /opt/airflow/dags/novaretail_etl_dag.py
Traceback (most recent call last):
  File "/home/airflow/.local/lib/python3.12/site-packages/airflow/models/dagbag.py", line 346, in parse
    loader.exec_module(new_module)
  File "<frozen importlib._bootstrap_external>", line 995, in exec_module
  File "<frozen importlib._bootstrap>", line 488, in _call_with_frames_removed
  File "/opt/airflow/dags/novaretail_etl_dag.py", line 91, in <module>
    [extract_clientes, extract_ordenes, extract_pagos] >> \
TypeError: unsupported operand type(s) for >>: 'list' and 'list'
[2026-01-12T21:35:24.702+0000] {processor.py:842} WARNING - No viable dags retrieved from /opt/airflow/dags/novaretail_etl_dag.py
[2026-01-12T21:35:24.728+0000] {processor.py:183} INFO - Processing /opt/airflow/dags/novaretail_etl_dag.py took 0.092 seconds
[2026-01-12T21:35:33.529+0000] {processor.py:161} INFO - Started process (PID=239) to work on /opt/airflow/dags/novaretail_etl_dag.py
[2026-01-12T21:35:33.530+0000] {processor.py:830} INFO - Processing file /opt/airflow/dags/novaretail_etl_dag.py for tasks to queue
[2026-01-12T21:35:33.533+0000] {logging_mixin.py:188} INFO - [2026-01-12T21:35:33.532+0000] {dagbag.py:540} INFO - Filling up the DagBag from /opt/airflow/dags/novaretail_etl_dag.py
[2026-01-12T21:35:33.555+0000] {logging_mixin.py:188} WARNING - /opt/airflow/dags/novaretail_etl_dag.py:33 SyntaxWarning: invalid escape sequence '\e'
[2026-01-12T21:35:33.556+0000] {logging_mixin.py:188} WARNING - /opt/airflow/dags/novaretail_etl_dag.py:38 SyntaxWarning: invalid escape sequence '\e'
[2026-01-12T21:35:33.557+0000] {logging_mixin.py:188} WARNING - /opt/airflow/dags/novaretail_etl_dag.py:43 SyntaxWarning: invalid escape sequence '\e'
[2026-01-12T21:35:33.558+0000] {logging_mixin.py:188} WARNING - /opt/airflow/dags/novaretail_etl_dag.py:69 SyntaxWarning: invalid escape sequence '\g'
[2026-01-12T21:35:33.559+0000] {logging_mixin.py:188} WARNING - /opt/airflow/dags/novaretail_etl_dag.py:74 SyntaxWarning: invalid escape sequence '\g'
[2026-01-12T21:35:33.578+0000] {logging_mixin.py:188} INFO - [2026-01-12T21:35:33.574+0000] {dagbag.py:350} ERROR - Failed to import: /opt/airflow/dags/novaretail_etl_dag.py
Traceback (most recent call last):
  File "/home/airflow/.local/lib/python3.12/site-packages/airflow/models/dagbag.py", line 346, in parse
    loader.exec_module(new_module)
  File "<frozen importlib._bootstrap_external>", line 995, in exec_module
  File "<frozen importlib._bootstrap>", line 488, in _call_with_frames_removed
  File "/opt/airflow/dags/novaretail_etl_dag.py", line 91, in <module>
    [extract_clientes, extract_ordenes, extract_pagos] >> \
TypeError: unsupported operand type(s) for >>: 'list' and 'list'
[2026-01-12T21:35:33.579+0000] {processor.py:842} WARNING - No viable dags retrieved from /opt/airflow/dags/novaretail_etl_dag.py
[2026-01-12T21:35:33.601+0000] {processor.py:183} INFO - Processing /opt/airflow/dags/novaretail_etl_dag.py took 0.080 seconds
[2026-01-12T21:35:40.654+0000] {processor.py:161} INFO - Started process (PID=244) to work on /opt/airflow/dags/novaretail_etl_dag.py
[2026-01-12T21:35:40.655+0000] {processor.py:830} INFO - Processing file /opt/airflow/dags/novaretail_etl_dag.py for tasks to queue
[2026-01-12T21:35:40.657+0000] {logging_mixin.py:188} INFO - [2026-01-12T21:35:40.657+0000] {dagbag.py:540} INFO - Filling up the DagBag from /opt/airflow/dags/novaretail_etl_dag.py
[2026-01-12T21:35:40.677+0000] {logging_mixin.py:188} WARNING - /opt/airflow/dags/novaretail_etl_dag.py:33 SyntaxWarning: invalid escape sequence '\e'
[2026-01-12T21:35:40.678+0000] {logging_mixin.py:188} WARNING - /opt/airflow/dags/novaretail_etl_dag.py:38 SyntaxWarning: invalid escape sequence '\e'
[2026-01-12T21:35:40.681+0000] {logging_mixin.py:188} WARNING - /opt/airflow/dags/novaretail_etl_dag.py:43 SyntaxWarning: invalid escape sequence '\e'
[2026-01-12T21:35:40.683+0000] {logging_mixin.py:188} WARNING - /opt/airflow/dags/novaretail_etl_dag.py:69 SyntaxWarning: invalid escape sequence '\g'
[2026-01-12T21:35:40.684+0000] {logging_mixin.py:188} WARNING - /opt/airflow/dags/novaretail_etl_dag.py:74 SyntaxWarning: invalid escape sequence '\g'
[2026-01-12T21:35:40.686+0000] {logging_mixin.py:188} WARNING - /opt/airflow/dags/novaretail_etl_dag.py:79 SyntaxWarning: invalid escape sequence '\g'
[2026-01-12T21:35:40.721+0000] {logging_mixin.py:188} INFO - [2026-01-12T21:35:40.715+0000] {dagbag.py:350} ERROR - Failed to import: /opt/airflow/dags/novaretail_etl_dag.py
Traceback (most recent call last):
  File "/home/airflow/.local/lib/python3.12/site-packages/airflow/models/dagbag.py", line 346, in parse
    loader.exec_module(new_module)
  File "<frozen importlib._bootstrap_external>", line 995, in exec_module
  File "<frozen importlib._bootstrap>", line 488, in _call_with_frames_removed
  File "/opt/airflow/dags/novaretail_etl_dag.py", line 91, in <module>
    [extract_clientes, extract_ordenes, extract_pagos] >> \
TypeError: unsupported operand type(s) for >>: 'list' and 'list'
[2026-01-12T21:35:40.724+0000] {processor.py:842} WARNING - No viable dags retrieved from /opt/airflow/dags/novaretail_etl_dag.py
[2026-01-12T21:35:40.765+0000] {processor.py:183} INFO - Processing /opt/airflow/dags/novaretail_etl_dag.py took 0.118 seconds
[2026-01-12T21:35:47.732+0000] {processor.py:161} INFO - Started process (PID=249) to work on /opt/airflow/dags/novaretail_etl_dag.py
[2026-01-12T21:35:47.733+0000] {processor.py:830} INFO - Processing file /opt/airflow/dags/novaretail_etl_dag.py for tasks to queue
[2026-01-12T21:35:47.736+0000] {logging_mixin.py:188} INFO - [2026-01-12T21:35:47.735+0000] {dagbag.py:540} INFO - Filling up the DagBag from /opt/airflow/dags/novaretail_etl_dag.py
[2026-01-12T21:35:47.758+0000] {logging_mixin.py:188} WARNING - /opt/airflow/dags/novaretail_etl_dag.py:33 SyntaxWarning: invalid escape sequence '\e'
[2026-01-12T21:35:47.759+0000] {logging_mixin.py:188} WARNING - /opt/airflow/dags/novaretail_etl_dag.py:38 SyntaxWarning: invalid escape sequence '\e'
[2026-01-12T21:35:47.761+0000] {logging_mixin.py:188} WARNING - /opt/airflow/dags/novaretail_etl_dag.py:43 SyntaxWarning: invalid escape sequence '\e'
[2026-01-12T21:35:47.762+0000] {logging_mixin.py:188} WARNING - /opt/airflow/dags/novaretail_etl_dag.py:69 SyntaxWarning: invalid escape sequence '\g'
[2026-01-12T21:35:47.763+0000] {logging_mixin.py:188} WARNING - /opt/airflow/dags/novaretail_etl_dag.py:74 SyntaxWarning: invalid escape sequence '\g'
[2026-01-12T21:35:47.765+0000] {logging_mixin.py:188} WARNING - /opt/airflow/dags/novaretail_etl_dag.py:79 SyntaxWarning: invalid escape sequence '\g'
[2026-01-12T21:35:47.767+0000] {logging_mixin.py:188} WARNING - /opt/airflow/dags/novaretail_etl_dag.py:84 SyntaxWarning: invalid escape sequence '\g'
[2026-01-12T21:35:47.786+0000] {logging_mixin.py:188} INFO - [2026-01-12T21:35:47.781+0000] {dagbag.py:350} ERROR - Failed to import: /opt/airflow/dags/novaretail_etl_dag.py
Traceback (most recent call last):
  File "/home/airflow/.local/lib/python3.12/site-packages/airflow/models/dagbag.py", line 346, in parse
    loader.exec_module(new_module)
  File "<frozen importlib._bootstrap_external>", line 995, in exec_module
  File "<frozen importlib._bootstrap>", line 488, in _call_with_frames_removed
  File "/opt/airflow/dags/novaretail_etl_dag.py", line 91, in <module>
    [extract_clientes, extract_ordenes, extract_pagos] >> \
TypeError: unsupported operand type(s) for >>: 'list' and 'list'
[2026-01-12T21:35:47.788+0000] {processor.py:842} WARNING - No viable dags retrieved from /opt/airflow/dags/novaretail_etl_dag.py
[2026-01-12T21:35:47.812+0000] {processor.py:183} INFO - Processing /opt/airflow/dags/novaretail_etl_dag.py took 0.087 seconds
[2026-01-12T21:36:18.256+0000] {processor.py:161} INFO - Started process (PID=254) to work on /opt/airflow/dags/novaretail_etl_dag.py
[2026-01-12T21:36:18.257+0000] {processor.py:830} INFO - Processing file /opt/airflow/dags/novaretail_etl_dag.py for tasks to queue
[2026-01-12T21:36:18.260+0000] {logging_mixin.py:188} INFO - [2026-01-12T21:36:18.260+0000] {dagbag.py:540} INFO - Filling up the DagBag from /opt/airflow/dags/novaretail_etl_dag.py
[2026-01-12T21:36:18.290+0000] {logging_mixin.py:188} INFO - [2026-01-12T21:36:18.285+0000] {dagbag.py:350} ERROR - Failed to import: /opt/airflow/dags/novaretail_etl_dag.py
Traceback (most recent call last):
  File "/home/airflow/.local/lib/python3.12/site-packages/airflow/models/dagbag.py", line 346, in parse
    loader.exec_module(new_module)
  File "<frozen importlib._bootstrap_external>", line 995, in exec_module
  File "<frozen importlib._bootstrap>", line 488, in _call_with_frames_removed
  File "/opt/airflow/dags/novaretail_etl_dag.py", line 91, in <module>
    [extract_clientes, extract_ordenes, extract_pagos] >> \
TypeError: unsupported operand type(s) for >>: 'list' and 'list'
[2026-01-12T21:36:18.292+0000] {processor.py:842} WARNING - No viable dags retrieved from /opt/airflow/dags/novaretail_etl_dag.py
[2026-01-12T21:36:18.324+0000] {processor.py:183} INFO - Processing /opt/airflow/dags/novaretail_etl_dag.py took 0.074 seconds
[2026-01-12T21:36:48.602+0000] {processor.py:161} INFO - Started process (PID=259) to work on /opt/airflow/dags/novaretail_etl_dag.py
[2026-01-12T21:36:48.604+0000] {processor.py:830} INFO - Processing file /opt/airflow/dags/novaretail_etl_dag.py for tasks to queue
[2026-01-12T21:36:48.607+0000] {logging_mixin.py:188} INFO - [2026-01-12T21:36:48.606+0000] {dagbag.py:540} INFO - Filling up the DagBag from /opt/airflow/dags/novaretail_etl_dag.py
[2026-01-12T21:36:48.636+0000] {logging_mixin.py:188} INFO - [2026-01-12T21:36:48.631+0000] {dagbag.py:350} ERROR - Failed to import: /opt/airflow/dags/novaretail_etl_dag.py
Traceback (most recent call last):
  File "/home/airflow/.local/lib/python3.12/site-packages/airflow/models/dagbag.py", line 346, in parse
    loader.exec_module(new_module)
  File "<frozen importlib._bootstrap_external>", line 995, in exec_module
  File "<frozen importlib._bootstrap>", line 488, in _call_with_frames_removed
  File "/opt/airflow/dags/novaretail_etl_dag.py", line 91, in <module>
    [extract_clientes, extract_ordenes, extract_pagos] >> \
TypeError: unsupported operand type(s) for >>: 'list' and 'list'
[2026-01-12T21:36:48.638+0000] {processor.py:842} WARNING - No viable dags retrieved from /opt/airflow/dags/novaretail_etl_dag.py
[2026-01-12T21:36:48.663+0000] {processor.py:183} INFO - Processing /opt/airflow/dags/novaretail_etl_dag.py took 0.070 seconds
[2026-01-12T21:37:19.158+0000] {processor.py:161} INFO - Started process (PID=264) to work on /opt/airflow/dags/novaretail_etl_dag.py
[2026-01-12T21:37:19.160+0000] {processor.py:830} INFO - Processing file /opt/airflow/dags/novaretail_etl_dag.py for tasks to queue
[2026-01-12T21:37:19.163+0000] {logging_mixin.py:188} INFO - [2026-01-12T21:37:19.162+0000] {dagbag.py:540} INFO - Filling up the DagBag from /opt/airflow/dags/novaretail_etl_dag.py
[2026-01-12T21:37:19.184+0000] {logging_mixin.py:188} INFO - [2026-01-12T21:37:19.180+0000] {dagbag.py:350} ERROR - Failed to import: /opt/airflow/dags/novaretail_etl_dag.py
Traceback (most recent call last):
  File "/home/airflow/.local/lib/python3.12/site-packages/airflow/models/dagbag.py", line 346, in parse
    loader.exec_module(new_module)
  File "<frozen importlib._bootstrap_external>", line 995, in exec_module
  File "<frozen importlib._bootstrap>", line 488, in _call_with_frames_removed
  File "/opt/airflow/dags/novaretail_etl_dag.py", line 91, in <module>
    [extract_clientes, extract_ordenes, extract_pagos] >> \
TypeError: unsupported operand type(s) for >>: 'list' and 'list'
[2026-01-12T21:37:19.186+0000] {processor.py:842} WARNING - No viable dags retrieved from /opt/airflow/dags/novaretail_etl_dag.py
[2026-01-12T21:37:19.214+0000] {processor.py:183} INFO - Processing /opt/airflow/dags/novaretail_etl_dag.py took 0.062 seconds
[2026-01-12T21:37:49.874+0000] {processor.py:161} INFO - Started process (PID=269) to work on /opt/airflow/dags/novaretail_etl_dag.py
[2026-01-12T21:37:49.875+0000] {processor.py:830} INFO - Processing file /opt/airflow/dags/novaretail_etl_dag.py for tasks to queue
[2026-01-12T21:37:49.876+0000] {logging_mixin.py:188} INFO - [2026-01-12T21:37:49.876+0000] {dagbag.py:540} INFO - Filling up the DagBag from /opt/airflow/dags/novaretail_etl_dag.py
[2026-01-12T21:37:49.896+0000] {logging_mixin.py:188} INFO - [2026-01-12T21:37:49.892+0000] {dagbag.py:350} ERROR - Failed to import: /opt/airflow/dags/novaretail_etl_dag.py
Traceback (most recent call last):
  File "/home/airflow/.local/lib/python3.12/site-packages/airflow/models/dagbag.py", line 346, in parse
    loader.exec_module(new_module)
  File "<frozen importlib._bootstrap_external>", line 995, in exec_module
  File "<frozen importlib._bootstrap>", line 488, in _call_with_frames_removed
  File "/opt/airflow/dags/novaretail_etl_dag.py", line 91, in <module>
    [extract_clientes, extract_ordenes, extract_pagos] >> \
TypeError: unsupported operand type(s) for >>: 'list' and 'list'
[2026-01-12T21:37:49.897+0000] {processor.py:842} WARNING - No viable dags retrieved from /opt/airflow/dags/novaretail_etl_dag.py
[2026-01-12T21:37:49.917+0000] {processor.py:183} INFO - Processing /opt/airflow/dags/novaretail_etl_dag.py took 0.048 seconds
[2026-01-12T21:38:20.258+0000] {processor.py:161} INFO - Started process (PID=274) to work on /opt/airflow/dags/novaretail_etl_dag.py
[2026-01-12T21:38:20.259+0000] {processor.py:830} INFO - Processing file /opt/airflow/dags/novaretail_etl_dag.py for tasks to queue
[2026-01-12T21:38:20.260+0000] {logging_mixin.py:188} INFO - [2026-01-12T21:38:20.260+0000] {dagbag.py:540} INFO - Filling up the DagBag from /opt/airflow/dags/novaretail_etl_dag.py
[2026-01-12T21:38:20.279+0000] {logging_mixin.py:188} INFO - [2026-01-12T21:38:20.276+0000] {dagbag.py:350} ERROR - Failed to import: /opt/airflow/dags/novaretail_etl_dag.py
Traceback (most recent call last):
  File "/home/airflow/.local/lib/python3.12/site-packages/airflow/models/dagbag.py", line 346, in parse
    loader.exec_module(new_module)
  File "<frozen importlib._bootstrap_external>", line 995, in exec_module
  File "<frozen importlib._bootstrap>", line 488, in _call_with_frames_removed
  File "/opt/airflow/dags/novaretail_etl_dag.py", line 91, in <module>
    [extract_clientes, extract_ordenes, extract_pagos] >> \
TypeError: unsupported operand type(s) for >>: 'list' and 'list'
[2026-01-12T21:38:20.283+0000] {processor.py:842} WARNING - No viable dags retrieved from /opt/airflow/dags/novaretail_etl_dag.py
[2026-01-12T21:38:20.318+0000] {processor.py:183} INFO - Processing /opt/airflow/dags/novaretail_etl_dag.py took 0.065 seconds
[2026-01-12T21:38:50.973+0000] {processor.py:161} INFO - Started process (PID=279) to work on /opt/airflow/dags/novaretail_etl_dag.py
[2026-01-12T21:38:50.975+0000] {processor.py:830} INFO - Processing file /opt/airflow/dags/novaretail_etl_dag.py for tasks to queue
[2026-01-12T21:38:50.979+0000] {logging_mixin.py:188} INFO - [2026-01-12T21:38:50.978+0000] {dagbag.py:540} INFO - Filling up the DagBag from /opt/airflow/dags/novaretail_etl_dag.py
[2026-01-12T21:38:51.014+0000] {logging_mixin.py:188} INFO - [2026-01-12T21:38:51.007+0000] {dagbag.py:350} ERROR - Failed to import: /opt/airflow/dags/novaretail_etl_dag.py
Traceback (most recent call last):
  File "/home/airflow/.local/lib/python3.12/site-packages/airflow/models/dagbag.py", line 346, in parse
    loader.exec_module(new_module)
  File "<frozen importlib._bootstrap_external>", line 995, in exec_module
  File "<frozen importlib._bootstrap>", line 488, in _call_with_frames_removed
  File "/opt/airflow/dags/novaretail_etl_dag.py", line 91, in <module>
    [extract_clientes, extract_ordenes, extract_pagos] >> \
TypeError: unsupported operand type(s) for >>: 'list' and 'list'
[2026-01-12T21:38:51.016+0000] {processor.py:842} WARNING - No viable dags retrieved from /opt/airflow/dags/novaretail_etl_dag.py
[2026-01-12T21:38:51.057+0000] {processor.py:183} INFO - Processing /opt/airflow/dags/novaretail_etl_dag.py took 0.092 seconds
[2026-01-12T21:39:21.572+0000] {processor.py:161} INFO - Started process (PID=284) to work on /opt/airflow/dags/novaretail_etl_dag.py
[2026-01-12T21:39:21.574+0000] {processor.py:830} INFO - Processing file /opt/airflow/dags/novaretail_etl_dag.py for tasks to queue
[2026-01-12T21:39:21.577+0000] {logging_mixin.py:188} INFO - [2026-01-12T21:39:21.576+0000] {dagbag.py:540} INFO - Filling up the DagBag from /opt/airflow/dags/novaretail_etl_dag.py
[2026-01-12T21:39:21.601+0000] {logging_mixin.py:188} INFO - [2026-01-12T21:39:21.597+0000] {dagbag.py:350} ERROR - Failed to import: /opt/airflow/dags/novaretail_etl_dag.py
Traceback (most recent call last):
  File "/home/airflow/.local/lib/python3.12/site-packages/airflow/models/dagbag.py", line 346, in parse
    loader.exec_module(new_module)
  File "<frozen importlib._bootstrap_external>", line 995, in exec_module
  File "<frozen importlib._bootstrap>", line 488, in _call_with_frames_removed
  File "/opt/airflow/dags/novaretail_etl_dag.py", line 91, in <module>
    [extract_clientes, extract_ordenes, extract_pagos] >> \
TypeError: unsupported operand type(s) for >>: 'list' and 'list'
[2026-01-12T21:39:21.604+0000] {processor.py:842} WARNING - No viable dags retrieved from /opt/airflow/dags/novaretail_etl_dag.py
[2026-01-12T21:39:21.650+0000] {processor.py:183} INFO - Processing /opt/airflow/dags/novaretail_etl_dag.py took 0.086 seconds
[2026-01-12T21:39:52.143+0000] {processor.py:161} INFO - Started process (PID=289) to work on /opt/airflow/dags/novaretail_etl_dag.py
[2026-01-12T21:39:52.145+0000] {processor.py:830} INFO - Processing file /opt/airflow/dags/novaretail_etl_dag.py for tasks to queue
[2026-01-12T21:39:52.148+0000] {logging_mixin.py:188} INFO - [2026-01-12T21:39:52.147+0000] {dagbag.py:540} INFO - Filling up the DagBag from /opt/airflow/dags/novaretail_etl_dag.py
[2026-01-12T21:39:52.172+0000] {logging_mixin.py:188} INFO - [2026-01-12T21:39:52.168+0000] {dagbag.py:350} ERROR - Failed to import: /opt/airflow/dags/novaretail_etl_dag.py
Traceback (most recent call last):
  File "/home/airflow/.local/lib/python3.12/site-packages/airflow/models/dagbag.py", line 346, in parse
    loader.exec_module(new_module)
  File "<frozen importlib._bootstrap_external>", line 995, in exec_module
  File "<frozen importlib._bootstrap>", line 488, in _call_with_frames_removed
  File "/opt/airflow/dags/novaretail_etl_dag.py", line 91, in <module>
    [extract_clientes, extract_ordenes, extract_pagos] >> \
TypeError: unsupported operand type(s) for >>: 'list' and 'list'
[2026-01-12T21:39:52.173+0000] {processor.py:842} WARNING - No viable dags retrieved from /opt/airflow/dags/novaretail_etl_dag.py
[2026-01-12T21:39:52.202+0000] {processor.py:183} INFO - Processing /opt/airflow/dags/novaretail_etl_dag.py took 0.070 seconds
[2026-01-12T21:40:22.781+0000] {processor.py:161} INFO - Started process (PID=294) to work on /opt/airflow/dags/novaretail_etl_dag.py
[2026-01-12T21:40:22.794+0000] {processor.py:830} INFO - Processing file /opt/airflow/dags/novaretail_etl_dag.py for tasks to queue
[2026-01-12T21:40:22.801+0000] {logging_mixin.py:188} INFO - [2026-01-12T21:40:22.797+0000] {dagbag.py:540} INFO - Filling up the DagBag from /opt/airflow/dags/novaretail_etl_dag.py
[2026-01-12T21:40:22.960+0000] {logging_mixin.py:188} INFO - [2026-01-12T21:40:22.945+0000] {dagbag.py:350} ERROR - Failed to import: /opt/airflow/dags/novaretail_etl_dag.py
Traceback (most recent call last):
  File "/home/airflow/.local/lib/python3.12/site-packages/airflow/models/dagbag.py", line 346, in parse
    loader.exec_module(new_module)
  File "<frozen importlib._bootstrap_external>", line 995, in exec_module
  File "<frozen importlib._bootstrap>", line 488, in _call_with_frames_removed
  File "/opt/airflow/dags/novaretail_etl_dag.py", line 91, in <module>
    [extract_clientes, extract_ordenes, extract_pagos] >> \
TypeError: unsupported operand type(s) for >>: 'list' and 'list'
[2026-01-12T21:40:22.963+0000] {processor.py:842} WARNING - No viable dags retrieved from /opt/airflow/dags/novaretail_etl_dag.py
[2026-01-12T21:40:23.004+0000] {processor.py:183} INFO - Processing /opt/airflow/dags/novaretail_etl_dag.py took 0.229 seconds
[2026-01-12T21:40:55.589+0000] {processor.py:161} INFO - Started process (PID=299) to work on /opt/airflow/dags/novaretail_etl_dag.py
[2026-01-12T21:40:55.591+0000] {processor.py:830} INFO - Processing file /opt/airflow/dags/novaretail_etl_dag.py for tasks to queue
[2026-01-12T21:40:55.594+0000] {logging_mixin.py:188} INFO - [2026-01-12T21:40:55.593+0000] {dagbag.py:540} INFO - Filling up the DagBag from /opt/airflow/dags/novaretail_etl_dag.py
[2026-01-12T21:40:55.622+0000] {logging_mixin.py:188} INFO - [2026-01-12T21:40:55.617+0000] {dagbag.py:350} ERROR - Failed to import: /opt/airflow/dags/novaretail_etl_dag.py
Traceback (most recent call last):
  File "/home/airflow/.local/lib/python3.12/site-packages/airflow/models/dagbag.py", line 346, in parse
    loader.exec_module(new_module)
  File "<frozen importlib._bootstrap_external>", line 995, in exec_module
  File "<frozen importlib._bootstrap>", line 488, in _call_with_frames_removed
  File "/opt/airflow/dags/novaretail_etl_dag.py", line 91, in <module>
    [extract_clientes, extract_ordenes, extract_pagos] >> \
TypeError: unsupported operand type(s) for >>: 'list' and 'list'
[2026-01-12T21:40:55.625+0000] {processor.py:842} WARNING - No viable dags retrieved from /opt/airflow/dags/novaretail_etl_dag.py
[2026-01-12T21:40:55.676+0000] {processor.py:183} INFO - Processing /opt/airflow/dags/novaretail_etl_dag.py took 0.096 seconds
[2026-01-12T21:41:27.363+0000] {processor.py:161} INFO - Started process (PID=304) to work on /opt/airflow/dags/novaretail_etl_dag.py
[2026-01-12T21:41:27.365+0000] {processor.py:830} INFO - Processing file /opt/airflow/dags/novaretail_etl_dag.py for tasks to queue
[2026-01-12T21:41:27.368+0000] {logging_mixin.py:188} INFO - [2026-01-12T21:41:27.368+0000] {dagbag.py:540} INFO - Filling up the DagBag from /opt/airflow/dags/novaretail_etl_dag.py
[2026-01-12T21:41:27.397+0000] {logging_mixin.py:188} INFO - [2026-01-12T21:41:27.391+0000] {dagbag.py:350} ERROR - Failed to import: /opt/airflow/dags/novaretail_etl_dag.py
Traceback (most recent call last):
  File "/home/airflow/.local/lib/python3.12/site-packages/airflow/models/dagbag.py", line 346, in parse
    loader.exec_module(new_module)
  File "<frozen importlib._bootstrap_external>", line 995, in exec_module
  File "<frozen importlib._bootstrap>", line 488, in _call_with_frames_removed
  File "/opt/airflow/dags/novaretail_etl_dag.py", line 91, in <module>
    [extract_clientes, extract_ordenes, extract_pagos] >> \
TypeError: unsupported operand type(s) for >>: 'list' and 'list'
[2026-01-12T21:41:27.399+0000] {processor.py:842} WARNING - No viable dags retrieved from /opt/airflow/dags/novaretail_etl_dag.py
[2026-01-12T21:41:27.491+0000] {processor.py:183} INFO - Processing /opt/airflow/dags/novaretail_etl_dag.py took 0.138 seconds
[2026-01-12T21:42:00.044+0000] {processor.py:161} INFO - Started process (PID=309) to work on /opt/airflow/dags/novaretail_etl_dag.py
[2026-01-12T21:42:00.045+0000] {processor.py:830} INFO - Processing file /opt/airflow/dags/novaretail_etl_dag.py for tasks to queue
[2026-01-12T21:42:00.054+0000] {logging_mixin.py:188} INFO - [2026-01-12T21:42:00.053+0000] {dagbag.py:540} INFO - Filling up the DagBag from /opt/airflow/dags/novaretail_etl_dag.py
[2026-01-12T21:42:00.087+0000] {logging_mixin.py:188} INFO - [2026-01-12T21:42:00.082+0000] {dagbag.py:350} ERROR - Failed to import: /opt/airflow/dags/novaretail_etl_dag.py
Traceback (most recent call last):
  File "/home/airflow/.local/lib/python3.12/site-packages/airflow/models/dagbag.py", line 346, in parse
    loader.exec_module(new_module)
  File "<frozen importlib._bootstrap_external>", line 995, in exec_module
  File "<frozen importlib._bootstrap>", line 488, in _call_with_frames_removed
  File "/opt/airflow/dags/novaretail_etl_dag.py", line 91, in <module>
    [extract_clientes, extract_ordenes, extract_pagos] >> \
TypeError: unsupported operand type(s) for >>: 'list' and 'list'
[2026-01-12T21:42:00.091+0000] {processor.py:842} WARNING - No viable dags retrieved from /opt/airflow/dags/novaretail_etl_dag.py
[2026-01-12T21:42:00.137+0000] {processor.py:183} INFO - Processing /opt/airflow/dags/novaretail_etl_dag.py took 0.104 seconds
[2026-01-12T21:42:32.989+0000] {processor.py:161} INFO - Started process (PID=314) to work on /opt/airflow/dags/novaretail_etl_dag.py
[2026-01-12T21:42:32.993+0000] {processor.py:830} INFO - Processing file /opt/airflow/dags/novaretail_etl_dag.py for tasks to queue
[2026-01-12T21:42:32.997+0000] {logging_mixin.py:188} INFO - [2026-01-12T21:42:32.997+0000] {dagbag.py:540} INFO - Filling up the DagBag from /opt/airflow/dags/novaretail_etl_dag.py
[2026-01-12T21:42:33.027+0000] {logging_mixin.py:188} INFO - [2026-01-12T21:42:33.022+0000] {dagbag.py:350} ERROR - Failed to import: /opt/airflow/dags/novaretail_etl_dag.py
Traceback (most recent call last):
  File "/home/airflow/.local/lib/python3.12/site-packages/airflow/models/dagbag.py", line 346, in parse
    loader.exec_module(new_module)
  File "<frozen importlib._bootstrap_external>", line 995, in exec_module
  File "<frozen importlib._bootstrap>", line 488, in _call_with_frames_removed
  File "/opt/airflow/dags/novaretail_etl_dag.py", line 91, in <module>
    [extract_clientes, extract_ordenes, extract_pagos] >> \
TypeError: unsupported operand type(s) for >>: 'list' and 'list'
[2026-01-12T21:42:33.029+0000] {processor.py:842} WARNING - No viable dags retrieved from /opt/airflow/dags/novaretail_etl_dag.py
[2026-01-12T21:42:33.078+0000] {processor.py:183} INFO - Processing /opt/airflow/dags/novaretail_etl_dag.py took 0.108 seconds
[2026-01-12T21:43:04.856+0000] {processor.py:161} INFO - Started process (PID=319) to work on /opt/airflow/dags/novaretail_etl_dag.py
[2026-01-12T21:43:04.859+0000] {processor.py:830} INFO - Processing file /opt/airflow/dags/novaretail_etl_dag.py for tasks to queue
[2026-01-12T21:43:04.866+0000] {logging_mixin.py:188} INFO - [2026-01-12T21:43:04.865+0000] {dagbag.py:540} INFO - Filling up the DagBag from /opt/airflow/dags/novaretail_etl_dag.py
[2026-01-12T21:43:04.899+0000] {logging_mixin.py:188} INFO - [2026-01-12T21:43:04.893+0000] {dagbag.py:350} ERROR - Failed to import: /opt/airflow/dags/novaretail_etl_dag.py
Traceback (most recent call last):
  File "/home/airflow/.local/lib/python3.12/site-packages/airflow/models/dagbag.py", line 346, in parse
    loader.exec_module(new_module)
  File "<frozen importlib._bootstrap_external>", line 995, in exec_module
  File "<frozen importlib._bootstrap>", line 488, in _call_with_frames_removed
  File "/opt/airflow/dags/novaretail_etl_dag.py", line 91, in <module>
    [extract_clientes, extract_ordenes, extract_pagos] >> \
TypeError: unsupported operand type(s) for >>: 'list' and 'list'
[2026-01-12T21:43:04.901+0000] {processor.py:842} WARNING - No viable dags retrieved from /opt/airflow/dags/novaretail_etl_dag.py
[2026-01-12T21:43:04.944+0000] {processor.py:183} INFO - Processing /opt/airflow/dags/novaretail_etl_dag.py took 0.093 seconds
[2026-01-12T21:43:37.465+0000] {processor.py:161} INFO - Started process (PID=324) to work on /opt/airflow/dags/novaretail_etl_dag.py
[2026-01-12T21:43:37.466+0000] {processor.py:830} INFO - Processing file /opt/airflow/dags/novaretail_etl_dag.py for tasks to queue
[2026-01-12T21:43:37.469+0000] {logging_mixin.py:188} INFO - [2026-01-12T21:43:37.469+0000] {dagbag.py:540} INFO - Filling up the DagBag from /opt/airflow/dags/novaretail_etl_dag.py
[2026-01-12T21:43:37.491+0000] {logging_mixin.py:188} INFO - [2026-01-12T21:43:37.488+0000] {dagbag.py:350} ERROR - Failed to import: /opt/airflow/dags/novaretail_etl_dag.py
Traceback (most recent call last):
  File "/home/airflow/.local/lib/python3.12/site-packages/airflow/models/dagbag.py", line 346, in parse
    loader.exec_module(new_module)
  File "<frozen importlib._bootstrap_external>", line 995, in exec_module
  File "<frozen importlib._bootstrap>", line 488, in _call_with_frames_removed
  File "/opt/airflow/dags/novaretail_etl_dag.py", line 91, in <module>
    [extract_clientes, extract_ordenes, extract_pagos] >> \
TypeError: unsupported operand type(s) for >>: 'list' and 'list'
[2026-01-12T21:43:37.494+0000] {processor.py:842} WARNING - No viable dags retrieved from /opt/airflow/dags/novaretail_etl_dag.py
[2026-01-12T21:43:37.551+0000] {processor.py:183} INFO - Processing /opt/airflow/dags/novaretail_etl_dag.py took 0.095 seconds
[2026-01-12T21:44:10.346+0000] {processor.py:161} INFO - Started process (PID=329) to work on /opt/airflow/dags/novaretail_etl_dag.py
[2026-01-12T21:44:10.349+0000] {processor.py:830} INFO - Processing file /opt/airflow/dags/novaretail_etl_dag.py for tasks to queue
[2026-01-12T21:44:10.362+0000] {logging_mixin.py:188} INFO - [2026-01-12T21:44:10.360+0000] {dagbag.py:540} INFO - Filling up the DagBag from /opt/airflow/dags/novaretail_etl_dag.py
[2026-01-12T21:44:10.404+0000] {logging_mixin.py:188} INFO - [2026-01-12T21:44:10.397+0000] {dagbag.py:350} ERROR - Failed to import: /opt/airflow/dags/novaretail_etl_dag.py
Traceback (most recent call last):
  File "/home/airflow/.local/lib/python3.12/site-packages/airflow/models/dagbag.py", line 346, in parse
    loader.exec_module(new_module)
  File "<frozen importlib._bootstrap_external>", line 995, in exec_module
  File "<frozen importlib._bootstrap>", line 488, in _call_with_frames_removed
  File "/opt/airflow/dags/novaretail_etl_dag.py", line 91, in <module>
    [extract_clientes, extract_ordenes, extract_pagos] >> \
TypeError: unsupported operand type(s) for >>: 'list' and 'list'
[2026-01-12T21:44:10.406+0000] {processor.py:842} WARNING - No viable dags retrieved from /opt/airflow/dags/novaretail_etl_dag.py
[2026-01-12T21:44:10.461+0000] {processor.py:183} INFO - Processing /opt/airflow/dags/novaretail_etl_dag.py took 0.140 seconds
[2026-01-12T21:44:42.132+0000] {processor.py:161} INFO - Started process (PID=334) to work on /opt/airflow/dags/novaretail_etl_dag.py
[2026-01-12T21:44:42.135+0000] {processor.py:830} INFO - Processing file /opt/airflow/dags/novaretail_etl_dag.py for tasks to queue
[2026-01-12T21:44:42.139+0000] {logging_mixin.py:188} INFO - [2026-01-12T21:44:42.138+0000] {dagbag.py:540} INFO - Filling up the DagBag from /opt/airflow/dags/novaretail_etl_dag.py
[2026-01-12T21:44:42.172+0000] {logging_mixin.py:188} INFO - [2026-01-12T21:44:42.167+0000] {dagbag.py:350} ERROR - Failed to import: /opt/airflow/dags/novaretail_etl_dag.py
Traceback (most recent call last):
  File "/home/airflow/.local/lib/python3.12/site-packages/airflow/models/dagbag.py", line 346, in parse
    loader.exec_module(new_module)
  File "<frozen importlib._bootstrap_external>", line 995, in exec_module
  File "<frozen importlib._bootstrap>", line 488, in _call_with_frames_removed
  File "/opt/airflow/dags/novaretail_etl_dag.py", line 91, in <module>
    [extract_clientes, extract_ordenes, extract_pagos] >> \
TypeError: unsupported operand type(s) for >>: 'list' and 'list'
[2026-01-12T21:44:42.175+0000] {processor.py:842} WARNING - No viable dags retrieved from /opt/airflow/dags/novaretail_etl_dag.py
[2026-01-12T21:44:42.228+0000] {processor.py:183} INFO - Processing /opt/airflow/dags/novaretail_etl_dag.py took 0.107 seconds
[2026-01-12T21:45:07.290+0000] {processor.py:161} INFO - Started process (PID=339) to work on /opt/airflow/dags/novaretail_etl_dag.py
[2026-01-12T21:45:07.291+0000] {processor.py:830} INFO - Processing file /opt/airflow/dags/novaretail_etl_dag.py for tasks to queue
[2026-01-12T21:45:07.294+0000] {logging_mixin.py:188} INFO - [2026-01-12T21:45:07.293+0000] {dagbag.py:540} INFO - Filling up the DagBag from /opt/airflow/dags/novaretail_etl_dag.py
[2026-01-12T21:45:07.340+0000] {logging_mixin.py:188} INFO - [2026-01-12T21:45:07.335+0000] {dagbag.py:350} ERROR - Failed to import: /opt/airflow/dags/novaretail_etl_dag.py
Traceback (most recent call last):
  File "/home/airflow/.local/lib/python3.12/site-packages/airflow/models/dagbag.py", line 346, in parse
    loader.exec_module(new_module)
  File "<frozen importlib._bootstrap_external>", line 995, in exec_module
  File "<frozen importlib._bootstrap>", line 488, in _call_with_frames_removed
  File "/opt/airflow/dags/novaretail_etl_dag.py", line 91, in <module>
    [extract_clientes, extract_ordenes, extract_pagos] >> \
TypeError: unsupported operand type(s) for >>: 'list' and 'list'
[2026-01-12T21:45:07.342+0000] {processor.py:842} WARNING - No viable dags retrieved from /opt/airflow/dags/novaretail_etl_dag.py
[2026-01-12T21:45:07.385+0000] {processor.py:183} INFO - Processing /opt/airflow/dags/novaretail_etl_dag.py took 0.105 seconds
[2026-01-12T21:45:38.140+0000] {processor.py:161} INFO - Started process (PID=344) to work on /opt/airflow/dags/novaretail_etl_dag.py
[2026-01-12T21:45:38.141+0000] {processor.py:830} INFO - Processing file /opt/airflow/dags/novaretail_etl_dag.py for tasks to queue
[2026-01-12T21:45:38.144+0000] {logging_mixin.py:188} INFO - [2026-01-12T21:45:38.144+0000] {dagbag.py:540} INFO - Filling up the DagBag from /opt/airflow/dags/novaretail_etl_dag.py
[2026-01-12T21:45:38.172+0000] {logging_mixin.py:188} INFO - [2026-01-12T21:45:38.167+0000] {dagbag.py:350} ERROR - Failed to import: /opt/airflow/dags/novaretail_etl_dag.py
Traceback (most recent call last):
  File "/home/airflow/.local/lib/python3.12/site-packages/airflow/models/dagbag.py", line 346, in parse
    loader.exec_module(new_module)
  File "<frozen importlib._bootstrap_external>", line 995, in exec_module
  File "<frozen importlib._bootstrap>", line 488, in _call_with_frames_removed
  File "/opt/airflow/dags/novaretail_etl_dag.py", line 91, in <module>
    [extract_clientes, extract_ordenes, extract_pagos] >> \
TypeError: unsupported operand type(s) for >>: 'list' and 'list'
[2026-01-12T21:45:38.174+0000] {processor.py:842} WARNING - No viable dags retrieved from /opt/airflow/dags/novaretail_etl_dag.py
[2026-01-12T21:45:38.211+0000] {processor.py:183} INFO - Processing /opt/airflow/dags/novaretail_etl_dag.py took 0.080 seconds
[2026-01-12T21:46:08.736+0000] {processor.py:161} INFO - Started process (PID=349) to work on /opt/airflow/dags/novaretail_etl_dag.py
[2026-01-12T21:46:08.737+0000] {processor.py:830} INFO - Processing file /opt/airflow/dags/novaretail_etl_dag.py for tasks to queue
[2026-01-12T21:46:08.741+0000] {logging_mixin.py:188} INFO - [2026-01-12T21:46:08.741+0000] {dagbag.py:540} INFO - Filling up the DagBag from /opt/airflow/dags/novaretail_etl_dag.py
[2026-01-12T21:46:08.771+0000] {logging_mixin.py:188} INFO - [2026-01-12T21:46:08.765+0000] {dagbag.py:350} ERROR - Failed to import: /opt/airflow/dags/novaretail_etl_dag.py
Traceback (most recent call last):
  File "/home/airflow/.local/lib/python3.12/site-packages/airflow/models/dagbag.py", line 346, in parse
    loader.exec_module(new_module)
  File "<frozen importlib._bootstrap_external>", line 995, in exec_module
  File "<frozen importlib._bootstrap>", line 488, in _call_with_frames_removed
  File "/opt/airflow/dags/novaretail_etl_dag.py", line 91, in <module>
    [extract_clientes, extract_ordenes, extract_pagos] >> \
TypeError: unsupported operand type(s) for >>: 'list' and 'list'
[2026-01-12T21:46:08.775+0000] {processor.py:842} WARNING - No viable dags retrieved from /opt/airflow/dags/novaretail_etl_dag.py
[2026-01-12T21:46:08.819+0000] {processor.py:183} INFO - Processing /opt/airflow/dags/novaretail_etl_dag.py took 0.091 seconds
[2026-01-12T21:46:39.409+0000] {processor.py:161} INFO - Started process (PID=354) to work on /opt/airflow/dags/novaretail_etl_dag.py
[2026-01-12T21:46:39.410+0000] {processor.py:830} INFO - Processing file /opt/airflow/dags/novaretail_etl_dag.py for tasks to queue
[2026-01-12T21:46:39.413+0000] {logging_mixin.py:188} INFO - [2026-01-12T21:46:39.412+0000] {dagbag.py:540} INFO - Filling up the DagBag from /opt/airflow/dags/novaretail_etl_dag.py
[2026-01-12T21:46:39.440+0000] {logging_mixin.py:188} INFO - [2026-01-12T21:46:39.433+0000] {dagbag.py:350} ERROR - Failed to import: /opt/airflow/dags/novaretail_etl_dag.py
Traceback (most recent call last):
  File "/home/airflow/.local/lib/python3.12/site-packages/airflow/models/dagbag.py", line 346, in parse
    loader.exec_module(new_module)
  File "<frozen importlib._bootstrap_external>", line 995, in exec_module
  File "<frozen importlib._bootstrap>", line 488, in _call_with_frames_removed
  File "/opt/airflow/dags/novaretail_etl_dag.py", line 91, in <module>
    [extract_clientes, extract_ordenes, extract_pagos] >> \
TypeError: unsupported operand type(s) for >>: 'list' and 'list'
[2026-01-12T21:46:39.444+0000] {processor.py:842} WARNING - No viable dags retrieved from /opt/airflow/dags/novaretail_etl_dag.py
[2026-01-12T21:46:39.563+0000] {processor.py:183} INFO - Processing /opt/airflow/dags/novaretail_etl_dag.py took 0.161 seconds
[2026-01-12T21:47:10.028+0000] {processor.py:161} INFO - Started process (PID=359) to work on /opt/airflow/dags/novaretail_etl_dag.py
[2026-01-12T21:47:10.030+0000] {processor.py:830} INFO - Processing file /opt/airflow/dags/novaretail_etl_dag.py for tasks to queue
[2026-01-12T21:47:10.032+0000] {logging_mixin.py:188} INFO - [2026-01-12T21:47:10.032+0000] {dagbag.py:540} INFO - Filling up the DagBag from /opt/airflow/dags/novaretail_etl_dag.py
[2026-01-12T21:47:10.052+0000] {logging_mixin.py:188} INFO - [2026-01-12T21:47:10.048+0000] {dagbag.py:350} ERROR - Failed to import: /opt/airflow/dags/novaretail_etl_dag.py
Traceback (most recent call last):
  File "/home/airflow/.local/lib/python3.12/site-packages/airflow/models/dagbag.py", line 346, in parse
    loader.exec_module(new_module)
  File "<frozen importlib._bootstrap_external>", line 995, in exec_module
  File "<frozen importlib._bootstrap>", line 488, in _call_with_frames_removed
  File "/opt/airflow/dags/novaretail_etl_dag.py", line 91, in <module>
    [extract_clientes, extract_ordenes, extract_pagos] >> \
TypeError: unsupported operand type(s) for >>: 'list' and 'list'
[2026-01-12T21:47:10.054+0000] {processor.py:842} WARNING - No viable dags retrieved from /opt/airflow/dags/novaretail_etl_dag.py
[2026-01-12T21:47:10.114+0000] {processor.py:183} INFO - Processing /opt/airflow/dags/novaretail_etl_dag.py took 0.093 seconds
[2026-01-12T21:47:25.763+0000] {processor.py:161} INFO - Started process (PID=364) to work on /opt/airflow/dags/novaretail_etl_dag.py
[2026-01-12T21:47:25.764+0000] {processor.py:830} INFO - Processing file /opt/airflow/dags/novaretail_etl_dag.py for tasks to queue
[2026-01-12T21:47:25.767+0000] {logging_mixin.py:188} INFO - [2026-01-12T21:47:25.766+0000] {dagbag.py:540} INFO - Filling up the DagBag from /opt/airflow/dags/novaretail_etl_dag.py
[2026-01-12T21:47:25.813+0000] {logging_mixin.py:188} INFO - [2026-01-12T21:47:25.806+0000] {dagbag.py:350} ERROR - Failed to import: /opt/airflow/dags/novaretail_etl_dag.py
Traceback (most recent call last):
  File "/home/airflow/.local/lib/python3.12/site-packages/airflow/models/dagbag.py", line 346, in parse
    loader.exec_module(new_module)
  File "<frozen importlib._bootstrap_external>", line 995, in exec_module
  File "<frozen importlib._bootstrap>", line 488, in _call_with_frames_removed
  File "/opt/airflow/dags/novaretail_etl_dag.py", line 101, in <module>
    [transform_clientes, transform_ordenes, transform_pagos] >> [
TypeError: unsupported operand type(s) for >>: 'list' and 'list'
[2026-01-12T21:47:25.815+0000] {processor.py:842} WARNING - No viable dags retrieved from /opt/airflow/dags/novaretail_etl_dag.py
[2026-01-12T21:47:25.848+0000] {processor.py:183} INFO - Processing /opt/airflow/dags/novaretail_etl_dag.py took 0.098 seconds
[2026-01-12T21:47:57.451+0000] {processor.py:161} INFO - Started process (PID=369) to work on /opt/airflow/dags/novaretail_etl_dag.py
[2026-01-12T21:47:57.452+0000] {processor.py:830} INFO - Processing file /opt/airflow/dags/novaretail_etl_dag.py for tasks to queue
[2026-01-12T21:47:57.454+0000] {logging_mixin.py:188} INFO - [2026-01-12T21:47:57.454+0000] {dagbag.py:540} INFO - Filling up the DagBag from /opt/airflow/dags/novaretail_etl_dag.py
[2026-01-12T21:47:57.478+0000] {logging_mixin.py:188} INFO - [2026-01-12T21:47:57.474+0000] {dagbag.py:350} ERROR - Failed to import: /opt/airflow/dags/novaretail_etl_dag.py
Traceback (most recent call last):
  File "/home/airflow/.local/lib/python3.12/site-packages/airflow/models/dagbag.py", line 346, in parse
    loader.exec_module(new_module)
  File "<frozen importlib._bootstrap_external>", line 995, in exec_module
  File "<frozen importlib._bootstrap>", line 488, in _call_with_frames_removed
  File "/opt/airflow/dags/novaretail_etl_dag.py", line 101, in <module>
    [transform_clientes, transform_ordenes, transform_pagos] >> [
TypeError: unsupported operand type(s) for >>: 'list' and 'list'
[2026-01-12T21:47:57.479+0000] {processor.py:842} WARNING - No viable dags retrieved from /opt/airflow/dags/novaretail_etl_dag.py
[2026-01-12T21:47:57.542+0000] {processor.py:183} INFO - Processing /opt/airflow/dags/novaretail_etl_dag.py took 0.106 seconds
[2026-01-12T21:48:29.083+0000] {processor.py:161} INFO - Started process (PID=374) to work on /opt/airflow/dags/novaretail_etl_dag.py
[2026-01-12T21:48:29.085+0000] {processor.py:830} INFO - Processing file /opt/airflow/dags/novaretail_etl_dag.py for tasks to queue
[2026-01-12T21:48:29.089+0000] {logging_mixin.py:188} INFO - [2026-01-12T21:48:29.088+0000] {dagbag.py:540} INFO - Filling up the DagBag from /opt/airflow/dags/novaretail_etl_dag.py
[2026-01-12T21:48:29.115+0000] {logging_mixin.py:188} INFO - [2026-01-12T21:48:29.110+0000] {dagbag.py:350} ERROR - Failed to import: /opt/airflow/dags/novaretail_etl_dag.py
Traceback (most recent call last):
  File "/home/airflow/.local/lib/python3.12/site-packages/airflow/models/dagbag.py", line 346, in parse
    loader.exec_module(new_module)
  File "<frozen importlib._bootstrap_external>", line 995, in exec_module
  File "<frozen importlib._bootstrap>", line 488, in _call_with_frames_removed
  File "/opt/airflow/dags/novaretail_etl_dag.py", line 101, in <module>
    [transform_clientes, transform_ordenes, transform_pagos] >> [
TypeError: unsupported operand type(s) for >>: 'list' and 'list'
[2026-01-12T21:48:29.116+0000] {processor.py:842} WARNING - No viable dags retrieved from /opt/airflow/dags/novaretail_etl_dag.py
[2026-01-12T21:48:29.151+0000] {processor.py:183} INFO - Processing /opt/airflow/dags/novaretail_etl_dag.py took 0.075 seconds
[2026-01-12T21:49:01.471+0000] {processor.py:161} INFO - Started process (PID=379) to work on /opt/airflow/dags/novaretail_etl_dag.py
[2026-01-12T21:49:01.472+0000] {processor.py:830} INFO - Processing file /opt/airflow/dags/novaretail_etl_dag.py for tasks to queue
[2026-01-12T21:49:01.474+0000] {logging_mixin.py:188} INFO - [2026-01-12T21:49:01.474+0000] {dagbag.py:540} INFO - Filling up the DagBag from /opt/airflow/dags/novaretail_etl_dag.py
[2026-01-12T21:49:01.494+0000] {logging_mixin.py:188} INFO - [2026-01-12T21:49:01.490+0000] {dagbag.py:350} ERROR - Failed to import: /opt/airflow/dags/novaretail_etl_dag.py
Traceback (most recent call last):
  File "/home/airflow/.local/lib/python3.12/site-packages/airflow/models/dagbag.py", line 346, in parse
    loader.exec_module(new_module)
  File "<frozen importlib._bootstrap_external>", line 995, in exec_module
  File "<frozen importlib._bootstrap>", line 488, in _call_with_frames_removed
  File "/opt/airflow/dags/novaretail_etl_dag.py", line 101, in <module>
    [transform_clientes, transform_ordenes, transform_pagos] >> [
TypeError: unsupported operand type(s) for >>: 'list' and 'list'
[2026-01-12T21:49:01.495+0000] {processor.py:842} WARNING - No viable dags retrieved from /opt/airflow/dags/novaretail_etl_dag.py
[2026-01-12T21:49:01.517+0000] {processor.py:183} INFO - Processing /opt/airflow/dags/novaretail_etl_dag.py took 0.052 seconds
[2026-01-12T21:49:34.295+0000] {processor.py:161} INFO - Started process (PID=384) to work on /opt/airflow/dags/novaretail_etl_dag.py
[2026-01-12T21:49:34.297+0000] {processor.py:830} INFO - Processing file /opt/airflow/dags/novaretail_etl_dag.py for tasks to queue
[2026-01-12T21:49:34.299+0000] {logging_mixin.py:188} INFO - [2026-01-12T21:49:34.299+0000] {dagbag.py:540} INFO - Filling up the DagBag from /opt/airflow/dags/novaretail_etl_dag.py
[2026-01-12T21:49:34.321+0000] {logging_mixin.py:188} INFO - [2026-01-12T21:49:34.317+0000] {dagbag.py:350} ERROR - Failed to import: /opt/airflow/dags/novaretail_etl_dag.py
Traceback (most recent call last):
  File "/home/airflow/.local/lib/python3.12/site-packages/airflow/models/dagbag.py", line 346, in parse
    loader.exec_module(new_module)
  File "<frozen importlib._bootstrap_external>", line 995, in exec_module
  File "<frozen importlib._bootstrap>", line 488, in _call_with_frames_removed
  File "/opt/airflow/dags/novaretail_etl_dag.py", line 101, in <module>
    [transform_clientes, transform_ordenes, transform_pagos] >> [
TypeError: unsupported operand type(s) for >>: 'list' and 'list'
[2026-01-12T21:49:34.323+0000] {processor.py:842} WARNING - No viable dags retrieved from /opt/airflow/dags/novaretail_etl_dag.py
[2026-01-12T21:49:34.365+0000] {processor.py:183} INFO - Processing /opt/airflow/dags/novaretail_etl_dag.py took 0.076 seconds
[2026-01-12T21:50:06.730+0000] {processor.py:161} INFO - Started process (PID=389) to work on /opt/airflow/dags/novaretail_etl_dag.py
[2026-01-12T21:50:06.731+0000] {processor.py:830} INFO - Processing file /opt/airflow/dags/novaretail_etl_dag.py for tasks to queue
[2026-01-12T21:50:06.734+0000] {logging_mixin.py:188} INFO - [2026-01-12T21:50:06.734+0000] {dagbag.py:540} INFO - Filling up the DagBag from /opt/airflow/dags/novaretail_etl_dag.py
[2026-01-12T21:50:06.770+0000] {logging_mixin.py:188} INFO - [2026-01-12T21:50:06.765+0000] {dagbag.py:350} ERROR - Failed to import: /opt/airflow/dags/novaretail_etl_dag.py
Traceback (most recent call last):
  File "/home/airflow/.local/lib/python3.12/site-packages/airflow/models/dagbag.py", line 346, in parse
    loader.exec_module(new_module)
  File "<frozen importlib._bootstrap_external>", line 995, in exec_module
  File "<frozen importlib._bootstrap>", line 488, in _call_with_frames_removed
  File "/opt/airflow/dags/novaretail_etl_dag.py", line 101, in <module>
    [transform_clientes, transform_ordenes, transform_pagos] >> [
TypeError: unsupported operand type(s) for >>: 'list' and 'list'
[2026-01-12T21:50:06.773+0000] {processor.py:842} WARNING - No viable dags retrieved from /opt/airflow/dags/novaretail_etl_dag.py
[2026-01-12T21:50:06.814+0000] {processor.py:183} INFO - Processing /opt/airflow/dags/novaretail_etl_dag.py took 0.091 seconds
[2026-01-12T21:50:39.302+0000] {processor.py:161} INFO - Started process (PID=394) to work on /opt/airflow/dags/novaretail_etl_dag.py
[2026-01-12T21:50:39.306+0000] {processor.py:830} INFO - Processing file /opt/airflow/dags/novaretail_etl_dag.py for tasks to queue
[2026-01-12T21:50:39.326+0000] {logging_mixin.py:188} INFO - [2026-01-12T21:50:39.323+0000] {dagbag.py:540} INFO - Filling up the DagBag from /opt/airflow/dags/novaretail_etl_dag.py
[2026-01-12T21:50:39.376+0000] {logging_mixin.py:188} INFO - [2026-01-12T21:50:39.370+0000] {dagbag.py:350} ERROR - Failed to import: /opt/airflow/dags/novaretail_etl_dag.py
Traceback (most recent call last):
  File "/home/airflow/.local/lib/python3.12/site-packages/airflow/models/dagbag.py", line 346, in parse
    loader.exec_module(new_module)
  File "<frozen importlib._bootstrap_external>", line 995, in exec_module
  File "<frozen importlib._bootstrap>", line 488, in _call_with_frames_removed
  File "/opt/airflow/dags/novaretail_etl_dag.py", line 101, in <module>
    [transform_clientes, transform_ordenes, transform_pagos] >> [
TypeError: unsupported operand type(s) for >>: 'list' and 'list'
[2026-01-12T21:50:39.380+0000] {processor.py:842} WARNING - No viable dags retrieved from /opt/airflow/dags/novaretail_etl_dag.py
[2026-01-12T21:50:39.481+0000] {processor.py:183} INFO - Processing /opt/airflow/dags/novaretail_etl_dag.py took 0.236 seconds
[2026-01-12T21:50:49.520+0000] {processor.py:161} INFO - Started process (PID=399) to work on /opt/airflow/dags/novaretail_etl_dag.py
[2026-01-12T21:50:49.525+0000] {processor.py:830} INFO - Processing file /opt/airflow/dags/novaretail_etl_dag.py for tasks to queue
[2026-01-12T21:50:49.548+0000] {logging_mixin.py:188} INFO - [2026-01-12T21:50:49.548+0000] {dagbag.py:540} INFO - Filling up the DagBag from /opt/airflow/dags/novaretail_etl_dag.py
[2026-01-12T21:50:49.619+0000] {logging_mixin.py:188} INFO - [2026-01-12T21:50:49.612+0000] {dagbag.py:350} ERROR - Failed to import: /opt/airflow/dags/novaretail_etl_dag.py
Traceback (most recent call last):
  File "/home/airflow/.local/lib/python3.12/site-packages/airflow/models/dagbag.py", line 346, in parse
    loader.exec_module(new_module)
  File "<frozen importlib._bootstrap_external>", line 995, in exec_module
  File "<frozen importlib._bootstrap>", line 488, in _call_with_frames_removed
  File "/opt/airflow/dags/novaretail_etl_dag.py", line 97, in <module>
    [transform_clientes, transform_ordenes, transform_pagos] >> [
TypeError: unsupported operand type(s) for >>: 'list' and 'list'
[2026-01-12T21:50:49.622+0000] {processor.py:842} WARNING - No viable dags retrieved from /opt/airflow/dags/novaretail_etl_dag.py
[2026-01-12T21:50:49.689+0000] {processor.py:183} INFO - Processing /opt/airflow/dags/novaretail_etl_dag.py took 0.225 seconds
[2026-01-12T21:51:20.140+0000] {processor.py:161} INFO - Started process (PID=404) to work on /opt/airflow/dags/novaretail_etl_dag.py
[2026-01-12T21:51:20.141+0000] {processor.py:830} INFO - Processing file /opt/airflow/dags/novaretail_etl_dag.py for tasks to queue
[2026-01-12T21:51:20.148+0000] {logging_mixin.py:188} INFO - [2026-01-12T21:51:20.146+0000] {dagbag.py:540} INFO - Filling up the DagBag from /opt/airflow/dags/novaretail_etl_dag.py
[2026-01-12T21:51:20.170+0000] {logging_mixin.py:188} INFO - [2026-01-12T21:51:20.166+0000] {dagbag.py:350} ERROR - Failed to import: /opt/airflow/dags/novaretail_etl_dag.py
Traceback (most recent call last):
  File "/home/airflow/.local/lib/python3.12/site-packages/airflow/models/dagbag.py", line 346, in parse
    loader.exec_module(new_module)
  File "<frozen importlib._bootstrap_external>", line 995, in exec_module
  File "<frozen importlib._bootstrap>", line 488, in _call_with_frames_removed
  File "/opt/airflow/dags/novaretail_etl_dag.py", line 97, in <module>
    [transform_clientes, transform_ordenes, transform_pagos] >> [
TypeError: unsupported operand type(s) for >>: 'list' and 'list'
[2026-01-12T21:51:20.172+0000] {processor.py:842} WARNING - No viable dags retrieved from /opt/airflow/dags/novaretail_etl_dag.py
[2026-01-12T21:51:20.213+0000] {processor.py:183} INFO - Processing /opt/airflow/dags/novaretail_etl_dag.py took 0.112 seconds
[2026-01-12T21:51:58.390+0000] {processor.py:161} INFO - Started process (PID=164) to work on /opt/airflow/dags/novaretail_etl_dag.py
[2026-01-12T21:51:58.398+0000] {processor.py:830} INFO - Processing file /opt/airflow/dags/novaretail_etl_dag.py for tasks to queue
[2026-01-12T21:51:58.412+0000] {logging_mixin.py:188} INFO - [2026-01-12T21:51:58.409+0000] {dagbag.py:540} INFO - Filling up the DagBag from /opt/airflow/dags/novaretail_etl_dag.py
[2026-01-12T21:51:58.578+0000] {logging_mixin.py:188} INFO - [2026-01-12T21:51:58.546+0000] {dagbag.py:350} ERROR - Failed to import: /opt/airflow/dags/novaretail_etl_dag.py
Traceback (most recent call last):
  File "/home/airflow/.local/lib/python3.12/site-packages/airflow/models/dagbag.py", line 346, in parse
    loader.exec_module(new_module)
  File "<frozen importlib._bootstrap_external>", line 995, in exec_module
  File "<frozen importlib._bootstrap>", line 488, in _call_with_frames_removed
  File "/opt/airflow/dags/novaretail_etl_dag.py", line 97, in <module>
    [transform_clientes, transform_ordenes, transform_pagos] >> [
TypeError: unsupported operand type(s) for >>: 'list' and 'list'
[2026-01-12T21:51:58.586+0000] {processor.py:842} WARNING - No viable dags retrieved from /opt/airflow/dags/novaretail_etl_dag.py
[2026-01-12T21:51:59.249+0000] {processor.py:183} INFO - Processing /opt/airflow/dags/novaretail_etl_dag.py took 0.892 seconds
[2026-01-12T21:52:30.103+0000] {processor.py:161} INFO - Started process (PID=169) to work on /opt/airflow/dags/novaretail_etl_dag.py
[2026-01-12T21:52:30.111+0000] {processor.py:830} INFO - Processing file /opt/airflow/dags/novaretail_etl_dag.py for tasks to queue
[2026-01-12T21:52:30.126+0000] {logging_mixin.py:188} INFO - [2026-01-12T21:52:30.123+0000] {dagbag.py:540} INFO - Filling up the DagBag from /opt/airflow/dags/novaretail_etl_dag.py
[2026-01-12T21:52:30.194+0000] {logging_mixin.py:188} INFO - [2026-01-12T21:52:30.186+0000] {dagbag.py:350} ERROR - Failed to import: /opt/airflow/dags/novaretail_etl_dag.py
Traceback (most recent call last):
  File "/home/airflow/.local/lib/python3.12/site-packages/airflow/models/dagbag.py", line 346, in parse
    loader.exec_module(new_module)
  File "<frozen importlib._bootstrap_external>", line 995, in exec_module
  File "<frozen importlib._bootstrap>", line 488, in _call_with_frames_removed
  File "/opt/airflow/dags/novaretail_etl_dag.py", line 97, in <module>
    [transform_clientes, transform_ordenes, transform_pagos] >> [
TypeError: unsupported operand type(s) for >>: 'list' and 'list'
[2026-01-12T21:52:30.197+0000] {processor.py:842} WARNING - No viable dags retrieved from /opt/airflow/dags/novaretail_etl_dag.py
[2026-01-12T21:52:30.298+0000] {processor.py:183} INFO - Processing /opt/airflow/dags/novaretail_etl_dag.py took 0.241 seconds
[2026-01-12T21:53:00.543+0000] {processor.py:161} INFO - Started process (PID=174) to work on /opt/airflow/dags/novaretail_etl_dag.py
[2026-01-12T21:53:00.545+0000] {processor.py:830} INFO - Processing file /opt/airflow/dags/novaretail_etl_dag.py for tasks to queue
[2026-01-12T21:53:00.550+0000] {logging_mixin.py:188} INFO - [2026-01-12T21:53:00.550+0000] {dagbag.py:540} INFO - Filling up the DagBag from /opt/airflow/dags/novaretail_etl_dag.py
[2026-01-12T21:53:00.595+0000] {logging_mixin.py:188} INFO - [2026-01-12T21:53:00.591+0000] {dagbag.py:350} ERROR - Failed to import: /opt/airflow/dags/novaretail_etl_dag.py
Traceback (most recent call last):
  File "/home/airflow/.local/lib/python3.12/site-packages/airflow/models/dagbag.py", line 346, in parse
    loader.exec_module(new_module)
  File "<frozen importlib._bootstrap_external>", line 995, in exec_module
  File "<frozen importlib._bootstrap>", line 488, in _call_with_frames_removed
  File "/opt/airflow/dags/novaretail_etl_dag.py", line 97, in <module>
    [transform_clientes, transform_ordenes, transform_pagos] >> [
TypeError: unsupported operand type(s) for >>: 'list' and 'list'
[2026-01-12T21:53:00.596+0000] {processor.py:842} WARNING - No viable dags retrieved from /opt/airflow/dags/novaretail_etl_dag.py
[2026-01-12T21:53:00.623+0000] {processor.py:183} INFO - Processing /opt/airflow/dags/novaretail_etl_dag.py took 0.086 seconds
[2026-01-12T21:53:30.935+0000] {processor.py:161} INFO - Started process (PID=179) to work on /opt/airflow/dags/novaretail_etl_dag.py
[2026-01-12T21:53:30.936+0000] {processor.py:830} INFO - Processing file /opt/airflow/dags/novaretail_etl_dag.py for tasks to queue
[2026-01-12T21:53:30.939+0000] {logging_mixin.py:188} INFO - [2026-01-12T21:53:30.939+0000] {dagbag.py:540} INFO - Filling up the DagBag from /opt/airflow/dags/novaretail_etl_dag.py
[2026-01-12T21:53:30.978+0000] {logging_mixin.py:188} INFO - [2026-01-12T21:53:30.972+0000] {dagbag.py:350} ERROR - Failed to import: /opt/airflow/dags/novaretail_etl_dag.py
Traceback (most recent call last):
  File "/home/airflow/.local/lib/python3.12/site-packages/airflow/models/dagbag.py", line 346, in parse
    loader.exec_module(new_module)
  File "<frozen importlib._bootstrap_external>", line 995, in exec_module
  File "<frozen importlib._bootstrap>", line 488, in _call_with_frames_removed
  File "/opt/airflow/dags/novaretail_etl_dag.py", line 97, in <module>
    [transform_clientes, transform_ordenes, transform_pagos] >> [
TypeError: unsupported operand type(s) for >>: 'list' and 'list'
[2026-01-12T21:53:30.979+0000] {processor.py:842} WARNING - No viable dags retrieved from /opt/airflow/dags/novaretail_etl_dag.py
[2026-01-12T21:53:31.012+0000] {processor.py:183} INFO - Processing /opt/airflow/dags/novaretail_etl_dag.py took 0.087 seconds
[2026-01-12T21:54:01.418+0000] {processor.py:161} INFO - Started process (PID=184) to work on /opt/airflow/dags/novaretail_etl_dag.py
[2026-01-12T21:54:01.421+0000] {processor.py:830} INFO - Processing file /opt/airflow/dags/novaretail_etl_dag.py for tasks to queue
[2026-01-12T21:54:01.426+0000] {logging_mixin.py:188} INFO - [2026-01-12T21:54:01.425+0000] {dagbag.py:540} INFO - Filling up the DagBag from /opt/airflow/dags/novaretail_etl_dag.py
[2026-01-12T21:54:01.489+0000] {logging_mixin.py:188} INFO - [2026-01-12T21:54:01.482+0000] {dagbag.py:350} ERROR - Failed to import: /opt/airflow/dags/novaretail_etl_dag.py
Traceback (most recent call last):
  File "/home/airflow/.local/lib/python3.12/site-packages/airflow/models/dagbag.py", line 346, in parse
    loader.exec_module(new_module)
  File "<frozen importlib._bootstrap_external>", line 995, in exec_module
  File "<frozen importlib._bootstrap>", line 488, in _call_with_frames_removed
  File "/opt/airflow/dags/novaretail_etl_dag.py", line 97, in <module>
    [transform_clientes, transform_ordenes, transform_pagos] >> [
TypeError: unsupported operand type(s) for >>: 'list' and 'list'
[2026-01-12T21:54:01.492+0000] {processor.py:842} WARNING - No viable dags retrieved from /opt/airflow/dags/novaretail_etl_dag.py
[2026-01-12T21:54:01.524+0000] {processor.py:183} INFO - Processing /opt/airflow/dags/novaretail_etl_dag.py took 0.118 seconds
[2026-01-12T21:54:31.750+0000] {processor.py:161} INFO - Started process (PID=189) to work on /opt/airflow/dags/novaretail_etl_dag.py
[2026-01-12T21:54:31.751+0000] {processor.py:830} INFO - Processing file /opt/airflow/dags/novaretail_etl_dag.py for tasks to queue
[2026-01-12T21:54:31.753+0000] {logging_mixin.py:188} INFO - [2026-01-12T21:54:31.753+0000] {dagbag.py:540} INFO - Filling up the DagBag from /opt/airflow/dags/novaretail_etl_dag.py
[2026-01-12T21:54:31.773+0000] {logging_mixin.py:188} INFO - [2026-01-12T21:54:31.769+0000] {dagbag.py:350} ERROR - Failed to import: /opt/airflow/dags/novaretail_etl_dag.py
Traceback (most recent call last):
  File "/home/airflow/.local/lib/python3.12/site-packages/airflow/models/dagbag.py", line 346, in parse
    loader.exec_module(new_module)
  File "<frozen importlib._bootstrap_external>", line 995, in exec_module
  File "<frozen importlib._bootstrap>", line 488, in _call_with_frames_removed
  File "/opt/airflow/dags/novaretail_etl_dag.py", line 97, in <module>
    [transform_clientes, transform_ordenes, transform_pagos] >> [
TypeError: unsupported operand type(s) for >>: 'list' and 'list'
[2026-01-12T21:54:31.776+0000] {processor.py:842} WARNING - No viable dags retrieved from /opt/airflow/dags/novaretail_etl_dag.py
[2026-01-12T21:54:31.803+0000] {processor.py:183} INFO - Processing /opt/airflow/dags/novaretail_etl_dag.py took 0.059 seconds
[2026-01-12T21:55:02.169+0000] {processor.py:161} INFO - Started process (PID=194) to work on /opt/airflow/dags/novaretail_etl_dag.py
[2026-01-12T21:55:02.170+0000] {processor.py:830} INFO - Processing file /opt/airflow/dags/novaretail_etl_dag.py for tasks to queue
[2026-01-12T21:55:02.174+0000] {logging_mixin.py:188} INFO - [2026-01-12T21:55:02.174+0000] {dagbag.py:540} INFO - Filling up the DagBag from /opt/airflow/dags/novaretail_etl_dag.py
[2026-01-12T21:55:02.214+0000] {logging_mixin.py:188} INFO - [2026-01-12T21:55:02.208+0000] {dagbag.py:350} ERROR - Failed to import: /opt/airflow/dags/novaretail_etl_dag.py
Traceback (most recent call last):
  File "/home/airflow/.local/lib/python3.12/site-packages/airflow/models/dagbag.py", line 346, in parse
    loader.exec_module(new_module)
  File "<frozen importlib._bootstrap_external>", line 995, in exec_module
  File "<frozen importlib._bootstrap>", line 488, in _call_with_frames_removed
  File "/opt/airflow/dags/novaretail_etl_dag.py", line 97, in <module>
    [transform_clientes, transform_ordenes, transform_pagos] >> [
TypeError: unsupported operand type(s) for >>: 'list' and 'list'
[2026-01-12T21:55:02.217+0000] {processor.py:842} WARNING - No viable dags retrieved from /opt/airflow/dags/novaretail_etl_dag.py
[2026-01-12T21:55:02.257+0000] {processor.py:183} INFO - Processing /opt/airflow/dags/novaretail_etl_dag.py took 0.099 seconds
[2026-01-12T21:55:32.670+0000] {processor.py:161} INFO - Started process (PID=205) to work on /opt/airflow/dags/novaretail_etl_dag.py
[2026-01-12T21:55:32.672+0000] {processor.py:830} INFO - Processing file /opt/airflow/dags/novaretail_etl_dag.py for tasks to queue
[2026-01-12T21:55:32.675+0000] {logging_mixin.py:188} INFO - [2026-01-12T21:55:32.675+0000] {dagbag.py:540} INFO - Filling up the DagBag from /opt/airflow/dags/novaretail_etl_dag.py
[2026-01-12T21:55:32.701+0000] {logging_mixin.py:188} INFO - [2026-01-12T21:55:32.695+0000] {dagbag.py:350} ERROR - Failed to import: /opt/airflow/dags/novaretail_etl_dag.py
Traceback (most recent call last):
  File "/home/airflow/.local/lib/python3.12/site-packages/airflow/models/dagbag.py", line 346, in parse
    loader.exec_module(new_module)
  File "<frozen importlib._bootstrap_external>", line 995, in exec_module
  File "<frozen importlib._bootstrap>", line 488, in _call_with_frames_removed
  File "/opt/airflow/dags/novaretail_etl_dag.py", line 97, in <module>
    [transform_clientes, transform_ordenes, transform_pagos] >> [
TypeError: unsupported operand type(s) for >>: 'list' and 'list'
[2026-01-12T21:55:32.703+0000] {processor.py:842} WARNING - No viable dags retrieved from /opt/airflow/dags/novaretail_etl_dag.py
[2026-01-12T21:55:32.732+0000] {processor.py:183} INFO - Processing /opt/airflow/dags/novaretail_etl_dag.py took 0.069 seconds
[2026-01-12T21:56:03.178+0000] {processor.py:161} INFO - Started process (PID=216) to work on /opt/airflow/dags/novaretail_etl_dag.py
[2026-01-12T21:56:03.180+0000] {processor.py:830} INFO - Processing file /opt/airflow/dags/novaretail_etl_dag.py for tasks to queue
[2026-01-12T21:56:03.183+0000] {logging_mixin.py:188} INFO - [2026-01-12T21:56:03.182+0000] {dagbag.py:540} INFO - Filling up the DagBag from /opt/airflow/dags/novaretail_etl_dag.py
[2026-01-12T21:56:03.210+0000] {logging_mixin.py:188} INFO - [2026-01-12T21:56:03.205+0000] {dagbag.py:350} ERROR - Failed to import: /opt/airflow/dags/novaretail_etl_dag.py
Traceback (most recent call last):
  File "/home/airflow/.local/lib/python3.12/site-packages/airflow/models/dagbag.py", line 346, in parse
    loader.exec_module(new_module)
  File "<frozen importlib._bootstrap_external>", line 995, in exec_module
  File "<frozen importlib._bootstrap>", line 488, in _call_with_frames_removed
  File "/opt/airflow/dags/novaretail_etl_dag.py", line 97, in <module>
    [transform_clientes, transform_ordenes, transform_pagos] >> [
TypeError: unsupported operand type(s) for >>: 'list' and 'list'
[2026-01-12T21:56:03.212+0000] {processor.py:842} WARNING - No viable dags retrieved from /opt/airflow/dags/novaretail_etl_dag.py
[2026-01-12T21:56:03.245+0000] {processor.py:183} INFO - Processing /opt/airflow/dags/novaretail_etl_dag.py took 0.073 seconds
[2026-01-12T21:56:33.680+0000] {processor.py:161} INFO - Started process (PID=221) to work on /opt/airflow/dags/novaretail_etl_dag.py
[2026-01-12T21:56:33.682+0000] {processor.py:830} INFO - Processing file /opt/airflow/dags/novaretail_etl_dag.py for tasks to queue
[2026-01-12T21:56:33.686+0000] {logging_mixin.py:188} INFO - [2026-01-12T21:56:33.685+0000] {dagbag.py:540} INFO - Filling up the DagBag from /opt/airflow/dags/novaretail_etl_dag.py
[2026-01-12T21:56:33.734+0000] {logging_mixin.py:188} INFO - [2026-01-12T21:56:33.727+0000] {dagbag.py:350} ERROR - Failed to import: /opt/airflow/dags/novaretail_etl_dag.py
Traceback (most recent call last):
  File "/home/airflow/.local/lib/python3.12/site-packages/airflow/models/dagbag.py", line 346, in parse
    loader.exec_module(new_module)
  File "<frozen importlib._bootstrap_external>", line 995, in exec_module
  File "<frozen importlib._bootstrap>", line 488, in _call_with_frames_removed
  File "/opt/airflow/dags/novaretail_etl_dag.py", line 97, in <module>
    [transform_clientes, transform_ordenes, transform_pagos] >> [
TypeError: unsupported operand type(s) for >>: 'list' and 'list'
[2026-01-12T21:56:33.738+0000] {processor.py:842} WARNING - No viable dags retrieved from /opt/airflow/dags/novaretail_etl_dag.py
[2026-01-12T21:56:33.793+0000] {processor.py:183} INFO - Processing /opt/airflow/dags/novaretail_etl_dag.py took 0.121 seconds
[2026-01-12T21:56:51.972+0000] {processor.py:161} INFO - Started process (PID=226) to work on /opt/airflow/dags/novaretail_etl_dag.py
[2026-01-12T21:56:51.982+0000] {processor.py:830} INFO - Processing file /opt/airflow/dags/novaretail_etl_dag.py for tasks to queue
[2026-01-12T21:56:51.990+0000] {logging_mixin.py:188} INFO - [2026-01-12T21:56:51.990+0000] {dagbag.py:540} INFO - Filling up the DagBag from /opt/airflow/dags/novaretail_etl_dag.py
[2026-01-12T21:56:52.050+0000] {logging_mixin.py:188} INFO - [2026-01-12T21:56:52.043+0000] {dagbag.py:350} ERROR - Failed to import: /opt/airflow/dags/novaretail_etl_dag.py
Traceback (most recent call last):
  File "/home/airflow/.local/lib/python3.12/site-packages/airflow/models/dagbag.py", line 346, in parse
    loader.exec_module(new_module)
  File "<frozen importlib._bootstrap_external>", line 995, in exec_module
  File "<frozen importlib._bootstrap>", line 488, in _call_with_frames_removed
  File "/opt/airflow/dags/novaretail_etl_dag.py", line 97, in <module>
    [transform_clientes, transform_ordenes, transform_pagos] >> [
TypeError: unsupported operand type(s) for >>: 'list' and 'list'
[2026-01-12T21:56:52.053+0000] {processor.py:842} WARNING - No viable dags retrieved from /opt/airflow/dags/novaretail_etl_dag.py
[2026-01-12T21:56:52.115+0000] {processor.py:183} INFO - Processing /opt/airflow/dags/novaretail_etl_dag.py took 0.152 seconds
[2026-01-12T21:57:23.142+0000] {processor.py:161} INFO - Started process (PID=231) to work on /opt/airflow/dags/novaretail_etl_dag.py
[2026-01-12T21:57:23.145+0000] {processor.py:830} INFO - Processing file /opt/airflow/dags/novaretail_etl_dag.py for tasks to queue
[2026-01-12T21:57:23.148+0000] {logging_mixin.py:188} INFO - [2026-01-12T21:57:23.148+0000] {dagbag.py:540} INFO - Filling up the DagBag from /opt/airflow/dags/novaretail_etl_dag.py
[2026-01-12T21:57:23.182+0000] {logging_mixin.py:188} INFO - [2026-01-12T21:57:23.176+0000] {dagbag.py:350} ERROR - Failed to import: /opt/airflow/dags/novaretail_etl_dag.py
Traceback (most recent call last):
  File "/home/airflow/.local/lib/python3.12/site-packages/airflow/models/dagbag.py", line 346, in parse
    loader.exec_module(new_module)
  File "<frozen importlib._bootstrap_external>", line 995, in exec_module
  File "<frozen importlib._bootstrap>", line 488, in _call_with_frames_removed
  File "/opt/airflow/dags/novaretail_etl_dag.py", line 97, in <module>
    [transform_clientes, transform_ordenes, transform_pagos] >> [
TypeError: unsupported operand type(s) for >>: 'list' and 'list'
[2026-01-12T21:57:23.185+0000] {processor.py:842} WARNING - No viable dags retrieved from /opt/airflow/dags/novaretail_etl_dag.py
[2026-01-12T21:57:23.218+0000] {processor.py:183} INFO - Processing /opt/airflow/dags/novaretail_etl_dag.py took 0.083 seconds
[2026-01-12T21:57:53.276+0000] {processor.py:161} INFO - Started process (PID=236) to work on /opt/airflow/dags/novaretail_etl_dag.py
[2026-01-12T21:57:53.278+0000] {processor.py:830} INFO - Processing file /opt/airflow/dags/novaretail_etl_dag.py for tasks to queue
[2026-01-12T21:57:53.281+0000] {logging_mixin.py:188} INFO - [2026-01-12T21:57:53.280+0000] {dagbag.py:540} INFO - Filling up the DagBag from /opt/airflow/dags/novaretail_etl_dag.py
[2026-01-12T21:57:53.308+0000] {logging_mixin.py:188} INFO - [2026-01-12T21:57:53.304+0000] {dagbag.py:350} ERROR - Failed to import: /opt/airflow/dags/novaretail_etl_dag.py
Traceback (most recent call last):
  File "/home/airflow/.local/lib/python3.12/site-packages/airflow/models/dagbag.py", line 346, in parse
    loader.exec_module(new_module)
  File "<frozen importlib._bootstrap_external>", line 995, in exec_module
  File "<frozen importlib._bootstrap>", line 488, in _call_with_frames_removed
  File "/opt/airflow/dags/novaretail_etl_dag.py", line 97, in <module>
    [transform_clientes, transform_ordenes, transform_pagos] >> [
TypeError: unsupported operand type(s) for >>: 'list' and 'list'
[2026-01-12T21:57:53.310+0000] {processor.py:842} WARNING - No viable dags retrieved from /opt/airflow/dags/novaretail_etl_dag.py
[2026-01-12T21:57:53.340+0000] {processor.py:183} INFO - Processing /opt/airflow/dags/novaretail_etl_dag.py took 0.071 seconds
[2026-01-12T21:58:23.620+0000] {processor.py:161} INFO - Started process (PID=241) to work on /opt/airflow/dags/novaretail_etl_dag.py
[2026-01-12T21:58:23.621+0000] {processor.py:830} INFO - Processing file /opt/airflow/dags/novaretail_etl_dag.py for tasks to queue
[2026-01-12T21:58:23.624+0000] {logging_mixin.py:188} INFO - [2026-01-12T21:58:23.623+0000] {dagbag.py:540} INFO - Filling up the DagBag from /opt/airflow/dags/novaretail_etl_dag.py
[2026-01-12T21:58:23.649+0000] {logging_mixin.py:188} INFO - [2026-01-12T21:58:23.645+0000] {dagbag.py:350} ERROR - Failed to import: /opt/airflow/dags/novaretail_etl_dag.py
Traceback (most recent call last):
  File "/home/airflow/.local/lib/python3.12/site-packages/airflow/models/dagbag.py", line 346, in parse
    loader.exec_module(new_module)
  File "<frozen importlib._bootstrap_external>", line 995, in exec_module
  File "<frozen importlib._bootstrap>", line 488, in _call_with_frames_removed
  File "/opt/airflow/dags/novaretail_etl_dag.py", line 97, in <module>
    [transform_clientes, transform_ordenes, transform_pagos] >> [
TypeError: unsupported operand type(s) for >>: 'list' and 'list'
[2026-01-12T21:58:23.651+0000] {processor.py:842} WARNING - No viable dags retrieved from /opt/airflow/dags/novaretail_etl_dag.py
[2026-01-12T21:58:23.676+0000] {processor.py:183} INFO - Processing /opt/airflow/dags/novaretail_etl_dag.py took 0.061 seconds
[2026-01-12T21:58:39.708+0000] {processor.py:161} INFO - Started process (PID=246) to work on /opt/airflow/dags/novaretail_etl_dag.py
[2026-01-12T21:58:39.709+0000] {processor.py:830} INFO - Processing file /opt/airflow/dags/novaretail_etl_dag.py for tasks to queue
[2026-01-12T21:58:39.711+0000] {logging_mixin.py:188} INFO - [2026-01-12T21:58:39.711+0000] {dagbag.py:540} INFO - Filling up the DagBag from /opt/airflow/dags/novaretail_etl_dag.py
[2026-01-12T21:58:40.024+0000] {processor.py:840} INFO - DAG(s) 'novaretail_etl_pipeline' retrieved from /opt/airflow/dags/novaretail_etl_dag.py
[2026-01-12T21:58:45.310+0000] {logging_mixin.py:188} INFO - [2026-01-12T21:58:45.308+0000] {override.py:1829} INFO - Created Permission View: can edit on DAG:novaretail_etl_pipeline
[2026-01-12T21:58:45.333+0000] {logging_mixin.py:188} INFO - [2026-01-12T21:58:45.333+0000] {override.py:1829} INFO - Created Permission View: can delete on DAG:novaretail_etl_pipeline
[2026-01-12T21:58:45.345+0000] {logging_mixin.py:188} INFO - [2026-01-12T21:58:45.344+0000] {override.py:1829} INFO - Created Permission View: can read on DAG:novaretail_etl_pipeline
[2026-01-12T21:58:45.347+0000] {logging_mixin.py:188} INFO - [2026-01-12T21:58:45.346+0000] {dag.py:3096} INFO - Sync 1 DAGs
[2026-01-12T21:58:45.433+0000] {logging_mixin.py:188} INFO - [2026-01-12T21:58:45.432+0000] {dag.py:3118} INFO - Creating ORM DAG for novaretail_etl_pipeline
[2026-01-12T21:58:45.440+0000] {logging_mixin.py:188} INFO - [2026-01-12T21:58:45.439+0000] {dag.py:3954} INFO - Setting next_dagrun for novaretail_etl_pipeline to None, run_after=None
[2026-01-12T21:58:45.561+0000] {processor.py:183} INFO - Processing /opt/airflow/dags/novaretail_etl_dag.py took 3.560 seconds
[2026-01-12T21:59:15.972+0000] {processor.py:161} INFO - Started process (PID=251) to work on /opt/airflow/dags/novaretail_etl_dag.py
[2026-01-12T21:59:15.974+0000] {processor.py:830} INFO - Processing file /opt/airflow/dags/novaretail_etl_dag.py for tasks to queue
[2026-01-12T21:59:15.976+0000] {logging_mixin.py:188} INFO - [2026-01-12T21:59:15.976+0000] {dagbag.py:540} INFO - Filling up the DagBag from /opt/airflow/dags/novaretail_etl_dag.py
[2026-01-12T21:59:16.004+0000] {processor.py:840} INFO - DAG(s) 'novaretail_etl_pipeline' retrieved from /opt/airflow/dags/novaretail_etl_dag.py
[2026-01-12T21:59:16.045+0000] {logging_mixin.py:188} INFO - [2026-01-12T21:59:16.044+0000] {dag.py:3096} INFO - Sync 1 DAGs
[2026-01-12T21:59:16.061+0000] {logging_mixin.py:188} INFO - [2026-01-12T21:59:16.061+0000] {dag.py:3954} INFO - Setting next_dagrun for novaretail_etl_pipeline to None, run_after=None
[2026-01-12T21:59:16.096+0000] {processor.py:183} INFO - Processing /opt/airflow/dags/novaretail_etl_dag.py took 0.130 seconds
[2026-01-12T21:59:48.113+0000] {processor.py:161} INFO - Started process (PID=256) to work on /opt/airflow/dags/novaretail_etl_dag.py
[2026-01-12T21:59:48.115+0000] {processor.py:830} INFO - Processing file /opt/airflow/dags/novaretail_etl_dag.py for tasks to queue
[2026-01-12T21:59:48.118+0000] {logging_mixin.py:188} INFO - [2026-01-12T21:59:48.117+0000] {dagbag.py:540} INFO - Filling up the DagBag from /opt/airflow/dags/novaretail_etl_dag.py
[2026-01-12T21:59:48.143+0000] {processor.py:840} INFO - DAG(s) 'novaretail_etl_pipeline' retrieved from /opt/airflow/dags/novaretail_etl_dag.py
[2026-01-12T21:59:48.186+0000] {logging_mixin.py:188} INFO - [2026-01-12T21:59:48.186+0000] {dag.py:3096} INFO - Sync 1 DAGs
[2026-01-12T21:59:48.204+0000] {logging_mixin.py:188} INFO - [2026-01-12T21:59:48.204+0000] {dag.py:3954} INFO - Setting next_dagrun for novaretail_etl_pipeline to None, run_after=None
[2026-01-12T21:59:48.230+0000] {processor.py:183} INFO - Processing /opt/airflow/dags/novaretail_etl_dag.py took 0.123 seconds
[2026-01-12T22:00:21.021+0000] {processor.py:161} INFO - Started process (PID=261) to work on /opt/airflow/dags/novaretail_etl_dag.py
[2026-01-12T22:00:21.023+0000] {processor.py:830} INFO - Processing file /opt/airflow/dags/novaretail_etl_dag.py for tasks to queue
[2026-01-12T22:00:21.026+0000] {logging_mixin.py:188} INFO - [2026-01-12T22:00:21.025+0000] {dagbag.py:540} INFO - Filling up the DagBag from /opt/airflow/dags/novaretail_etl_dag.py
[2026-01-12T22:00:21.045+0000] {processor.py:840} INFO - DAG(s) 'novaretail_etl_pipeline' retrieved from /opt/airflow/dags/novaretail_etl_dag.py
[2026-01-12T22:00:21.083+0000] {logging_mixin.py:188} INFO - [2026-01-12T22:00:21.083+0000] {dag.py:3096} INFO - Sync 1 DAGs
[2026-01-12T22:00:21.098+0000] {logging_mixin.py:188} INFO - [2026-01-12T22:00:21.098+0000] {dag.py:3954} INFO - Setting next_dagrun for novaretail_etl_pipeline to None, run_after=None
[2026-01-12T22:00:21.120+0000] {processor.py:183} INFO - Processing /opt/airflow/dags/novaretail_etl_dag.py took 0.106 seconds
[2026-01-12T22:00:54.125+0000] {processor.py:161} INFO - Started process (PID=266) to work on /opt/airflow/dags/novaretail_etl_dag.py
[2026-01-12T22:00:54.128+0000] {processor.py:830} INFO - Processing file /opt/airflow/dags/novaretail_etl_dag.py for tasks to queue
[2026-01-12T22:00:54.132+0000] {logging_mixin.py:188} INFO - [2026-01-12T22:00:54.132+0000] {dagbag.py:540} INFO - Filling up the DagBag from /opt/airflow/dags/novaretail_etl_dag.py
[2026-01-12T22:00:54.171+0000] {processor.py:840} INFO - DAG(s) 'novaretail_etl_pipeline' retrieved from /opt/airflow/dags/novaretail_etl_dag.py
[2026-01-12T22:00:54.237+0000] {logging_mixin.py:188} INFO - [2026-01-12T22:00:54.236+0000] {dag.py:3096} INFO - Sync 1 DAGs
[2026-01-12T22:00:54.288+0000] {logging_mixin.py:188} INFO - [2026-01-12T22:00:54.288+0000] {dag.py:3954} INFO - Setting next_dagrun for novaretail_etl_pipeline to None, run_after=None
[2026-01-12T22:00:54.370+0000] {processor.py:183} INFO - Processing /opt/airflow/dags/novaretail_etl_dag.py took 0.259 seconds
[2026-01-12T22:01:26.587+0000] {processor.py:161} INFO - Started process (PID=271) to work on /opt/airflow/dags/novaretail_etl_dag.py
[2026-01-12T22:01:26.588+0000] {processor.py:830} INFO - Processing file /opt/airflow/dags/novaretail_etl_dag.py for tasks to queue
[2026-01-12T22:01:26.591+0000] {logging_mixin.py:188} INFO - [2026-01-12T22:01:26.591+0000] {dagbag.py:540} INFO - Filling up the DagBag from /opt/airflow/dags/novaretail_etl_dag.py
[2026-01-12T22:01:26.615+0000] {processor.py:840} INFO - DAG(s) 'novaretail_etl_pipeline' retrieved from /opt/airflow/dags/novaretail_etl_dag.py
[2026-01-12T22:01:26.661+0000] {logging_mixin.py:188} INFO - [2026-01-12T22:01:26.661+0000] {dag.py:3096} INFO - Sync 1 DAGs
[2026-01-12T22:01:26.680+0000] {logging_mixin.py:188} INFO - [2026-01-12T22:01:26.680+0000] {dag.py:3954} INFO - Setting next_dagrun for novaretail_etl_pipeline to None, run_after=None
[2026-01-12T22:01:26.708+0000] {processor.py:183} INFO - Processing /opt/airflow/dags/novaretail_etl_dag.py took 0.129 seconds
[2026-01-12T22:01:59.825+0000] {processor.py:161} INFO - Started process (PID=276) to work on /opt/airflow/dags/novaretail_etl_dag.py
[2026-01-12T22:01:59.827+0000] {processor.py:830} INFO - Processing file /opt/airflow/dags/novaretail_etl_dag.py for tasks to queue
[2026-01-12T22:01:59.832+0000] {logging_mixin.py:188} INFO - [2026-01-12T22:01:59.832+0000] {dagbag.py:540} INFO - Filling up the DagBag from /opt/airflow/dags/novaretail_etl_dag.py
[2026-01-12T22:01:59.874+0000] {processor.py:840} INFO - DAG(s) 'novaretail_etl_pipeline' retrieved from /opt/airflow/dags/novaretail_etl_dag.py
[2026-01-12T22:01:59.932+0000] {logging_mixin.py:188} INFO - [2026-01-12T22:01:59.931+0000] {dag.py:3096} INFO - Sync 1 DAGs
[2026-01-12T22:01:59.961+0000] {logging_mixin.py:188} INFO - [2026-01-12T22:01:59.960+0000] {dag.py:3954} INFO - Setting next_dagrun for novaretail_etl_pipeline to None, run_after=None
[2026-01-12T22:02:00.004+0000] {processor.py:183} INFO - Processing /opt/airflow/dags/novaretail_etl_dag.py took 0.188 seconds
[2026-01-12T22:02:32.834+0000] {processor.py:161} INFO - Started process (PID=281) to work on /opt/airflow/dags/novaretail_etl_dag.py
[2026-01-12T22:02:32.836+0000] {processor.py:830} INFO - Processing file /opt/airflow/dags/novaretail_etl_dag.py for tasks to queue
[2026-01-12T22:02:32.839+0000] {logging_mixin.py:188} INFO - [2026-01-12T22:02:32.839+0000] {dagbag.py:540} INFO - Filling up the DagBag from /opt/airflow/dags/novaretail_etl_dag.py
[2026-01-12T22:02:32.877+0000] {processor.py:840} INFO - DAG(s) 'novaretail_etl_pipeline' retrieved from /opt/airflow/dags/novaretail_etl_dag.py
[2026-01-12T22:02:32.935+0000] {logging_mixin.py:188} INFO - [2026-01-12T22:02:32.935+0000] {dag.py:3096} INFO - Sync 1 DAGs
[2026-01-12T22:02:32.962+0000] {logging_mixin.py:188} INFO - [2026-01-12T22:02:32.961+0000] {dag.py:3954} INFO - Setting next_dagrun for novaretail_etl_pipeline to None, run_after=None
[2026-01-12T22:02:33.006+0000] {processor.py:183} INFO - Processing /opt/airflow/dags/novaretail_etl_dag.py took 0.182 seconds
[2026-01-12T22:03:04.829+0000] {processor.py:161} INFO - Started process (PID=286) to work on /opt/airflow/dags/novaretail_etl_dag.py
[2026-01-12T22:03:04.830+0000] {processor.py:830} INFO - Processing file /opt/airflow/dags/novaretail_etl_dag.py for tasks to queue
[2026-01-12T22:03:04.833+0000] {logging_mixin.py:188} INFO - [2026-01-12T22:03:04.833+0000] {dagbag.py:540} INFO - Filling up the DagBag from /opt/airflow/dags/novaretail_etl_dag.py
[2026-01-12T22:03:04.864+0000] {processor.py:840} INFO - DAG(s) 'novaretail_etl_pipeline' retrieved from /opt/airflow/dags/novaretail_etl_dag.py
[2026-01-12T22:03:04.906+0000] {logging_mixin.py:188} INFO - [2026-01-12T22:03:04.906+0000] {dag.py:3096} INFO - Sync 1 DAGs
[2026-01-12T22:03:04.928+0000] {logging_mixin.py:188} INFO - [2026-01-12T22:03:04.927+0000] {dag.py:3954} INFO - Setting next_dagrun for novaretail_etl_pipeline to None, run_after=None
[2026-01-12T22:03:04.958+0000] {processor.py:183} INFO - Processing /opt/airflow/dags/novaretail_etl_dag.py took 0.137 seconds
[2026-01-12T22:03:38.000+0000] {processor.py:161} INFO - Started process (PID=291) to work on /opt/airflow/dags/novaretail_etl_dag.py
[2026-01-12T22:03:38.001+0000] {processor.py:830} INFO - Processing file /opt/airflow/dags/novaretail_etl_dag.py for tasks to queue
[2026-01-12T22:03:38.003+0000] {logging_mixin.py:188} INFO - [2026-01-12T22:03:38.003+0000] {dagbag.py:540} INFO - Filling up the DagBag from /opt/airflow/dags/novaretail_etl_dag.py
[2026-01-12T22:03:38.026+0000] {processor.py:840} INFO - DAG(s) 'novaretail_etl_pipeline' retrieved from /opt/airflow/dags/novaretail_etl_dag.py
[2026-01-12T22:03:38.064+0000] {logging_mixin.py:188} INFO - [2026-01-12T22:03:38.064+0000] {dag.py:3096} INFO - Sync 1 DAGs
[2026-01-12T22:03:38.080+0000] {logging_mixin.py:188} INFO - [2026-01-12T22:03:38.080+0000] {dag.py:3954} INFO - Setting next_dagrun for novaretail_etl_pipeline to None, run_after=None
[2026-01-12T22:03:38.103+0000] {processor.py:183} INFO - Processing /opt/airflow/dags/novaretail_etl_dag.py took 0.109 seconds
[2026-01-12T22:04:11.386+0000] {processor.py:161} INFO - Started process (PID=296) to work on /opt/airflow/dags/novaretail_etl_dag.py
[2026-01-12T22:04:11.410+0000] {processor.py:830} INFO - Processing file /opt/airflow/dags/novaretail_etl_dag.py for tasks to queue
[2026-01-12T22:04:11.442+0000] {logging_mixin.py:188} INFO - [2026-01-12T22:04:11.441+0000] {dagbag.py:540} INFO - Filling up the DagBag from /opt/airflow/dags/novaretail_etl_dag.py
[2026-01-12T22:04:11.486+0000] {processor.py:840} INFO - DAG(s) 'novaretail_etl_pipeline' retrieved from /opt/airflow/dags/novaretail_etl_dag.py
[2026-01-12T22:04:11.543+0000] {logging_mixin.py:188} INFO - [2026-01-12T22:04:11.542+0000] {dag.py:3096} INFO - Sync 1 DAGs
[2026-01-12T22:04:11.562+0000] {logging_mixin.py:188} INFO - [2026-01-12T22:04:11.562+0000] {dag.py:3954} INFO - Setting next_dagrun for novaretail_etl_pipeline to None, run_after=None
[2026-01-12T22:04:11.594+0000] {processor.py:183} INFO - Processing /opt/airflow/dags/novaretail_etl_dag.py took 0.275 seconds
[2026-01-12T22:04:24.586+0000] {processor.py:161} INFO - Started process (PID=301) to work on /opt/airflow/dags/novaretail_etl_dag.py
[2026-01-12T22:04:24.590+0000] {processor.py:830} INFO - Processing file /opt/airflow/dags/novaretail_etl_dag.py for tasks to queue
[2026-01-12T22:04:24.594+0000] {logging_mixin.py:188} INFO - [2026-01-12T22:04:24.593+0000] {dagbag.py:540} INFO - Filling up the DagBag from /opt/airflow/dags/novaretail_etl_dag.py
[2026-01-12T22:04:24.607+0000] {logging_mixin.py:188} INFO - [2026-01-12T22:04:24.607+0000] {dagbag.py:329} INFO - File /opt/airflow/dags/novaretail_etl_dag.py assumed to contain no DAGs. Skipping.
[2026-01-12T22:04:24.608+0000] {processor.py:842} WARNING - No viable dags retrieved from /opt/airflow/dags/novaretail_etl_dag.py
[2026-01-12T22:04:24.637+0000] {processor.py:183} INFO - Processing /opt/airflow/dags/novaretail_etl_dag.py took 0.060 seconds
