[2026-01-12T21:22:48.959+0000] {manager.py:470} INFO - Processing files using up to 2 processes at a time 
[2026-01-12T21:22:48.967+0000] {manager.py:471} INFO - Process each file at most once every 30 seconds
[2026-01-12T21:22:48.970+0000] {manager.py:472} INFO - Checking for new files in /opt/airflow/dags every 300 seconds
[2026-01-12T21:22:48.973+0000] {manager.py:737} INFO - Searching for files in /opt/airflow/dags
[2026-01-12T21:22:48.987+0000] {manager.py:740} INFO - There are 0 files in /opt/airflow/dags
[2026-01-12T21:27:49.986+0000] {manager.py:737} INFO - Searching for files in /opt/airflow/dags
[2026-01-12T21:27:50.317+0000] {manager.py:740} INFO - There are 0 files in /opt/airflow/dags
[2026-01-12T21:32:49.988+0000] {manager.py:737} INFO - Searching for files in /opt/airflow/dags
[2026-01-12T21:32:50.059+0000] {manager.py:740} INFO - There are 1 files in /opt/airflow/dags
[2026-01-12T21:33:04.979+0000] {manager.py:878} INFO - 
================================================================================
DAG File Processing Stats

File Path                                PID    Runtime      # DAGs    # Errors  Last Runtime    Last Run
---------------------------------------  -----  ---------  --------  ----------  --------------  -------------------
/opt/airflow/dags/novaretail_etl_dag.py                           0           1  0.17s           2026-01-12T21:32:59
================================================================================
[2026-01-12T21:33:37.369+0000] {manager.py:878} INFO - 
================================================================================
DAG File Processing Stats

File Path                                PID    Runtime      # DAGs    # Errors  Last Runtime    Last Run
---------------------------------------  -----  ---------  --------  ----------  --------------  -------------------
/opt/airflow/dags/novaretail_etl_dag.py                           0           1  0.09s           2026-01-12T21:33:15
================================================================================
[2026-01-12T21:34:10.331+0000] {manager.py:878} INFO - 
================================================================================
DAG File Processing Stats

File Path                                PID    Runtime      # DAGs    # Errors  Last Runtime    Last Run
---------------------------------------  -----  ---------  --------  ----------  --------------  -------------------
/opt/airflow/dags/novaretail_etl_dag.py                           0           1  0.15s           2026-01-12T21:33:57
================================================================================
[2026-01-12T21:34:43.075+0000] {manager.py:878} INFO - 
================================================================================
DAG File Processing Stats

File Path                                PID    Runtime      # DAGs    # Errors  Last Runtime    Last Run
---------------------------------------  -----  ---------  --------  ----------  --------------  -------------------
/opt/airflow/dags/novaretail_etl_dag.py                           0           1  0.11s           2026-01-12T21:34:23
================================================================================
[2026-01-12T21:35:15.545+0000] {manager.py:878} INFO - 
================================================================================
DAG File Processing Stats

File Path                                PID    Runtime      # DAGs    # Errors  Last Runtime    Last Run
---------------------------------------  -----  ---------  --------  ----------  --------------  -------------------
/opt/airflow/dags/novaretail_etl_dag.py                           0           1  0.09s           2026-01-12T21:34:54
================================================================================
[2026-01-12T21:35:47.705+0000] {manager.py:878} INFO - 
================================================================================
DAG File Processing Stats

File Path                                  PID  Runtime      # DAGs    # Errors  Last Runtime    Last Run
---------------------------------------  -----  ---------  --------  ----------  --------------  -------------------
/opt/airflow/dags/novaretail_etl_dag.py    249  0.01s             0           1  0.16s           2026-01-12T21:35:40
================================================================================
[2026-01-12T21:36:20.242+0000] {manager.py:878} INFO - 
================================================================================
DAG File Processing Stats

File Path                                PID    Runtime      # DAGs    # Errors  Last Runtime    Last Run
---------------------------------------  -----  ---------  --------  ----------  --------------  -------------------
/opt/airflow/dags/novaretail_etl_dag.py                           0           1  0.11s           2026-01-12T21:36:18
================================================================================
[2026-01-12T21:36:52.665+0000] {manager.py:878} INFO - 
================================================================================
DAG File Processing Stats

File Path                                PID    Runtime      # DAGs    # Errors  Last Runtime    Last Run
---------------------------------------  -----  ---------  --------  ----------  --------------  -------------------
/opt/airflow/dags/novaretail_etl_dag.py                           0           1  0.11s           2026-01-12T21:36:48
================================================================================
[2026-01-12T21:37:25.238+0000] {manager.py:878} INFO - 
================================================================================
DAG File Processing Stats

File Path                                PID    Runtime      # DAGs    # Errors  Last Runtime    Last Run
---------------------------------------  -----  ---------  --------  ----------  --------------  -------------------
/opt/airflow/dags/novaretail_etl_dag.py                           0           1  0.09s           2026-01-12T21:37:19
================================================================================
[2026-01-12T21:37:50.864+0000] {manager.py:737} INFO - Searching for files in /opt/airflow/dags
[2026-01-12T21:37:50.884+0000] {manager.py:740} INFO - There are 1 files in /opt/airflow/dags
[2026-01-12T21:37:57.928+0000] {manager.py:878} INFO - 
================================================================================
DAG File Processing Stats

File Path                                PID    Runtime      # DAGs    # Errors  Last Runtime    Last Run
---------------------------------------  -----  ---------  --------  ----------  --------------  -------------------
/opt/airflow/dags/novaretail_etl_dag.py                           0           1  0.07s           2026-01-12T21:37:49
================================================================================
[2026-01-12T21:38:30.294+0000] {manager.py:878} INFO - 
================================================================================
DAG File Processing Stats

File Path                                PID    Runtime      # DAGs    # Errors  Last Runtime    Last Run
---------------------------------------  -----  ---------  --------  ----------  --------------  -------------------
/opt/airflow/dags/novaretail_etl_dag.py                           0           1  0.09s           2026-01-12T21:38:20
================================================================================
[2026-01-12T21:39:03.056+0000] {manager.py:878} INFO - 
================================================================================
DAG File Processing Stats

File Path                                PID    Runtime      # DAGs    # Errors  Last Runtime    Last Run
---------------------------------------  -----  ---------  --------  ----------  --------------  -------------------
/opt/airflow/dags/novaretail_etl_dag.py                           0           1  0.14s           2026-01-12T21:38:51
================================================================================
[2026-01-12T21:39:35.679+0000] {manager.py:878} INFO - 
================================================================================
DAG File Processing Stats

File Path                                PID    Runtime      # DAGs    # Errors  Last Runtime    Last Run
---------------------------------------  -----  ---------  --------  ----------  --------------  -------------------
/opt/airflow/dags/novaretail_etl_dag.py                           0           1  0.14s           2026-01-12T21:39:21
================================================================================
[2026-01-12T21:40:08.262+0000] {manager.py:878} INFO - 
================================================================================
DAG File Processing Stats

File Path                                PID    Runtime      # DAGs    # Errors  Last Runtime    Last Run
---------------------------------------  -----  ---------  --------  ----------  --------------  -------------------
/opt/airflow/dags/novaretail_etl_dag.py                           0           1  0.10s           2026-01-12T21:39:52
================================================================================
[2026-01-12T21:40:40.936+0000] {manager.py:878} INFO - 
================================================================================
DAG File Processing Stats

File Path                                PID    Runtime      # DAGs    # Errors  Last Runtime    Last Run
---------------------------------------  -----  ---------  --------  ----------  --------------  -------------------
/opt/airflow/dags/novaretail_etl_dag.py                           0           1  0.26s           2026-01-12T21:40:23
================================================================================
[2026-01-12T21:41:13.654+0000] {manager.py:878} INFO - 
================================================================================
DAG File Processing Stats

File Path                                PID    Runtime      # DAGs    # Errors  Last Runtime    Last Run
---------------------------------------  -----  ---------  --------  ----------  --------------  -------------------
/opt/airflow/dags/novaretail_etl_dag.py                           0           1  0.13s           2026-01-12T21:40:55
================================================================================
[2026-01-12T21:41:46.450+0000] {manager.py:878} INFO - 
================================================================================
DAG File Processing Stats

File Path                                PID    Runtime      # DAGs    # Errors  Last Runtime    Last Run
---------------------------------------  -----  ---------  --------  ----------  --------------  -------------------
/opt/airflow/dags/novaretail_etl_dag.py                           0           1  0.17s           2026-01-12T21:41:27
================================================================================
[2026-01-12T21:42:19.254+0000] {manager.py:878} INFO - 
================================================================================
DAG File Processing Stats

File Path                                PID    Runtime      # DAGs    # Errors  Last Runtime    Last Run
---------------------------------------  -----  ---------  --------  ----------  --------------  -------------------
/opt/airflow/dags/novaretail_etl_dag.py                           0           1  0.15s           2026-01-12T21:42:00
================================================================================
[2026-01-12T21:42:51.114+0000] {manager.py:737} INFO - Searching for files in /opt/airflow/dags
[2026-01-12T21:42:51.174+0000] {manager.py:740} INFO - There are 1 files in /opt/airflow/dags
[2026-01-12T21:42:52.232+0000] {manager.py:878} INFO - 
================================================================================
DAG File Processing Stats

File Path                                PID    Runtime      # DAGs    # Errors  Last Runtime    Last Run
---------------------------------------  -----  ---------  --------  ----------  --------------  -------------------
/opt/airflow/dags/novaretail_etl_dag.py                           0           1  0.16s           2026-01-12T21:42:33
================================================================================
[2026-01-12T21:43:24.941+0000] {manager.py:878} INFO - 
================================================================================
DAG File Processing Stats

File Path                                PID    Runtime      # DAGs    # Errors  Last Runtime    Last Run
---------------------------------------  -----  ---------  --------  ----------  --------------  -------------------
/opt/airflow/dags/novaretail_etl_dag.py                           0           1  0.12s           2026-01-12T21:43:04
================================================================================
[2026-01-12T21:43:57.728+0000] {manager.py:878} INFO - 
================================================================================
DAG File Processing Stats

File Path                                PID    Runtime      # DAGs    # Errors  Last Runtime    Last Run
---------------------------------------  -----  ---------  --------  ----------  --------------  -------------------
/opt/airflow/dags/novaretail_etl_dag.py                           0           1  0.13s           2026-01-12T21:43:37
================================================================================
[2026-01-12T21:44:30.416+0000] {manager.py:878} INFO - 
================================================================================
DAG File Processing Stats

File Path                                PID    Runtime      # DAGs    # Errors  Last Runtime    Last Run
---------------------------------------  -----  ---------  --------  ----------  --------------  -------------------
/opt/airflow/dags/novaretail_etl_dag.py                           0           1  0.21s           2026-01-12T21:44:10
================================================================================
[2026-01-12T21:45:03.234+0000] {manager.py:878} INFO - 
================================================================================
DAG File Processing Stats

File Path                                PID    Runtime      # DAGs    # Errors  Last Runtime    Last Run
---------------------------------------  -----  ---------  --------  ----------  --------------  -------------------
/opt/airflow/dags/novaretail_etl_dag.py                           0           1  0.15s           2026-01-12T21:44:42
================================================================================
[2026-01-12T21:45:36.059+0000] {manager.py:878} INFO - 
================================================================================
DAG File Processing Stats

File Path                                PID    Runtime      # DAGs    # Errors  Last Runtime    Last Run
---------------------------------------  -----  ---------  --------  ----------  --------------  -------------------
/opt/airflow/dags/novaretail_etl_dag.py                           0           1  0.14s           2026-01-12T21:45:07
================================================================================
[2026-01-12T21:46:08.707+0000] {manager.py:878} INFO - 
================================================================================
DAG File Processing Stats

File Path                                  PID  Runtime      # DAGs    # Errors  Last Runtime    Last Run
---------------------------------------  -----  ---------  --------  ----------  --------------  -------------------
/opt/airflow/dags/novaretail_etl_dag.py    349  0.01s             0           1  0.13s           2026-01-12T21:45:38
================================================================================
[2026-01-12T21:46:41.403+0000] {manager.py:878} INFO - 
================================================================================
DAG File Processing Stats

File Path                                PID    Runtime      # DAGs    # Errors  Last Runtime    Last Run
---------------------------------------  -----  ---------  --------  ----------  --------------  -------------------
/opt/airflow/dags/novaretail_etl_dag.py                           0           1  0.19s           2026-01-12T21:46:39
================================================================================
[2026-01-12T21:47:14.024+0000] {manager.py:878} INFO - 
================================================================================
DAG File Processing Stats

File Path                                PID    Runtime      # DAGs    # Errors  Last Runtime    Last Run
---------------------------------------  -----  ---------  --------  ----------  --------------  -------------------
/opt/airflow/dags/novaretail_etl_dag.py                           0           1  0.14s           2026-01-12T21:47:10
================================================================================
[2026-01-12T21:47:46.887+0000] {manager.py:878} INFO - 
================================================================================
DAG File Processing Stats

File Path                                PID    Runtime      # DAGs    # Errors  Last Runtime    Last Run
---------------------------------------  -----  ---------  --------  ----------  --------------  -------------------
/opt/airflow/dags/novaretail_etl_dag.py                           0           1  0.13s           2026-01-12T21:47:25
================================================================================
[2026-01-12T21:47:51.914+0000] {manager.py:737} INFO - Searching for files in /opt/airflow/dags
[2026-01-12T21:47:51.949+0000] {manager.py:740} INFO - There are 1 files in /opt/airflow/dags
[2026-01-12T21:48:19.567+0000] {manager.py:878} INFO - 
================================================================================
DAG File Processing Stats

File Path                                PID    Runtime      # DAGs    # Errors  Last Runtime    Last Run
---------------------------------------  -----  ---------  --------  ----------  --------------  -------------------
/opt/airflow/dags/novaretail_etl_dag.py                           0           1  0.16s           2026-01-12T21:47:57
================================================================================
[2026-01-12T21:48:52.186+0000] {manager.py:878} INFO - 
================================================================================
DAG File Processing Stats

File Path                                PID    Runtime      # DAGs    # Errors  Last Runtime    Last Run
---------------------------------------  -----  ---------  --------  ----------  --------------  -------------------
/opt/airflow/dags/novaretail_etl_dag.py                           0           1  0.10s           2026-01-12T21:48:29
================================================================================
[2026-01-12T21:49:24.572+0000] {manager.py:878} INFO - 
================================================================================
DAG File Processing Stats

File Path                                PID    Runtime      # DAGs    # Errors  Last Runtime    Last Run
---------------------------------------  -----  ---------  --------  ----------  --------------  -------------------
/opt/airflow/dags/novaretail_etl_dag.py                           0           1  0.08s           2026-01-12T21:49:01
================================================================================
[2026-01-12T21:49:57.496+0000] {manager.py:878} INFO - 
================================================================================
DAG File Processing Stats

File Path                                PID    Runtime      # DAGs    # Errors  Last Runtime    Last Run
---------------------------------------  -----  ---------  --------  ----------  --------------  -------------------
/opt/airflow/dags/novaretail_etl_dag.py                           0           1  0.11s           2026-01-12T21:49:34
================================================================================
[2026-01-12T21:50:29.923+0000] {manager.py:878} INFO - 
================================================================================
DAG File Processing Stats

File Path                                PID    Runtime      # DAGs    # Errors  Last Runtime    Last Run
---------------------------------------  -----  ---------  --------  ----------  --------------  -------------------
/opt/airflow/dags/novaretail_etl_dag.py                           0           1  0.13s           2026-01-12T21:50:06
================================================================================
[2026-01-12T21:51:02.753+0000] {manager.py:878} INFO - 
================================================================================
DAG File Processing Stats

File Path                                PID    Runtime      # DAGs    # Errors  Last Runtime    Last Run
---------------------------------------  -----  ---------  --------  ----------  --------------  -------------------
/opt/airflow/dags/novaretail_etl_dag.py                           0           1  0.30s           2026-01-12T21:50:49
================================================================================
[2026-01-12T21:51:58.030+0000] {manager.py:470} INFO - Processing files using up to 2 processes at a time 
[2026-01-12T21:51:58.033+0000] {manager.py:471} INFO - Process each file at most once every 30 seconds
[2026-01-12T21:51:58.036+0000] {manager.py:472} INFO - Checking for new files in /opt/airflow/dags every 300 seconds
[2026-01-12T21:51:58.039+0000] {manager.py:737} INFO - Searching for files in /opt/airflow/dags
[2026-01-12T21:51:58.082+0000] {manager.py:740} INFO - There are 1 files in /opt/airflow/dags
[2026-01-12T21:51:58.553+0000] {manager.py:878} INFO - 
================================================================================
DAG File Processing Stats

File Path                                  PID  Runtime      # DAGs    # Errors  Last Runtime    Last Run
---------------------------------------  -----  ---------  --------  ----------  --------------  ----------
/opt/airflow/dags/novaretail_etl_dag.py    164  0.25s             0           0
================================================================================
[2026-01-12T21:52:31.069+0000] {manager.py:878} INFO - 
================================================================================
DAG File Processing Stats

File Path                                PID    Runtime      # DAGs    # Errors  Last Runtime    Last Run
---------------------------------------  -----  ---------  --------  ----------  --------------  -------------------
/opt/airflow/dags/novaretail_etl_dag.py                           0           1  0.32s           2026-01-12T21:52:30
================================================================================
[2026-01-12T21:53:03.537+0000] {manager.py:878} INFO - 
================================================================================
DAG File Processing Stats

File Path                                PID    Runtime      # DAGs    # Errors  Last Runtime    Last Run
---------------------------------------  -----  ---------  --------  ----------  --------------  -------------------
/opt/airflow/dags/novaretail_etl_dag.py                           0           1  0.12s           2026-01-12T21:53:00
================================================================================
[2026-01-12T21:53:36.041+0000] {manager.py:878} INFO - 
================================================================================
DAG File Processing Stats

File Path                                PID    Runtime      # DAGs    # Errors  Last Runtime    Last Run
---------------------------------------  -----  ---------  --------  ----------  --------------  -------------------
/opt/airflow/dags/novaretail_etl_dag.py                           0           1  0.12s           2026-01-12T21:53:31
================================================================================
[2026-01-12T21:54:08.428+0000] {manager.py:878} INFO - 
================================================================================
DAG File Processing Stats

File Path                                PID    Runtime      # DAGs    # Errors  Last Runtime    Last Run
---------------------------------------  -----  ---------  --------  ----------  --------------  -------------------
/opt/airflow/dags/novaretail_etl_dag.py                           0           1  0.16s           2026-01-12T21:54:01
================================================================================
[2026-01-12T21:54:40.779+0000] {manager.py:878} INFO - 
================================================================================
DAG File Processing Stats

File Path                                PID    Runtime      # DAGs    # Errors  Last Runtime    Last Run
---------------------------------------  -----  ---------  --------  ----------  --------------  -------------------
/opt/airflow/dags/novaretail_etl_dag.py                           0           1  0.09s           2026-01-12T21:54:31
================================================================================
[2026-01-12T21:55:13.239+0000] {manager.py:878} INFO - 
================================================================================
DAG File Processing Stats

File Path                                PID    Runtime      # DAGs    # Errors  Last Runtime    Last Run
---------------------------------------  -----  ---------  --------  ----------  --------------  -------------------
/opt/airflow/dags/novaretail_etl_dag.py                           0           1  0.15s           2026-01-12T21:55:02
================================================================================
[2026-01-12T21:55:45.867+0000] {manager.py:878} INFO - 
================================================================================
DAG File Processing Stats

File Path                                PID    Runtime      # DAGs    # Errors  Last Runtime    Last Run
---------------------------------------  -----  ---------  --------  ----------  --------------  -------------------
/opt/airflow/dags/novaretail_etl_dag.py                           0           1  0.12s           2026-01-12T21:55:32
================================================================================
[2026-01-12T21:56:18.239+0000] {manager.py:878} INFO - 
================================================================================
DAG File Processing Stats

File Path                                PID    Runtime      # DAGs    # Errors  Last Runtime    Last Run
---------------------------------------  -----  ---------  --------  ----------  --------------  -------------------
/opt/airflow/dags/novaretail_etl_dag.py                           0           1  0.12s           2026-01-12T21:56:03
================================================================================
[2026-01-12T21:56:50.850+0000] {manager.py:878} INFO - 
================================================================================
DAG File Processing Stats

File Path                                PID    Runtime      # DAGs    # Errors  Last Runtime    Last Run
---------------------------------------  -----  ---------  --------  ----------  --------------  -------------------
/opt/airflow/dags/novaretail_etl_dag.py                           0           1  0.18s           2026-01-12T21:56:33
================================================================================
[2026-01-12T21:56:58.051+0000] {manager.py:737} INFO - Searching for files in /opt/airflow/dags
[2026-01-12T21:56:58.161+0000] {manager.py:740} INFO - There are 1 files in /opt/airflow/dags
[2026-01-12T21:57:24.129+0000] {manager.py:878} INFO - 
================================================================================
DAG File Processing Stats

File Path                                PID    Runtime      # DAGs    # Errors  Last Runtime    Last Run
---------------------------------------  -----  ---------  --------  ----------  --------------  -------------------
/opt/airflow/dags/novaretail_etl_dag.py                           0           1  0.13s           2026-01-12T21:57:23
================================================================================
[2026-01-12T21:57:57.263+0000] {manager.py:878} INFO - 
================================================================================
DAG File Processing Stats

File Path                                PID    Runtime      # DAGs    # Errors  Last Runtime    Last Run
---------------------------------------  -----  ---------  --------  ----------  --------------  -------------------
/opt/airflow/dags/novaretail_etl_dag.py                           0           1  0.12s           2026-01-12T21:57:53
================================================================================
[2026-01-12T21:58:29.622+0000] {manager.py:878} INFO - 
================================================================================
DAG File Processing Stats

File Path                                PID    Runtime      # DAGs    # Errors  Last Runtime    Last Run
---------------------------------------  -----  ---------  --------  ----------  --------------  -------------------
/opt/airflow/dags/novaretail_etl_dag.py                           0           1  0.10s           2026-01-12T21:58:23
================================================================================
[2026-01-12T21:59:02.182+0000] {manager.py:878} INFO - 
================================================================================
DAG File Processing Stats

File Path                                PID    Runtime      # DAGs    # Errors  Last Runtime    Last Run
---------------------------------------  -----  ---------  --------  ----------  --------------  -------------------
/opt/airflow/dags/novaretail_etl_dag.py                           1           0  5.90s           2026-01-12T21:58:45
================================================================================
[2026-01-12T21:59:35.049+0000] {manager.py:878} INFO - 
================================================================================
DAG File Processing Stats

File Path                                PID    Runtime      # DAGs    # Errors  Last Runtime    Last Run
---------------------------------------  -----  ---------  --------  ----------  --------------  -------------------
/opt/airflow/dags/novaretail_etl_dag.py                           1           0  0.17s           2026-01-12T21:59:16
================================================================================
[2026-01-12T22:00:08.234+0000] {manager.py:878} INFO - 
================================================================================
DAG File Processing Stats

File Path                                PID    Runtime      # DAGs    # Errors  Last Runtime    Last Run
---------------------------------------  -----  ---------  --------  ----------  --------------  -------------------
/opt/airflow/dags/novaretail_etl_dag.py                           1           0  0.16s           2026-01-12T21:59:48
================================================================================
[2026-01-12T22:00:41.191+0000] {manager.py:878} INFO - 
================================================================================
DAG File Processing Stats

File Path                                PID    Runtime      # DAGs    # Errors  Last Runtime    Last Run
---------------------------------------  -----  ---------  --------  ----------  --------------  -------------------
/opt/airflow/dags/novaretail_etl_dag.py                           1           0  0.14s           2026-01-12T22:00:21
================================================================================
[2026-01-12T22:01:14.258+0000] {manager.py:878} INFO - 
================================================================================
DAG File Processing Stats

File Path                                PID    Runtime      # DAGs    # Errors  Last Runtime    Last Run
---------------------------------------  -----  ---------  --------  ----------  --------------  -------------------
/opt/airflow/dags/novaretail_etl_dag.py                           1           0  0.35s           2026-01-12T22:00:54
================================================================================
[2026-01-12T22:01:47.720+0000] {manager.py:878} INFO - 
================================================================================
DAG File Processing Stats

File Path                                PID    Runtime      # DAGs    # Errors  Last Runtime    Last Run
---------------------------------------  -----  ---------  --------  ----------  --------------  -------------------
/opt/airflow/dags/novaretail_etl_dag.py                           1           0  0.19s           2026-01-12T22:01:26
================================================================================
[2026-01-12T22:01:59.738+0000] {manager.py:737} INFO - Searching for files in /opt/airflow/dags
[2026-01-12T22:01:59.760+0000] {manager.py:740} INFO - There are 1 files in /opt/airflow/dags
[2026-01-12T22:02:20.962+0000] {manager.py:878} INFO - 
================================================================================
DAG File Processing Stats

File Path                                PID    Runtime      # DAGs    # Errors  Last Runtime    Last Run
---------------------------------------  -----  ---------  --------  ----------  --------------  -------------------
/opt/airflow/dags/novaretail_etl_dag.py                           1           0  0.23s           2026-01-12T22:02:00
================================================================================
[2026-01-12T22:02:54.034+0000] {manager.py:878} INFO - 
================================================================================
DAG File Processing Stats

File Path                                PID    Runtime      # DAGs    # Errors  Last Runtime    Last Run
---------------------------------------  -----  ---------  --------  ----------  --------------  -------------------
/opt/airflow/dags/novaretail_etl_dag.py                           1           0  0.22s           2026-01-12T22:02:33
================================================================================
[2026-01-12T22:03:26.941+0000] {manager.py:878} INFO - 
================================================================================
DAG File Processing Stats

File Path                                PID    Runtime      # DAGs    # Errors  Last Runtime    Last Run
---------------------------------------  -----  ---------  --------  ----------  --------------  -------------------
/opt/airflow/dags/novaretail_etl_dag.py                           1           0  0.19s           2026-01-12T22:03:04
================================================================================
[2026-01-12T22:04:00.192+0000] {manager.py:878} INFO - 
================================================================================
DAG File Processing Stats

File Path                                PID    Runtime      # DAGs    # Errors  Last Runtime    Last Run
---------------------------------------  -----  ---------  --------  ----------  --------------  -------------------
/opt/airflow/dags/novaretail_etl_dag.py                           1           0  0.14s           2026-01-12T22:03:38
================================================================================
[2026-01-12T22:04:31.641+0000] {manager.py:1128} WARNING - Skipping processing of missing file: /opt/airflow/dags/novaretail_etl_dag.py
[2026-01-12T22:07:00.399+0000] {manager.py:737} INFO - Searching for files in /opt/airflow/dags
[2026-01-12T22:07:00.418+0000] {manager.py:740} INFO - There are 1 files in /opt/airflow/dags
[2026-01-12T22:07:18.616+0000] {manager.py:878} INFO - 
================================================================================
DAG File Processing Stats

File Path                                PID    Runtime      # DAGs    # Errors  Last Runtime    Last Run
---------------------------------------  -----  ---------  --------  ----------  --------------  -------------------
/opt/airflow/dags/novareatil_etl_dag.py                           1           0  1.11s           2026-01-12T22:07:01
================================================================================
[2026-01-12T22:07:51.617+0000] {manager.py:878} INFO - 
================================================================================
DAG File Processing Stats

File Path                                PID    Runtime      # DAGs    # Errors  Last Runtime    Last Run
---------------------------------------  -----  ---------  --------  ----------  --------------  -------------------
/opt/airflow/dags/novareatil_etl_dag.py                           1           0  0.18s           2026-01-12T22:07:32
================================================================================
[2026-01-12T22:08:24.853+0000] {manager.py:878} INFO - 
================================================================================
DAG File Processing Stats

File Path                                PID    Runtime      # DAGs    # Errors  Last Runtime    Last Run
---------------------------------------  -----  ---------  --------  ----------  --------------  -------------------
/opt/airflow/dags/novareatil_etl_dag.py                           1           0  0.13s           2026-01-12T22:08:02
================================================================================
[2026-01-12T22:08:58.123+0000] {manager.py:878} INFO - 
================================================================================
DAG File Processing Stats

File Path                                PID    Runtime      # DAGs    # Errors  Last Runtime    Last Run
---------------------------------------  -----  ---------  --------  ----------  --------------  -------------------
/opt/airflow/dags/novareatil_etl_dag.py                           1           0  0.18s           2026-01-12T22:08:33
================================================================================
[2026-01-12T22:09:31.407+0000] {manager.py:878} INFO - 
================================================================================
DAG File Processing Stats

File Path                                PID    Runtime      # DAGs    # Errors  Last Runtime    Last Run
---------------------------------------  -----  ---------  --------  ----------  --------------  -------------------
/opt/airflow/dags/novareatil_etl_dag.py                           1           0  0.19s           2026-01-12T22:09:07
================================================================================
[2026-01-12T22:10:04.924+0000] {manager.py:878} INFO - 
================================================================================
DAG File Processing Stats

File Path                                PID    Runtime      # DAGs    # Errors  Last Runtime    Last Run
---------------------------------------  -----  ---------  --------  ----------  --------------  -------------------
/opt/airflow/dags/novareatil_etl_dag.py                           1           0  0.18s           2026-01-12T22:09:39
================================================================================
[2026-01-12T22:10:38.160+0000] {manager.py:878} INFO - 
================================================================================
DAG File Processing Stats

File Path                                PID    Runtime      # DAGs    # Errors  Last Runtime    Last Run
---------------------------------------  -----  ---------  --------  ----------  --------------  -------------------
/opt/airflow/dags/novareatil_etl_dag.py                           1           0  0.18s           2026-01-12T22:10:13
================================================================================
[2026-01-12T22:11:11.696+0000] {manager.py:878} INFO - 
================================================================================
DAG File Processing Stats

File Path                                PID    Runtime      # DAGs    # Errors  Last Runtime    Last Run
---------------------------------------  -----  ---------  --------  ----------  --------------  -------------------
/opt/airflow/dags/novareatil_etl_dag.py                           1           0  0.22s           2026-01-12T22:10:46
================================================================================
[2026-01-12T22:11:45.022+0000] {manager.py:878} INFO - 
================================================================================
DAG File Processing Stats

File Path                                PID    Runtime      # DAGs    # Errors  Last Runtime    Last Run
---------------------------------------  -----  ---------  --------  ----------  --------------  -------------------
/opt/airflow/dags/novareatil_etl_dag.py                           1           0  2.21s           2026-01-12T22:11:19
================================================================================
[2026-01-12T22:12:00.962+0000] {manager.py:737} INFO - Searching for files in /opt/airflow/dags
[2026-01-12T22:12:00.987+0000] {manager.py:740} INFO - There are 1 files in /opt/airflow/dags
[2026-01-12T22:12:18.204+0000] {manager.py:878} INFO - 
================================================================================
DAG File Processing Stats

File Path                                PID    Runtime      # DAGs    # Errors  Last Runtime    Last Run
---------------------------------------  -----  ---------  --------  ----------  --------------  -------------------
/opt/airflow/dags/novareatil_etl_dag.py                           1           0  0.17s           2026-01-12T22:11:51
================================================================================
[2026-01-12T22:12:51.346+0000] {manager.py:878} INFO - 
================================================================================
DAG File Processing Stats

File Path                                PID    Runtime      # DAGs    # Errors  Last Runtime    Last Run
---------------------------------------  -----  ---------  --------  ----------  --------------  -------------------
/opt/airflow/dags/novareatil_etl_dag.py                           1           0  0.30s           2026-01-12T22:12:25
================================================================================
[2026-01-12T22:13:24.533+0000] {manager.py:878} INFO - 
================================================================================
DAG File Processing Stats

File Path                                PID    Runtime      # DAGs    # Errors  Last Runtime    Last Run
---------------------------------------  -----  ---------  --------  ----------  --------------  -------------------
/opt/airflow/dags/novareatil_etl_dag.py                           1           0  0.94s           2026-01-12T22:12:58
================================================================================
[2026-01-12T22:13:57.761+0000] {manager.py:878} INFO - 
================================================================================
DAG File Processing Stats

File Path                                PID    Runtime      # DAGs    # Errors  Last Runtime    Last Run
---------------------------------------  -----  ---------  --------  ----------  --------------  -------------------
/opt/airflow/dags/novareatil_etl_dag.py                           1           0  1.23s           2026-01-12T22:13:31
================================================================================
[2026-01-12T22:14:30.971+0000] {manager.py:878} INFO - 
================================================================================
DAG File Processing Stats

File Path                                PID    Runtime      # DAGs    # Errors  Last Runtime    Last Run
---------------------------------------  -----  ---------  --------  ----------  --------------  -------------------
/opt/airflow/dags/novareatil_etl_dag.py                           1           0  0.66s           2026-01-12T22:14:04
================================================================================
[2026-01-12T22:15:04.800+0000] {manager.py:878} INFO - 
================================================================================
DAG File Processing Stats

File Path                                PID    Runtime      # DAGs    # Errors  Last Runtime    Last Run
---------------------------------------  -----  ---------  --------  ----------  --------------  -------------------
/opt/airflow/dags/novareatil_etl_dag.py                           1           0  0.18s           2026-01-12T22:14:36
================================================================================
[2026-01-12T22:15:38.217+0000] {manager.py:878} INFO - 
================================================================================
DAG File Processing Stats

File Path                                PID    Runtime      # DAGs    # Errors  Last Runtime    Last Run
---------------------------------------  -----  ---------  --------  ----------  --------------  -------------------
/opt/airflow/dags/novareatil_etl_dag.py                           1           0  0.44s           2026-01-12T22:15:10
================================================================================
[2026-01-12T22:16:11.362+0000] {manager.py:878} INFO - 
================================================================================
DAG File Processing Stats

File Path                                PID    Runtime      # DAGs    # Errors  Last Runtime    Last Run
---------------------------------------  -----  ---------  --------  ----------  --------------  -------------------
/opt/airflow/dags/novareatil_etl_dag.py                           1           0  0.22s           2026-01-12T22:15:42
================================================================================
[2026-01-12T22:16:44.827+0000] {manager.py:878} INFO - 
================================================================================
DAG File Processing Stats

File Path                                PID    Runtime      # DAGs    # Errors  Last Runtime    Last Run
---------------------------------------  -----  ---------  --------  ----------  --------------  -------------------
/opt/airflow/dags/novareatil_etl_dag.py                           1           0  0.71s           2026-01-12T22:16:15
================================================================================
[2026-01-12T22:17:01.317+0000] {manager.py:737} INFO - Searching for files in /opt/airflow/dags
[2026-01-12T22:17:01.341+0000] {manager.py:740} INFO - There are 1 files in /opt/airflow/dags
[2026-01-12T22:17:21.632+0000] {manager.py:878} INFO - 
================================================================================
DAG File Processing Stats

File Path                                  PID  Runtime      # DAGs    # Errors  Last Runtime    Last Run
---------------------------------------  -----  ---------  --------  ----------  --------------  -------------------
/opt/airflow/dags/novareatil_etl_dag.py    446  0.07s             1           0  0.24s           2026-01-12T22:16:48
================================================================================
[2026-01-12T22:17:54.673+0000] {manager.py:878} INFO - 
================================================================================
DAG File Processing Stats

File Path                                PID    Runtime      # DAGs    # Errors  Last Runtime    Last Run
---------------------------------------  -----  ---------  --------  ----------  --------------  -------------------
/opt/airflow/dags/novareatil_etl_dag.py                           1           0  0.19s           2026-01-12T22:17:54
================================================================================
[2026-01-12T22:18:27.950+0000] {manager.py:878} INFO - 
================================================================================
DAG File Processing Stats

File Path                                PID    Runtime      # DAGs    # Errors  Last Runtime    Last Run
---------------------------------------  -----  ---------  --------  ----------  --------------  -------------------
/opt/airflow/dags/novareatil_etl_dag.py                           1           0  2.24s           2026-01-12T22:18:27
================================================================================
[2026-01-12T22:19:01.318+0000] {manager.py:878} INFO - 
================================================================================
DAG File Processing Stats

File Path                                PID    Runtime      # DAGs    # Errors  Last Runtime    Last Run
---------------------------------------  -----  ---------  --------  ----------  --------------  -------------------
/opt/airflow/dags/novareatil_etl_dag.py                           1           0  0.29s           2026-01-12T22:19:00
================================================================================
[2026-01-12T22:19:34.564+0000] {manager.py:878} INFO - 
================================================================================
DAG File Processing Stats

File Path                                PID    Runtime      # DAGs    # Errors  Last Runtime    Last Run
---------------------------------------  -----  ---------  --------  ----------  --------------  -------------------
/opt/airflow/dags/novareatil_etl_dag.py                           1           0  0.18s           2026-01-12T22:19:33
================================================================================
[2026-01-12T22:20:07.797+0000] {manager.py:878} INFO - 
================================================================================
DAG File Processing Stats

File Path                                PID    Runtime      # DAGs    # Errors  Last Runtime    Last Run
---------------------------------------  -----  ---------  --------  ----------  --------------  -------------------
/opt/airflow/dags/novareatil_etl_dag.py                           1           0  0.28s           2026-01-12T22:20:07
================================================================================
[2026-01-12T22:20:41.356+0000] {manager.py:878} INFO - 
================================================================================
DAG File Processing Stats

File Path                                PID    Runtime      # DAGs    # Errors  Last Runtime    Last Run
---------------------------------------  -----  ---------  --------  ----------  --------------  -------------------
/opt/airflow/dags/novareatil_etl_dag.py                           1           0  0.47s           2026-01-12T22:20:39
================================================================================
[2026-01-12T22:21:14.577+0000] {manager.py:878} INFO - 
================================================================================
DAG File Processing Stats

File Path                                PID    Runtime      # DAGs    # Errors  Last Runtime    Last Run
---------------------------------------  -----  ---------  --------  ----------  --------------  -------------------
/opt/airflow/dags/novareatil_etl_dag.py                           1           0  0.18s           2026-01-12T22:21:12
================================================================================
[2026-01-12T22:21:47.952+0000] {manager.py:878} INFO - 
================================================================================
DAG File Processing Stats

File Path                                PID    Runtime      # DAGs    # Errors  Last Runtime    Last Run
---------------------------------------  -----  ---------  --------  ----------  --------------  -------------------
/opt/airflow/dags/novareatil_etl_dag.py                           1           0  0.16s           2026-01-12T22:21:46
================================================================================
[2026-01-12T22:22:02.026+0000] {manager.py:737} INFO - Searching for files in /opt/airflow/dags
[2026-01-12T22:22:02.046+0000] {manager.py:740} INFO - There are 1 files in /opt/airflow/dags
[2026-01-12T22:22:21.432+0000] {manager.py:878} INFO - 
================================================================================
DAG File Processing Stats

File Path                                PID    Runtime      # DAGs    # Errors  Last Runtime    Last Run
---------------------------------------  -----  ---------  --------  ----------  --------------  -------------------
/opt/airflow/dags/novareatil_etl_dag.py                           1           0  0.14s           2026-01-12T22:22:19
================================================================================
[2026-01-12T22:22:54.839+0000] {manager.py:878} INFO - 
================================================================================
DAG File Processing Stats

File Path                                PID    Runtime      # DAGs    # Errors  Last Runtime    Last Run
---------------------------------------  -----  ---------  --------  ----------  --------------  -------------------
/opt/airflow/dags/novareatil_etl_dag.py                           1           0  2.28s           2026-01-12T22:22:51
================================================================================
[2026-01-12T22:23:27.732+0000] {manager.py:878} INFO - 
================================================================================
DAG File Processing Stats

File Path                                PID    Runtime      # DAGs    # Errors  Last Runtime    Last Run
---------------------------------------  -----  ---------  --------  ----------  --------------  -------------------
/opt/airflow/dags/novareatil_etl_dag.py                           1           0  0.16s           2026-01-12T22:23:24
================================================================================
[2026-01-12T22:24:01.239+0000] {manager.py:878} INFO - 
================================================================================
DAG File Processing Stats

File Path                                PID    Runtime      # DAGs    # Errors  Last Runtime    Last Run
---------------------------------------  -----  ---------  --------  ----------  --------------  -------------------
/opt/airflow/dags/novareatil_etl_dag.py                           1           0  0.15s           2026-01-12T22:23:58
================================================================================
[2026-01-12T22:24:34.674+0000] {manager.py:878} INFO - 
================================================================================
DAG File Processing Stats

File Path                                PID    Runtime      # DAGs    # Errors  Last Runtime    Last Run
---------------------------------------  -----  ---------  --------  ----------  --------------  -------------------
/opt/airflow/dags/novareatil_etl_dag.py                           1           0  0.26s           2026-01-12T22:24:31
================================================================================
[2026-01-12T22:25:08.101+0000] {manager.py:878} INFO - 
================================================================================
DAG File Processing Stats

File Path                                PID    Runtime      # DAGs    # Errors  Last Runtime    Last Run
---------------------------------------  -----  ---------  --------  ----------  --------------  -------------------
/opt/airflow/dags/novareatil_etl_dag.py                           1           0  0.68s           2026-01-12T22:25:05
================================================================================
[2026-01-12T22:25:41.396+0000] {manager.py:878} INFO - 
================================================================================
DAG File Processing Stats

File Path                                PID    Runtime      # DAGs    # Errors  Last Runtime    Last Run
---------------------------------------  -----  ---------  --------  ----------  --------------  -------------------
/opt/airflow/dags/novareatil_etl_dag.py                           1           0  0.16s           2026-01-12T22:25:37
================================================================================
[2026-01-12T22:26:14.779+0000] {manager.py:878} INFO - 
================================================================================
DAG File Processing Stats

File Path                                PID    Runtime      # DAGs    # Errors  Last Runtime    Last Run
---------------------------------------  -----  ---------  --------  ----------  --------------  -------------------
/opt/airflow/dags/novareatil_etl_dag.py                           1           0  0.19s           2026-01-12T22:26:10
================================================================================
[2026-01-12T22:26:47.889+0000] {manager.py:878} INFO - 
================================================================================
DAG File Processing Stats

File Path                                PID    Runtime      # DAGs    # Errors  Last Runtime    Last Run
---------------------------------------  -----  ---------  --------  ----------  --------------  -------------------
/opt/airflow/dags/novareatil_etl_dag.py                           1           0  1.10s           2026-01-12T22:26:40
================================================================================
[2026-01-12T22:27:02.131+0000] {manager.py:737} INFO - Searching for files in /opt/airflow/dags
[2026-01-12T22:27:02.157+0000] {manager.py:740} INFO - There are 1 files in /opt/airflow/dags
[2026-01-12T22:27:21.331+0000] {manager.py:878} INFO - 
================================================================================
DAG File Processing Stats

File Path                                PID    Runtime      # DAGs    # Errors  Last Runtime    Last Run
---------------------------------------  -----  ---------  --------  ----------  --------------  -------------------
/opt/airflow/dags/novareatil_etl_dag.py                           1           0  0.36s           2026-01-12T22:27:11
================================================================================
[2026-01-12T22:27:54.777+0000] {manager.py:878} INFO - 
================================================================================
DAG File Processing Stats

File Path                                PID    Runtime      # DAGs    # Errors  Last Runtime    Last Run
---------------------------------------  -----  ---------  --------  ----------  --------------  -------------------
/opt/airflow/dags/novareatil_etl_dag.py                           1           0  0.24s           2026-01-12T22:27:41
================================================================================
[2026-01-12T22:28:28.149+0000] {manager.py:878} INFO - 
================================================================================
DAG File Processing Stats

File Path                                PID    Runtime      # DAGs    # Errors  Last Runtime    Last Run
---------------------------------------  -----  ---------  --------  ----------  --------------  -------------------
/opt/airflow/dags/novareatil_etl_dag.py                           1           0  0.26s           2026-01-12T22:28:12
================================================================================
[2026-01-12T22:29:01.650+0000] {manager.py:878} INFO - 
================================================================================
DAG File Processing Stats

File Path                                PID    Runtime      # DAGs    # Errors  Last Runtime    Last Run
---------------------------------------  -----  ---------  --------  ----------  --------------  -------------------
/opt/airflow/dags/novareatil_etl_dag.py                           1           0  0.21s           2026-01-12T22:28:42
================================================================================
[2026-01-12T22:29:35.042+0000] {manager.py:878} INFO - 
================================================================================
DAG File Processing Stats

File Path                                PID    Runtime      # DAGs    # Errors  Last Runtime    Last Run
---------------------------------------  -----  ---------  --------  ----------  --------------  -------------------
/opt/airflow/dags/novareatil_etl_dag.py                           1           0  0.17s           2026-01-12T22:29:12
================================================================================
[2026-01-12T22:30:08.385+0000] {manager.py:878} INFO - 
================================================================================
DAG File Processing Stats

File Path                                PID    Runtime      # DAGs    # Errors  Last Runtime    Last Run
---------------------------------------  -----  ---------  --------  ----------  --------------  -------------------
/opt/airflow/dags/novareatil_etl_dag.py                           1           0  0.17s           2026-01-12T22:29:43
================================================================================
[2026-01-12T22:30:41.851+0000] {manager.py:878} INFO - 
================================================================================
DAG File Processing Stats

File Path                                PID    Runtime      # DAGs    # Errors  Last Runtime    Last Run
---------------------------------------  -----  ---------  --------  ----------  --------------  -------------------
/opt/airflow/dags/novareatil_etl_dag.py                           1           0  0.39s           2026-01-12T22:30:13
================================================================================
[2026-01-12T22:31:15.432+0000] {manager.py:878} INFO - 
================================================================================
DAG File Processing Stats

File Path                                PID    Runtime      # DAGs    # Errors  Last Runtime    Last Run
---------------------------------------  -----  ---------  --------  ----------  --------------  -------------------
/opt/airflow/dags/novareatil_etl_dag.py                           1           0  0.30s           2026-01-12T22:31:14
================================================================================
[2026-01-12T22:31:48.834+0000] {manager.py:878} INFO - 
================================================================================
DAG File Processing Stats

File Path                                PID    Runtime      # DAGs    # Errors  Last Runtime    Last Run
---------------------------------------  -----  ---------  --------  ----------  --------------  -------------------
/opt/airflow/dags/novareatil_etl_dag.py                           1           0  0.26s           2026-01-12T22:31:45
================================================================================
[2026-01-12T22:32:02.145+0000] {manager.py:737} INFO - Searching for files in /opt/airflow/dags
[2026-01-12T22:32:02.171+0000] {manager.py:740} INFO - There are 1 files in /opt/airflow/dags
[2026-01-12T22:32:22.156+0000] {manager.py:878} INFO - 
================================================================================
DAG File Processing Stats

File Path                                PID    Runtime      # DAGs    # Errors  Last Runtime    Last Run
---------------------------------------  -----  ---------  --------  ----------  --------------  -------------------
/opt/airflow/dags/novareatil_etl_dag.py                           1           0  0.13s           2026-01-12T22:32:15
================================================================================
[2026-01-12T22:32:55.499+0000] {manager.py:878} INFO - 
================================================================================
DAG File Processing Stats

File Path                                PID    Runtime      # DAGs    # Errors  Last Runtime    Last Run
---------------------------------------  -----  ---------  --------  ----------  --------------  -------------------
/opt/airflow/dags/novareatil_etl_dag.py                           1           0  0.16s           2026-01-12T22:32:47
================================================================================
[2026-01-12T22:33:29.000+0000] {manager.py:878} INFO - 
================================================================================
DAG File Processing Stats

File Path                                PID    Runtime      # DAGs    # Errors  Last Runtime    Last Run
---------------------------------------  -----  ---------  --------  ----------  --------------  -------------------
/opt/airflow/dags/novareatil_etl_dag.py                           1           0  0.20s           2026-01-12T22:33:20
================================================================================
[2026-01-12T22:34:02.278+0000] {manager.py:878} INFO - 
================================================================================
DAG File Processing Stats

File Path                                PID    Runtime      # DAGs    # Errors  Last Runtime    Last Run
---------------------------------------  -----  ---------  --------  ----------  --------------  -------------------
/opt/airflow/dags/novareatil_etl_dag.py                           1           0  0.16s           2026-01-12T22:33:53
================================================================================
[2026-01-12T22:34:35.657+0000] {manager.py:878} INFO - 
================================================================================
DAG File Processing Stats

File Path                                PID    Runtime      # DAGs    # Errors  Last Runtime    Last Run
---------------------------------------  -----  ---------  --------  ----------  --------------  -------------------
/opt/airflow/dags/novareatil_etl_dag.py                           1           0  0.13s           2026-01-12T22:34:26
================================================================================
[2026-01-12T22:35:09.252+0000] {manager.py:878} INFO - 
================================================================================
DAG File Processing Stats

File Path                                PID    Runtime      # DAGs    # Errors  Last Runtime    Last Run
---------------------------------------  -----  ---------  --------  ----------  --------------  -------------------
/opt/airflow/dags/novareatil_etl_dag.py                           1           0  2.24s           2026-01-12T22:34:59
================================================================================
[2026-01-12T22:35:42.706+0000] {manager.py:878} INFO - 
================================================================================
DAG File Processing Stats

File Path                                PID    Runtime      # DAGs    # Errors  Last Runtime    Last Run
---------------------------------------  -----  ---------  --------  ----------  --------------  -------------------
/opt/airflow/dags/novareatil_etl_dag.py                           1           0  0.15s           2026-01-12T22:35:32
================================================================================
[2026-01-12T22:36:16.162+0000] {manager.py:878} INFO - 
================================================================================
DAG File Processing Stats

File Path                                PID    Runtime      # DAGs    # Errors  Last Runtime    Last Run
---------------------------------------  -----  ---------  --------  ----------  --------------  -------------------
/opt/airflow/dags/novareatil_etl_dag.py                           1           0  0.19s           2026-01-12T22:36:06
================================================================================
[2026-01-12T22:36:49.547+0000] {manager.py:878} INFO - 
================================================================================
DAG File Processing Stats

File Path                                PID    Runtime      # DAGs    # Errors  Last Runtime    Last Run
---------------------------------------  -----  ---------  --------  ----------  --------------  -------------------
/opt/airflow/dags/novareatil_etl_dag.py                           1           0  2.20s           2026-01-12T22:36:38
================================================================================
[2026-01-12T22:37:02.610+0000] {manager.py:737} INFO - Searching for files in /opt/airflow/dags
[2026-01-12T22:37:02.639+0000] {manager.py:740} INFO - There are 1 files in /opt/airflow/dags
[2026-01-12T22:37:23.761+0000] {manager.py:878} INFO - 
================================================================================
DAG File Processing Stats

File Path                                PID    Runtime      # DAGs    # Errors  Last Runtime    Last Run
---------------------------------------  -----  ---------  --------  ----------  --------------  -------------------
/opt/airflow/dags/novareatil_etl_dag.py                           1           0  0.19s           2026-01-12T22:37:12
================================================================================
[2026-01-12T22:37:56.893+0000] {manager.py:878} INFO - 
================================================================================
DAG File Processing Stats

File Path                                PID    Runtime      # DAGs    # Errors  Last Runtime    Last Run
---------------------------------------  -----  ---------  --------  ----------  --------------  -------------------
/opt/airflow/dags/novareatil_etl_dag.py                           1           0  0.76s           2026-01-12T22:37:45
================================================================================
[2026-01-12T22:38:30.322+0000] {manager.py:878} INFO - 
================================================================================
DAG File Processing Stats

File Path                                PID    Runtime      # DAGs    # Errors  Last Runtime    Last Run
---------------------------------------  -----  ---------  --------  ----------  --------------  -------------------
/opt/airflow/dags/novareatil_etl_dag.py                           1           0  0.17s           2026-01-12T22:38:18
================================================================================
[2026-01-12T22:39:03.671+0000] {manager.py:878} INFO - 
================================================================================
DAG File Processing Stats

File Path                                PID    Runtime      # DAGs    # Errors  Last Runtime    Last Run
---------------------------------------  -----  ---------  --------  ----------  --------------  -------------------
/opt/airflow/dags/novareatil_etl_dag.py                           1           0  0.19s           2026-01-12T22:38:51
================================================================================
[2026-01-12T22:39:37.251+0000] {manager.py:878} INFO - 
================================================================================
DAG File Processing Stats

File Path                                PID    Runtime      # DAGs    # Errors  Last Runtime    Last Run
---------------------------------------  -----  ---------  --------  ----------  --------------  -------------------
/opt/airflow/dags/novareatil_etl_dag.py                           1           0  2.32s           2026-01-12T22:39:24
================================================================================
[2026-01-12T22:40:10.593+0000] {manager.py:878} INFO - 
================================================================================
DAG File Processing Stats

File Path                                PID    Runtime      # DAGs    # Errors  Last Runtime    Last Run
---------------------------------------  -----  ---------  --------  ----------  --------------  -------------------
/opt/airflow/dags/novareatil_etl_dag.py                           1           0  0.21s           2026-01-12T22:39:57
================================================================================
[2026-01-12T22:40:44.050+0000] {manager.py:878} INFO - 
================================================================================
DAG File Processing Stats

File Path                                PID    Runtime      # DAGs    # Errors  Last Runtime    Last Run
---------------------------------------  -----  ---------  --------  ----------  --------------  -------------------
/opt/airflow/dags/novareatil_etl_dag.py                           1           0  0.26s           2026-01-12T22:40:31
================================================================================
[2026-01-12T22:41:17.470+0000] {manager.py:878} INFO - 
================================================================================
DAG File Processing Stats

File Path                                PID    Runtime      # DAGs    # Errors  Last Runtime    Last Run
---------------------------------------  -----  ---------  --------  ----------  --------------  -------------------
/opt/airflow/dags/novareatil_etl_dag.py                           1           0  2.33s           2026-01-12T22:41:03
================================================================================
[2026-01-12T22:41:50.652+0000] {manager.py:878} INFO - 
================================================================================
DAG File Processing Stats

File Path                                PID    Runtime      # DAGs    # Errors  Last Runtime    Last Run
---------------------------------------  -----  ---------  --------  ----------  --------------  -------------------
/opt/airflow/dags/novareatil_etl_dag.py                           1           0  0.13s           2026-01-12T22:41:36
================================================================================
[2026-01-12T22:42:02.704+0000] {manager.py:737} INFO - Searching for files in /opt/airflow/dags
[2026-01-12T22:42:02.723+0000] {manager.py:740} INFO - There are 1 files in /opt/airflow/dags
[2026-01-12T22:42:24.196+0000] {manager.py:878} INFO - 
================================================================================
DAG File Processing Stats

File Path                                PID    Runtime      # DAGs    # Errors  Last Runtime    Last Run
---------------------------------------  -----  ---------  --------  ----------  --------------  -------------------
/opt/airflow/dags/novareatil_etl_dag.py                           1           0  0.20s           2026-01-12T22:42:09
================================================================================
[2026-01-12T22:42:57.499+0000] {manager.py:878} INFO - 
================================================================================
DAG File Processing Stats

File Path                                PID    Runtime      # DAGs    # Errors  Last Runtime    Last Run
---------------------------------------  -----  ---------  --------  ----------  --------------  -------------------
/opt/airflow/dags/novareatil_etl_dag.py                           1           0  0.29s           2026-01-12T22:42:43
================================================================================
[2026-01-12T22:43:30.745+0000] {manager.py:878} INFO - 
================================================================================
DAG File Processing Stats

File Path                                PID    Runtime      # DAGs    # Errors  Last Runtime    Last Run
---------------------------------------  -----  ---------  --------  ----------  --------------  -------------------
/opt/airflow/dags/novareatil_etl_dag.py                           1           0  0.19s           2026-01-12T22:43:15
================================================================================
[2026-01-12T22:44:04.201+0000] {manager.py:878} INFO - 
================================================================================
DAG File Processing Stats

File Path                                PID    Runtime      # DAGs    # Errors  Last Runtime    Last Run
---------------------------------------  -----  ---------  --------  ----------  --------------  -------------------
/opt/airflow/dags/novareatil_etl_dag.py                           1           0  0.33s           2026-01-12T22:43:49
================================================================================
[2026-01-12T22:44:37.452+0000] {manager.py:878} INFO - 
================================================================================
DAG File Processing Stats

File Path                                PID    Runtime      # DAGs    # Errors  Last Runtime    Last Run
---------------------------------------  -----  ---------  --------  ----------  --------------  -------------------
/opt/airflow/dags/novareatil_etl_dag.py                           1           0  0.20s           2026-01-12T22:44:22
================================================================================
[2026-01-12T22:45:11.098+0000] {manager.py:878} INFO - 
================================================================================
DAG File Processing Stats

File Path                                PID    Runtime      # DAGs    # Errors  Last Runtime    Last Run
---------------------------------------  -----  ---------  --------  ----------  --------------  -------------------
/opt/airflow/dags/novareatil_etl_dag.py                           1           0  0.20s           2026-01-12T22:44:55
================================================================================
[2026-01-12T22:45:44.541+0000] {manager.py:878} INFO - 
================================================================================
DAG File Processing Stats

File Path                                PID    Runtime      # DAGs    # Errors  Last Runtime    Last Run
---------------------------------------  -----  ---------  --------  ----------  --------------  -------------------
/opt/airflow/dags/novareatil_etl_dag.py                           1           0  0.28s           2026-01-12T22:45:28
================================================================================
[2026-01-12T22:46:17.954+0000] {manager.py:878} INFO - 
================================================================================
DAG File Processing Stats

File Path                                PID    Runtime      # DAGs    # Errors  Last Runtime    Last Run
---------------------------------------  -----  ---------  --------  ----------  --------------  -------------------
/opt/airflow/dags/novareatil_etl_dag.py                           1           0  0.68s           2026-01-12T22:46:02
================================================================================
[2026-01-12T22:46:51.807+0000] {manager.py:878} INFO - 
================================================================================
DAG File Processing Stats

File Path                                PID    Runtime      # DAGs    # Errors  Last Runtime    Last Run
---------------------------------------  -----  ---------  --------  ----------  --------------  -------------------
/opt/airflow/dags/novareatil_etl_dag.py                           1           0  0.17s           2026-01-12T22:46:34
================================================================================
[2026-01-12T22:47:02.857+0000] {manager.py:737} INFO - Searching for files in /opt/airflow/dags
[2026-01-12T22:47:02.878+0000] {manager.py:740} INFO - There are 1 files in /opt/airflow/dags
[2026-01-12T22:47:25.556+0000] {manager.py:878} INFO - 
================================================================================
DAG File Processing Stats

File Path                                PID    Runtime      # DAGs    # Errors  Last Runtime    Last Run
---------------------------------------  -----  ---------  --------  ----------  --------------  -------------------
/opt/airflow/dags/novareatil_etl_dag.py                           1           0  0.23s           2026-01-12T22:47:07
================================================================================
[2026-01-12T22:47:59.104+0000] {manager.py:878} INFO - 
================================================================================
DAG File Processing Stats

File Path                                PID    Runtime      # DAGs    # Errors  Last Runtime    Last Run
---------------------------------------  -----  ---------  --------  ----------  --------------  -------------------
/opt/airflow/dags/novareatil_etl_dag.py                           1           0  0.20s           2026-01-12T22:47:41
================================================================================
[2026-01-12T22:48:32.408+0000] {manager.py:878} INFO - 
================================================================================
DAG File Processing Stats

File Path                                PID    Runtime      # DAGs    # Errors  Last Runtime    Last Run
---------------------------------------  -----  ---------  --------  ----------  --------------  -------------------
/opt/airflow/dags/novareatil_etl_dag.py                           1           0  0.17s           2026-01-12T22:48:14
================================================================================
[2026-01-12T22:49:05.891+0000] {manager.py:878} INFO - 
================================================================================
DAG File Processing Stats

File Path                                PID    Runtime      # DAGs    # Errors  Last Runtime    Last Run
---------------------------------------  -----  ---------  --------  ----------  --------------  -------------------
/opt/airflow/dags/novareatil_etl_dag.py                           1           0  2.43s           2026-01-12T22:48:47
================================================================================
[2026-01-12T22:49:39.128+0000] {manager.py:878} INFO - 
================================================================================
DAG File Processing Stats

File Path                                PID    Runtime      # DAGs    # Errors  Last Runtime    Last Run
---------------------------------------  -----  ---------  --------  ----------  --------------  -------------------
/opt/airflow/dags/novareatil_etl_dag.py                           1           0  0.17s           2026-01-12T22:49:20
================================================================================
[2026-01-12T22:50:12.736+0000] {manager.py:878} INFO - 
================================================================================
DAG File Processing Stats

File Path                                PID    Runtime      # DAGs    # Errors  Last Runtime    Last Run
---------------------------------------  -----  ---------  --------  ----------  --------------  -------------------
/opt/airflow/dags/novareatil_etl_dag.py                           1           0  0.19s           2026-01-12T22:49:53
================================================================================
[2026-01-12T22:50:46.413+0000] {manager.py:878} INFO - 
================================================================================
DAG File Processing Stats

File Path                                PID    Runtime      # DAGs    # Errors  Last Runtime    Last Run
---------------------------------------  -----  ---------  --------  ----------  --------------  -------------------
/opt/airflow/dags/novareatil_etl_dag.py                           1           0  0.13s           2026-01-12T22:50:27
================================================================================
[2026-01-12T22:51:19.957+0000] {manager.py:878} INFO - 
================================================================================
DAG File Processing Stats

File Path                                PID    Runtime      # DAGs    # Errors  Last Runtime    Last Run
---------------------------------------  -----  ---------  --------  ----------  --------------  -------------------
/opt/airflow/dags/novareatil_etl_dag.py                           1           0  0.31s           2026-01-12T22:51:00
================================================================================
[2026-01-12T22:51:53.445+0000] {manager.py:878} INFO - 
================================================================================
DAG File Processing Stats

File Path                                PID    Runtime      # DAGs    # Errors  Last Runtime    Last Run
---------------------------------------  -----  ---------  --------  ----------  --------------  -------------------
/opt/airflow/dags/novareatil_etl_dag.py                           1           0  0.27s           2026-01-12T22:51:33
================================================================================
[2026-01-12T22:52:03.864+0000] {manager.py:737} INFO - Searching for files in /opt/airflow/dags
[2026-01-12T22:52:03.900+0000] {manager.py:740} INFO - There are 1 files in /opt/airflow/dags
[2026-01-12T22:52:27.407+0000] {manager.py:878} INFO - 
================================================================================
DAG File Processing Stats

File Path                                PID    Runtime      # DAGs    # Errors  Last Runtime    Last Run
---------------------------------------  -----  ---------  --------  ----------  --------------  -------------------
/opt/airflow/dags/novareatil_etl_dag.py                           1           0  2.27s           2026-01-12T22:52:06
================================================================================
[2026-01-12T22:53:00.722+0000] {manager.py:878} INFO - 
================================================================================
DAG File Processing Stats

File Path                                PID    Runtime      # DAGs    # Errors  Last Runtime    Last Run
---------------------------------------  -----  ---------  --------  ----------  --------------  -------------------
/opt/airflow/dags/novareatil_etl_dag.py                           1           0  0.18s           2026-01-12T22:52:39
================================================================================
[2026-01-12T22:53:34.256+0000] {manager.py:878} INFO - 
================================================================================
DAG File Processing Stats

File Path                                PID    Runtime      # DAGs    # Errors  Last Runtime    Last Run
---------------------------------------  -----  ---------  --------  ----------  --------------  -------------------
/opt/airflow/dags/novareatil_etl_dag.py                           1           0  0.14s           2026-01-12T22:53:13
================================================================================
[2026-01-12T22:54:07.517+0000] {manager.py:878} INFO - 
================================================================================
DAG File Processing Stats

File Path                                PID    Runtime      # DAGs    # Errors  Last Runtime    Last Run
---------------------------------------  -----  ---------  --------  ----------  --------------  -------------------
/opt/airflow/dags/novareatil_etl_dag.py                           1           0  0.17s           2026-01-12T22:53:46
================================================================================
[2026-01-12T22:54:41.091+0000] {manager.py:878} INFO - 
================================================================================
DAG File Processing Stats

File Path                                PID    Runtime      # DAGs    # Errors  Last Runtime    Last Run
---------------------------------------  -----  ---------  --------  ----------  --------------  -------------------
/opt/airflow/dags/novareatil_etl_dag.py                           1           0  0.14s           2026-01-12T22:54:19
================================================================================
[2026-01-12T22:55:14.604+0000] {manager.py:878} INFO - 
================================================================================
DAG File Processing Stats

File Path                                PID    Runtime      # DAGs    # Errors  Last Runtime    Last Run
---------------------------------------  -----  ---------  --------  ----------  --------------  -------------------
/opt/airflow/dags/novareatil_etl_dag.py                           1           0  0.24s           2026-01-12T22:54:52
================================================================================
[2026-01-12T22:55:48.052+0000] {manager.py:878} INFO - 
================================================================================
DAG File Processing Stats

File Path                                PID    Runtime      # DAGs    # Errors  Last Runtime    Last Run
---------------------------------------  -----  ---------  --------  ----------  --------------  -------------------
/opt/airflow/dags/novareatil_etl_dag.py                           1           0  0.22s           2026-01-12T22:55:26
================================================================================
[2026-01-12T22:56:21.479+0000] {manager.py:878} INFO - 
================================================================================
DAG File Processing Stats

File Path                                PID    Runtime      # DAGs    # Errors  Last Runtime    Last Run
---------------------------------------  -----  ---------  --------  ----------  --------------  -------------------
/opt/airflow/dags/novareatil_etl_dag.py                           1           0  2.19s           2026-01-12T22:55:58
================================================================================
[2026-01-12T22:56:54.930+0000] {manager.py:878} INFO - 
================================================================================
DAG File Processing Stats

File Path                                PID    Runtime      # DAGs    # Errors  Last Runtime    Last Run
---------------------------------------  -----  ---------  --------  ----------  --------------  -------------------
/opt/airflow/dags/novareatil_etl_dag.py                           1           0  0.16s           2026-01-12T22:56:31
================================================================================
[2026-01-12T22:57:05.226+0000] {manager.py:737} INFO - Searching for files in /opt/airflow/dags
[2026-01-12T22:57:05.247+0000] {manager.py:740} INFO - There are 1 files in /opt/airflow/dags
[2026-01-12T22:57:28.407+0000] {manager.py:878} INFO - 
================================================================================
DAG File Processing Stats

File Path                                PID    Runtime      # DAGs    # Errors  Last Runtime    Last Run
---------------------------------------  -----  ---------  --------  ----------  --------------  -------------------
/opt/airflow/dags/novareatil_etl_dag.py                           1           0  0.14s           2026-01-12T22:57:05
================================================================================
[2026-01-12T22:58:01.922+0000] {manager.py:878} INFO - 
================================================================================
DAG File Processing Stats

File Path                                PID    Runtime      # DAGs    # Errors  Last Runtime    Last Run
---------------------------------------  -----  ---------  --------  ----------  --------------  -------------------
/opt/airflow/dags/novareatil_etl_dag.py                           1           0  0.29s           2026-01-12T22:57:38
================================================================================
[2026-01-12T22:58:35.436+0000] {manager.py:878} INFO - 
================================================================================
DAG File Processing Stats

File Path                                PID    Runtime      # DAGs    # Errors  Last Runtime    Last Run
---------------------------------------  -----  ---------  --------  ----------  --------------  -------------------
/opt/airflow/dags/novareatil_etl_dag.py                           1           0  2.19s           2026-01-12T22:58:11
================================================================================
[2026-01-12T22:59:08.829+0000] {manager.py:878} INFO - 
================================================================================
DAG File Processing Stats

File Path                                PID    Runtime      # DAGs    # Errors  Last Runtime    Last Run
---------------------------------------  -----  ---------  --------  ----------  --------------  -------------------
/opt/airflow/dags/novareatil_etl_dag.py                           1           0  0.14s           2026-01-12T22:58:44
================================================================================
[2026-01-12T22:59:42.439+0000] {manager.py:878} INFO - 
================================================================================
DAG File Processing Stats

File Path                                PID    Runtime      # DAGs    # Errors  Last Runtime    Last Run
---------------------------------------  -----  ---------  --------  ----------  --------------  -------------------
/opt/airflow/dags/novareatil_etl_dag.py                           1           0  0.13s           2026-01-12T22:59:18
================================================================================
[2026-01-12T23:00:16.055+0000] {manager.py:878} INFO - 
================================================================================
DAG File Processing Stats

File Path                                PID    Runtime      # DAGs    # Errors  Last Runtime    Last Run
---------------------------------------  -----  ---------  --------  ----------  --------------  -------------------
/opt/airflow/dags/novareatil_etl_dag.py                           1           0  2.23s           2026-01-12T22:59:50
================================================================================
[2026-01-12T23:00:49.413+0000] {manager.py:878} INFO - 
================================================================================
DAG File Processing Stats

File Path                                PID    Runtime      # DAGs    # Errors  Last Runtime    Last Run
---------------------------------------  -----  ---------  --------  ----------  --------------  -------------------
/opt/airflow/dags/novareatil_etl_dag.py                           1           0  0.16s           2026-01-12T23:00:24
================================================================================
[2026-01-12T23:01:22.748+0000] {manager.py:878} INFO - 
================================================================================
DAG File Processing Stats

File Path                                PID    Runtime      # DAGs    # Errors  Last Runtime    Last Run
---------------------------------------  -----  ---------  --------  ----------  --------------  -------------------
/opt/airflow/dags/novareatil_etl_dag.py                           1           0  0.13s           2026-01-12T23:00:57
================================================================================
[2026-01-12T23:01:56.311+0000] {manager.py:878} INFO - 
================================================================================
DAG File Processing Stats

File Path                                PID    Runtime      # DAGs    # Errors  Last Runtime    Last Run
---------------------------------------  -----  ---------  --------  ----------  --------------  -------------------
/opt/airflow/dags/novareatil_etl_dag.py                           1           0  0.21s           2026-01-12T23:01:31
================================================================================
[2026-01-12T23:02:05.626+0000] {manager.py:737} INFO - Searching for files in /opt/airflow/dags
[2026-01-12T23:02:05.654+0000] {manager.py:740} INFO - There are 1 files in /opt/airflow/dags
[2026-01-12T23:02:29.864+0000] {manager.py:878} INFO - 
================================================================================
DAG File Processing Stats

File Path                                PID    Runtime      # DAGs    # Errors  Last Runtime    Last Run
---------------------------------------  -----  ---------  --------  ----------  --------------  -------------------
/opt/airflow/dags/novareatil_etl_dag.py                           1           0  0.17s           2026-01-12T23:02:03
================================================================================
[2026-01-12T23:03:03.153+0000] {manager.py:878} INFO - 
================================================================================
DAG File Processing Stats

File Path                                PID    Runtime      # DAGs    # Errors  Last Runtime    Last Run
---------------------------------------  -----  ---------  --------  ----------  --------------  -------------------
/opt/airflow/dags/novareatil_etl_dag.py                           1           0  0.15s           2026-01-12T23:02:37
================================================================================
[2026-01-12T23:03:36.610+0000] {manager.py:878} INFO - 
================================================================================
DAG File Processing Stats

File Path                                PID    Runtime      # DAGs    # Errors  Last Runtime    Last Run
---------------------------------------  -----  ---------  --------  ----------  --------------  -------------------
/opt/airflow/dags/novareatil_etl_dag.py                           1           0  0.25s           2026-01-12T23:03:10
================================================================================
[2026-01-12T23:04:10.220+0000] {manager.py:878} INFO - 
================================================================================
DAG File Processing Stats

File Path                                PID    Runtime      # DAGs    # Errors  Last Runtime    Last Run
---------------------------------------  -----  ---------  --------  ----------  --------------  -------------------
/opt/airflow/dags/novareatil_etl_dag.py                           1           0  0.12s           2026-01-12T23:03:41
================================================================================
[2026-01-12T23:04:43.822+0000] {manager.py:878} INFO - 
================================================================================
DAG File Processing Stats

File Path                                PID    Runtime      # DAGs    # Errors  Last Runtime    Last Run
---------------------------------------  -----  ---------  --------  ----------  --------------  -------------------
/opt/airflow/dags/novareatil_etl_dag.py                           1           0  0.19s           2026-01-12T23:04:41
================================================================================
[2026-01-12T23:05:17.240+0000] {manager.py:878} INFO - 
================================================================================
DAG File Processing Stats

File Path                                PID    Runtime      # DAGs    # Errors  Last Runtime    Last Run
---------------------------------------  -----  ---------  --------  ----------  --------------  -------------------
/opt/airflow/dags/novareatil_etl_dag.py                           1           0  0.19s           2026-01-12T23:05:12
================================================================================
[2026-01-12T23:05:50.834+0000] {manager.py:878} INFO - 
================================================================================
DAG File Processing Stats

File Path                                PID    Runtime      # DAGs    # Errors  Last Runtime    Last Run
---------------------------------------  -----  ---------  --------  ----------  --------------  -------------------
/opt/airflow/dags/novareatil_etl_dag.py                           1           0  0.21s           2026-01-12T23:05:42
================================================================================
[2026-01-12T23:06:24.343+0000] {manager.py:878} INFO - 
================================================================================
DAG File Processing Stats

File Path                                PID    Runtime      # DAGs    # Errors  Last Runtime    Last Run
---------------------------------------  -----  ---------  --------  ----------  --------------  -------------------
/opt/airflow/dags/novareatil_etl_dag.py                           1           0  0.17s           2026-01-12T23:06:13
================================================================================
[2026-01-12T23:06:58.114+0000] {manager.py:878} INFO - 
================================================================================
DAG File Processing Stats

File Path                                PID    Runtime      # DAGs    # Errors  Last Runtime    Last Run
---------------------------------------  -----  ---------  --------  ----------  --------------  -------------------
/opt/airflow/dags/novareatil_etl_dag.py                           1           0  0.21s           2026-01-12T23:06:44
================================================================================
[2026-01-12T23:07:06.200+0000] {manager.py:737} INFO - Searching for files in /opt/airflow/dags
[2026-01-12T23:07:06.225+0000] {manager.py:740} INFO - There are 1 files in /opt/airflow/dags
[2026-01-12T23:07:31.496+0000] {manager.py:878} INFO - 
================================================================================
DAG File Processing Stats

File Path                                PID    Runtime      # DAGs    # Errors  Last Runtime    Last Run
---------------------------------------  -----  ---------  --------  ----------  --------------  -------------------
/opt/airflow/dags/novareatil_etl_dag.py                           1           0  0.17s           2026-01-12T23:07:14
================================================================================
[2026-01-12T23:08:05.083+0000] {manager.py:878} INFO - 
================================================================================
DAG File Processing Stats

File Path                                PID    Runtime      # DAGs    # Errors  Last Runtime    Last Run
---------------------------------------  -----  ---------  --------  ----------  --------------  -------------------
/opt/airflow/dags/novareatil_etl_dag.py                           1           0  0.15s           2026-01-12T23:07:45
================================================================================
[2026-01-12T23:08:38.682+0000] {manager.py:878} INFO - 
================================================================================
DAG File Processing Stats

File Path                                PID    Runtime      # DAGs    # Errors  Last Runtime    Last Run
---------------------------------------  -----  ---------  --------  ----------  --------------  -------------------
/opt/airflow/dags/novareatil_etl_dag.py                           1           0  0.21s           2026-01-12T23:08:15
================================================================================
[2026-01-12T23:09:15.224+0000] {manager.py:878} INFO - 
================================================================================
DAG File Processing Stats

File Path                                PID    Runtime      # DAGs    # Errors  Last Runtime    Last Run
---------------------------------------  -----  ---------  --------  ----------  --------------  -------------------
/opt/airflow/dags/novareatil_etl_dag.py                           1           0  0.14s           2026-01-12T23:08:46
================================================================================
[2026-01-12T23:09:48.798+0000] {manager.py:878} INFO - 
================================================================================
DAG File Processing Stats

File Path                                  PID  Runtime      # DAGs    # Errors  Last Runtime    Last Run
---------------------------------------  -----  ---------  --------  ----------  --------------  -------------------
/opt/airflow/dags/novareatil_etl_dag.py   1013  0.01s             1           0  0.21s           2026-01-12T23:09:16
================================================================================
[2026-01-12T23:10:22.425+0000] {manager.py:878} INFO - 
================================================================================
DAG File Processing Stats

File Path                                  PID  Runtime      # DAGs    # Errors  Last Runtime    Last Run
---------------------------------------  -----  ---------  --------  ----------  --------------  -------------------
/opt/airflow/dags/novareatil_etl_dag.py   1018  0.02s             1           0  0.16s           2026-01-12T23:09:48
================================================================================
[2026-01-12T23:10:56.189+0000] {manager.py:878} INFO - 
================================================================================
DAG File Processing Stats

File Path                                PID    Runtime      # DAGs    # Errors  Last Runtime    Last Run
---------------------------------------  -----  ---------  --------  ----------  --------------  -------------------
/opt/airflow/dags/novareatil_etl_dag.py                           1           0  0.38s           2026-01-12T23:10:55
================================================================================
[2026-01-12T23:11:29.433+0000] {manager.py:878} INFO - 
================================================================================
DAG File Processing Stats

File Path                                PID    Runtime      # DAGs    # Errors  Last Runtime    Last Run
---------------------------------------  -----  ---------  --------  ----------  --------------  -------------------
/opt/airflow/dags/novareatil_etl_dag.py                           1           0  0.18s           2026-01-12T23:11:28
================================================================================
[2026-01-12T23:12:02.902+0000] {manager.py:878} INFO - 
================================================================================
DAG File Processing Stats

File Path                                PID    Runtime      # DAGs    # Errors  Last Runtime    Last Run
---------------------------------------  -----  ---------  --------  ----------  --------------  -------------------
/opt/airflow/dags/novareatil_etl_dag.py                           1           0  0.14s           2026-01-12T23:12:02
================================================================================
[2026-01-12T23:12:06.920+0000] {manager.py:737} INFO - Searching for files in /opt/airflow/dags
[2026-01-12T23:12:06.941+0000] {manager.py:740} INFO - There are 1 files in /opt/airflow/dags
[2026-01-12T23:12:36.484+0000] {manager.py:878} INFO - 
================================================================================
DAG File Processing Stats

File Path                                PID    Runtime      # DAGs    # Errors  Last Runtime    Last Run
---------------------------------------  -----  ---------  --------  ----------  --------------  -------------------
/opt/airflow/dags/novareatil_etl_dag.py                           1           0  0.29s           2026-01-12T23:12:35
================================================================================
[2026-01-12T23:13:10.143+0000] {manager.py:878} INFO - 
================================================================================
DAG File Processing Stats

File Path                                PID    Runtime      # DAGs    # Errors  Last Runtime    Last Run
---------------------------------------  -----  ---------  --------  ----------  --------------  -------------------
/opt/airflow/dags/novareatil_etl_dag.py                           1           0  0.15s           2026-01-12T23:13:08
================================================================================
[2026-01-12T23:13:43.595+0000] {manager.py:878} INFO - 
================================================================================
DAG File Processing Stats

File Path                                PID    Runtime      # DAGs    # Errors  Last Runtime    Last Run
---------------------------------------  -----  ---------  --------  ----------  --------------  -------------------
/opt/airflow/dags/novareatil_etl_dag.py                           1           0  0.15s           2026-01-12T23:13:41
================================================================================
[2026-01-12T23:14:17.434+0000] {manager.py:878} INFO - 
================================================================================
DAG File Processing Stats

File Path                                PID    Runtime      # DAGs    # Errors  Last Runtime    Last Run
---------------------------------------  -----  ---------  --------  ----------  --------------  -------------------
/opt/airflow/dags/novareatil_etl_dag.py                           1           0  2.51s           2026-01-12T23:14:14
================================================================================
[2026-01-12T23:14:50.922+0000] {manager.py:878} INFO - 
================================================================================
DAG File Processing Stats

File Path                                PID    Runtime      # DAGs    # Errors  Last Runtime    Last Run
---------------------------------------  -----  ---------  --------  ----------  --------------  -------------------
/opt/airflow/dags/novareatil_etl_dag.py                           1           0  0.13s           2026-01-12T23:14:48
================================================================================
[2026-01-12T23:15:24.402+0000] {manager.py:878} INFO - 
================================================================================
DAG File Processing Stats

File Path                                PID    Runtime      # DAGs    # Errors  Last Runtime    Last Run
---------------------------------------  -----  ---------  --------  ----------  --------------  -------------------
/opt/airflow/dags/novareatil_etl_dag.py                           1           0  0.27s           2026-01-12T23:15:21
================================================================================
[2026-01-12T23:15:58.073+0000] {manager.py:878} INFO - 
================================================================================
DAG File Processing Stats

File Path                                PID    Runtime      # DAGs    # Errors  Last Runtime    Last Run
---------------------------------------  -----  ---------  --------  ----------  --------------  -------------------
/opt/airflow/dags/novareatil_etl_dag.py                           1           0  0.21s           2026-01-12T23:15:54
================================================================================
[2026-01-12T23:16:31.752+0000] {manager.py:878} INFO - 
================================================================================
DAG File Processing Stats

File Path                                PID    Runtime      # DAGs    # Errors  Last Runtime    Last Run
---------------------------------------  -----  ---------  --------  ----------  --------------  -------------------
/opt/airflow/dags/novareatil_etl_dag.py                           1           0  0.20s           2026-01-12T23:16:27
================================================================================
[2026-01-12T23:17:05.288+0000] {manager.py:878} INFO - 
================================================================================
DAG File Processing Stats

File Path                                PID    Runtime      # DAGs    # Errors  Last Runtime    Last Run
---------------------------------------  -----  ---------  --------  ----------  --------------  -------------------
/opt/airflow/dags/novareatil_etl_dag.py                           1           0  0.26s           2026-01-12T23:17:01
================================================================================
[2026-01-12T23:17:07.299+0000] {manager.py:737} INFO - Searching for files in /opt/airflow/dags
[2026-01-12T23:17:07.400+0000] {manager.py:740} INFO - There are 1 files in /opt/airflow/dags
[2026-01-12T23:17:38.603+0000] {manager.py:878} INFO - 
================================================================================
DAG File Processing Stats

File Path                                PID    Runtime      # DAGs    # Errors  Last Runtime    Last Run
---------------------------------------  -----  ---------  --------  ----------  --------------  -------------------
/opt/airflow/dags/novareatil_etl_dag.py                           0           1  0.16s           2026-01-12T23:17:16
================================================================================
[2026-01-12T23:18:12.149+0000] {manager.py:878} INFO - 
================================================================================
DAG File Processing Stats

File Path                                PID    Runtime      # DAGs    # Errors  Last Runtime    Last Run
---------------------------------------  -----  ---------  --------  ----------  --------------  -------------------
/opt/airflow/dags/novareatil_etl_dag.py                           0           1  0.23s           2026-01-12T23:17:47
================================================================================
[2026-01-12T23:18:45.664+0000] {manager.py:878} INFO - 
================================================================================
DAG File Processing Stats

File Path                                PID    Runtime      # DAGs    # Errors  Last Runtime    Last Run
---------------------------------------  -----  ---------  --------  ----------  --------------  -------------------
/opt/airflow/dags/novareatil_etl_dag.py                           0           1  0.12s           2026-01-12T23:18:18
================================================================================
[2026-01-12T23:19:19.226+0000] {manager.py:878} INFO - 
================================================================================
DAG File Processing Stats

File Path                                PID    Runtime      # DAGs    # Errors  Last Runtime    Last Run
---------------------------------------  -----  ---------  --------  ----------  --------------  -------------------
/opt/airflow/dags/novareatil_etl_dag.py                           1           0  1.09s           2026-01-12T23:19:00
================================================================================
[2026-01-12T23:19:52.739+0000] {manager.py:878} INFO - 
================================================================================
DAG File Processing Stats

File Path                                PID    Runtime      # DAGs    # Errors  Last Runtime    Last Run
---------------------------------------  -----  ---------  --------  ----------  --------------  -------------------
/opt/airflow/dags/novareatil_etl_dag.py                           1           0  0.22s           2026-01-12T23:19:31
================================================================================
[2026-01-12T23:20:26.033+0000] {manager.py:878} INFO - 
================================================================================
DAG File Processing Stats

File Path                                PID    Runtime      # DAGs    # Errors  Last Runtime    Last Run
---------------------------------------  -----  ---------  --------  ----------  --------------  -------------------
/opt/airflow/dags/novareatil_etl_dag.py                           1           0  0.12s           2026-01-12T23:20:01
================================================================================
[2026-01-12T23:20:59.757+0000] {manager.py:878} INFO - 
================================================================================
DAG File Processing Stats

File Path                                PID    Runtime      # DAGs    # Errors  Last Runtime    Last Run
---------------------------------------  -----  ---------  --------  ----------  --------------  -------------------
/opt/airflow/dags/novareatil_etl_dag.py                           1           0  0.43s           2026-01-12T23:20:32
================================================================================
[2026-01-12T23:21:33.042+0000] {manager.py:878} INFO - 
================================================================================
DAG File Processing Stats

File Path                                PID    Runtime      # DAGs    # Errors  Last Runtime    Last Run
---------------------------------------  -----  ---------  --------  ----------  --------------  -------------------
/opt/airflow/dags/novareatil_etl_dag.py                           1           0  0.71s           2026-01-12T23:21:15
================================================================================
[2026-01-12T23:22:06.376+0000] {manager.py:878} INFO - 
================================================================================
DAG File Processing Stats

File Path                                PID    Runtime      # DAGs    # Errors  Last Runtime    Last Run
---------------------------------------  -----  ---------  --------  ----------  --------------  -------------------
/opt/airflow/dags/novareatil_etl_dag.py                           1           0  0.94s           2026-01-12T23:21:46
================================================================================
[2026-01-12T23:22:07.382+0000] {manager.py:737} INFO - Searching for files in /opt/airflow/dags
[2026-01-12T23:22:07.406+0000] {manager.py:740} INFO - There are 1 files in /opt/airflow/dags
[2026-01-12T23:22:39.891+0000] {manager.py:878} INFO - 
================================================================================
DAG File Processing Stats

File Path                                PID    Runtime      # DAGs    # Errors  Last Runtime    Last Run
---------------------------------------  -----  ---------  --------  ----------  --------------  -------------------
/opt/airflow/dags/novareatil_etl_dag.py                           1           0  0.16s           2026-01-12T23:22:17
================================================================================
[2026-01-12T23:23:13.482+0000] {manager.py:878} INFO - 
================================================================================
DAG File Processing Stats

File Path                                PID    Runtime      # DAGs    # Errors  Last Runtime    Last Run
---------------------------------------  -----  ---------  --------  ----------  --------------  -------------------
/opt/airflow/dags/novareatil_etl_dag.py                           1           0  0.21s           2026-01-12T23:22:48
================================================================================
[2026-01-12T23:23:46.928+0000] {manager.py:878} INFO - 
================================================================================
DAG File Processing Stats

File Path                                PID    Runtime      # DAGs    # Errors  Last Runtime    Last Run
---------------------------------------  -----  ---------  --------  ----------  --------------  -------------------
/opt/airflow/dags/novareatil_etl_dag.py                           1           0  0.14s           2026-01-12T23:23:18
================================================================================
[2026-01-12T23:24:20.113+0000] {manager.py:878} INFO - 
================================================================================
DAG File Processing Stats

File Path                                PID    Runtime      # DAGs    # Errors  Last Runtime    Last Run
---------------------------------------  -----  ---------  --------  ----------  --------------  -------------------
/opt/airflow/dags/novareatil_etl_dag.py                           1           0  0.81s           2026-01-12T23:24:20
================================================================================
[2026-01-12T23:24:53.381+0000] {manager.py:878} INFO - 
================================================================================
DAG File Processing Stats

File Path                                PID    Runtime      # DAGs    # Errors  Last Runtime    Last Run
---------------------------------------  -----  ---------  --------  ----------  --------------  -------------------
/opt/airflow/dags/novareatil_etl_dag.py                           1           0  0.94s           2026-01-12T23:24:30
================================================================================
[2026-01-12T23:25:26.824+0000] {manager.py:878} INFO - 
================================================================================
DAG File Processing Stats

File Path                                PID    Runtime      # DAGs    # Errors  Last Runtime    Last Run
---------------------------------------  -----  ---------  --------  ----------  --------------  -------------------
/opt/airflow/dags/novareatil_etl_dag.py                           1           0  0.84s           2026-01-12T23:25:01
================================================================================
[2026-01-12T23:26:00.247+0000] {manager.py:878} INFO - 
================================================================================
DAG File Processing Stats

File Path                                PID    Runtime      # DAGs    # Errors  Last Runtime    Last Run
---------------------------------------  -----  ---------  --------  ----------  --------------  -------------------
/opt/airflow/dags/novareatil_etl_dag.py                           1           0  0.13s           2026-01-12T23:25:31
================================================================================
[2026-01-12T23:26:33.765+0000] {manager.py:878} INFO - 
================================================================================
DAG File Processing Stats

File Path                                PID    Runtime      # DAGs    # Errors  Last Runtime    Last Run
---------------------------------------  -----  ---------  --------  ----------  --------------  -------------------
/opt/airflow/dags/novareatil_etl_dag.py                           1           0  0.21s           2026-01-12T23:26:32
================================================================================
[2026-01-12T23:27:07.266+0000] {manager.py:878} INFO - 
================================================================================
DAG File Processing Stats

File Path                                PID    Runtime      # DAGs    # Errors  Last Runtime    Last Run
---------------------------------------  -----  ---------  --------  ----------  --------------  -------------------
/opt/airflow/dags/novareatil_etl_dag.py                           1           0  0.15s           2026-01-12T23:27:03
================================================================================
[2026-01-12T23:27:08.273+0000] {manager.py:737} INFO - Searching for files in /opt/airflow/dags
[2026-01-12T23:27:08.298+0000] {manager.py:740} INFO - There are 1 files in /opt/airflow/dags
[2026-01-12T23:27:40.652+0000] {manager.py:878} INFO - 
================================================================================
DAG File Processing Stats

File Path                                PID    Runtime      # DAGs    # Errors  Last Runtime    Last Run
---------------------------------------  -----  ---------  --------  ----------  --------------  -------------------
/opt/airflow/dags/novareatil_etl_dag.py                           1           0  0.25s           2026-01-12T23:27:33
================================================================================
[2026-01-12T23:28:14.331+0000] {manager.py:878} INFO - 
================================================================================
DAG File Processing Stats

File Path                                PID    Runtime      # DAGs    # Errors  Last Runtime    Last Run
---------------------------------------  -----  ---------  --------  ----------  --------------  -------------------
/opt/airflow/dags/novareatil_etl_dag.py                           1           0  0.17s           2026-01-12T23:28:05
================================================================================
[2026-01-12T23:28:47.712+0000] {manager.py:878} INFO - 
================================================================================
DAG File Processing Stats

File Path                                PID    Runtime      # DAGs    # Errors  Last Runtime    Last Run
---------------------------------------  -----  ---------  --------  ----------  --------------  -------------------
/opt/airflow/dags/novareatil_etl_dag.py                           1           0  0.72s           2026-01-12T23:28:39
================================================================================
[2026-01-12T23:29:21.538+0000] {manager.py:878} INFO - 
================================================================================
DAG File Processing Stats

File Path                                PID    Runtime      # DAGs    # Errors  Last Runtime    Last Run
---------------------------------------  -----  ---------  --------  ----------  --------------  -------------------
/opt/airflow/dags/novareatil_etl_dag.py                           1           0  0.14s           2026-01-12T23:29:11
================================================================================
[2026-01-12T23:29:54.997+0000] {manager.py:878} INFO - 
================================================================================
DAG File Processing Stats

File Path                                PID    Runtime      # DAGs    # Errors  Last Runtime    Last Run
---------------------------------------  -----  ---------  --------  ----------  --------------  -------------------
/opt/airflow/dags/novareatil_etl_dag.py                           1           0  0.25s           2026-01-12T23:29:45
================================================================================
[2026-01-12T23:30:28.472+0000] {manager.py:878} INFO - 
================================================================================
DAG File Processing Stats

File Path                                PID    Runtime      # DAGs    # Errors  Last Runtime    Last Run
---------------------------------------  -----  ---------  --------  ----------  --------------  -------------------
/opt/airflow/dags/novareatil_etl_dag.py                           1           0  0.22s           2026-01-12T23:30:18
================================================================================
[2026-01-12T23:31:01.862+0000] {manager.py:878} INFO - 
================================================================================
DAG File Processing Stats

File Path                                PID    Runtime      # DAGs    # Errors  Last Runtime    Last Run
---------------------------------------  -----  ---------  --------  ----------  --------------  -------------------
/opt/airflow/dags/novareatil_etl_dag.py                           1           0  2.21s           2026-01-12T23:30:50
================================================================================
[2026-01-12T23:31:35.343+0000] {manager.py:878} INFO - 
================================================================================
DAG File Processing Stats

File Path                                PID    Runtime      # DAGs    # Errors  Last Runtime    Last Run
---------------------------------------  -----  ---------  --------  ----------  --------------  -------------------
/opt/airflow/dags/novareatil_etl_dag.py                           1           0  0.15s           2026-01-12T23:31:24
================================================================================
[2026-01-12T23:32:08.733+0000] {manager.py:737} INFO - Searching for files in /opt/airflow/dags
[2026-01-12T23:32:08.752+0000] {manager.py:740} INFO - There are 1 files in /opt/airflow/dags
[2026-01-12T23:32:08.774+0000] {manager.py:878} INFO - 
================================================================================
DAG File Processing Stats

File Path                                PID    Runtime      # DAGs    # Errors  Last Runtime    Last Run
---------------------------------------  -----  ---------  --------  ----------  --------------  -------------------
/opt/airflow/dags/novareatil_etl_dag.py                           1           0  0.13s           2026-01-12T23:31:57
================================================================================
[2026-01-12T23:32:41.985+0000] {manager.py:878} INFO - 
================================================================================
DAG File Processing Stats

File Path                                PID    Runtime      # DAGs    # Errors  Last Runtime    Last Run
---------------------------------------  -----  ---------  --------  ----------  --------------  -------------------
/opt/airflow/dags/novareatil_etl_dag.py                           1           0  0.20s           2026-01-12T23:32:30
================================================================================
[2026-01-12T23:33:16.052+0000] {manager.py:878} INFO - 
================================================================================
DAG File Processing Stats

File Path                                PID    Runtime      # DAGs    # Errors  Last Runtime    Last Run
---------------------------------------  -----  ---------  --------  ----------  --------------  -------------------
/opt/airflow/dags/novareatil_etl_dag.py                           1           0  2.67s           2026-01-12T23:33:04
================================================================================
[2026-01-12T23:33:49.508+0000] {manager.py:878} INFO - 
================================================================================
DAG File Processing Stats

File Path                                PID    Runtime      # DAGs    # Errors  Last Runtime    Last Run
---------------------------------------  -----  ---------  --------  ----------  --------------  -------------------
/opt/airflow/dags/novareatil_etl_dag.py                           1           0  0.30s           2026-01-12T23:33:37
================================================================================
[2026-01-12T23:34:22.760+0000] {manager.py:878} INFO - 
================================================================================
DAG File Processing Stats

File Path                                PID    Runtime      # DAGs    # Errors  Last Runtime    Last Run
---------------------------------------  -----  ---------  --------  ----------  --------------  -------------------
/opt/airflow/dags/novareatil_etl_dag.py                           1           0  0.27s           2026-01-12T23:34:09
================================================================================
[2026-01-12T23:34:56.084+0000] {manager.py:878} INFO - 
================================================================================
DAG File Processing Stats

File Path                                PID    Runtime      # DAGs    # Errors  Last Runtime    Last Run
---------------------------------------  -----  ---------  --------  ----------  --------------  -------------------
/opt/airflow/dags/novareatil_etl_dag.py                           1           0  0.23s           2026-01-12T23:34:43
================================================================================
[2026-01-12T23:35:29.710+0000] {manager.py:878} INFO - 
================================================================================
DAG File Processing Stats

File Path                                PID    Runtime      # DAGs    # Errors  Last Runtime    Last Run
---------------------------------------  -----  ---------  --------  ----------  --------------  -------------------
/opt/airflow/dags/novareatil_etl_dag.py                           1           0  0.36s           2026-01-12T23:35:16
================================================================================
[2026-01-12T23:36:03.191+0000] {manager.py:878} INFO - 
================================================================================
DAG File Processing Stats

File Path                                PID    Runtime      # DAGs    # Errors  Last Runtime    Last Run
---------------------------------------  -----  ---------  --------  ----------  --------------  -------------------
/opt/airflow/dags/novareatil_etl_dag.py                           1           0  2.26s           2026-01-12T23:35:49
================================================================================
[2026-01-12T23:36:36.800+0000] {manager.py:878} INFO - 
================================================================================
DAG File Processing Stats

File Path                                PID    Runtime      # DAGs    # Errors  Last Runtime    Last Run
---------------------------------------  -----  ---------  --------  ----------  --------------  -------------------
/opt/airflow/dags/novareatil_etl_dag.py                           1           0  0.47s           2026-01-12T23:36:22
================================================================================
[2026-01-12T23:37:09.395+0000] {manager.py:737} INFO - Searching for files in /opt/airflow/dags
[2026-01-12T23:37:09.416+0000] {manager.py:740} INFO - There are 1 files in /opt/airflow/dags
[2026-01-12T23:37:10.445+0000] {manager.py:878} INFO - 
================================================================================
DAG File Processing Stats

File Path                                PID    Runtime      # DAGs    # Errors  Last Runtime    Last Run
---------------------------------------  -----  ---------  --------  ----------  --------------  -------------------
/opt/airflow/dags/novareatil_etl_dag.py                           1           0  0.20s           2026-01-12T23:36:56
================================================================================
[2026-01-12T23:37:43.752+0000] {manager.py:878} INFO - 
================================================================================
DAG File Processing Stats

File Path                                PID    Runtime      # DAGs    # Errors  Last Runtime    Last Run
---------------------------------------  -----  ---------  --------  ----------  --------------  -------------------
/opt/airflow/dags/novareatil_etl_dag.py                           1           0  2.16s           2026-01-12T23:37:28
================================================================================
[2026-01-12T23:38:17.196+0000] {manager.py:878} INFO - 
================================================================================
DAG File Processing Stats

File Path                                PID    Runtime      # DAGs    # Errors  Last Runtime    Last Run
---------------------------------------  -----  ---------  --------  ----------  --------------  -------------------
/opt/airflow/dags/novareatil_etl_dag.py                           1           0  0.13s           2026-01-12T23:38:02
================================================================================
[2026-01-12T23:38:50.712+0000] {manager.py:878} INFO - 
================================================================================
DAG File Processing Stats

File Path                                PID    Runtime      # DAGs    # Errors  Last Runtime    Last Run
---------------------------------------  -----  ---------  --------  ----------  --------------  -------------------
/opt/airflow/dags/novareatil_etl_dag.py                           1           0  0.13s           2026-01-12T23:38:35
================================================================================
[2026-01-12T23:39:24.170+0000] {manager.py:878} INFO - 
================================================================================
DAG File Processing Stats

File Path                                PID    Runtime      # DAGs    # Errors  Last Runtime    Last Run
---------------------------------------  -----  ---------  --------  ----------  --------------  -------------------
/opt/airflow/dags/novareatil_etl_dag.py                           1           0  0.15s           2026-01-12T23:39:09
================================================================================
[2026-01-12T23:39:57.469+0000] {manager.py:878} INFO - 
================================================================================
DAG File Processing Stats

File Path                                PID    Runtime      # DAGs    # Errors  Last Runtime    Last Run
---------------------------------------  -----  ---------  --------  ----------  --------------  -------------------
/opt/airflow/dags/novareatil_etl_dag.py                           1           0  2.16s           2026-01-12T23:39:41
================================================================================
[2026-01-12T23:40:30.958+0000] {manager.py:878} INFO - 
================================================================================
DAG File Processing Stats

File Path                                PID    Runtime      # DAGs    # Errors  Last Runtime    Last Run
---------------------------------------  -----  ---------  --------  ----------  --------------  -------------------
/opt/airflow/dags/novareatil_etl_dag.py                           1           0  0.12s           2026-01-12T23:40:14
================================================================================
[2026-01-12T23:41:04.470+0000] {manager.py:878} INFO - 
================================================================================
DAG File Processing Stats

File Path                                PID    Runtime      # DAGs    # Errors  Last Runtime    Last Run
---------------------------------------  -----  ---------  --------  ----------  --------------  -------------------
/opt/airflow/dags/novareatil_etl_dag.py                           1           0  0.25s           2026-01-12T23:40:48
================================================================================
[2026-01-12T23:41:37.992+0000] {manager.py:878} INFO - 
================================================================================
DAG File Processing Stats

File Path                                PID    Runtime      # DAGs    # Errors  Last Runtime    Last Run
---------------------------------------  -----  ---------  --------  ----------  --------------  -------------------
/opt/airflow/dags/novareatil_etl_dag.py                           1           0  0.30s           2026-01-12T23:41:22
================================================================================
[2026-01-12T23:42:09.450+0000] {manager.py:737} INFO - Searching for files in /opt/airflow/dags
[2026-01-12T23:42:09.476+0000] {manager.py:740} INFO - There are 1 files in /opt/airflow/dags
[2026-01-12T23:42:11.402+0000] {manager.py:878} INFO - 
================================================================================
DAG File Processing Stats

File Path                                PID    Runtime      # DAGs    # Errors  Last Runtime    Last Run
---------------------------------------  -----  ---------  --------  ----------  --------------  -------------------
/opt/airflow/dags/novareatil_etl_dag.py                           1           0  2.28s           2026-01-12T23:41:54
================================================================================
[2026-01-12T23:42:45.078+0000] {manager.py:878} INFO - 
================================================================================
DAG File Processing Stats

File Path                                PID    Runtime      # DAGs    # Errors  Last Runtime    Last Run
---------------------------------------  -----  ---------  --------  ----------  --------------  -------------------
/opt/airflow/dags/novareatil_etl_dag.py                           1           0  0.37s           2026-01-12T23:42:28
================================================================================
[2026-01-12T23:43:18.678+0000] {manager.py:878} INFO - 
================================================================================
DAG File Processing Stats

File Path                                PID    Runtime      # DAGs    # Errors  Last Runtime    Last Run
---------------------------------------  -----  ---------  --------  ----------  --------------  -------------------
/opt/airflow/dags/novareatil_etl_dag.py                           1           0  0.21s           2026-01-12T23:43:01
================================================================================
[2026-01-12T23:43:52.121+0000] {manager.py:878} INFO - 
================================================================================
DAG File Processing Stats

File Path                                PID    Runtime      # DAGs    # Errors  Last Runtime    Last Run
---------------------------------------  -----  ---------  --------  ----------  --------------  -------------------
/opt/airflow/dags/novareatil_etl_dag.py                           1           0  2.18s           2026-01-12T23:43:34
================================================================================
[2026-01-12T23:44:25.341+0000] {manager.py:878} INFO - 
================================================================================
DAG File Processing Stats

File Path                                PID    Runtime      # DAGs    # Errors  Last Runtime    Last Run
---------------------------------------  -----  ---------  --------  ----------  --------------  -------------------
/opt/airflow/dags/novareatil_etl_dag.py                           1           0  0.18s           2026-01-12T23:44:07
================================================================================
[2026-01-12T23:44:58.934+0000] {manager.py:878} INFO - 
================================================================================
DAG File Processing Stats

File Path                                PID    Runtime      # DAGs    # Errors  Last Runtime    Last Run
---------------------------------------  -----  ---------  --------  ----------  --------------  -------------------
/opt/airflow/dags/novareatil_etl_dag.py                           1           0  0.18s           2026-01-12T23:44:40
================================================================================
[2026-01-12T23:45:32.414+0000] {manager.py:878} INFO - 
================================================================================
DAG File Processing Stats

File Path                                PID    Runtime      # DAGs    # Errors  Last Runtime    Last Run
---------------------------------------  -----  ---------  --------  ----------  --------------  -------------------
/opt/airflow/dags/novareatil_etl_dag.py                           1           0  0.13s           2026-01-12T23:45:14
================================================================================
[2026-01-12T23:46:05.874+0000] {manager.py:878} INFO - 
================================================================================
DAG File Processing Stats

File Path                                PID    Runtime      # DAGs    # Errors  Last Runtime    Last Run
---------------------------------------  -----  ---------  --------  ----------  --------------  -------------------
/opt/airflow/dags/novareatil_etl_dag.py                           1           0  2.22s           2026-01-12T23:45:46
================================================================================
[2026-01-12T23:46:39.134+0000] {manager.py:878} INFO - 
================================================================================
DAG File Processing Stats

File Path                                PID    Runtime      # DAGs    # Errors  Last Runtime    Last Run
---------------------------------------  -----  ---------  --------  ----------  --------------  -------------------
/opt/airflow/dags/novareatil_etl_dag.py                           1           0  0.21s           2026-01-12T23:46:20
================================================================================
[2026-01-12T23:47:09.851+0000] {manager.py:737} INFO - Searching for files in /opt/airflow/dags
[2026-01-12T23:47:09.885+0000] {manager.py:740} INFO - There are 1 files in /opt/airflow/dags
[2026-01-12T23:47:12.919+0000] {manager.py:878} INFO - 
================================================================================
DAG File Processing Stats

File Path                                PID    Runtime      # DAGs    # Errors  Last Runtime    Last Run
---------------------------------------  -----  ---------  --------  ----------  --------------  -------------------
/opt/airflow/dags/novareatil_etl_dag.py                           1           0  0.20s           2026-01-12T23:46:53
================================================================================
[2026-01-12T23:47:46.359+0000] {manager.py:878} INFO - 
================================================================================
DAG File Processing Stats

File Path                                PID    Runtime      # DAGs    # Errors  Last Runtime    Last Run
---------------------------------------  -----  ---------  --------  ----------  --------------  -------------------
/opt/airflow/dags/novareatil_etl_dag.py                           1           0  0.19s           2026-01-12T23:47:27
================================================================================
[2026-01-12T23:48:19.759+0000] {manager.py:878} INFO - 
================================================================================
DAG File Processing Stats

File Path                                PID    Runtime      # DAGs    # Errors  Last Runtime    Last Run
---------------------------------------  -----  ---------  --------  ----------  --------------  -------------------
/opt/airflow/dags/novareatil_etl_dag.py                           1           0  2.18s           2026-01-12T23:47:59
================================================================================
[2026-01-12T23:48:53.140+0000] {manager.py:878} INFO - 
================================================================================
DAG File Processing Stats

File Path                                PID    Runtime      # DAGs    # Errors  Last Runtime    Last Run
---------------------------------------  -----  ---------  --------  ----------  --------------  -------------------
/opt/airflow/dags/novareatil_etl_dag.py                           1           0  0.17s           2026-01-12T23:48:33
================================================================================
[2026-01-12T23:49:26.650+0000] {manager.py:878} INFO - 
================================================================================
DAG File Processing Stats

File Path                                PID    Runtime      # DAGs    # Errors  Last Runtime    Last Run
---------------------------------------  -----  ---------  --------  ----------  --------------  -------------------
/opt/airflow/dags/novareatil_etl_dag.py                           1           0  0.13s           2026-01-12T23:49:06
================================================================================
[2026-01-12T23:50:00.192+0000] {manager.py:878} INFO - 
================================================================================
DAG File Processing Stats

File Path                                PID    Runtime      # DAGs    # Errors  Last Runtime    Last Run
---------------------------------------  -----  ---------  --------  ----------  --------------  -------------------
/opt/airflow/dags/novareatil_etl_dag.py                           1           0  0.22s           2026-01-12T23:49:40
================================================================================
[2026-01-12T23:50:33.728+0000] {manager.py:878} INFO - 
================================================================================
DAG File Processing Stats

File Path                                PID    Runtime      # DAGs    # Errors  Last Runtime    Last Run
---------------------------------------  -----  ---------  --------  ----------  --------------  -------------------
/opt/airflow/dags/novareatil_etl_dag.py                           1           0  2.34s           2026-01-12T23:50:12
================================================================================
[2026-01-12T23:51:07.003+0000] {manager.py:878} INFO - 
================================================================================
DAG File Processing Stats

File Path                                PID    Runtime      # DAGs    # Errors  Last Runtime    Last Run
---------------------------------------  -----  ---------  --------  ----------  --------------  -------------------
/opt/airflow/dags/novareatil_etl_dag.py                           1           0  0.15s           2026-01-12T23:50:46
================================================================================
[2026-01-12T23:51:40.614+0000] {manager.py:878} INFO - 
================================================================================
DAG File Processing Stats

File Path                                PID    Runtime      # DAGs    # Errors  Last Runtime    Last Run
---------------------------------------  -----  ---------  --------  ----------  --------------  -------------------
/opt/airflow/dags/novareatil_etl_dag.py                           1           0  0.13s           2026-01-12T23:51:19
================================================================================
[2026-01-12T23:52:09.970+0000] {manager.py:737} INFO - Searching for files in /opt/airflow/dags
[2026-01-12T23:52:09.987+0000] {manager.py:740} INFO - There are 1 files in /opt/airflow/dags
[2026-01-12T23:52:14.016+0000] {manager.py:878} INFO - 
================================================================================
DAG File Processing Stats

File Path                                PID    Runtime      # DAGs    # Errors  Last Runtime    Last Run
---------------------------------------  -----  ---------  --------  ----------  --------------  -------------------
/opt/airflow/dags/novareatil_etl_dag.py                           1           0  0.12s           2026-01-12T23:51:52
================================================================================
[2026-01-12T23:52:47.563+0000] {manager.py:878} INFO - 
================================================================================
DAG File Processing Stats

File Path                                PID    Runtime      # DAGs    # Errors  Last Runtime    Last Run
---------------------------------------  -----  ---------  --------  ----------  --------------  -------------------
/opt/airflow/dags/novareatil_etl_dag.py                           1           0  0.24s           2026-01-12T23:52:26
================================================================================
[2026-01-12T23:53:20.904+0000] {manager.py:878} INFO - 
================================================================================
DAG File Processing Stats

File Path                                PID    Runtime      # DAGs    # Errors  Last Runtime    Last Run
---------------------------------------  -----  ---------  --------  ----------  --------------  -------------------
/opt/airflow/dags/novareatil_etl_dag.py                           1           0  0.18s           2026-01-12T23:52:58
================================================================================
[2026-01-12T23:53:54.483+0000] {manager.py:878} INFO - 
================================================================================
DAG File Processing Stats

File Path                                PID    Runtime      # DAGs    # Errors  Last Runtime    Last Run
---------------------------------------  -----  ---------  --------  ----------  --------------  -------------------
/opt/airflow/dags/novareatil_etl_dag.py                           1           0  0.14s           2026-01-12T23:53:32
================================================================================
[2026-01-12T23:54:28.124+0000] {manager.py:878} INFO - 
================================================================================
DAG File Processing Stats

File Path                                PID    Runtime      # DAGs    # Errors  Last Runtime    Last Run
---------------------------------------  -----  ---------  --------  ----------  --------------  -------------------
/opt/airflow/dags/novareatil_etl_dag.py                           1           0  0.58s           2026-01-12T23:54:06
================================================================================
[2026-01-12T23:55:01.473+0000] {manager.py:878} INFO - 
================================================================================
DAG File Processing Stats

File Path                                PID    Runtime      # DAGs    # Errors  Last Runtime    Last Run
---------------------------------------  -----  ---------  --------  ----------  --------------  -------------------
/opt/airflow/dags/novareatil_etl_dag.py                           1           0  0.39s           2026-01-12T23:54:39
================================================================================
[2026-01-12T23:55:34.731+0000] {manager.py:878} INFO - 
================================================================================
DAG File Processing Stats

File Path                                PID    Runtime      # DAGs    # Errors  Last Runtime    Last Run
---------------------------------------  -----  ---------  --------  ----------  --------------  -------------------
/opt/airflow/dags/novareatil_etl_dag.py                           1           0  0.20s           2026-01-12T23:55:11
================================================================================
[2026-01-12T23:56:08.557+0000] {manager.py:878} INFO - 
================================================================================
DAG File Processing Stats

File Path                                PID    Runtime      # DAGs    # Errors  Last Runtime    Last Run
---------------------------------------  -----  ---------  --------  ----------  --------------  -------------------
/opt/airflow/dags/novareatil_etl_dag.py                           1           0  0.35s           2026-01-12T23:55:45
================================================================================
[2026-01-12T23:56:42.067+0000] {manager.py:878} INFO - 
================================================================================
DAG File Processing Stats

File Path                                PID    Runtime      # DAGs    # Errors  Last Runtime    Last Run
---------------------------------------  -----  ---------  --------  ----------  --------------  -------------------
/opt/airflow/dags/novareatil_etl_dag.py                           1           0  0.39s           2026-01-12T23:56:19
================================================================================
[2026-01-12T23:57:10.501+0000] {manager.py:737} INFO - Searching for files in /opt/airflow/dags
[2026-01-12T23:57:10.554+0000] {manager.py:740} INFO - There are 1 files in /opt/airflow/dags
[2026-01-12T23:57:15.635+0000] {manager.py:878} INFO - 
================================================================================
DAG File Processing Stats

File Path                                PID    Runtime      # DAGs    # Errors  Last Runtime    Last Run
---------------------------------------  -----  ---------  --------  ----------  --------------  -------------------
/opt/airflow/dags/novareatil_etl_dag.py                           1           0  2.32s           2026-01-12T23:56:51
================================================================================
[2026-01-12T23:57:49.121+0000] {manager.py:878} INFO - 
================================================================================
DAG File Processing Stats

File Path                                PID    Runtime      # DAGs    # Errors  Last Runtime    Last Run
---------------------------------------  -----  ---------  --------  ----------  --------------  -------------------
/opt/airflow/dags/novareatil_etl_dag.py                           1           0  0.24s           2026-01-12T23:57:25
================================================================================
[2026-01-12T23:58:22.713+0000] {manager.py:878} INFO - 
================================================================================
DAG File Processing Stats

File Path                                PID    Runtime      # DAGs    # Errors  Last Runtime    Last Run
---------------------------------------  -----  ---------  --------  ----------  --------------  -------------------
/opt/airflow/dags/novareatil_etl_dag.py                           1           0  0.42s           2026-01-12T23:57:58
================================================================================
[2026-01-12T23:58:56.173+0000] {manager.py:878} INFO - 
================================================================================
DAG File Processing Stats

File Path                                PID    Runtime      # DAGs    # Errors  Last Runtime    Last Run
---------------------------------------  -----  ---------  --------  ----------  --------------  -------------------
/opt/airflow/dags/novareatil_etl_dag.py                           1           0  2.45s           2026-01-12T23:58:31
================================================================================
[2026-01-12T23:59:30.172+0000] {manager.py:878} INFO - 
================================================================================
DAG File Processing Stats

File Path                                PID    Runtime      # DAGs    # Errors  Last Runtime    Last Run
---------------------------------------  -----  ---------  --------  ----------  --------------  -------------------
/opt/airflow/dags/novareatil_etl_dag.py                           1           0  0.82s           2026-01-12T23:59:05
================================================================================
[2026-01-13T00:00:03.751+0000] {manager.py:878} INFO - 
================================================================================
DAG File Processing Stats

File Path                                PID    Runtime      # DAGs    # Errors  Last Runtime    Last Run
---------------------------------------  -----  ---------  --------  ----------  --------------  -------------------
/opt/airflow/dags/novareatil_etl_dag.py                           1           0  2.62s           2026-01-12T23:59:37
================================================================================
[2026-01-13T00:00:37.605+0000] {manager.py:878} INFO - 
================================================================================
DAG File Processing Stats

File Path                                PID    Runtime      # DAGs    # Errors  Last Runtime    Last Run
---------------------------------------  -----  ---------  --------  ----------  --------------  -------------------
/opt/airflow/dags/novareatil_etl_dag.py                           1           0  0.29s           2026-01-13T00:00:11
================================================================================
[2026-01-13T00:01:11.135+0000] {manager.py:878} INFO - 
================================================================================
DAG File Processing Stats

File Path                                PID    Runtime      # DAGs    # Errors  Last Runtime    Last Run
---------------------------------------  -----  ---------  --------  ----------  --------------  -------------------
/opt/airflow/dags/novareatil_etl_dag.py                           1           0  2.53s           2026-01-13T00:00:44
================================================================================
[2026-01-13T00:01:44.525+0000] {manager.py:878} INFO - 
================================================================================
DAG File Processing Stats

File Path                                PID    Runtime      # DAGs    # Errors  Last Runtime    Last Run
---------------------------------------  -----  ---------  --------  ----------  --------------  -------------------
/opt/airflow/dags/novareatil_etl_dag.py                           1           0  1.84s           2026-01-13T00:01:20
================================================================================
[2026-01-13T00:02:11.089+0000] {manager.py:737} INFO - Searching for files in /opt/airflow/dags
[2026-01-13T00:02:11.121+0000] {manager.py:740} INFO - There are 1 files in /opt/airflow/dags
[2026-01-13T00:02:18.193+0000] {manager.py:878} INFO - 
================================================================================
DAG File Processing Stats

File Path                                PID    Runtime      # DAGs    # Errors  Last Runtime    Last Run
---------------------------------------  -----  ---------  --------  ----------  --------------  -------------------
/opt/airflow/dags/novareatil_etl_dag.py                           1           0  0.46s           2026-01-13T00:01:51
================================================================================
[2026-01-13T00:02:51.869+0000] {manager.py:878} INFO - 
================================================================================
DAG File Processing Stats

File Path                                PID    Runtime      # DAGs    # Errors  Last Runtime    Last Run
---------------------------------------  -----  ---------  --------  ----------  --------------  -------------------
/opt/airflow/dags/novareatil_etl_dag.py                           1           0  2.39s           2026-01-13T00:02:24
================================================================================
[2026-01-13T00:03:25.241+0000] {manager.py:878} INFO - 
================================================================================
DAG File Processing Stats

File Path                                PID    Runtime      # DAGs    # Errors  Last Runtime    Last Run
---------------------------------------  -----  ---------  --------  ----------  --------------  -------------------
/opt/airflow/dags/novareatil_etl_dag.py                           1           0  0.19s           2026-01-13T00:02:57
================================================================================
[2026-01-13T00:03:58.804+0000] {manager.py:878} INFO - 
================================================================================
DAG File Processing Stats

File Path                                PID    Runtime      # DAGs    # Errors  Last Runtime    Last Run
---------------------------------------  -----  ---------  --------  ----------  --------------  -------------------
/opt/airflow/dags/novareatil_etl_dag.py                           1           0  0.25s           2026-01-13T00:03:30
================================================================================
[2026-01-13T00:04:32.439+0000] {manager.py:878} INFO - 
================================================================================
DAG File Processing Stats

File Path                                PID    Runtime      # DAGs    # Errors  Last Runtime    Last Run
---------------------------------------  -----  ---------  --------  ----------  --------------  -------------------
/opt/airflow/dags/novareatil_etl_dag.py                           1           0  0.16s           2026-01-13T00:04:04
================================================================================
[2026-01-13T00:05:06.002+0000] {manager.py:878} INFO - 
================================================================================
DAG File Processing Stats

File Path                                PID    Runtime      # DAGs    # Errors  Last Runtime    Last Run
---------------------------------------  -----  ---------  --------  ----------  --------------  -------------------
/opt/airflow/dags/novareatil_etl_dag.py                           1           0  0.30s           2026-01-13T00:04:37
================================================================================
[2026-01-13T00:05:39.589+0000] {manager.py:878} INFO - 
================================================================================
DAG File Processing Stats

File Path                                PID    Runtime      # DAGs    # Errors  Last Runtime    Last Run
---------------------------------------  -----  ---------  --------  ----------  --------------  -------------------
/opt/airflow/dags/novareatil_etl_dag.py                           1           0  0.33s           2026-01-13T00:05:10
================================================================================
[2026-01-13T00:06:16.411+0000] {manager.py:878} INFO - 
================================================================================
DAG File Processing Stats

File Path                                  PID  Runtime      # DAGs    # Errors  Last Runtime    Last Run
---------------------------------------  -----  ---------  --------  ----------  --------------  -------------------
/opt/airflow/dags/novareatil_etl_dag.py   2189  0.01s             1           0  2.39s           2026-01-13T00:05:43
================================================================================
[2026-01-13T00:06:49.911+0000] {manager.py:878} INFO - 
================================================================================
DAG File Processing Stats

File Path                                  PID  Runtime      # DAGs    # Errors  Last Runtime    Last Run
---------------------------------------  -----  ---------  --------  ----------  --------------  -------------------
/opt/airflow/dags/novareatil_etl_dag.py   2194  0.02s             1           0  0.33s           2026-01-13T00:06:16
================================================================================
[2026-01-13T00:07:11.306+0000] {manager.py:737} INFO - Searching for files in /opt/airflow/dags
[2026-01-13T00:07:11.329+0000] {manager.py:740} INFO - There are 1 files in /opt/airflow/dags
[2026-01-13T00:07:23.125+0000] {manager.py:878} INFO - 
================================================================================
DAG File Processing Stats

File Path                                PID    Runtime      # DAGs    # Errors  Last Runtime    Last Run
---------------------------------------  -----  ---------  --------  ----------  --------------  -------------------
/opt/airflow/dags/novareatil_etl_dag.py                           1           0  0.29s           2026-01-13T00:07:23
================================================================================
[2026-01-13T00:07:56.373+0000] {manager.py:878} INFO - 
================================================================================
DAG File Processing Stats

File Path                                  PID  Runtime      # DAGs    # Errors  Last Runtime    Last Run
---------------------------------------  -----  ---------  --------  ----------  --------------  -------------------
/opt/airflow/dags/novareatil_etl_dag.py   2204  0.01s             1           0  0.29s           2026-01-13T00:07:23
================================================================================
[2026-01-13T00:08:30.311+0000] {manager.py:878} INFO - 
================================================================================
DAG File Processing Stats

File Path                                PID    Runtime      # DAGs    # Errors  Last Runtime    Last Run
---------------------------------------  -----  ---------  --------  ----------  --------------  -------------------
/opt/airflow/dags/novareatil_etl_dag.py                           1           0  2.27s           2026-01-13T00:08:29
================================================================================
[2026-01-13T00:09:03.835+0000] {manager.py:878} INFO - 
================================================================================
DAG File Processing Stats

File Path                                PID    Runtime      # DAGs    # Errors  Last Runtime    Last Run
---------------------------------------  -----  ---------  --------  ----------  --------------  -------------------
/opt/airflow/dags/novareatil_etl_dag.py                           1           0  0.21s           2026-01-13T00:09:03
================================================================================
[2026-01-13T00:09:37.363+0000] {manager.py:878} INFO - 
================================================================================
DAG File Processing Stats

File Path                                PID    Runtime      # DAGs    # Errors  Last Runtime    Last Run
---------------------------------------  -----  ---------  --------  ----------  --------------  -------------------
/opt/airflow/dags/novareatil_etl_dag.py                           1           0  0.19s           2026-01-13T00:09:36
================================================================================
[2026-01-13T00:10:10.669+0000] {manager.py:878} INFO - 
================================================================================
DAG File Processing Stats

File Path                                PID    Runtime      # DAGs    # Errors  Last Runtime    Last Run
---------------------------------------  -----  ---------  --------  ----------  --------------  -------------------
/opt/airflow/dags/novareatil_etl_dag.py                           1           0  2.31s           2026-01-13T00:10:08
================================================================================
[2026-01-13T00:10:44.452+0000] {manager.py:878} INFO - 
================================================================================
DAG File Processing Stats

File Path                                PID    Runtime      # DAGs    # Errors  Last Runtime    Last Run
---------------------------------------  -----  ---------  --------  ----------  --------------  -------------------
/opt/airflow/dags/novareatil_etl_dag.py                           1           0  0.27s           2026-01-13T00:10:42
================================================================================
[2026-01-13T00:11:18.169+0000] {manager.py:878} INFO - 
================================================================================
DAG File Processing Stats

File Path                                PID    Runtime      # DAGs    # Errors  Last Runtime    Last Run
---------------------------------------  -----  ---------  --------  ----------  --------------  -------------------
/opt/airflow/dags/novareatil_etl_dag.py                           1           0  0.23s           2026-01-13T00:11:16
================================================================================
[2026-01-13T00:11:51.649+0000] {manager.py:878} INFO - 
================================================================================
DAG File Processing Stats

File Path                                PID    Runtime      # DAGs    # Errors  Last Runtime    Last Run
---------------------------------------  -----  ---------  --------  ----------  --------------  -------------------
/opt/airflow/dags/novareatil_etl_dag.py                           1           0  2.21s           2026-01-13T00:11:48
================================================================================
[2026-01-13T00:12:11.741+0000] {manager.py:737} INFO - Searching for files in /opt/airflow/dags
[2026-01-13T00:12:11.770+0000] {manager.py:740} INFO - There are 1 files in /opt/airflow/dags
[2026-01-13T00:12:25.301+0000] {manager.py:878} INFO - 
================================================================================
DAG File Processing Stats

File Path                                PID    Runtime      # DAGs    # Errors  Last Runtime    Last Run
---------------------------------------  -----  ---------  --------  ----------  --------------  -------------------
/opt/airflow/dags/novareatil_etl_dag.py                           1           0  0.69s           2026-01-13T00:12:22
================================================================================
[2026-01-13T00:12:58.544+0000] {manager.py:878} INFO - 
================================================================================
DAG File Processing Stats

File Path                                PID    Runtime      # DAGs    # Errors  Last Runtime    Last Run
---------------------------------------  -----  ---------  --------  ----------  --------------  -------------------
/opt/airflow/dags/novareatil_etl_dag.py                           1           0  0.27s           2026-01-13T00:12:55
================================================================================
[2026-01-13T00:13:31.908+0000] {manager.py:878} INFO - 
================================================================================
DAG File Processing Stats

File Path                                PID    Runtime      # DAGs    # Errors  Last Runtime    Last Run
---------------------------------------  -----  ---------  --------  ----------  --------------  -------------------
/opt/airflow/dags/novareatil_etl_dag.py                           1           0  0.20s           2026-01-13T00:13:28
================================================================================
[2026-01-13T00:14:05.233+0000] {manager.py:878} INFO - 
================================================================================
DAG File Processing Stats

File Path                                PID    Runtime      # DAGs    # Errors  Last Runtime    Last Run
---------------------------------------  -----  ---------  --------  ----------  --------------  -------------------
/opt/airflow/dags/novareatil_etl_dag.py                           1           0  0.29s           2026-01-13T00:14:02
================================================================================
[2026-01-13T00:14:38.707+0000] {manager.py:878} INFO - 
================================================================================
DAG File Processing Stats

File Path                                PID    Runtime      # DAGs    # Errors  Last Runtime    Last Run
---------------------------------------  -----  ---------  --------  ----------  --------------  -------------------
/opt/airflow/dags/novareatil_etl_dag.py                           1           0  0.12s           2026-01-13T00:14:35
================================================================================
[2026-01-13T00:15:11.802+0000] {manager.py:878} INFO - 
================================================================================
DAG File Processing Stats

File Path                                PID    Runtime      # DAGs    # Errors  Last Runtime    Last Run
---------------------------------------  -----  ---------  --------  ----------  --------------  -------------------
/opt/airflow/dags/novareatil_etl_dag.py                           1           0  2.15s           2026-01-13T00:15:07
================================================================================
[2026-01-13T00:15:44.909+0000] {manager.py:878} INFO - 
================================================================================
DAG File Processing Stats

File Path                                PID    Runtime      # DAGs    # Errors  Last Runtime    Last Run
---------------------------------------  -----  ---------  --------  ----------  --------------  -------------------
/opt/airflow/dags/novareatil_etl_dag.py                           1           0  0.13s           2026-01-13T00:15:40
================================================================================
[2026-01-13T00:16:18.225+0000] {manager.py:878} INFO - 
================================================================================
DAG File Processing Stats

File Path                                PID    Runtime      # DAGs    # Errors  Last Runtime    Last Run
---------------------------------------  -----  ---------  --------  ----------  --------------  -------------------
/opt/airflow/dags/novareatil_etl_dag.py                           1           0  0.14s           2026-01-13T00:16:14
================================================================================
[2026-01-13T00:16:51.611+0000] {manager.py:878} INFO - 
================================================================================
DAG File Processing Stats

File Path                                PID    Runtime      # DAGs    # Errors  Last Runtime    Last Run
---------------------------------------  -----  ---------  --------  ----------  --------------  -------------------
/opt/airflow/dags/novareatil_etl_dag.py                           1           0  0.14s           2026-01-13T00:16:47
================================================================================
[2026-01-13T00:17:12.695+0000] {manager.py:737} INFO - Searching for files in /opt/airflow/dags
[2026-01-13T00:17:12.714+0000] {manager.py:740} INFO - There are 1 files in /opt/airflow/dags
[2026-01-13T00:17:24.858+0000] {manager.py:878} INFO - 
================================================================================
DAG File Processing Stats

File Path                                PID    Runtime      # DAGs    # Errors  Last Runtime    Last Run
---------------------------------------  -----  ---------  --------  ----------  --------------  -------------------
/opt/airflow/dags/novareatil_etl_dag.py                           1           0  0.21s           2026-01-13T00:17:21
================================================================================
[2026-01-13T00:17:58.893+0000] {manager.py:878} INFO - 
================================================================================
DAG File Processing Stats

File Path                                PID    Runtime      # DAGs    # Errors  Last Runtime    Last Run
---------------------------------------  -----  ---------  --------  ----------  --------------  -------------------
/opt/airflow/dags/novareatil_etl_dag.py                           1           0  0.17s           2026-01-13T00:17:53
================================================================================
[2026-01-13T00:18:32.219+0000] {manager.py:878} INFO - 
================================================================================
DAG File Processing Stats

File Path                                PID    Runtime      # DAGs    # Errors  Last Runtime    Last Run
---------------------------------------  -----  ---------  --------  ----------  --------------  -------------------
/opt/airflow/dags/novareatil_etl_dag.py                           1           0  2.17s           2026-01-13T00:18:26
================================================================================
[2026-01-13T00:19:06.191+0000] {manager.py:878} INFO - 
================================================================================
DAG File Processing Stats

File Path                                PID    Runtime      # DAGs    # Errors  Last Runtime    Last Run
---------------------------------------  -----  ---------  --------  ----------  --------------  -------------------
/opt/airflow/dags/novareatil_etl_dag.py                           1           0  0.14s           2026-01-13T00:19:00
================================================================================
[2026-01-13T00:19:39.500+0000] {manager.py:878} INFO - 
================================================================================
DAG File Processing Stats

File Path                                PID    Runtime      # DAGs    # Errors  Last Runtime    Last Run
---------------------------------------  -----  ---------  --------  ----------  --------------  -------------------
/opt/airflow/dags/novareatil_etl_dag.py                           1           0  2.21s           2026-01-13T00:19:32
================================================================================
[2026-01-13T00:20:13.017+0000] {manager.py:878} INFO - 
================================================================================
DAG File Processing Stats

File Path                                PID    Runtime      # DAGs    # Errors  Last Runtime    Last Run
---------------------------------------  -----  ---------  --------  ----------  --------------  -------------------
/opt/airflow/dags/novareatil_etl_dag.py                           1           0  0.35s           2026-01-13T00:20:06
================================================================================
[2026-01-13T00:20:46.322+0000] {manager.py:878} INFO - 
================================================================================
DAG File Processing Stats

File Path                                PID    Runtime      # DAGs    # Errors  Last Runtime    Last Run
---------------------------------------  -----  ---------  --------  ----------  --------------  -------------------
/opt/airflow/dags/novareatil_etl_dag.py                           1           0  0.20s           2026-01-13T00:20:39
================================================================================
[2026-01-13T00:21:19.901+0000] {manager.py:878} INFO - 
================================================================================
DAG File Processing Stats

File Path                                PID    Runtime      # DAGs    # Errors  Last Runtime    Last Run
---------------------------------------  -----  ---------  --------  ----------  --------------  -------------------
/opt/airflow/dags/novareatil_etl_dag.py                           1           0  2.34s           2026-01-13T00:21:12
================================================================================
[2026-01-13T00:21:53.231+0000] {manager.py:878} INFO - 
================================================================================
DAG File Processing Stats

File Path                                PID    Runtime      # DAGs    # Errors  Last Runtime    Last Run
---------------------------------------  -----  ---------  --------  ----------  --------------  -------------------
/opt/airflow/dags/novareatil_etl_dag.py                           1           0  0.25s           2026-01-13T00:21:45
================================================================================
[2026-01-13T00:22:12.740+0000] {manager.py:737} INFO - Searching for files in /opt/airflow/dags
[2026-01-13T00:22:12.769+0000] {manager.py:740} INFO - There are 1 files in /opt/airflow/dags
[2026-01-13T00:22:26.670+0000] {manager.py:878} INFO - 
================================================================================
DAG File Processing Stats

File Path                                PID    Runtime      # DAGs    # Errors  Last Runtime    Last Run
---------------------------------------  -----  ---------  --------  ----------  --------------  -------------------
/opt/airflow/dags/novareatil_etl_dag.py                           1           0  0.98s           2026-01-13T00:22:19
================================================================================
[2026-01-13T00:23:00.111+0000] {manager.py:878} INFO - 
================================================================================
DAG File Processing Stats

File Path                                PID    Runtime      # DAGs    # Errors  Last Runtime    Last Run
---------------------------------------  -----  ---------  --------  ----------  --------------  -------------------
/opt/airflow/dags/novareatil_etl_dag.py                           1           0  0.20s           2026-01-13T00:22:52
================================================================================
[2026-01-13T00:23:33.602+0000] {manager.py:878} INFO - 
================================================================================
DAG File Processing Stats

File Path                                PID    Runtime      # DAGs    # Errors  Last Runtime    Last Run
---------------------------------------  -----  ---------  --------  ----------  --------------  -------------------
/opt/airflow/dags/novareatil_etl_dag.py                           1           0  0.21s           2026-01-13T00:23:24
================================================================================
[2026-01-13T00:24:07.018+0000] {manager.py:878} INFO - 
================================================================================
DAG File Processing Stats

File Path                                PID    Runtime      # DAGs    # Errors  Last Runtime    Last Run
---------------------------------------  -----  ---------  --------  ----------  --------------  -------------------
/opt/airflow/dags/novareatil_etl_dag.py                           1           0  0.19s           2026-01-13T00:23:58
================================================================================
[2026-01-13T00:24:40.562+0000] {manager.py:878} INFO - 
================================================================================
DAG File Processing Stats

File Path                                PID    Runtime      # DAGs    # Errors  Last Runtime    Last Run
---------------------------------------  -----  ---------  --------  ----------  --------------  -------------------
/opt/airflow/dags/novareatil_etl_dag.py                           1           0  0.18s           2026-01-13T00:24:31
================================================================================
[2026-01-13T00:25:14.136+0000] {manager.py:878} INFO - 
================================================================================
DAG File Processing Stats

File Path                                PID    Runtime      # DAGs    # Errors  Last Runtime    Last Run
---------------------------------------  -----  ---------  --------  ----------  --------------  -------------------
/opt/airflow/dags/novareatil_etl_dag.py                           1           0  0.24s           2026-01-13T00:25:05
================================================================================
[2026-01-13T00:25:47.551+0000] {manager.py:878} INFO - 
================================================================================
DAG File Processing Stats

File Path                                PID    Runtime      # DAGs    # Errors  Last Runtime    Last Run
---------------------------------------  -----  ---------  --------  ----------  --------------  -------------------
/opt/airflow/dags/novareatil_etl_dag.py                           1           0  1.37s           2026-01-13T00:25:39
================================================================================
[2026-01-13T00:26:21.169+0000] {manager.py:878} INFO - 
================================================================================
DAG File Processing Stats

File Path                                PID    Runtime      # DAGs    # Errors  Last Runtime    Last Run
---------------------------------------  -----  ---------  --------  ----------  --------------  -------------------
/opt/airflow/dags/novareatil_etl_dag.py                           1           0  0.48s           2026-01-13T00:26:11
================================================================================
[2026-01-13T00:26:54.656+0000] {manager.py:878} INFO - 
================================================================================
DAG File Processing Stats

File Path                                PID    Runtime      # DAGs    # Errors  Last Runtime    Last Run
---------------------------------------  -----  ---------  --------  ----------  --------------  -------------------
/opt/airflow/dags/novareatil_etl_dag.py                           1           0  0.15s           2026-01-13T00:26:44
================================================================================
[2026-01-13T00:27:12.782+0000] {manager.py:737} INFO - Searching for files in /opt/airflow/dags
[2026-01-13T00:27:12.808+0000] {manager.py:740} INFO - There are 1 files in /opt/airflow/dags
[2026-01-13T00:27:28.102+0000] {manager.py:878} INFO - 
================================================================================
DAG File Processing Stats

File Path                                PID    Runtime      # DAGs    # Errors  Last Runtime    Last Run
---------------------------------------  -----  ---------  --------  ----------  --------------  -------------------
/opt/airflow/dags/novareatil_etl_dag.py                           1           0  0.31s           2026-01-13T00:27:17
================================================================================
