cliente_id,nombre,apellido,email,fecha_registro,pais
1,Irene,Camacho,hanaya@example.org,2023-11-03,Perú
2,Blanca,Lebrón,obernal@example.net,2025-01-29,Perú
3,Eugenia,Aguilera,yabrego@example.org,2024-08-16,Perú
4,Miguel Ángel,Tirado,snazario@example.net,2023-06-26,Perú
5,Adalberto,Portillo,fgurule@example.com,2025-11-16,Perú
6,Guillermina,Rodríguez,violeta93@example.com,2023-01-09,Perú
7,Leonor,Téllez,rene32@example.org,2023-11-10,Perú
8,Gerónimo,Villarreal,dominguezgabino@example.org,2024-04-30,Perú
9,Carlota,Beltrán,quintanaalonso@example.net,2025-06-13,Perú
10,José Luis,Valdés,homerocarreon@example.net,2025-09-28,Perú
11,Paulina,Viera,rosasjacobo@example.com,2023-09-18,Perú
12,Teodoro,Saiz,espartafonseca@example.com,2023-06-18,Perú
13,María Elena,Huerta,indira40@example.net,2023-09-10,Perú
14,Jesús,Vázquez,soniadavila@example.org,2024-05-24,Perú
15,Nancy,Godínez,arevaloamanda@example.net,2024-05-06,Perú
16,Frida,Rascón,cmacias@example.net,2023-09-03,Perú
17,Alejandra,Franco,amador26@example.net,2023-11-13,Perú
18,Karla,Arteaga,dariojaime@example.org,2023-05-12,Perú
19,Ivonne,Bermúdez,villalpandomonica@example.net,2025-04-25,Perú
20,César,Ríos,dcrespo@example.com,2023-04-26,Perú
21,Esperanza,Suárez,gllamas@example.net,2023-07-21,Perú
22,Armando,Mascareñas,martin06@example.net,2023-08-14,Perú
23,Alonso,Granados,paola11@example.net,2025-02-25,Perú
24,Yolanda,Reséndez,noemitorres@example.com,2023-06-05,Perú
25,Marco Antonio,Escobedo,mayorgairma@example.com,2025-08-08,Perú
26,Soledad,Nazario,jose-emilio84@example.com,2025-05-24,Perú
27,Sofía,Vergara,amandacolunga@example.com,2024-09-06,Perú
28,Javier,Camacho,mvallejo@example.org,2023-11-03,Perú
29,Pascual,Lozano,patriciorolon@example.net,2023-07-02,Perú
30,Diana,Rolón,deboraperalta@example.net,2025-09-22,Perú
31,Maximiliano,Jaime,luzsoliz@example.net,2025-11-12,Perú
32,Diana,Alarcón,angela12@example.com,2025-03-23,Perú
33,María del Carmen,Marín,gabinofuentes@example.net,2025-09-14,Perú
34,Berta,Báez,toledomaria@example.com,2023-11-27,Perú
35,Paulina,Parra,jpadilla@example.net,2023-06-28,Perú
36,Óliver,Marroquín,mariselaperalta@example.net,2024-11-06,Perú
37,Cornelio,Gracia,maria-teresaaragon@example.org,2024-09-10,Perú
38,Elvira,Brito,abrahamvazquez@example.org,2025-09-09,Perú
39,Gregorio,Zamudio,ines98@example.com,2023-04-26,Perú
40,Cristal,Flores,carmonaamelia@example.net,2025-07-10,Perú
41,Teodoro,Vaca,jassolorenzo@example.com,2025-03-04,Perú
42,Abelardo,Rosado,taguirre@example.net,2023-08-15,Perú
43,Esparta,Matos,torresadriana@example.net,2024-03-19,Perú
44,Emilio,Gonzales,jaimerangel@example.com,2025-02-10,Perú
45,Jorge Luis,Montaño,julia75@example.org,2025-01-18,Perú
46,Ana María,Ramírez,tmatos@example.org,2023-11-29,Perú
47,Alberto,León,montenegrorosalia@example.org,2025-02-28,Perú
48,Gregorio,Guerra,avigil@example.org,2023-09-25,Perú
49,Estela,Lozada,timoteo74@example.com,2023-05-05,Perú
50,Germán,Aparicio,irmagastelum@example.com,2025-06-27,Perú
51,Eugenia,Quiñones,gallegoshernan@example.org,2023-05-03,Perú
52,Gabino,Sisneros,fajardohilda@example.com,2024-09-01,Perú
53,Carla,Aranda,irenegranado@example.net,2025-07-29,Perú
54,Paola,Blanco,mascarenaselena@example.com,2023-10-12,Perú
55,Guillermina,Rolón,luis-manuel69@example.net,2025-05-18,Perú
56,Mauricio,de la Garza,villalpandoflavio@example.org,2023-05-23,Perú
57,Emiliano,Razo,xnavarrete@example.com,2023-08-16,Perú
58,Karina,Galindo,marisol41@example.net,2024-05-13,Perú
59,Blanca,Camarillo,diego09@example.com,2025-08-23,Perú
60,Nancy,Sevilla,bcasanova@example.com,2024-06-28,Perú
61,Jorge Luis,Huerta,gbarrera@example.com,2024-04-06,Perú
62,Alma,Huerta,dgarrido@example.com,2024-12-16,Perú
63,Alejandra,Sáenz,tde-leon@example.org,2025-01-14,Perú
64,Rodrigo,Cotto,garciaadriana@example.com,2024-03-14,Perú
65,Judith,Solís,samuel10@example.net,2025-04-12,Perú
66,Jesús,Solano,kroque@example.org,2025-09-04,Perú
67,Pamela,Barraza,vvenegas@example.net,2025-08-26,Perú
68,Adalberto,Prado,franciscobatista@example.org,2025-04-01,Perú
69,Javier,de la Crúz,franciscasoria@example.com,2025-09-19,Perú
70,Rufino,Arriaga,maria-elenahurtado@example.net,2025-02-24,Perú
71,Carolina,Parra,zolivas@example.net,2024-04-04,Perú
72,Benjamín,Valenzuela,ramiro82@example.com,2023-09-28,Perú
73,Alta  Gracia,Villalobos,florezgloria@example.net,2025-11-25,Perú
74,Magdalena,Jáquez,timoteobaca@example.net,2025-06-12,Perú
75,Emilia,Briseño,sdavila@example.net,2025-05-25,Perú
76,Enrique,Vélez,alta-gracia73@example.net,2025-11-25,Perú
77,Lorena,Castillo,hermelinda01@example.com,2023-01-25,Perú
78,Cecilia,Carrasco,conchitavillarreal@example.org,2024-08-28,Perú
79,Elvira,Rosario,cynthia72@example.net,2024-04-03,Perú
80,Genaro,Gracia,liliana09@example.net,2023-12-08,Perú
81,Noelia,Melgar,pantojabernabe@example.org,2023-08-24,Perú
82,Maximiliano,Espinoza,telloelsa@example.net,2023-08-19,Perú
83,Óliver,Correa,wpuente@example.com,2025-07-19,Perú
84,Ruby,Madrid,fberrios@example.org,2023-02-16,Perú
85,Armando,Barrios,chavarriadulce-maria@example.net,2023-05-12,Perú
86,Paola,Villarreal,bavila@example.org,2024-01-28,Perú
87,Fidel,Beltrán,jose72@example.net,2024-10-03,Perú
88,Alta  Gracia,Chavarría,lealbeatriz@example.org,2025-05-15,Perú
89,Abraham,Cortés,martin79@example.org,2025-09-19,Perú
90,Ana,Lozada,sgaray@example.net,2024-08-11,Perú
91,Sofía,Madrigal,gcaban@example.com,2025-09-06,Perú
92,Vicente,Núñez,lugoalejandra@example.org,2025-07-16,Perú
93,Anabel,Girón,aguirreelsa@example.net,2024-04-23,Perú
94,Fabiola,Salazar,arcelia40@example.com,2025-05-25,Perú
95,Aida,Rocha,mateorios@example.net,2024-04-16,Perú
96,Francisco Javier,Vélez,fserrato@example.com,2023-10-29,Perú
97,Minerva,Casares,salvadorgurule@example.org,2024-09-26,Perú
98,Rafaél,Bustos,mrodriquez@example.com,2024-12-07,Perú
99,Gilberto,Rangel,jose-emiliobueno@example.net,2023-07-23,Perú
100,Salma,Gálvez,calvillorufino@example.com,2023-08-27,Perú
101,Isabel,Magaña,genaro23@example.org,2023-03-21,Perú
102,Carlos,Haro,nievesanabel@example.net,2024-02-08,Perú
103,Víctor,Carrasco,marisolmata@example.net,2024-04-23,Perú
104,Vanesa,Gaitán,marquezjose-carlos@example.net,2025-08-09,Perú
105,Adriana,Terrazas,qnajera@example.com,2024-04-01,Perú
106,Jerónimo,Ozuna,julio99@example.org,2024-01-11,Perú
107,Nancy,Porras,sofia24@example.net,2023-05-05,Perú
108,José María,Laboy,almontekarla@example.com,2025-05-15,Perú
109,Pedro,Osorio,pbanuelos@example.com,2024-11-02,Perú
110,Minerva,Ocampo,zquiroz@example.com,2025-01-05,Perú
111,Salma,Arguello,ojedajose-eduardo@example.org,2025-07-09,Perú
112,Arcelia,Soliz,judith99@example.org,2023-04-12,Perú
113,Trinidad,Guerrero,espartacozuniga@example.com,2025-05-24,Perú
114,Fernando,Archuleta,adamemaria-luisa@example.org,2025-05-17,Perú
115,César,Griego,ocampovicente@example.org,2023-02-15,Perú
116,Adalberto,Matías,sergio89@example.com,2023-12-03,Perú
117,Julio,Estrada,scovarrubias@example.com,2023-04-28,Perú
118,Elvia,Regalado,de-jesusamalia@example.com,2023-05-06,Perú
119,Dulce,Ontiveros,daniel23@example.net,2025-04-21,Perú
120,Esther,Crespo,de-la-cruzmargarita@example.org,2023-07-25,Perú
121,Araceli,Peralta,rojoalfonso@example.org,2023-04-07,Perú
122,Francisca,Ozuna,amiranda@example.org,2024-07-03,Perú
123,Ernesto,Baca,tolivo@example.com,2025-08-20,Perú
124,Itzel,Jiménez,maria-del-carmen61@example.net,2025-08-16,Perú
125,Rocío,Cotto,virginia21@example.net,2024-01-27,Perú
126,Reynaldo,Cavazos,oordonez@example.org,2024-05-08,Perú
127,Yeni,Rendón,mateo51@example.com,2025-01-28,Perú
128,Marisela,Limón,luzcarmona@example.com,2023-06-28,Perú
129,Miguel,Vaca,tafoyajulia@example.net,2023-09-06,Perú
130,Fabiola,Covarrubias,anelsanches@example.com,2025-09-28,Perú
131,Rosa,Laboy,maria-cristinatejeda@example.com,2024-11-04,Perú
132,Clemente,Olivera,castillonelly@example.net,2025-06-15,Perú
133,Lorena,Arenas,wvalladares@example.com,2024-11-13,Perú
134,Cristal,Montaño,fidel79@example.org,2024-10-31,Perú
135,Aldonza,Colón,cesar50@example.net,2023-12-14,Perú
136,Reynaldo,Tejeda,ana-mariabaez@example.com,2024-01-14,Perú
137,Cristal,Villa,bermudeznayeli@example.org,2023-11-28,Perú
138,Alicia,Aguirre,cornejogeronimo@example.org,2025-04-02,Perú
139,Luis Manuel,Velasco,ricardo86@example.com,2025-07-20,Perú
140,Pilar,Véliz,eliassamaniego@example.com,2023-02-24,Perú
141,Jaqueline,Villa,augusto13@example.net,2024-08-27,Perú
142,Mitzy,Juárez,jorge-luisparedes@example.net,2025-10-02,Perú
143,Marisol,Magaña,gcepeda@example.com,2023-09-30,Perú
144,Gilberto,Roque,hverduzco@example.net,2023-03-11,Perú
145,Wilfrido,Treviño,raulgil@example.org,2023-03-24,Perú
146,Clemente,Apodaca,lucascaraballo@example.net,2024-10-08,Perú
147,Clara,Garay,oroscomarisela@example.org,2024-01-01,Perú
148,Julio,Orosco,wsantana@example.com,2024-10-26,Perú
149,Eugenio,Calderón,chapaoliver@example.org,2023-05-08,Perú
150,Dulce María,Bermúdez,alonsoparra@example.org,2023-03-28,Perú
151,José Luis,Negrete,lvalencia@example.net,2024-08-26,Perú
152,Alta  Gracia,Frías,marisol92@example.com,2025-12-01,Perú
153,Reina,de Anda,juan-carlos33@example.org,2025-09-17,Perú
154,Zacarías,Tórrez,ehuerta@example.org,2024-09-30,Perú
155,Irma,Varela,rangelpedro@example.net,2023-02-14,Perú
156,Vanesa,Pichardo,frida07@example.com,2025-11-30,Perú
157,Dulce María,Hidalgo,bustamanteoswaldo@example.net,2023-04-29,Perú
158,Daniel,de la O,abelardo17@example.org,2025-04-10,Perú
159,Óliver,Ibarra,quesadaalonso@example.net,2023-07-20,Perú
160,Gerónimo,Godínez,malavebenito@example.org,2024-09-06,Perú
161,Florencia,Dueñas,vperea@example.net,2025-06-24,Perú
162,Armando,Palomo,banuelosrosalia@example.com,2024-05-30,Perú
163,Juana,Reyna,yabreu@example.com,2025-05-18,Perú
164,Yolanda,Rodríquez,bernabegaray@example.com,2023-11-11,Perú
165,Gustavo,Zayas,amadorines@example.org,2024-05-30,Perú
166,Ramón,Otero,gharo@example.com,2023-07-24,Perú
167,Concepción,Montalvo,pedroraya@example.com,2024-03-02,Perú
168,Jesús,Delgadillo,dcornejo@example.com,2024-05-31,Perú
169,Abigail,Orosco,iacevedo@example.org,2024-03-18,Perú
170,Raúl,Cabrera,ocasares@example.net,2024-11-19,Perú
171,Sara,Zepeda,munozilse@example.org,2025-11-16,Perú
172,Karina,Moreno,mateofeliciano@example.org,2025-04-16,Perú
173,Sonia,Solís,gabino58@example.org,2024-10-24,Perú
174,Genaro,Mora,gabriela41@example.org,2025-11-01,Perú
175,Luis Manuel,Navarro,rolandopadron@example.com,2024-09-14,Perú
176,Roberto,Muro,gonzaloloya@example.net,2024-11-06,Perú
177,Clemente,Guerra,espartacoorosco@example.net,2023-07-02,Perú
178,Claudio,Cavazos,qnaranjo@example.net,2025-01-30,Perú
179,Leonor,Huerta,judithde-la-cruz@example.net,2025-03-09,Perú
180,Ana María,Coronado,abigailmaestas@example.net,2025-06-03,Perú
181,Alejandro,Rivera,huertamanuel@example.org,2024-07-17,Perú
182,Lilia,Vela,esther99@example.net,2023-12-31,Perú
183,Marcos,Villalpando,jvalle@example.com,2025-04-22,Perú
184,Aurelio,Samaniego,marisolmunoz@example.org,2023-02-03,Perú
185,Francisca,Niño,estebanmaldonado@example.net,2024-06-14,Perú
186,José Eduardo,Muñiz,yfernandez@example.com,2023-12-29,Perú
187,Adela,Cuellar,aldocastellanos@example.com,2023-11-19,Perú
188,José Manuél,Cavazos,rarenas@example.com,2024-04-21,Perú
189,Cornelio,Jaramillo,rmedina@example.com,2024-12-25,Perú
190,Nadia,Bermúdez,qbermudez@example.org,2025-08-12,Perú
191,Sergio,Reynoso,oesquivel@example.org,2025-11-18,Perú
192,Roberto,Aguayo,mesasalvador@example.com,2025-02-17,Perú
193,Lorenzo,Flores,bernabelaboy@example.com,2023-01-10,Perú
194,Susana,Trejo,villalobosfelipe@example.net,2025-08-23,Perú
195,Héctor,Miramontes,alberto40@example.com,2024-08-29,Perú
196,Lorenzo,Villagómez,adelacrespo@example.com,2023-05-14,Perú
197,Darío,Loera,velazquezsoledad@example.org,2023-08-22,Perú
198,María del Carmen,Ceja,montemayortimoteo@example.org,2025-04-15,Perú
199,Rosa,Bernal,rosariotoledo@example.org,2025-08-07,Perú
200,Sonia,Haro,oscar38@example.com,2025-07-06,Perú
201,Dulce,Mendoza,karina15@example.com,2024-09-06,Perú
202,Gabriela,Carrasco,wmontanez@example.net,2023-02-17,Perú
203,Carolina,Urrutia,espinosagenaro@example.org,2025-06-09,Perú
204,Vicente,Abreu,silvia19@example.org,2024-11-18,Perú
205,Bianca,Anaya,israel41@example.com,2024-05-25,Perú
206,Blanca,Miramontes,camachofelipe@example.org,2023-07-19,Perú
207,Gonzalo,Posada,gamezirma@example.org,2024-08-11,Perú
208,Eric,Lozada,yeni38@example.com,2023-11-14,Perú
209,Ariadna,Zaragoza,xrendon@example.net,2024-06-28,Perú
210,Laura,Candelaria,ialmaraz@example.com,2024-04-07,Perú
211,Fernando,Ramos,esther72@example.com,2023-10-05,Perú
212,Roberto,Briseño,emiliade-jesus@example.org,2025-02-28,Perú
213,Itzel,Villalpando,velasqueznicolas@example.net,2025-06-01,Perú
214,Yuridia,Durán,orellanaruben@example.net,2025-04-04,Perú
215,Soledad,Suárez,hectormadrid@example.com,2025-07-22,Perú
216,Aldonza,Vallejo,emiliano43@example.net,2024-04-09,Perú
217,Martín,Colón,leticia71@example.org,2025-04-11,Perú
218,Octavio,Nevárez,qcastillo@example.net,2024-10-07,Perú
219,Eva,Galarza,oliviasolorzano@example.org,2024-04-29,Perú
220,Mario,Quintanilla,anabelcavazos@example.net,2023-02-12,Perú
221,Tomás,Fierro,jaquezrosario@example.com,2023-05-10,Perú
222,Cristian,Garza,jaime20@example.com,2024-08-19,Perú
223,Sandra,Duarte,luis-manuelsaiz@example.com,2024-06-29,Perú
224,Oswaldo,Olivárez,judithmontalvo@example.org,2023-06-22,Perú
225,Benjamín,Echeverría,leonorguajardo@example.org,2024-12-08,Perú
226,Ignacio,Villa,icaraballo@example.net,2024-08-23,Perú
227,Olivia,Carrillo,valleseva@example.net,2024-04-08,Perú
228,Cynthia,Gómez,martinezmaria-teresa@example.net,2025-10-11,Perú
229,Ana María,Paz,pilar46@example.net,2023-12-02,Perú
230,Claudia,Rangel,tiradocecilia@example.com,2024-07-23,Perú
231,Julio César,Montoya,rojomarcos@example.net,2023-06-01,Perú
232,Genaro,Carmona,cristobal12@example.org,2024-11-12,Perú
233,Olivia,Cadena,susana11@example.net,2023-03-10,Perú
234,Anel,Barraza,jorge-luismalave@example.org,2024-07-15,Perú
235,Abril,Espinoza,susanapalomino@example.net,2023-06-04,Perú
236,Ilse,Porras,ealonzo@example.com,2025-05-25,Perú
237,Débora,Leiva,luis-miguelescamilla@example.com,2025-11-05,Perú
238,Hilda,Marín,diana91@example.net,2024-10-30,Perú
239,Irma,Villaseñor,rendonmateo@example.com,2025-03-11,Perú
240,Elisa,Rodríguez,rufino59@example.com,2023-03-12,Perú
241,Arturo,Aragón,escobarfrancisco@example.org,2024-11-05,Perú
242,Pedro,Cotto,vallecristal@example.com,2025-04-01,Perú
243,Patricio,Correa,wsoria@example.com,2024-01-29,Perú
244,Ana,Collazo,elvira66@example.com,2023-02-11,Perú
245,Vanesa,Echeverría,maderaasuncion@example.net,2025-09-01,Perú
246,Sara,Barela,diego73@example.net,2024-08-12,Perú
247,Barbara,Blanco,velezroberto@example.net,2025-01-03,Perú
248,Magdalena,Balderas,juarezsusana@example.org,2025-06-14,Perú
249,Ariadna,Alba,yrenteria@example.net,2023-02-13,Perú
250,Nelly,Piña,oulloa@example.com,2025-11-20,Perú
251,Raúl,Armendáriz,hurtadobianca@example.net,2024-05-07,Perú
252,María del Carmen,Saavedra,smojica@example.com,2024-04-01,Perú
253,Manuel,Tejeda,indira97@example.com,2023-05-21,Perú
254,Miguel,Quintero,reinagastelum@example.org,2024-09-26,Perú
255,Francisco,Escamilla,agamez@example.com,2025-07-31,Perú
256,Leonor,Ybarra,luciamarin@example.org,2025-11-12,Perú
257,Socorro,Cabrera,acunatania@example.com,2024-03-05,Perú
258,María Teresa,de Jesús,tovarluis@example.com,2024-11-21,Perú
259,Estela,Montalvo,lhuerta@example.net,2024-11-17,Perú
260,Gloria,Mota,federicoleiva@example.com,2024-07-22,Perú
261,Amalia,Manzanares,alma50@example.com,2024-09-12,Perú
262,Gerónimo,Aranda,zguerra@example.com,2024-04-21,Perú
263,Eric,Murillo,conchita12@example.org,2024-02-20,Perú
264,Soledad,Rubio,granadocamilo@example.org,2024-07-09,Perú
265,Elvira,Navarro,agustinberrios@example.com,2023-01-24,Perú
266,Karina,Molina,imiranda@example.com,2025-02-18,Perú
267,Micaela,Madrigal,salvador25@example.org,2025-10-20,Perú
268,Rebeca,Leiva,yeniroybal@example.com,2024-10-08,Perú
269,Hugo,Lomeli,zde-anda@example.net,2023-10-18,Perú
270,Uriel,Vargas,diana30@example.org,2023-06-11,Perú
271,Julio,Arevalo,tvalenzuela@example.com,2025-04-27,Perú
272,Delia,Prado,xalonzo@example.net,2023-02-12,Perú
273,Gabino,Galván,yuridia40@example.com,2024-01-11,Perú
274,Serafín,Escobar,julio-cesar43@example.org,2024-02-06,Perú
275,Arcelia,Carrera,menasantiago@example.com,2025-08-19,Perú
276,Soledad,Fajardo,miriam22@example.com,2023-02-23,Perú
277,Lilia,Marroquín,gaitanjeronimo@example.com,2023-04-01,Perú
278,Cynthia,Lemus,german09@example.net,2025-06-15,Perú
279,Abigail,Jaime,mariano01@example.org,2023-02-08,Perú
280,Daniela,Valenzuela,rocio99@example.com,2025-01-25,Perú
281,Yolanda,Vallejo,prietovirginia@example.org,2024-06-29,Perú
282,Vanesa,Bahena,guadalupe26@example.org,2024-11-07,Perú
283,Antonia,Soto,uribemaria-eugenia@example.com,2023-01-14,Perú
284,Daniel,Jimínez,oswaldo42@example.net,2025-10-16,Perú
285,Paulina,Fajardo,celiaaltamirano@example.com,2023-01-23,Perú
286,Liliana,Flores,alfaroaraceli@example.org,2023-02-10,Perú
287,Fernando,Espinoza,fariasjose-maria@example.com,2024-03-31,Perú
288,Rosa,Contreras,munizjose-eduardo@example.org,2024-06-17,Perú
289,Flavio,Luna,gonzalo29@example.net,2023-09-26,Perú
290,Diana,Vásquez,zvanegas@example.com,2025-07-24,Perú
291,Irene,Orellana,marisolgrijalva@example.com,2024-02-20,Perú
292,Sofía,Gaitán,lreyes@example.net,2023-05-05,Perú
293,Julia,Villegas,paola68@example.org,2025-01-11,Perú
294,Violeta,Barreto,tcanales@example.net,2025-08-16,Perú
295,Blanca,Vera,atorres@example.com,2024-09-09,Perú
296,Concepción,Barreto,isaac84@example.com,2024-01-08,Perú
297,Salma,Monroy,carlosaguayo@example.com,2024-07-26,Perú
298,Anel,Alvarez,linda32@example.net,2025-07-23,Perú
299,Claudia,Galván,pichardojudith@example.net,2024-05-14,Perú
300,José María,Nieto,karinameza@example.org,2024-07-05,Perú
301,Gilberto,Perea,estela91@example.org,2025-05-12,Perú
302,Marisela,Manzanares,lozanoalejandro@example.com,2024-01-08,Perú
303,Soledad,Rubio,gloria71@example.org,2023-06-01,Perú
304,Enrique,Peña,patriciavalentin@example.org,2024-10-24,Perú
305,Bruno,Galván,oscar35@example.net,2024-12-09,Perú
306,Esther,Sanches,emilianocantu@example.com,2024-06-20,Perú
307,Alfonso,Martínez,angelica34@example.com,2023-08-05,Perú
308,Clara,Perales,tolivas@example.org,2024-01-17,Perú
309,Emilia,Padrón,ealmaraz@example.org,2025-06-19,Perú
310,Bruno,Longoria,martin77@example.net,2024-11-05,Perú
311,Isaac,Mateo,nalmonte@example.net,2024-07-19,Perú
312,Jaqueline,Juárez,narvaezbeatriz@example.org,2024-08-10,Perú
313,Yeni,Armas,miramontesjulia@example.com,2023-06-02,Perú
314,Fernando,Zarate,aavalos@example.org,2023-11-09,Perú
315,Jos,Valadez,duenasadriana@example.com,2023-03-30,Perú
316,Porfirio,Gamez,hcasanova@example.com,2025-10-14,Perú
317,Trinidad,Alcaraz,limonraul@example.org,2023-08-06,Perú
318,Francisca,Bonilla,trivera@example.com,2024-08-19,Perú
319,Maximiliano,Molina,granadosgenaro@example.net,2025-01-14,Perú
320,Berta,Nieves,amandamagana@example.com,2024-10-04,Perú
321,Abraham,Páez,lugoroberto@example.net,2024-03-19,Perú
322,Elisa,Velázquez,amelia08@example.org,2025-11-30,Perú
323,Itzel,Arredondo,alfonsogarica@example.org,2025-04-05,Perú
324,Helena,Ávalos,geronimo72@example.net,2024-12-15,Perú
325,Gabriela,Tafoya,ramiro11@example.com,2023-03-23,Perú
326,Arturo,Acuña,chavarriajuana@example.net,2024-06-27,Perú
327,Fernando,Raya,yeni11@example.com,2024-08-04,Perú
328,Trinidad,Cisneros,mezaraul@example.net,2024-05-10,Perú
329,Nayeli,Ortega,zmaldonado@example.org,2024-10-09,Perú
330,Abril,Jiménez,leyvaalma@example.net,2025-01-10,Perú
331,Débora,Monroy,maurobahena@example.com,2023-02-06,Perú
332,Mauricio,Pacheco,eugeniocabrera@example.com,2024-07-06,Perú
333,Nadia,Perales,sbarela@example.org,2025-02-09,Perú
334,Florencia,Zarate,rosa75@example.net,2025-11-25,Perú
335,Cecilia,Esquibel,zamoraluis-manuel@example.org,2025-06-23,Perú
336,Margarita,Malave,bvelazquez@example.com,2024-03-05,Perú
337,Aldonza,Montero,maganamaria-eugenia@example.org,2025-10-07,Perú
338,Octavio,Coronado,juangonzales@example.net,2025-07-06,Perú
339,Daniel,Villa,sanchezhermelinda@example.net,2023-05-21,Perú
340,Lucas,Reyes,negronmiguel-angel@example.com,2025-06-15,Perú
341,Leonor,Quintana,clopez@example.com,2024-05-07,Perú
342,Jonás,Hernandes,salinasmicaela@example.org,2024-10-15,Perú
343,Hermelinda,Portillo,carla85@example.com,2024-01-13,Perú
344,Elena,Muñoz,miguel49@example.com,2023-03-02,Perú
345,Iván,Portillo,penaernesto@example.org,2023-09-24,Perú
346,Claudio,Lucio,catalina90@example.org,2025-10-31,Perú
347,Miguel,Roybal,pachecooscar@example.net,2024-12-13,Perú
348,René,Pacheco,juan-carlos09@example.net,2025-03-07,Perú
349,Abril,Ulloa,de-la-cruzjose-luis@example.com,2024-09-03,Perú
350,Claudio,Aguirre,patricio08@example.com,2025-04-02,Perú
351,Sessa,Orosco,marisela73@example.net,2023-11-19,Perú
352,Elvia,Pineda,helena25@example.org,2023-04-05,Perú
353,Minerva,Abrego,laponte@example.org,2024-06-29,Perú
354,Flavio,Villagómez,alfonso54@example.com,2023-08-08,Perú
355,Jaime,Bonilla,melendezasuncion@example.org,2024-03-20,Perú
356,Ernesto,Castañeda,jcasanova@example.org,2023-12-07,Perú
357,Julia,Benavides,preciadofidel@example.net,2024-04-29,Perú
358,Adela,Toro,celia25@example.org,2023-02-15,Perú
359,Guillermo,Montemayor,judithnajera@example.net,2024-06-02,Perú
360,Magdalena,Tafoya,hcazares@example.org,2024-09-16,Perú
361,Socorro,Valdivia,augustoresendez@example.org,2025-06-15,Perú
362,Andrés,Rascón,wbotello@example.com,2024-08-27,Perú
363,Citlali,Contreras,eugenia85@example.com,2025-04-23,Perú
364,Beatriz,Ruiz,carlavelasquez@example.net,2025-11-13,Perú
365,Daniel,Escalante,jose-manuelparra@example.org,2024-09-25,Perú
366,Elisa,Arroyo,oscar60@example.net,2023-06-03,Perú
367,Maximiliano,Matos,zquintana@example.org,2023-06-18,Perú
368,Mónica,León,enriquezmayte@example.org,2025-07-10,Perú
369,Rosalia,Mireles,rebecarangel@example.com,2024-05-23,Perú
370,Porfirio,Laureano,abril83@example.com,2023-10-12,Perú
371,José Luis,Cano,lourdesregalado@example.net,2023-02-09,Perú
372,Patricia,Zamora,nadia68@example.com,2023-04-06,Perú
373,Salma,Mejía,yavila@example.net,2024-04-26,Perú
374,Ignacio,Abreu,alicialimon@example.net,2023-07-11,Perú
375,Leonor,Oquendo,zlozada@example.net,2025-05-31,Perú
376,Diana,Pelayo,raulzapata@example.net,2025-10-30,Perú
377,Lucas,Perea,bvergara@example.org,2023-09-13,Perú
378,Daniel,Terrazas,klara@example.net,2023-05-23,Perú
379,Indira,Garibay,rasconbenito@example.com,2024-06-05,Perú
380,David,Negrete,rmontanez@example.org,2023-11-20,Perú
381,Rosa,Fuentes,wromo@example.net,2024-07-29,Perú
382,Sessa,Fierro,xnieto@example.net,2024-03-31,Perú
383,María Elena,Burgos,aidagalvez@example.com,2023-07-26,Perú
384,Gabriel,Leyva,clara43@example.com,2023-10-29,Perú
385,Virginia,Valenzuela,esperanza50@example.org,2024-08-04,Perú
386,Antonia,Roldán,noelia38@example.net,2024-03-23,Perú
387,Nelly,Olivera,nellysalcido@example.com,2023-10-15,Perú
388,Juan,Reynoso,soledadalba@example.org,2024-10-01,Perú
389,Ilse,Pantoja,cristalsandoval@example.org,2023-02-22,Perú
390,Evelio,Meraz,elsa56@example.net,2023-12-18,Perú
391,Juan Carlos,Sevilla,ariasnorma@example.net,2024-11-01,Perú
392,Andrés,Rodríquez,guadalupe29@example.org,2025-02-01,Perú
393,Martha,Benítez,rivascristina@example.com,2023-06-10,Perú
394,María Elena,Ruelas,valdiviavictor@example.net,2025-06-26,Perú
395,Hilda,Alba,aarmenta@example.com,2025-02-08,Perú
396,Guillermina,Concepción,nievessonia@example.com,2025-09-30,Perú
397,Lorena,Aguirre,tmarroquin@example.net,2023-10-09,Perú
398,Reina,Uribe,mguardado@example.org,2024-12-01,Perú
399,Esther,Bermúdez,eugenio56@example.net,2024-07-15,Perú
400,Aurelio,Terán,maria-teresa28@example.net,2025-02-23,Perú
401,Reina,Arteaga,zeferinopadilla@example.net,2024-02-01,Perú
402,Irene,del Valle,indiracolunga@example.com,2025-05-07,Perú
403,Gonzalo,Colunga,natalia44@example.org,2024-08-01,Perú
404,Rafaél,Beltrán,xmondragon@example.net,2023-03-06,Perú
405,Abril,Vásquez,tellezolga@example.org,2025-03-13,Perú
406,Ivonne,Menéndez,soledad08@example.com,2024-12-04,Perú
407,Patricia,de la Torre,chaconsalma@example.com,2025-04-05,Perú
408,Olga,Córdova,felixzaragoza@example.net,2023-02-28,Perú
409,Alberto,Aguayo,almarazlinda@example.net,2023-04-01,Perú
410,Karla,Valdez,portilloteresa@example.org,2023-07-12,Perú
411,Leonel,Olivares,htoledo@example.org,2024-12-15,Perú
412,Karla,Reséndez,valverdeabel@example.org,2025-08-14,Perú
413,Lorenzo,Franco,elenaolivarez@example.org,2023-08-18,Perú
414,Sara,Posada,xmiranda@example.net,2024-11-23,Perú
415,Abelardo,Ocampo,roberto76@example.net,2025-03-11,Perú
416,Ricardo,Leyva,alejandroadame@example.org,2025-04-24,Perú
417,Zeferino,Gallardo,aracelipalomo@example.com,2024-12-02,Perú
418,Nelly,Vigil,igollum@example.net,2024-11-16,Perú
419,Arturo,Aragón,yeni05@example.org,2024-12-11,Perú
420,Aldo,Verduzco,coronaanabel@example.org,2024-10-20,Perú
421,César,Mata,qfonseca@example.org,2023-02-15,Perú
422,Hermelinda,Ayala,navarrozoe@example.org,2023-10-20,Perú
423,Juana,Cardona,burgosoliver@example.com,2025-01-06,Perú
424,Frida,de León,lgalvan@example.org,2025-10-30,Perú
425,Esparta,Salcedo,adelaramon@example.org,2024-01-02,Perú
426,Irma,Chapa,qgil@example.net,2024-06-27,Perú
427,Porfirio,Nieves,camachoevelio@example.org,2025-11-14,Perú
428,Humberto,Muro,gustavoarchuleta@example.org,2023-09-29,Perú
429,Agustín,Espinosa,qmontanez@example.net,2023-05-08,Perú
430,Reynaldo,Gurule,davilaitzel@example.org,2024-06-26,Perú
431,Gabriel,Cotto,casillasgilberto@example.com,2025-06-20,Perú
432,Antonio,Zamora,galvezmauro@example.net,2024-07-22,Perú
433,Pedro,Rascón,zcervantes@example.net,2023-10-19,Perú
434,Omar,Quezada,espinosagregorio@example.net,2025-04-09,Perú
435,Soledad,Soto,miguel-angel72@example.com,2025-02-21,Perú
436,Israel,Padilla,guadalupemojica@example.org,2023-11-14,Perú
437,Laura,Sáenz,samaniegobernardo@example.com,2023-05-08,Perú
438,José Eduardo,del Valle,salejandro@example.net,2024-03-21,Perú
439,María Teresa,Dueñas,irene72@example.org,2024-08-26,Perú
440,Guillermo,Solorio,gabrielaochoa@example.org,2025-04-13,Perú
441,Arturo,Arreola,ireyes@example.net,2025-07-08,Perú
442,Débora,Magaña,blancoamanda@example.net,2025-08-10,Perú
443,Gregorio,Cortez,violetacoronado@example.net,2025-04-03,Perú
444,Camila,Marín,dalia59@example.com,2024-09-10,Perú
445,Paola,Bustamante,wmacias@example.org,2025-03-17,Perú
446,Mayte,Sierra,wilfridopuente@example.org,2025-06-03,Perú
447,Mitzy,Abreu,olgaalmonte@example.org,2025-03-13,Perú
448,Ivonne,Calvillo,rayamaria@example.org,2023-07-23,Perú
449,Aurelio,Torres,tomas31@example.org,2024-05-04,Perú
450,Abraham,Lucero,leonor37@example.org,2025-03-21,Perú
451,Blanca,Mata,gastelumluis@example.com,2023-01-04,Perú
452,Úrsula,Valles,dianaabrego@example.org,2024-11-05,Perú
453,Irma,Macías,caraballoreynaldo@example.com,2024-04-21,Perú
454,Salvador,Márquez,ivillareal@example.net,2025-11-19,Perú
455,Rubén,Acuña,virginia22@example.org,2023-01-08,Perú
456,Josefina,Abreu,amalia49@example.com,2025-03-31,Perú
457,Nayeli,Mojica,tamezmiguel@example.org,2023-01-21,Perú
458,Virginia,Garibay,salvador31@example.net,2023-09-14,Perú
459,Carmen,Trejo,monica06@example.org,2023-08-20,Perú
460,Micaela,Treviño,sacosta@example.com,2023-10-04,Perú
461,Homero,Mascareñas,francisco-javier33@example.org,2024-12-17,Perú
462,Concepción,Puente,manzanaresdaniela@example.com,2023-05-23,Perú
463,Yuridia,Prado,isabel85@example.com,2024-09-25,Perú
464,Enrique,Negrete,hmontenegro@example.com,2025-06-04,Perú
465,Reina,Hurtado,saracarrasco@example.net,2023-07-17,Perú
466,Estela,Galván,jaimerascon@example.com,2024-09-19,Perú
467,Frida,Avilés,davidespinosa@example.net,2025-06-17,Perú
468,Andrea,Curiel,angelicazavala@example.org,2025-12-04,Perú
469,José Eduardo,Serna,natividad27@example.com,2024-05-10,Perú
470,Miguel,Matías,qpatino@example.net,2025-01-01,Perú
471,Jorge,Corrales,mbahena@example.org,2025-07-20,Perú
472,Conchita,Corrales,miriamchapa@example.net,2024-04-20,Perú
473,Victoria,Vélez,ana-luisahinojosa@example.org,2024-01-17,Perú
474,José Emilio,Tafoya,juana56@example.org,2024-03-31,Perú
475,Raúl,Solorzano,mpadron@example.com,2023-08-25,Perú
476,María,Córdova,anabel82@example.net,2025-05-29,Perú
477,Paulina,Feliciano,hugo63@example.com,2023-01-20,Perú
478,Porfirio,Rodríguez,alfonsoluna@example.com,2024-01-05,Perú
479,Josefina,Escamilla,susanacano@example.org,2023-01-16,Perú
480,Jorge Luis,Romero,wgamboa@example.org,2023-04-16,Perú
481,Alberto,Sandoval,monterojacobo@example.com,2024-02-03,Perú
482,Marisol,Rangel,archuletajuan@example.org,2024-03-13,Perú
483,Alfonso,Guerra,olivarezofelia@example.org,2024-12-16,Perú
484,Conchita,Jimínez,monicaaguilera@example.org,2023-09-01,Perú
485,Ricardo,Valdés,pedrozadalia@example.org,2025-06-24,Perú
486,Aldonza,Linares,amenchaca@example.net,2024-03-12,Perú
487,Timoteo,Espinoza,haguilar@example.com,2025-06-24,Perú
488,Araceli,Verduzco,yrodarte@example.com,2024-09-21,Perú
489,Esparta,Urías,fernando90@example.net,2024-12-27,Perú
490,Patricia,Fajardo,alma68@example.com,2024-08-10,Perú
491,Raquel,Nájera,gaonaindira@example.org,2025-04-06,Perú
492,Angélica,Padrón,fuentesanel@example.net,2025-11-24,Perú
493,Pedro,Ontiveros,aida04@example.net,2024-09-13,Perú
494,Natalia,Pabón,arroyosara@example.com,2025-05-23,Perú
495,Gilberto,Acosta,mateo38@example.net,2023-12-19,Perú
496,Carla,Sarabia,gonzalesroberto@example.org,2025-08-06,Perú
497,Mercedes,Malave,maximilianocanales@example.net,2024-11-27,Perú
498,Amelia,Griego,irma21@example.net,2023-04-06,Perú
499,Débora,Murillo,vaguirre@example.net,2023-06-16,Perú
500,Lorenzo,Varela,rene81@example.net,2023-03-12,Perú
501,Clara,Arellano,jose-manuelmolina@example.net,2023-04-17,Perú
502,Inés,Villegas,jaltamirano@example.org,2025-02-18,Perú
503,Joaquín,Mireles,namaya@example.net,2025-11-16,Perú
504,Adán,Orosco,iuribe@example.com,2025-06-19,Perú
505,Concepción,Mejía,veraserafin@example.net,2025-04-30,Perú
506,Bianca,Ybarra,aliciaotero@example.org,2025-06-29,Perú
507,Elias,Abreu,bernardoramon@example.org,2024-11-26,Perú
508,Anel,Jurado,perlaarredondo@example.net,2024-04-14,Perú
509,Miriam,Espinosa,laboyjose-manuel@example.com,2023-08-25,Perú
510,Ernesto,Roque,elviamateo@example.com,2025-11-27,Perú
511,Eduardo,Gutiérrez,humbertocandelaria@example.net,2025-08-17,Perú
512,Daniela,Tejeda,hugo37@example.org,2024-07-03,Perú
513,Alta  Gracia,Ledesma,gabriel33@example.net,2024-07-18,Perú
514,Fidel,Saldivar,marco-antonioferrer@example.com,2025-06-19,Perú
515,Zoé,Castillo,rosariomaria@example.com,2024-06-01,Perú
516,Rubén,Zaragoza,soloriodiana@example.com,2024-01-18,Perú
517,Felipe,Luna,alopez@example.com,2025-07-29,Perú
518,Hernán,Delgadillo,lomelicitlali@example.net,2023-02-07,Perú
519,Wendolin,Pérez,jaime10@example.org,2024-11-15,Perú
520,Araceli,Cuellar,benavidesgabriela@example.net,2024-05-10,Perú
521,Mauricio,Orozco,frida61@example.com,2023-06-11,Perú
522,Manuel,Quintanilla,oraya@example.com,2024-04-12,Perú
523,Indira,Medina,gustavo79@example.com,2024-02-15,Perú
524,Felix,Aguayo,casarezaurelio@example.net,2023-07-25,Perú
525,Eloisa,Valles,balmaraz@example.net,2023-01-28,Perú
526,Lourdes,Mondragón,luciasanabria@example.com,2025-01-26,Perú
527,Isabel,Muñiz,ariadna69@example.com,2023-06-02,Perú
528,Juana,Arce,zporras@example.org,2024-12-09,Perú
529,Amador,Contreras,zoe99@example.com,2024-01-30,Perú
530,Abel,Orozco,hrios@example.net,2023-05-09,Perú
531,Jos,de la Crúz,villalpandomaria-elena@example.com,2023-09-28,Perú
532,Oswaldo,Naranjo,zulloa@example.org,2025-01-16,Perú
533,Ramiro,Acevedo,rafael40@example.net,2023-09-28,Perú
534,Juan Carlos,Ballesteros,quesadaclemente@example.org,2024-11-28,Perú
535,Camilo,Bañuelos,rafaelquesada@example.net,2025-07-12,Perú
536,Mayte,Jáquez,juliocasares@example.org,2024-01-07,Perú
537,Liliana,Roldán,jose-manuel34@example.org,2023-11-05,Perú
538,Reina,Saldaña,teresa03@example.com,2023-11-21,Perú
539,Guillermina,Ceballos,carrascoestela@example.net,2023-05-12,Perú
540,Irene,Ruelas,sergiocordova@example.org,2024-02-04,Perú
541,Cecilia,Longoria,gollumsilvano@example.net,2024-05-19,Perú
542,Isabela,Ávalos,ocarranza@example.com,2024-07-07,Perú
543,Leticia,Santana,madrigalgustavo@example.org,2023-07-04,Perú
544,Humberto,Medrano,olivia63@example.net,2024-11-07,Perú
545,Hernán,de la O,linda62@example.org,2024-05-23,Perú
546,Maximiliano,Chavarría,xorta@example.com,2024-05-20,Perú
547,Nicolás,Sauceda,maria-joseverdugo@example.com,2023-05-04,Perú
548,Alonso,Muro,mayte13@example.org,2023-11-22,Perú
549,Eloisa,Longoria,carlotabueno@example.org,2025-09-13,Perú
550,Berta,Vargas,carvajalagustin@example.net,2025-03-15,Perú
551,María del Carmen,Esquibel,benitezgerman@example.com,2025-03-25,Perú
552,Reina,de la Garza,andreapalomo@example.net,2024-06-18,Perú
553,Yuridia,Montañez,jbarrios@example.org,2023-05-03,Perú
554,Hermelinda,Balderas,adalbertorascon@example.net,2023-06-04,Perú
555,Octavio,Zambrano,gaytannoemi@example.net,2024-12-13,Perú
556,Eloisa,Elizondo,julio-cesarguerra@example.org,2024-04-10,Perú
557,Rubén,Muñiz,davidiglesias@example.net,2025-01-13,Perú
558,Magdalena,Arredondo,nmalave@example.org,2023-10-30,Perú
559,Modesto,Domínguez,corralesomar@example.org,2025-01-08,Perú
560,Humberto,Bermúdez,eliasolivera@example.com,2025-01-30,Perú
561,Héctor,Casares,vanesaprado@example.net,2025-01-04,Perú
562,Estela,Vaca,joaquin48@example.net,2025-03-10,Perú
563,Mercedes,Bravo,isabela94@example.org,2023-10-15,Perú
564,Rocío,Luna,vaparicio@example.org,2024-09-11,Perú
565,Cristian,del Valle,flavio42@example.org,2023-06-01,Perú
566,José María,Barrera,nayeligalvan@example.net,2023-03-29,Perú
567,Dulce,Gaona,mariselamedina@example.com,2023-01-16,Perú
568,Silvia,Véliz,irenemaldonado@example.org,2023-03-25,Perú
569,Conchita,Moya,jose-eduardo50@example.net,2023-08-11,Perú
570,José Luis,Cavazos,wgarza@example.org,2023-07-10,Perú
571,Marisela,Navarrete,rcabrera@example.net,2025-07-09,Perú
572,Mitzy,Mireles,salazarjose-carlos@example.com,2024-06-23,Perú
573,Alma,Cordero,munizespartaco@example.net,2025-11-03,Perú
574,Frida,Bañuelos,jeronimochavarria@example.org,2025-09-17,Perú
575,Claudia,Escobedo,marcelaborrego@example.org,2024-05-16,Perú
576,Yuridia,Herrera,liliana72@example.net,2023-08-04,Perú
577,Laura,Beltrán,abel58@example.org,2023-02-27,Perú
578,Arcelia,Guardado,marcos93@example.org,2024-04-13,Perú
579,Rosa,Pantoja,baezoctavio@example.org,2024-12-31,Perú
580,María Elena,Salazar,jonas37@example.net,2025-09-29,Perú
581,Adalberto,Rendón,valverdebernardo@example.org,2024-06-17,Perú
582,Linda,Jaramillo,rasconjaime@example.org,2024-07-24,Perú
583,Benjamín,Terrazas,ramador@example.org,2025-10-19,Perú
584,Nancy,Flórez,pelayoana@example.com,2025-11-15,Perú
585,Margarita,Becerra,julio19@example.org,2025-01-16,Perú
586,Helena,Ferrer,lorena85@example.org,2023-11-24,Perú
587,Espartaco,Santiago,limonarcelia@example.net,2023-12-08,Perú
588,Bianca,Navarro,elsa05@example.com,2023-04-23,Perú
589,Martín,Baca,felix20@example.com,2025-01-25,Perú
590,Gilberto,Batista,sisnerosfrida@example.com,2024-10-16,Perú
591,Jesús,Padilla,albertoesquibel@example.net,2024-04-15,Perú
592,Ricardo,de la O,nsalcido@example.com,2024-04-02,Perú
593,Victoria,Beltrán,mmontez@example.org,2023-03-22,Perú
594,Karla,Miranda,tejedaana-luisa@example.com,2024-02-13,Perú
595,Mario,Solorio,olga01@example.com,2025-05-24,Perú
596,Zeferino,Mascareñas,leticiaaguilar@example.org,2023-10-23,Perú
597,Hernán,Casanova,itzel61@example.com,2025-02-14,Perú
598,Aurora,Cardenas,candelariaanabel@example.com,2024-09-02,Perú
599,Tomás,Orta,ymalave@example.com,2024-06-06,Perú
600,Mariana,Cordero,samuel64@example.net,2024-05-05,Perú
601,Jorge,Raya,marcela73@example.net,2023-06-30,Perú
602,Nayeli,Armenta,lauratirado@example.net,2023-08-08,Perú
603,Teresa,Rangel,mquezada@example.com,2025-03-30,Perú
604,Omar,Ceballos,zacarias80@example.org,2023-09-24,Perú
605,Vicente,Frías,marquezsilvano@example.org,2023-01-23,Perú
606,Tomás,Nájera,alberto31@example.com,2023-03-22,Perú
607,Noelia,Pacheco,ocarbajal@example.org,2024-06-25,Perú
608,Patricio,Santillán,estebanaponte@example.org,2023-07-29,Perú
609,Adalberto,Vergara,cervantezrenato@example.com,2025-04-18,Perú
610,Bruno,Leal,andresbatista@example.com,2025-06-15,Perú
611,Sessa,Merino,vanesa53@example.net,2023-07-29,Perú
612,Indira,Martínez,dvalenzuela@example.org,2023-06-15,Perú
613,Jesús,Ruiz,felixvergara@example.org,2024-09-24,Perú
614,Enrique,Alva,rgrijalva@example.net,2024-03-25,Perú
615,José Emilio,Armenta,isaac58@example.net,2025-11-23,Perú
616,Zoé,Escalante,restrada@example.org,2025-03-03,Perú
617,Carlos,Ruiz,gilbertocaballero@example.net,2023-10-07,Perú
618,Carlota,Mares,eugenio60@example.org,2024-08-18,Perú
619,Jaqueline,Urrutia,ualva@example.net,2024-02-29,Perú
620,José María,Galván,gcarranza@example.net,2023-08-18,Perú
621,Francisca,Gómez,guillermocastillo@example.com,2023-06-13,Perú
622,Cristian,Valadez,tvenegas@example.org,2023-07-13,Perú
623,Jaime,Collado,vgarcia@example.org,2024-01-19,Perú
624,Porfirio,Rodríguez,miriamrico@example.org,2025-11-29,Perú
625,Aurora,Collado,yuridiaraya@example.org,2023-08-28,Perú
626,Roberto,Báez,franciscapineda@example.net,2024-02-26,Perú
627,Esther,Santacruz,gabino47@example.org,2024-07-09,Perú
628,Marisela,Sandoval,contrerasjose-maria@example.com,2024-04-30,Perú
629,Felipe,Lebrón,virginialeyva@example.org,2024-12-30,Perú
630,Benito,Núñez,romerovictoria@example.org,2023-11-17,Perú
631,Aurelio,Zelaya,wcavazos@example.org,2023-03-27,Perú
632,Estela,Lovato,yvillanueva@example.net,2025-01-10,Perú
633,Conchita,Laboy,villagomezguadalupe@example.net,2025-05-28,Perú
634,Jaime,Paredes,reynosojaqueline@example.net,2023-02-27,Perú
635,Abel,Meraz,rodolfodel-rio@example.org,2024-07-17,Perú
636,Wilfrido,Méndez,jeronimo51@example.net,2025-01-11,Perú
637,Estela,Ureña,ricardo75@example.org,2024-02-10,Perú
638,Gabino,Durán,ursula65@example.org,2025-01-15,Perú
639,Marcela,Polanco,tvillegas@example.org,2024-01-16,Perú
640,Leonardo,Valles,ricardoornelas@example.com,2024-03-17,Perú
641,Marco Antonio,Carrero,carlagonzales@example.org,2025-04-05,Perú
642,Clemente,Tovar,gerardogranado@example.com,2025-08-12,Perú
643,Noelia,Almonte,espartacogalarza@example.net,2023-02-23,Perú
644,Marisol,Mena,marisoltejeda@example.org,2025-05-21,Perú
645,Elisa,Salas,citlali82@example.net,2024-10-03,Perú
646,Mauro,Nájera,rosa57@example.com,2024-02-21,Perú
647,Isaac,Cantú,barrazagabino@example.com,2023-11-08,Perú
648,Ariadna,Montaño,anarangel@example.net,2025-08-21,Perú
649,Leonardo,Solano,camilo44@example.org,2023-09-09,Perú
650,Bernardo,Olivares,tvaldivia@example.org,2024-09-22,Perú
651,Cecilia,Franco,federico37@example.net,2025-08-05,Perú
652,Catalina,Granados,clemente38@example.net,2023-07-25,Perú
653,Luisa,Adame,augustoespinal@example.com,2024-08-29,Perú
654,Carlota,Cintrón,enrique17@example.org,2025-07-03,Perú
655,Martín,Orellana,oswaldo62@example.org,2024-04-07,Perú
656,Mario,Tejeda,lozadaalejandro@example.org,2024-12-31,Perú
657,Elsa,Corona,ggarrido@example.org,2023-05-04,Perú
658,Darío,Crespo,upadilla@example.net,2025-05-21,Perú
659,Lourdes,Alarcón,ramonpineda@example.com,2023-11-20,Perú
660,Uriel,Santiago,carlos28@example.net,2025-06-26,Perú
661,Silvano,Sierra,ornelasmitzy@example.net,2023-12-09,Perú
662,Federico,Fajardo,sduarte@example.com,2024-04-02,Perú
663,Arturo,Alva,aguirremanuel@example.org,2025-05-13,Perú
664,Marcos,Berríos,serafinmaldonado@example.org,2023-09-30,Perú
665,Germán,Jasso,gustavo72@example.net,2023-01-23,Perú
666,Reynaldo,Ortiz,nayelicamacho@example.com,2024-07-19,Perú
667,Yeni,Castillo,htoledo@example.net,2023-05-26,Perú
668,Francisca,Ramón,quintanaelias@example.org,2025-02-06,Perú
669,Octavio,Quintana,caridad15@example.com,2024-03-28,Perú
670,Gabriela,Baeza,kmeza@example.com,2023-09-11,Perú
671,Clara,Girón,alonsofeliciano@example.net,2023-04-02,Perú
672,Alta  Gracia,Batista,maria-del-carmenmadera@example.org,2025-09-16,Perú
673,Octavio,Riojas,sernamaria-cristina@example.net,2023-11-18,Perú
674,Francisco Javier,Castro,gsanches@example.net,2025-08-16,Perú
675,Mitzy,Peralta,puribe@example.com,2024-02-18,Perú
676,Gabriela,Arellano,mceja@example.net,2025-10-29,Perú
677,Pamela,Marroquín,ramon00@example.com,2024-10-14,Perú
678,José María,Cepeda,mayorgaariadna@example.net,2024-06-27,Perú
679,Daniel,Cuellar,rubypizarro@example.com,2023-06-12,Perú
680,María José,Alonzo,olveraraul@example.org,2025-05-03,Perú
681,Isabel,Villegas,acostalucia@example.com,2024-05-04,Perú
682,Olga,Alcántar,nancymuniz@example.com,2023-09-16,Perú
683,Lourdes,Pérez,calvillomateo@example.org,2023-03-22,Perú
684,Jos,Menéndez,fridacedillo@example.org,2023-06-19,Perú
685,Diana,Nieves,gloria37@example.com,2023-01-09,Perú
686,Eva,Nieves,biancajaquez@example.com,2025-05-01,Perú
687,Espartaco,Jiménez,xlongoria@example.net,2023-10-03,Perú
688,Ana,Bermúdez,cesarcedillo@example.net,2025-10-08,Perú
689,Abel,Tejada,jvillareal@example.net,2023-07-01,Perú
690,Violeta,Jimínez,jgaray@example.com,2024-04-25,Perú
691,Vanesa,Padilla,marianorascon@example.org,2023-11-13,Perú
692,Alfonso,Moya,xpolanco@example.net,2025-05-21,Perú
693,Carlota,Arias,socorrosantacruz@example.com,2025-01-14,Perú
694,Silvano,Castañeda,francisco-javier06@example.net,2024-12-24,Perú
695,Germán,Pineda,oswaldobenavides@example.net,2023-02-12,Perú
696,Micaela,Acuña,elizondofederico@example.org,2025-05-30,Perú
697,Agustín,Ponce,leonardo76@example.org,2024-07-29,Perú
698,Gerardo,Caldera,fbravo@example.org,2025-01-13,Perú
699,Juan Carlos,Ávila,acostajose-eduardo@example.org,2025-02-18,Perú
700,Eloisa,Echeverría,pnevarez@example.net,2024-11-01,Perú
701,Óscar,Zambrano,rhernandes@example.net,2025-10-27,Perú
702,Augusto,Ruiz,dteran@example.net,2023-08-17,Perú
703,Judith,Enríquez,psisneros@example.org,2024-04-13,Perú
704,Augusto,Guillen,mariana56@example.com,2023-04-12,Perú
705,Graciela,Gaytán,ivonne66@example.net,2024-09-13,Perú
706,Salvador,Cruz,vicentecastro@example.com,2025-01-05,Perú
707,Martha,Domínguez,martin27@example.org,2024-09-21,Perú
708,José Carlos,Alvarez,bahenaeugenia@example.org,2025-05-20,Perú
709,José Luis,Ríos,carloscervantez@example.net,2024-04-07,Perú
710,Itzel,Gallegos,elias21@example.net,2023-05-29,Perú
711,Raquel,Montañez,hugomelgar@example.org,2024-03-28,Perú
712,Sessa,García,lvelez@example.com,2024-03-21,Perú
713,Dulce,Gurule,ana-marianajera@example.net,2025-04-11,Perú
714,Liliana,Roybal,saldanajose-maria@example.org,2023-11-19,Perú
715,Irene,del Valle,adan12@example.net,2025-04-04,Perú
716,Espartaco,Valadez,ocasiosalvador@example.org,2024-03-30,Perú
717,Rodolfo,Ozuna,estebande-la-garza@example.org,2024-07-11,Perú
718,Laura,Noriega,olivia68@example.org,2025-03-14,Perú
719,Francisco Javier,Arenas,luceroangel@example.net,2024-08-25,Perú
720,Paola,Nava,hacosta@example.com,2024-11-11,Perú
721,Reina,Cortés,gonzalorodrigez@example.com,2025-12-03,Perú
722,Alfredo,Santacruz,avilasamuel@example.org,2025-04-19,Perú
723,Ana Luisa,Lemus,roberto80@example.com,2024-08-27,Perú
724,Rodrigo,Montero,abelardo36@example.com,2023-10-24,Perú
725,Gregorio,Bétancourt,hilda34@example.org,2025-06-19,Perú
726,Úrsula,Padrón,rosariomuro@example.net,2024-10-30,Perú
727,Wendolin,Gracia,montezivonne@example.org,2025-09-12,Perú
728,Mayte,Bustos,osantillan@example.org,2023-12-31,Perú
729,Sofía,Abrego,rocio67@example.org,2025-10-26,Perú
730,Zoé,Muro,ucardenas@example.org,2023-11-07,Perú
731,Alma,Ayala,villasenorilse@example.net,2024-09-28,Perú
732,Marcela,Tovar,preciadofrancisca@example.org,2025-06-04,Perú
733,Emiliano,Lemus,padillaoliver@example.com,2024-02-18,Perú
734,Florencia,Valenzuela,eric26@example.net,2025-06-02,Perú
735,Aurora,Farías,cortesgustavo@example.org,2024-09-06,Perú
736,Perla,Aparicio,jorge-luis76@example.org,2024-08-06,Perú
737,Yuridia,Guerrero,hmaestas@example.org,2024-02-03,Perú
738,Gloria,Marín,catalina50@example.org,2023-06-14,Perú
739,Isaac,Melgar,antoniopuente@example.org,2023-11-02,Perú
740,Patricia,Fajardo,cabanmaria-del-carmen@example.org,2023-07-14,Perú
741,Wendolin,Barrera,ejaquez@example.net,2025-10-20,Perú
742,Iván,Fierro,alvaro81@example.com,2025-06-08,Perú
743,Sessa,Montez,alfredo22@example.com,2024-11-03,Perú
744,Fernando,Narváez,caridadsantacruz@example.org,2023-08-13,Perú
745,Hernán,Cantú,angelacintron@example.com,2025-04-13,Perú
746,Darío,Negrete,guadalupesuarez@example.org,2025-02-04,Perú
747,Abril,Rivera,jvalencia@example.com,2025-03-21,Perú
748,Amalia,Hurtado,leyvaangela@example.net,2024-09-18,Perú
749,Rocío,Zedillo,catalinacantu@example.org,2024-07-22,Perú
750,Irene,Barrios,parevalo@example.org,2025-05-19,Perú
751,Mónica,Rivero,mariselaramirez@example.net,2023-07-07,Perú
752,Hermelinda,Rocha,tlucero@example.net,2023-11-13,Perú
753,Itzel,Aguilera,menajacobo@example.org,2024-09-09,Perú
754,Luisa,Quezada,octaviosuarez@example.com,2025-03-10,Perú
755,Samuel,Pelayo,mesaluis-miguel@example.com,2023-09-12,Perú
756,Aida,Navarrete,idel-valle@example.com,2023-01-05,Perú
757,Josefina,Vega,sbarreto@example.net,2023-06-10,Perú
758,Cristobal,Quiroz,adalbertoreynoso@example.com,2024-06-26,Perú
759,Ernesto,Salazar,dulce76@example.org,2023-05-24,Perú
760,Luis,Alfaro,elenabenavides@example.com,2023-07-18,Perú
761,Noemí,Correa,flavioortiz@example.org,2025-04-21,Perú
762,Gerónimo,Reyes,camacholilia@example.net,2024-05-27,Perú
763,Ariadna,Saucedo,aurora64@example.com,2023-09-28,Perú
764,Federico,Sisneros,solanonelly@example.net,2023-01-13,Perú
765,Ana Luisa,Carbajal,negronivan@example.com,2024-07-14,Perú
766,Manuel,Colunga,nadiacampos@example.org,2023-10-31,Perú
767,Pascual,Santiago,reyesjuana@example.com,2025-02-14,Perú
768,José Manuél,Puente,luis-miguel81@example.net,2025-05-13,Perú
769,Luis,Ávila,hernanrodrigez@example.net,2024-09-27,Perú
770,Alfonso,Dávila,olga94@example.com,2025-02-03,Perú
771,Eric,Zúñiga,vasquezesmeralda@example.net,2023-11-17,Perú
772,Clara,Quintana,eolvera@example.org,2023-06-10,Perú
773,Ana Luisa,Tirado,velezana-luisa@example.net,2023-08-11,Perú
774,Magdalena,de Jesús,nadia34@example.org,2025-09-29,Perú
775,Sara,Ozuna,urodriguez@example.com,2025-05-23,Perú
776,Cristobal,Terán,kcornejo@example.net,2024-04-08,Perú
777,Anel,Madera,salinasvictor@example.com,2023-05-11,Perú
778,Concepción,Valentín,mgamboa@example.com,2023-07-13,Perú
779,Jos,Santillán,wquintana@example.com,2023-06-02,Perú
780,Marisela,Quintana,brunoesquibel@example.net,2024-04-02,Perú
781,Roberto,Delgadillo,adalbertoquesada@example.com,2025-03-23,Perú
782,Frida,Hidalgo,ivonnehurtado@example.com,2025-07-08,Perú
783,Amalia,Urbina,abustamante@example.net,2025-04-11,Perú
784,Reynaldo,Jaimes,beatriz32@example.org,2024-07-24,Perú
785,Georgina,Carmona,olivascecilia@example.com,2024-05-29,Perú
786,Lourdes,Rosado,deboraosorio@example.org,2025-02-09,Perú
787,María Cristina,Saiz,brunozepeda@example.org,2025-06-10,Perú
788,César,Linares,ucaldera@example.org,2023-02-15,Perú
789,José María,Otero,gustavo11@example.org,2025-06-03,Perú
790,Alfonso,Vela,bernabe23@example.net,2025-01-28,Perú
791,Emiliano,Bermúdez,camachoalta-gracia@example.com,2023-08-30,Perú
792,Eloy,Navarrete,joselomeli@example.net,2023-01-11,Perú
793,Anabel,Tamayo,vnava@example.net,2023-09-26,Perú
794,Maximiliano,Canales,jeronimo55@example.org,2024-05-03,Perú
795,Fabiola,Balderas,ybriones@example.net,2024-05-15,Perú
796,Alma,Quiroz,sotoaugusto@example.org,2023-07-04,Perú
797,Natalia,Prieto,kgarcia@example.com,2023-10-08,Perú
798,Yuridia,Palacios,patricia74@example.org,2024-11-03,Perú
799,Estela,Yáñez,paola86@example.org,2024-03-08,Perú
800,Delia,Urrutia,nievesleonardo@example.org,2025-08-08,Perú
801,Manuel,Chavarría,gaytanjose-luis@example.org,2024-09-13,Perú
802,Esparta,Oquendo,lucasvillagomez@example.com,2025-11-28,Perú
803,Luis,Salas,abarrera@example.com,2023-06-09,Perú
804,Felix,Avilés,silvano51@example.net,2025-10-18,Perú
805,Lilia,Sauceda,valentinlourdes@example.com,2023-05-15,Perú
806,Carmen,Orta,angela53@example.com,2023-05-03,Perú
807,Santiago,Delgado,kguajardo@example.net,2024-07-06,Perú
808,Silvia,Perales,quintanamaximiliano@example.com,2025-09-10,Perú
809,Noemí,Alba,helena41@example.org,2025-08-15,Perú
810,Gustavo,Sanches,ecuellar@example.net,2023-10-10,Perú
811,Georgina,Pichardo,marisolpuente@example.net,2024-12-24,Perú
812,Víctor,Mares,abrahambustos@example.com,2024-02-08,Perú
813,Cristobal,Mejía,zpolanco@example.com,2025-04-15,Perú
814,Caridad,Maya,durena@example.net,2025-11-17,Perú
815,Zeferino,Bustos,aurelio34@example.com,2025-03-18,Perú
816,Lucas,Quintero,noemi54@example.com,2024-01-04,Perú
817,Esteban,Tafoya,geronimo79@example.org,2024-05-14,Perú
818,Mauro,Limón,reynaldotello@example.com,2025-07-04,Perú
819,Zeferino,Collazo,mercedesabreu@example.com,2024-04-13,Perú
820,Marisol,Regalado,camarilloelisa@example.com,2023-03-01,Perú
821,María Teresa,Palacios,lovatoruby@example.net,2024-12-02,Perú
822,Úrsula,del Río,zelayapatricia@example.org,2024-01-04,Perú
823,María Cristina,Cabán,lindaborrego@example.org,2023-12-21,Perú
824,Patricio,Benavides,yenitoledo@example.net,2025-01-21,Perú
825,Óscar,Pérez,jacobo16@example.org,2023-11-20,Perú
826,Pablo,Tejada,violetavalentin@example.org,2023-11-11,Perú
827,María Teresa,Valdivia,lozadamanuel@example.net,2025-01-14,Perú
828,Esther,Haro,hernandezmarisela@example.org,2025-05-19,Perú
829,Úrsula,Cedillo,alfredo14@example.org,2024-04-27,Perú
830,Mayte,Mateo,maria-eugenia52@example.com,2024-11-29,Perú
831,Sara,Tórrez,jos83@example.net,2025-02-06,Perú
832,Alfredo,Ponce,naranjoestela@example.net,2024-08-05,Perú
833,Angélica,Mercado,francisco26@example.com,2024-05-23,Perú
834,Karla,Vergara,zapataarcelia@example.net,2023-01-19,Perú
835,Genaro,Muñoz,jaimeloera@example.net,2023-09-01,Perú
836,Esther,Guerra,flavio96@example.net,2023-04-02,Perú
837,Uriel,Monroy,fajardoanel@example.org,2023-01-27,Perú
838,Abraham,Guerra,mejiaclara@example.org,2025-06-03,Perú
839,Cristian,Caldera,saldivarisrael@example.net,2025-06-11,Perú
840,Victoria,Cordero,cristalvillalobos@example.net,2025-06-28,Perú
841,Manuel,Ávalos,marquezcarolina@example.org,2025-04-17,Perú
842,Cecilia,Merino,gmares@example.net,2023-02-26,Perú
843,Vicente,Granado,bvillegas@example.org,2023-02-24,Perú
844,Pedro,Padrón,samuelpena@example.org,2023-06-27,Perú
845,Cynthia,Meraz,padronemilia@example.com,2024-03-06,Perú
846,Carolina,Ponce,guadalupeavila@example.org,2024-07-08,Perú
847,Julio,Frías,zmacias@example.org,2023-12-07,Perú
848,Aurelio,Zelaya,sara28@example.org,2025-10-10,Perú
849,Guillermo,Armendáriz,gamezluis-miguel@example.net,2023-02-15,Perú
850,Karina,Escalante,marioolivera@example.org,2025-02-01,Perú
851,Francisco,Quintero,antonio18@example.net,2024-11-08,Perú
852,Gustavo,Otero,amayaernesto@example.org,2024-11-18,Perú
853,Pablo,Saldaña,amanda03@example.net,2023-05-02,Perú
854,José Eduardo,Quintero,adrianaolivares@example.net,2024-06-22,Perú
855,Helena,Toledo,alvarezsusana@example.net,2025-02-10,Perú
856,Lucas,Almanza,daniela37@example.net,2025-07-10,Perú
857,José Carlos,Hernádez,dchapa@example.com,2023-10-02,Perú
858,Celia,Enríquez,samuelcuellar@example.com,2024-01-17,Perú
859,Zeferino,González,amaliacamarillo@example.net,2023-09-13,Perú
860,Ángel,Orta,gilbertoarchuleta@example.com,2023-12-23,Perú
861,Leonor,Tejeda,jose-luis80@example.org,2025-09-27,Perú
862,Cristobal,Montenegro,clemente53@example.net,2024-01-14,Perú
863,Laura,Bonilla,olivaresclaudia@example.com,2025-10-05,Perú
864,Marcos,Aponte,adriana19@example.org,2024-07-23,Perú
865,Amador,Piña,arguelloaurora@example.org,2025-07-01,Perú
866,Pascual,Olivo,vcampos@example.org,2024-09-21,Perú
867,Diana,Galván,benitoporras@example.com,2024-09-07,Perú
868,Citlali,Murillo,rsoria@example.net,2023-03-08,Perú
869,Bruno,Cabán,citlali43@example.com,2024-12-04,Perú
870,Modesto,Ocasio,qreyes@example.org,2025-10-16,Perú
871,Gustavo,Sisneros,laureanosilvano@example.org,2025-11-27,Perú
872,Elvia,Curiel,dulce-maria41@example.net,2024-07-18,Perú
873,Gonzalo,Nieves,lurbina@example.net,2023-03-30,Perú
874,Felipe,Rodrígez,scornejo@example.net,2023-06-26,Perú
875,Sara,Barraza,uriascelia@example.org,2025-11-18,Perú
876,Claudia,Pizarro,ide-la-garza@example.com,2025-02-11,Perú
877,David,Rodríquez,sisnerosirene@example.org,2023-02-05,Perú
878,Ana Luisa,Jimínez,alta-graciariojas@example.net,2023-05-25,Perú
879,Leonel,Cazares,pizarrosantiago@example.com,2025-02-10,Perú
880,Esmeralda,Lebrón,arturoescalante@example.com,2023-12-12,Perú
881,Santiago,Gaona,concepcionsaenz@example.org,2024-08-10,Perú
882,Fabiola,Jasso,lde-la-torre@example.org,2023-02-15,Perú
883,Gustavo,Fajardo,abrilcintron@example.com,2025-07-17,Perú
884,Arcelia,Hernádez,violeta03@example.net,2025-01-17,Perú
885,Francisco Javier,Montaño,ucarmona@example.com,2025-04-30,Perú
886,Esteban,Sanches,carmen37@example.net,2024-03-18,Perú
887,Celia,Méndez,patricio86@example.com,2024-02-09,Perú
888,Rubén,Balderas,carmenlucio@example.com,2023-04-21,Perú
889,Sonia,Aragón,botellovioleta@example.com,2024-08-11,Perú
890,Federico,Suárez,ofeliarascon@example.org,2023-06-06,Perú
891,Eloy,Abreu,sessazavala@example.org,2023-11-08,Perú
892,Rodolfo,Venegas,hugo75@example.net,2023-03-10,Perú
893,Marisol,Prado,espinoisabel@example.net,2025-07-06,Perú
894,Dolores,Romo,montanoofelia@example.com,2023-02-08,Perú
895,Alicia,Maldonado,laura38@example.org,2025-09-22,Perú
896,Jonás,Guzmán,glorianunez@example.net,2025-02-26,Perú
897,Marisela,Galarza,adameluz@example.org,2024-03-21,Perú
898,Carolina,Corral,gracielalemus@example.com,2024-07-18,Perú
899,Ricardo,Muñoz,florezpascual@example.com,2024-06-11,Perú
900,Aldonza,Sisneros,barrientosabril@example.com,2025-04-01,Perú
901,Amelia,Aponte,avigil@example.net,2023-04-12,Perú
902,Jos,Gallardo,aguirrecristal@example.org,2024-10-07,Perú
903,Lorena,Mena,elvira55@example.com,2024-12-29,Perú
904,Armando,Berríos,velezmaria-cristina@example.net,2023-07-01,Perú
905,Rodrigo,González,negrongilberto@example.org,2023-07-28,Perú
906,Esparta,Rivera,julio57@example.net,2025-06-13,Perú
907,Esparta,Porras,zaragozaamador@example.org,2024-05-10,Perú
908,Itzel,Barraza,tcavazos@example.com,2025-09-22,Perú
909,Micaela,Madera,pinedarocio@example.net,2024-11-16,Perú
910,Cristobal,Carbajal,xguzman@example.com,2025-09-06,Perú
911,Gabriel,Marín,cantuhumberto@example.com,2024-03-26,Perú
912,Alonso,Oquendo,eloyaguilar@example.org,2025-08-11,Perú
913,Antonio,Lomeli,alemanines@example.net,2023-11-28,Perú
914,Ramón,Carvajal,angelavillarreal@example.com,2023-01-16,Perú
915,Paulina,Nevárez,kveliz@example.com,2023-06-29,Perú
916,Genaro,Jasso,gvarela@example.com,2023-03-02,Perú
917,Minerva,Vera,julio-cesar93@example.com,2024-03-10,Perú
918,Diego,Arevalo,santacruzalfonso@example.org,2024-07-22,Perú
919,Arturo,Razo,judith36@example.net,2025-08-17,Perú
920,Eloy,Gollum,ccorral@example.org,2024-11-09,Perú
921,Espartaco,Escamilla,jnazario@example.org,2025-10-08,Perú
922,Eduardo,Gaitán,pamela82@example.net,2024-02-06,Perú
923,Sofía,Gollum,horacio38@example.org,2024-07-09,Perú
924,Lourdes,Hurtado,adela84@example.org,2024-01-30,Perú
925,Jacobo,Nieves,jorge79@example.net,2024-03-08,Perú
926,Daniel,Hernandes,ibarrajose-manuel@example.org,2025-01-16,Perú
927,Enrique,Montero,zmiranda@example.org,2025-06-15,Perú
928,María del Carmen,Juárez,pabonelsa@example.net,2023-12-06,Perú
929,Rosario,Ceja,francisca52@example.com,2025-08-03,Perú
930,Guadalupe,Zapata,fmacias@example.net,2024-02-02,Perú
931,Alicia,Cardona,javiervillanueva@example.com,2023-12-28,Perú
932,Armando,Mercado,norma82@example.com,2025-07-26,Perú
933,Eugenia,Carrión,quinteroeugenia@example.net,2025-09-04,Perú
934,Carolina,Flores,florencialeiva@example.org,2025-05-17,Perú
935,Manuel,Caldera,gonzalesleonardo@example.com,2023-07-05,Perú
936,Berta,Olivárez,xborrego@example.org,2024-08-17,Perú
937,Cynthia,Jaime,natividadozuna@example.net,2025-06-03,Perú
938,Rodrigo,Solorio,valadezolga@example.net,2025-03-18,Perú
939,Jonás,Ceballos,emiliano18@example.com,2023-05-04,Perú
940,Gabriela,Rivas,csoto@example.net,2025-04-25,Perú
941,Fidel,Aguayo,ursula46@example.net,2024-10-05,Perú
942,Pascual,Casillas,oponce@example.org,2023-07-07,Perú
943,Isabel,Valverde,hernandezsessa@example.org,2024-10-14,Perú
944,María José,Huerta,rosaliaarmenta@example.net,2024-06-10,Perú
945,Santiago,Villareal,negronabigail@example.org,2025-06-17,Perú
946,Natalia,Ontiveros,conchitasaenz@example.com,2025-01-03,Perú
947,Ángela,Samaniego,cornelio36@example.org,2025-04-01,Perú
948,Gonzalo,Ontiveros,kurrutia@example.com,2023-07-22,Perú
949,Ramón,Segovia,alejandramunoz@example.com,2024-09-04,Perú
950,Esmeralda,Herrera,patricia68@example.com,2024-07-05,Perú
951,Guillermo,Galván,ngastelum@example.com,2025-03-30,Perú
952,Flavio,Valle,solivo@example.org,2023-04-02,Perú
953,Martha,de la Rosa,centenodebora@example.net,2024-01-03,Perú
954,Jacinto,Brito,haleman@example.com,2024-10-19,Perú
955,Zacarías,Uribe,veranelly@example.com,2024-05-03,Perú
956,Marisela,Saiz,espartaconava@example.org,2023-05-25,Perú
957,Isaac,Collazo,raquelvaldez@example.org,2023-07-10,Perú
958,Serafín,Gracia,vasquezelias@example.com,2025-03-27,Perú
959,Abraham,Carvajal,victoriaescalante@example.com,2024-11-21,Perú
960,Gerónimo,Durán,gcabrera@example.com,2024-10-30,Perú
961,Víctor,Melgar,natividadcovarrubias@example.org,2025-06-16,Perú
962,Ricardo,Bonilla,socorro93@example.net,2024-02-03,Perú
963,Agustín,Olivas,lroldan@example.net,2023-04-30,Perú
964,Natividad,Aponte,zaguilera@example.org,2024-09-03,Perú
965,Adán,Leal,aida50@example.org,2023-09-29,Perú
966,Elvira,Roque,maximilianosalcedo@example.org,2025-04-11,Perú
967,Humberto,Niño,jfranco@example.net,2025-01-09,Perú
968,David,Batista,pguerra@example.com,2023-10-09,Perú
969,Santiago,Zayas,estefania46@example.org,2023-06-14,Perú
970,Asunción,Vela,eugenio67@example.net,2025-02-02,Perú
971,Marcela,Narváez,maria-del-carmen93@example.org,2023-03-24,Perú
972,Frida,Trujillo,galarzamateo@example.org,2025-07-05,Perú
973,Berta,Montañez,juanavalencia@example.org,2023-07-13,Perú
974,Cynthia,Porras,alonsoeugenia@example.net,2023-12-02,Perú
975,Mauro,Partida,qaltamirano@example.net,2025-07-03,Perú
976,Mario,Tejada,margaritareynoso@example.net,2023-05-15,Perú
977,Estela,Orozco,lcervantes@example.org,2023-09-01,Perú
978,Elvira,Medrano,rosaleslourdes@example.net,2024-05-11,Perú
979,Alta  Gracia,Murillo,eolivera@example.org,2025-05-11,Perú
980,Elvira,Arguello,ernestoalvarado@example.org,2024-06-15,Perú
981,Isabel,Hinojosa,miramontesgraciela@example.net,2024-08-31,Perú
982,Virginia,del Río,renato62@example.net,2023-11-08,Perú
983,David,Carvajal,palarcon@example.org,2024-11-01,Perú
984,Magdalena,Amaya,lorenafajardo@example.org,2023-12-03,Perú
985,Ruby,Roybal,karina54@example.com,2023-12-07,Perú
986,Rodolfo,Zepeda,tovareloy@example.org,2024-03-27,Perú
987,Liliana,del Río,hernansuarez@example.org,2024-06-30,Perú
988,René,Cotto,ualarcon@example.net,2023-03-12,Perú
989,Luis Miguel,Nevárez,rangeleduardo@example.net,2025-10-18,Perú
990,Diego,Sanabria,cesarsegovia@example.net,2025-03-10,Perú
991,Isaac,Segura,sraya@example.org,2024-08-22,Perú
992,Sara,Saldivar,teodoromarquez@example.net,2024-11-21,Perú
993,Socorro,Reyna,agustin53@example.com,2025-05-19,Perú
994,Anel,Preciado,mateo43@example.net,2025-08-01,Perú
995,Marisol,Guajardo,kvelazquez@example.net,2023-06-14,Perú
996,Esmeralda,Olivera,dolores88@example.net,2025-10-06,Perú
997,José Manuél,Perea,scornejo@example.com,2025-06-02,Perú
998,Sandra,Madrigal,bernabemireles@example.net,2025-01-26,Perú
999,Mercedes,Duarte,arroyoraquel@example.org,2025-09-05,Perú
1000,Julia,Zavala,brunofigueroa@example.com,2024-10-27,Perú
1001,Débora,Montañez,rocio02@example.org,2025-04-14,Perú
1002,Wilfrido,Guerra,rasconsoledad@example.org,2025-03-21,Perú
1003,Lilia,Mercado,jaquezserafin@example.net,2025-05-14,Perú
1004,Tania,Gaytán,francisco33@example.net,2025-07-31,Perú
1005,Juan Carlos,Enríquez,kgranados@example.com,2025-05-29,Perú
1006,Jacinto,Chapa,socorroelizondo@example.net,2024-04-21,Perú
1007,Pedro,Muro,maria-cristina30@example.org,2024-04-22,Perú
1008,Horacio,Vergara,ricardofuentes@example.com,2025-03-08,Perú
1009,Emilio,Uribe,virginiaalonzo@example.org,2024-10-08,Perú
1010,Diego,Castañeda,ozambrano@example.com,2024-07-09,Perú
1011,Timoteo,Garza,bpuga@example.org,2024-01-25,Perú
1012,Silvano,Sauceda,qestevez@example.org,2023-01-20,Perú
1013,Sergio,Rosario,gustavo35@example.net,2025-09-18,Perú
1014,María Elena,Marrero,ovigil@example.org,2024-02-23,Perú
1015,Violeta,Lovato,ivonne54@example.com,2023-05-24,Perú
1016,Ramiro,Mercado,vierahoracio@example.com,2024-02-15,Perú
1017,María,Peralta,ocasionicolas@example.org,2024-07-29,Perú
1018,Salma,Casanova,tgastelum@example.org,2023-10-10,Perú
1019,Jesús,Montaño,santacruzpilar@example.org,2024-08-24,Perú
1020,Pilar,Báez,uvillalobos@example.org,2024-08-11,Perú
1021,Mariana,García,qortiz@example.com,2025-01-27,Perú
1022,Teresa,Angulo,osoriojuana@example.com,2023-01-15,Perú
1023,Porfirio,Padrón,paezfidel@example.com,2025-10-29,Perú
1024,Raúl,Frías,jeronimo27@example.com,2025-09-04,Perú
1025,Isaac,Reynoso,maria-teresabanuelos@example.org,2023-02-11,Perú
1026,Lucas,Fierro,citlali78@example.com,2024-02-05,Perú
1027,Abraham,Montaño,ucordova@example.com,2025-10-02,Perú
1028,Ignacio,Armendáriz,alvarososa@example.net,2025-08-18,Perú
1029,Gabriel,Serna,qsaldivar@example.net,2025-05-19,Perú
1030,Eloisa,Ordóñez,francisco-javiermadrid@example.org,2024-10-02,Perú
1031,Yeni,Raya,hmoya@example.com,2025-08-02,Perú
1032,Eric,Arguello,guillermoloera@example.net,2025-05-26,Perú
1033,Emiliano,Santillán,ycastellanos@example.net,2023-09-24,Perú
1034,Wilfrido,Marrero,zaragozaflorencia@example.com,2023-06-12,Perú
1035,Mateo,Polanco,jose-manuelsalas@example.org,2025-10-24,Perú
1036,Francisco Javier,Solano,narvaezaldo@example.com,2025-06-29,Perú
1037,Joaquín,Muñiz,karinaserrato@example.org,2024-09-01,Perú
1038,César,Esparza,cardonaana-luisa@example.org,2025-02-03,Perú
1039,Jaqueline,Núñez,esther63@example.org,2025-05-27,Perú
1040,Leonardo,Vega,amanda67@example.org,2024-04-08,Perú
1041,Camilo,Tirado,yuridiapolanco@example.org,2024-07-23,Perú
1042,Renato,Roldán,maldonadowilfrido@example.net,2025-10-29,Perú
1043,Socorro,de la Garza,oscar05@example.net,2025-01-09,Perú
1044,Concepción,Fajardo,rodrigodelgadillo@example.com,2024-01-07,Perú
1045,Emiliano,Marín,mateoojeda@example.com,2024-04-02,Perú
1046,Lorena,Corral,mayte30@example.net,2025-07-17,Perú
1047,Francisco Javier,Bañuelos,guillenanel@example.com,2025-07-18,Perú
1048,Ramón,Hernandes,paranda@example.net,2025-01-01,Perú
1049,Francisco,Ramos,uriel20@example.com,2024-06-18,Perú
1050,Víctor,Collazo,icamacho@example.net,2024-03-29,Perú
1051,Anel,Vigil,hbustamante@example.net,2023-07-18,Perú
1052,Leonel,Muñoz,pdelgado@example.org,2024-01-22,Perú
1053,Esmeralda,Aparicio,zoesisneros@example.net,2023-07-28,Perú
1054,Octavio,Tamayo,cervantezkarla@example.org,2024-03-28,Perú
1055,Alejandra,Alcántar,hguerra@example.org,2024-01-18,Perú
1056,Victoria,Villa,ortizhilda@example.org,2023-12-30,Perú
1057,Sergio,Cabrera,mataenrique@example.net,2025-10-14,Perú
1058,Jonás,Lozada,ignacio89@example.org,2024-08-30,Perú
1059,Gloria,Carreón,iglesiascarolina@example.net,2024-02-22,Perú
1060,Amalia,Tejeda,igalvez@example.com,2023-04-28,Perú
1061,Genaro,Rivas,juanornelas@example.net,2025-04-16,Perú
1062,Octavio,Ochoa,inesvillasenor@example.org,2025-04-15,Perú
1063,Sara,Malave,qvalles@example.com,2024-02-21,Perú
1064,Espartaco,Lucero,ramiro45@example.org,2024-05-05,Perú
1065,Carolina,Portillo,dianacano@example.org,2024-05-20,Perú
1066,Rolando,Nevárez,angelbrito@example.net,2025-11-06,Perú
1067,Sofía,Arroyo,sfuentes@example.net,2023-04-18,Perú
1068,Martha,Orosco,halmaraz@example.org,2024-03-01,Perú
1069,Augusto,Casanova,ofeliaduenas@example.net,2024-10-04,Perú
1070,Alberto,Lemus,jalejandro@example.com,2024-07-26,Perú
1071,Isabela,Vallejo,amaliaesquibel@example.com,2025-06-23,Perú
1072,Eva,Munguía,gurulebianca@example.net,2024-12-19,Perú
1073,Francisco Javier,Madrid,serafin82@example.org,2025-01-25,Perú
1074,Joaquín,Hernández,dpalomino@example.net,2024-11-02,Perú
1075,Jerónimo,Sierra,isabel82@example.org,2023-03-19,Perú
1076,Pascual,Romo,nellyleyva@example.org,2024-05-18,Perú
1077,Eloy,Sauceda,ariadna02@example.org,2025-01-16,Perú
1078,Juan,Torres,lealmaria-del-carmen@example.org,2025-06-24,Perú
1079,Humberto,Arias,eliasenriquez@example.com,2023-03-08,Perú
1080,Andrea,Cervantes,maria-jose98@example.org,2023-08-31,Perú
1081,Liliana,Alvarez,naranjodiego@example.com,2024-01-09,Perú
1082,Citlali,Godoy,escalantealonso@example.com,2025-07-01,Perú
1083,Noelia,Muñoz,bernabetrujillo@example.org,2023-02-22,Perú
1084,Helena,Martínez,pascual51@example.com,2025-10-31,Perú
1085,Araceli,Esquivel,abregosalma@example.net,2023-07-02,Perú
1086,David,Arellano,moyagerardo@example.com,2025-06-09,Perú
1087,Uriel,Garay,luis-miguelrios@example.net,2025-10-14,Perú
1088,Itzel,Jurado,manuelgiron@example.net,2023-04-21,Perú
1089,Ángel,Jiménez,elsa34@example.org,2025-04-04,Perú
1090,Carlos,Ocasio,avilarodrigo@example.net,2024-09-18,Perú
1091,Ángel,Garibay,eveliorojas@example.net,2023-01-29,Perú
1092,Ángela,Palacios,gerardoceja@example.com,2025-03-31,Perú
1093,Amalia,Acuña,cardenasmiguel-angel@example.net,2024-01-25,Perú
1094,Berta,Vanegas,betancourtguillermina@example.com,2024-05-17,Perú
1095,Lorena,Garay,kcaban@example.net,2023-11-04,Perú
1096,Gilberto,Reynoso,acevedoveronica@example.net,2025-05-25,Perú
1097,Frida,Olivares,frida07@example.net,2024-04-19,Perú
1098,Rufino,Pabón,itzelbernal@example.org,2024-09-12,Perú
1099,María Teresa,Villa,uriel49@example.net,2025-05-29,Perú
1100,Verónica,Anaya,asuncion94@example.net,2024-01-16,Perú
1101,Luz,Tirado,ilsesolorzano@example.org,2023-01-18,Perú
1102,Luis Miguel,Carrero,norma53@example.org,2024-03-07,Perú
1103,Teresa,Apodaca,venriquez@example.com,2024-03-28,Perú
1104,Esteban,Pulido,lucas56@example.com,2023-07-31,Perú
1105,Hilda,Zambrano,abel50@example.net,2023-12-25,Perú
1106,Jonás,Badillo,bruno65@example.org,2025-03-24,Perú
1107,Perla,Lira,epartida@example.org,2025-08-13,Perú
1108,Diego,Villareal,karina84@example.net,2025-09-28,Perú
1109,Aida,Longoria,rarellano@example.net,2024-03-30,Perú
1110,Serafín,Irizarry,fmora@example.net,2025-11-11,Perú
1111,Eloy,Marín,isabel26@example.org,2025-10-31,Perú
1112,Amanda,Rubio,rcepeda@example.com,2025-09-23,Perú
1113,Manuel,Valladares,rebecahernandez@example.net,2025-06-27,Perú
1114,Mayte,Marrero,kmontoya@example.net,2025-11-22,Perú
1115,Camila,Macías,humbertomontano@example.com,2023-04-01,Perú
1116,José Luis,Juárez,arenasluisa@example.org,2025-07-22,Perú
1117,René,Vargas,paulinaangulo@example.com,2023-01-09,Perú
1118,Silvano,Lugo,dapodaca@example.org,2023-10-27,Perú
1119,Fidel,Orosco,susana82@example.org,2024-05-18,Perú
1120,Jerónimo,Terrazas,juanmontez@example.com,2024-07-30,Perú
1121,Abigail,Ferrer,morenomauricio@example.com,2024-01-17,Perú
1122,José Manuél,Griego,qvanegas@example.net,2024-04-25,Perú
1123,Felipe,de la Rosa,porrasjose-emilio@example.org,2024-11-30,Perú
1124,Aida,Reyna,yolanda55@example.net,2025-08-21,Perú
1125,Olivia,Villaseñor,daliamaya@example.org,2023-06-20,Perú
1126,Julia,Nevárez,juan-carloscarrera@example.com,2023-04-26,Perú
1127,Esparta,Tijerina,jtamayo@example.net,2025-05-07,Perú
1128,Olga,Suárez,lomelijonas@example.com,2024-01-12,Perú
1129,Miriam,Hernandes,karinaballesteros@example.net,2023-06-16,Perú
1130,Itzel,Arriaga,econtreras@example.org,2023-03-01,Perú
1131,Daniel,Ceja,sepulvedairene@example.org,2024-01-19,Perú
1132,Vanesa,Puente,marisol62@example.org,2024-01-24,Perú
1133,Juan,Zambrano,ivanraya@example.org,2023-06-26,Perú
1134,Linda,Gastélum,saraarenas@example.org,2023-01-21,Perú
1135,Ana Luisa,Lerma,arcemaria@example.net,2024-02-12,Perú
1136,Esther,Salazar,cristal07@example.net,2023-07-25,Perú
1137,Mauricio,Altamirano,yanezcitlali@example.net,2025-09-05,Perú
1138,Adela,Cuellar,oscardelgado@example.net,2024-07-29,Perú
1139,Alfonso,Llamas,qrios@example.com,2024-12-18,Perú
1140,Georgina,Flórez,polancodulce@example.org,2025-03-23,Perú
1141,Ana María,Galindo,coronadojaime@example.org,2025-01-14,Perú
1142,Abril,Preciado,pizarroraul@example.net,2025-01-01,Perú
1143,Lucía,Iglesias,esperanza24@example.org,2023-07-08,Perú
1144,Rosalia,Lerma,pvanegas@example.net,2023-03-17,Perú
1145,René,Zayas,paolaaguilera@example.org,2025-02-19,Perú
1146,Abel,Barrios,gregoriosaenz@example.org,2023-11-25,Perú
1147,Manuel,Peña,salcidojesus@example.com,2025-03-23,Perú
1148,Isaac,Armenta,gabino16@example.com,2025-01-06,Perú
1149,Caridad,Munguía,maria-luisaprieto@example.net,2024-05-17,Perú
1150,Aldo,Zavala,covarrubiasteodoro@example.org,2025-10-02,Perú
1151,Uriel,Ávalos,pantojazeferino@example.org,2025-03-26,Perú
1152,Francisco,Sanches,carrascosusana@example.org,2024-12-13,Perú
1153,Julio César,Tapia,ceballosgustavo@example.org,2023-10-22,Perú
1154,Francisco,Pulido,roberto16@example.com,2024-11-21,Perú
1155,Silvia,Rosas,esperanza88@example.net,2025-11-03,Perú
1156,Mayte,Puente,yornelas@example.com,2024-01-09,Perú
1157,Pamela,Urbina,xescobedo@example.net,2023-10-26,Perú
1158,Úrsula,Puente,efranco@example.org,2023-10-04,Perú
1159,José María,del Valle,canalescristian@example.org,2023-06-14,Perú
1160,Ofelia,Griego,yolandadiaz@example.net,2025-05-22,Perú
1161,Leonor,Solorio,pazeloisa@example.org,2025-09-26,Perú
1162,Diego,Garza,linda85@example.org,2023-12-07,Perú
1163,Miguel Ángel,Terán,batistaclemente@example.org,2024-12-03,Perú
1164,Horacio,Vanegas,villarrealricardo@example.org,2024-03-07,Perú
1165,Carlota,Alarcón,olgabarrios@example.net,2023-09-22,Perú
1166,Adriana,Camacho,conchitavelasquez@example.com,2025-09-05,Perú
1167,David,Sotelo,mercadozacarias@example.org,2025-01-12,Perú
1168,Leticia,Sáenz,hhernandez@example.org,2023-12-23,Perú
1169,Rebeca,Arce,gerardode-leon@example.com,2023-01-19,Perú
1170,Gilberto,Sarabia,jos53@example.org,2025-08-14,Perú
1171,Alonso,Menchaca,concepcionnavarro@example.com,2025-01-03,Perú
1172,Ricardo,Rascón,imiramontes@example.net,2025-09-07,Perú
1173,Ignacio,Ocasio,benjaminquinones@example.net,2024-08-16,Perú
1174,Emilio,Quesada,pablo50@example.com,2023-02-14,Perú
1175,Gerardo,Cardona,castanedajuan-carlos@example.net,2023-11-11,Perú
1176,Gabriel,Nieves,aliciaelizondo@example.com,2023-12-25,Perú
1177,Elias,Zapata,seguralucia@example.net,2024-08-20,Perú
1178,Ignacio,Arias,paola98@example.org,2025-03-17,Perú
1179,Esmeralda,Solano,carbajalmercedes@example.org,2023-08-05,Perú
1180,Ofelia,Puente,menchacaesther@example.com,2024-03-26,Perú
1181,Hernán,Muro,noemitejeda@example.org,2023-10-02,Perú
1182,Oswaldo,Manzanares,nelly11@example.net,2024-03-07,Perú
1183,Bernabé,Abreu,albaamador@example.net,2025-03-16,Perú
1184,Augusto,Castro,danielaescalante@example.com,2024-08-06,Perú
1185,Cristobal,Orozco,quesadarafael@example.com,2024-02-02,Perú
1186,Pablo,Zambrano,patricio93@example.com,2024-03-18,Perú
1187,Miriam,Orozco,jmontez@example.org,2023-09-29,Perú
1188,Yolanda,Bueno,tzayas@example.net,2024-11-12,Perú
1189,Hernán,Berríos,gabriela53@example.org,2025-05-11,Perú
1190,Guadalupe,Velázquez,gonzalo01@example.org,2023-06-28,Perú
1191,Rubén,Escobedo,lviera@example.org,2024-01-10,Perú
1192,Carla,Estévez,erojo@example.net,2025-03-22,Perú
1193,Anel,Ureña,rebeca50@example.org,2025-11-03,Perú
1194,Samuel,Salinas,inesmatos@example.com,2023-11-15,Perú
1195,Rodolfo,Sosa,vescobar@example.com,2025-03-28,Perú
1196,Carla,Blanco,samuel96@example.org,2025-05-05,Perú
1197,Pablo,Razo,floresgeronimo@example.org,2024-04-28,Perú
1198,Laura,Aragón,germanmateo@example.com,2024-04-21,Perú
1199,Camilo,Tejeda,carlotagalarza@example.net,2025-07-01,Perú
1200,Cristobal,Amador,mauriciopatino@example.net,2024-01-25,Perú
1201,Renato,Valdez,maria-elena95@example.com,2023-08-28,Perú
1202,Mayte,Jurado,ulibarribernardo@example.com,2024-05-23,Perú
1203,Adriana,Vélez,itzel91@example.com,2025-05-16,Perú
1204,Esperanza,Vázquez,ocasioluis-miguel@example.net,2024-02-01,Perú
1205,Blanca,Carmona,nmireles@example.org,2023-10-07,Perú
1206,Frida,Delgadillo,luismadrid@example.org,2025-07-19,Perú
1207,Homero,Orta,saldanacristobal@example.org,2025-04-06,Perú
1208,Paulina,Lemus,fajardominerva@example.net,2025-11-09,Perú
1209,Alvaro,Gaytán,laura54@example.net,2024-08-11,Perú
1210,Elias,Calderón,joseornelas@example.com,2024-07-15,Perú
1211,Minerva,Rosas,qvillarreal@example.org,2024-10-02,Perú
1212,Ramiro,Salcedo,tangulo@example.com,2025-08-23,Perú
1213,Eugenio,Jiménez,carrionluz@example.org,2023-05-31,Perú
1214,Hugo,Sevilla,salgadoabraham@example.com,2024-03-27,Perú
1215,Alta  Gracia,Gutiérrez,alejandrosaucedo@example.net,2025-07-08,Perú
1216,Nancy,Alejandro,jaime92@example.com,2024-07-05,Perú
1217,Silvano,Meraz,andrealoera@example.org,2024-01-15,Perú
1218,Alberto,Valentín,ana-maria96@example.org,2023-02-12,Perú
1219,Cecilia,Vega,clementearmendariz@example.org,2025-01-19,Perú
1220,Luz,Alcántar,quintanillajulia@example.net,2023-05-09,Perú
1221,Leonardo,Cintrón,mariana01@example.com,2025-09-13,Perú
1222,María del Carmen,Loya,zelayadalia@example.net,2024-10-10,Perú
1223,Genaro,Olvera,corneliomiranda@example.org,2023-08-28,Perú
1224,Elisa,Cabán,olgasolis@example.com,2025-02-03,Perú
1225,Marco Antonio,Vásquez,gmadera@example.com,2025-05-07,Perú
1226,María Eugenia,Valdés,hvalenzuela@example.org,2023-04-22,Perú
1227,Lorenzo,Orta,nroldan@example.com,2024-11-26,Perú
1228,Victoria,Candelaria,duranhumberto@example.com,2023-04-04,Perú
1229,Rolando,Montañez,fariasperla@example.org,2025-11-25,Perú
1230,Mauro,Riojas,ezarate@example.com,2023-09-19,Perú
1231,Julia,Olivares,felicianoalvaro@example.org,2023-11-03,Perú
1232,María Eugenia,Munguía,georginaperales@example.net,2024-12-16,Perú
1233,Octavio,Ramírez,madridjulio@example.org,2024-04-19,Perú
1234,Elvia,Flores,vbueno@example.net,2024-04-25,Perú
1235,Mónica,Ledesma,anelmontoya@example.org,2023-05-10,Perú
1236,Martín,Coronado,verdugojesus@example.net,2024-11-07,Perú
1237,Alfonso,Urbina,tbarela@example.org,2025-01-15,Perú
1238,María Eugenia,Tello,zquintana@example.com,2024-04-10,Perú
1239,Jacinto,Jimínez,ana-mariagamez@example.net,2024-05-02,Perú
1240,Úrsula,Estrada,salvador47@example.com,2023-02-20,Perú
1241,Pedro,Terrazas,rosa92@example.net,2023-06-21,Perú
1242,Camilo,Villegas,mauropina@example.org,2023-10-14,Perú
1243,Elvira,Puga,jsantana@example.net,2025-08-03,Perú
1244,Óliver,Sanabria,sanchesbenito@example.org,2024-07-22,Perú
1245,Elvira,Castro,espartacollado@example.net,2024-02-08,Perú
1246,Ivonne,Correa,cisnerosjeronimo@example.org,2024-12-10,Perú
1247,Emiliano,del Río,eloisalozada@example.net,2024-08-03,Perú
1248,Diego,Véliz,aidaarmenta@example.net,2025-03-24,Perú
1249,Blanca,Salcedo,sessamiramontes@example.net,2023-03-10,Perú
1250,Karina,Martínez,dcantu@example.org,2025-08-01,Perú
1251,Juana,Trejo,alfredonegron@example.net,2024-09-21,Perú
1252,Clara,Sosa,francofrancisco-javier@example.org,2024-02-17,Perú
1253,Abelardo,Valenzuela,caridad42@example.net,2024-08-05,Perú
1254,Mauricio,Téllez,svelazquez@example.net,2023-07-31,Perú
1255,Esparta,Casillas,qde-la-garza@example.net,2025-07-16,Perú
1256,Hilda,Pulido,lourdesrodarte@example.org,2023-09-03,Perú
1257,Rosalia,Benavídez,irma81@example.com,2025-08-03,Perú
1258,Claudio,Solís,carlota11@example.net,2023-02-04,Perú
1259,Débora,Aparicio,porfirio15@example.net,2025-05-20,Perú
1260,Ramón,Jaramillo,zmota@example.net,2024-12-25,Perú
1261,María José,Córdova,pugapamela@example.org,2025-03-19,Perú
1262,Cornelio,Aranda,manuelarteaga@example.com,2025-02-26,Perú
1263,Nelly,Orellana,sotoabelardo@example.org,2023-06-16,Perú
1264,Martín,Quezada,jose-manuelzamora@example.com,2024-12-28,Perú
1265,Lucía,Briseño,nevarezmaria@example.org,2024-10-13,Perú
1266,Antonio,Guillen,ivonnebueno@example.net,2023-11-12,Perú
1267,Asunción,Vera,lbarela@example.com,2023-02-13,Perú
1268,Esmeralda,Santiago,luis-manuel31@example.com,2025-10-22,Perú
1269,Juana,Muro,danielavalverde@example.org,2024-11-27,Perú
1270,Ana,Pineda,velezjudith@example.org,2023-09-03,Perú
1271,Inés,Meza,benitezcristal@example.org,2024-01-28,Perú
1272,Jacobo,Escamilla,rolonluz@example.com,2024-12-13,Perú
1273,Wendolin,Cortés,saldivargeronimo@example.org,2025-07-28,Perú
1274,Espartaco,Orta,pilar61@example.net,2023-03-14,Perú
1275,Federico,Mateo,gcarrera@example.org,2023-11-09,Perú
1276,Santiago,López,camilapolanco@example.net,2023-01-22,Perú
1277,Rubén,Carreón,angelicaduran@example.net,2024-07-24,Perú
1278,Itzel,Ríos,claudio55@example.org,2024-07-25,Perú
1279,Rodolfo,Trujillo,lealfidel@example.com,2023-04-06,Perú
1280,Alonso,Muro,apariciotrinidad@example.org,2025-09-25,Perú
1281,Mariana,Arevalo,eugenio54@example.net,2023-05-14,Perú
1282,Abel,Verdugo,tejedacamilo@example.org,2025-10-15,Perú
1283,Jaqueline,Tijerina,zbermudez@example.net,2024-08-17,Perú
1284,Georgina,Villalpando,fmojica@example.org,2023-12-01,Perú
1285,Daniela,Briseño,cabreraolga@example.com,2024-09-30,Perú
1286,Bruno,Velasco,jcorona@example.com,2025-05-21,Perú
1287,Yeni,Ponce,fvalles@example.org,2023-05-28,Perú
1288,Luis Miguel,Gracia,trejoaurelio@example.com,2023-01-14,Perú
1289,Clemente,Montañez,felixortiz@example.org,2025-07-15,Perú
1290,Teodoro,Barrera,luis-manuel20@example.org,2024-10-14,Perú
1291,Germán,Armenta,toroernesto@example.net,2024-11-06,Perú
1292,Natalia,Roldán,gabrielcarrera@example.org,2025-10-30,Perú
1293,Jesús,Cordero,concepcionvalladares@example.net,2025-11-15,Perú
1294,Hermelinda,Galindo,cornelio90@example.net,2025-07-10,Perú
1295,Flavio,Lozano,manuel47@example.net,2024-06-02,Perú
1296,Paulina,Salas,citlali77@example.com,2023-04-16,Perú
1297,Lorena,Suárez,cintronkarina@example.com,2025-11-02,Perú
1298,Mayte,Garica,patriciaochoa@example.net,2024-02-08,Perú
1299,Mitzy,Sosa,olivasbruno@example.org,2023-05-28,Perú
1300,Horacio,Zedillo,ceciliamora@example.org,2024-09-28,Perú
1301,Laura,Cuellar,calderonirma@example.net,2023-09-01,Perú
1302,Uriel,Navarrete,juliovaldivia@example.com,2025-07-06,Perú
1303,Francisco Javier,Suárez,tbenavidez@example.org,2024-07-04,Perú
1304,Rafaél,Ávila,abelholguin@example.com,2024-02-13,Perú
1305,Anabel,Salinas,saraperez@example.org,2023-02-26,Perú
1306,Dolores,Zepeda,francisconunez@example.org,2025-03-19,Perú
1307,Abel,Gutiérrez,gonzalofarias@example.com,2023-05-13,Perú
1308,Mario,Olmos,tmireles@example.com,2023-01-11,Perú
1309,Salvador,Rosales,vgarica@example.org,2023-03-08,Perú
1310,Amelia,Benavides,luisacollado@example.com,2025-05-16,Perú
1311,Ricardo,Benavides,enriquezsofia@example.org,2024-01-10,Perú
1312,Amalia,Villarreal,augusto35@example.net,2025-09-15,Perú
1313,Elias,Gastélum,francisco29@example.com,2025-11-29,Perú
1314,Marisol,Ramón,lozanonorma@example.com,2025-01-20,Perú
1315,Cecilia,Iglesias,amador06@example.com,2023-04-30,Perú
1316,Nelly,Garza,oliver85@example.net,2024-06-14,Perú
1317,Asunción,Mireles,trinidad01@example.com,2023-05-03,Perú
1318,Claudia,Cazares,zpatino@example.net,2025-08-12,Perú
1319,Linda,Vázquez,ruben10@example.com,2025-08-24,Perú
1320,Sofía,Zapata,ayalaisaac@example.net,2025-03-30,Perú
1321,Úrsula,Carreón,rafaelrios@example.org,2023-09-01,Perú
1322,Claudio,Acosta,santiago64@example.net,2025-10-11,Perú
1323,Guadalupe,Collazo,zapatayolanda@example.com,2025-11-04,Perú
1324,Elvira,Posada,galarzabernabe@example.org,2024-03-07,Perú
1325,Genaro,Lucero,castellanosdaniel@example.org,2025-05-17,Perú
1326,Karla,Zarate,nellysantana@example.net,2025-06-24,Perú
1327,Cristina,Rodarte,estheralva@example.org,2024-08-19,Perú
1328,Elias,Arevalo,fonsecaalicia@example.com,2025-05-31,Perú
1329,Alicia,Montenegro,norma46@example.com,2023-07-16,Perú
1330,Benito,Maldonado,rocio50@example.org,2025-06-21,Perú
1331,José Carlos,Partida,miguel-angel53@example.net,2024-02-16,Perú
1332,Vanesa,Rodríquez,jesusornelas@example.com,2024-08-06,Perú
1333,Ángel,Barragán,hmontoya@example.net,2024-07-13,Perú
1334,Vicente,Vergara,jmanzanares@example.net,2025-05-07,Perú
1335,Sessa,Casillas,anacrespo@example.com,2025-07-04,Perú
1336,Ángel,Salas,rafaelruelas@example.org,2023-06-16,Perú
1337,Gregorio,Nazario,alejandrogaribay@example.org,2025-01-26,Perú
1338,Sofía,Segura,alta-graciasepulveda@example.net,2025-05-31,Perú
1339,Beatriz,Esquibel,calvillosalvador@example.com,2025-08-30,Perú
1340,Alfonso,Yáñez,zaleman@example.org,2025-07-15,Perú
1341,Itzel,Rosario,pilargomez@example.org,2024-07-08,Perú
1342,Jorge Luis,Gonzales,marisol08@example.net,2025-05-22,Perú
1343,Mateo,Oquendo,julio-cesarsaldivar@example.org,2024-03-05,Perú
1344,Irene,Venegas,leonel07@example.net,2023-04-15,Perú
1345,Socorro,Valencia,jostirado@example.org,2023-08-01,Perú
1346,Yuridia,Acosta,alta-graciaalcantar@example.org,2025-04-29,Perú
1347,Iván,Terrazas,vvillalpando@example.com,2025-07-15,Perú
1348,Catalina,Moreno,garroyo@example.net,2023-12-06,Perú
1349,Olivia,Rubio,claudiagallardo@example.org,2024-03-04,Perú
1350,Rocío,Casares,qveliz@example.com,2024-11-24,Perú
1351,Caridad,Velázquez,armentamartha@example.net,2025-03-06,Perú
1352,Ivonne,Alonzo,amalave@example.org,2025-02-11,Perú
1353,María José,Amador,jacoboconcepcion@example.com,2023-07-02,Perú
1354,Laura,Quezada,jose-carloscarbajal@example.org,2023-06-13,Perú
1355,Samuel,Granados,casanovaraquel@example.org,2024-04-30,Perú
1356,Eloisa,Guillen,clementemontero@example.net,2025-01-25,Perú
1357,Leticia,Carreón,zeferinopuente@example.net,2023-01-16,Perú
1358,Caridad,Urías,duartemariano@example.net,2024-05-03,Perú
1359,Bruno,Venegas,beatrizcontreras@example.org,2023-12-21,Perú
1360,Ramiro,Armenta,abigaillomeli@example.org,2023-11-16,Perú
1361,Salvador,Gamez,porfirio13@example.com,2023-03-12,Perú
1362,Diana,Moreno,guerrerogonzalo@example.org,2025-08-25,Perú
1363,Mauro,Collazo,tperez@example.net,2023-01-14,Perú
1364,Jonás,Rosario,covarrubiasamelia@example.net,2025-01-15,Perú
1365,Alejandra,Jiménez,mateosierra@example.net,2024-07-05,Perú
1366,Jacobo,Roldán,galvanpascual@example.net,2025-02-17,Perú
1367,Rodrigo,Samaniego,urenapedro@example.net,2023-11-18,Perú
1368,Jaime,Concepción,magdalenapabon@example.org,2024-03-20,Perú
1369,Magdalena,Vanegas,gracielaavalos@example.net,2024-05-11,Perú
1370,Olga,Colunga,pablo76@example.net,2024-11-16,Perú
1371,Aida,Candelaria,godinezomar@example.org,2024-03-28,Perú
1372,Hernán,Valle,galvezdavid@example.com,2024-02-22,Perú
1373,Jacinto,Apodaca,colladoevelio@example.com,2024-04-18,Perú
1374,Hilda,Esparza,fernandoavila@example.org,2023-03-06,Perú
1375,Luz,Angulo,rde-la-cruz@example.net,2023-11-25,Perú
1376,Leonor,Tovar,bernabebravo@example.net,2023-09-17,Perú
1377,Delia,Regalado,arguelloruben@example.com,2024-06-16,Perú
1378,Luisa,Fuentes,antonia61@example.net,2025-11-06,Perú
1379,Vicente,Burgos,olivergamboa@example.org,2023-01-23,Perú
1380,Luis,Rosales,miriam60@example.com,2023-11-08,Perú
1381,Francisco Javier,Lozano,genaro31@example.org,2024-07-28,Perú
1382,Cecilia,Pabón,peralesgraciela@example.net,2023-06-11,Perú
1383,Vicente,Heredia,toledorolando@example.com,2023-04-24,Perú
1384,Felix,Concepción,eloymarin@example.com,2024-05-17,Perú
1385,Samuel,Pelayo,jacobo00@example.net,2025-07-29,Perú
1386,Juan,Dueñas,tafoyajeronimo@example.net,2023-05-25,Perú
1387,Alvaro,Contreras,batistabruno@example.org,2024-04-11,Perú
1388,Porfirio,Hurtado,luevanonatividad@example.com,2025-05-26,Perú
1389,Eva,Medrano,horaciovallejo@example.com,2023-04-17,Perú
1390,Hugo,Negrón,angelrivera@example.org,2025-09-18,Perú
1391,Cristian,Riojas,hernanzaragoza@example.net,2025-02-12,Perú
1392,Esparta,Carrasco,mcedillo@example.org,2023-02-07,Perú
1393,Helena,Ulibarri,rodrigomorales@example.com,2025-01-28,Perú
1394,Paulina,Zamora,lovatojudith@example.com,2024-05-16,Perú
1395,Violeta,de la Crúz,pazirene@example.net,2023-07-09,Perú
1396,Jerónimo,Villareal,torresignacio@example.com,2025-04-03,Perú
1397,Catalina,Colón,esquibelmaria-jose@example.net,2025-02-09,Perú
1398,Alejandra,Prado,lucia75@example.com,2023-10-18,Perú
1399,Dulce,Garay,eugenio48@example.com,2024-07-26,Perú
1400,Fabiola,Soria,hflorez@example.net,2024-04-17,Perú
1401,Carlota,Espino,octaviofeliciano@example.com,2023-11-04,Perú
1402,Hugo,Pabón,espinosalorena@example.com,2025-05-28,Perú
1403,Susana,Ulloa,alemangloria@example.net,2025-04-24,Perú
1404,Augusto,Altamirano,dguevara@example.org,2023-06-01,Perú
1405,Teodoro,Partida,reynaldo54@example.org,2025-06-15,Perú
1406,Luisa,Nevárez,cristobal22@example.com,2024-10-01,Perú
1407,Samuel,Rivas,ocampomiguel@example.com,2024-07-09,Perú
1408,Irma,Quintanilla,kcasares@example.net,2025-05-24,Perú
1409,Wilfrido,Burgos,cuellarsilvia@example.com,2024-12-27,Perú
1410,Catalina,Nava,schavarria@example.com,2025-02-06,Perú
1411,Barbara,Casares,rosariocabrera@example.org,2025-04-20,Perú
1412,Martha,Hernández,modestobaca@example.org,2025-10-16,Perú
1413,Enrique,Reyes,miguelruiz@example.org,2024-07-16,Perú
1414,Arcelia,Abreu,qcenteno@example.org,2023-01-12,Perú
1415,Carlota,Escalante,armando30@example.net,2025-04-26,Perú
1416,Rufino,Mojica,eloisarocha@example.com,2025-01-07,Perú
1417,Marisol,Márquez,jassobianca@example.com,2025-04-04,Perú
1418,Adán,López,bmontes@example.net,2025-06-19,Perú
1419,Evelio,Leyva,carranzacesar@example.net,2023-02-24,Perú
1420,Uriel,Arellano,mateoberrios@example.com,2025-09-06,Perú
1421,Marisol,Lovato,cjurado@example.org,2024-12-01,Perú
1422,Sandra,Sierra,ynavarrete@example.net,2024-10-20,Perú
1423,Rosalia,Parra,martha87@example.org,2023-04-25,Perú
1424,Amelia,Chavarría,vromo@example.org,2025-06-13,Perú
1425,José Manuél,de la Fuente,esparta07@example.com,2023-12-16,Perú
1426,Raquel,Acuña,vpalacios@example.net,2025-07-27,Perú
1427,Tomás,Almaraz,jcordero@example.net,2023-01-07,Perú
1428,Juan Carlos,Chávez,granadoveronica@example.org,2023-02-13,Perú
1429,Rodrigo,Roque,karina51@example.net,2024-04-04,Perú
1430,Ricardo,Ávila,orojo@example.com,2025-08-26,Perú
1431,María José,Juárez,terannancy@example.com,2024-01-05,Perú
1432,José Manuél,Collado,esmeralda77@example.com,2025-09-30,Perú
1433,Helena,Espinosa,hdominguez@example.org,2023-04-11,Perú
1434,Ricardo,Porras,trinidad67@example.org,2024-01-27,Perú
1435,Alejandra,Osorio,estela68@example.com,2023-07-05,Perú
1436,Zoé,Godoy,caridad20@example.org,2025-01-28,Perú
1437,Nayeli,Durán,rsegura@example.com,2023-10-30,Perú
1438,Ana María,Abrego,olivaresnayeli@example.com,2024-02-01,Perú
1439,José Eduardo,Otero,julia30@example.com,2025-10-13,Perú
1440,Iván,Flórez,duartebruno@example.net,2023-08-11,Perú
1441,José Carlos,Nevárez,hmiramontes@example.com,2023-02-08,Perú
1442,Benito,Serna,juliade-la-o@example.com,2025-05-01,Perú
1443,Claudia,Romero,negronclemente@example.com,2023-02-09,Perú
1444,Guillermo,Otero,estefania48@example.org,2023-07-08,Perú
1445,Elisa,Galván,espartacomolina@example.net,2025-02-13,Perú
1446,Zeferino,Blanco,vvillanueva@example.org,2025-03-28,Perú
1447,Emilia,Salcedo,jose-carlos34@example.net,2023-11-14,Perú
1448,Reina,Ozuna,beatriznunez@example.com,2024-04-01,Perú
1449,Alejandra,Nieto,renatoguerrero@example.net,2025-07-21,Perú
1450,Mateo,Muñiz,polancoana-luisa@example.org,2023-02-21,Perú
1451,Antonia,Cedillo,mariovillanueva@example.com,2025-04-24,Perú
1452,Beatriz,Noriega,marquezvioleta@example.com,2024-12-29,Perú
1453,Claudia,Reyes,adrianamagana@example.com,2025-11-04,Perú
1454,Indira,Ojeda,wescamilla@example.org,2023-02-15,Perú
1455,Rubén,Niño,lquintanilla@example.com,2023-06-07,Perú
1456,Martha,Olivas,ngonzales@example.net,2023-01-24,Perú
1457,Benjamín,Guerrero,ulongoria@example.net,2025-11-11,Perú
1458,Esparta,Zambrano,jorgesoto@example.org,2024-04-17,Perú
1459,Raquel,Sauceda,marisol42@example.net,2024-12-16,Perú
1460,Rufino,Soria,jesus43@example.net,2023-12-10,Perú
1461,Natalia,Hernandes,ursula82@example.net,2024-10-04,Perú
1462,Elena,Escobar,joaquin59@example.net,2024-09-24,Perú
1463,Sandra,Figueroa,jorge-luis01@example.com,2023-08-14,Perú
1464,Nayeli,Gallardo,langulo@example.com,2023-12-09,Perú
1465,Gustavo,Dueñas,horacio91@example.com,2024-01-18,Perú
1466,Antonia,Alarcón,samuel76@example.com,2023-03-02,Perú
1467,Juan,Grijalva,pinedaindira@example.com,2024-01-07,Perú
1468,Cynthia,Dávila,walvarez@example.com,2024-04-29,Perú
1469,Elisa,Alvarado,lemusmiguel-angel@example.com,2024-10-05,Perú
1470,Elsa,Cervantes,virginia29@example.org,2025-03-27,Perú
1471,Silvano,Bravo,sisnerosbenito@example.org,2024-05-06,Perú
1472,José Luis,Vélez,cintronsilvia@example.net,2025-06-28,Perú
1473,Martha,Bustos,josefinamadrigal@example.org,2025-07-03,Perú
1474,Dalia,Beltrán,odelgado@example.net,2025-06-17,Perú
1475,Nicolás,Sepúlveda,vcintron@example.net,2023-08-01,Perú
1476,Abraham,Adame,sessafarias@example.org,2024-01-19,Perú
1477,Karla,Apodaca,abreumariana@example.org,2025-01-28,Perú
1478,Andrea,Burgos,cintronana-luisa@example.net,2024-07-30,Perú
1479,Bernardo,Santillán,klaureano@example.com,2024-11-20,Perú
1480,Amelia,Aranda,rolandotoledo@example.com,2025-01-03,Perú
1481,Evelio,Cardenas,maria-del-carmen66@example.org,2023-08-27,Perú
1482,Estela,Castañeda,parraivan@example.com,2024-08-16,Perú
1483,Dulce María,Rangel,cduran@example.net,2025-02-24,Perú
1484,Amelia,Barajas,riosdulce-maria@example.org,2023-04-01,Perú
1485,Eloisa,Correa,ogaribay@example.org,2023-04-01,Perú
1486,Cristobal,Berríos,del-valleernesto@example.org,2023-03-05,Perú
1487,Cynthia,Jimínez,gamboaruben@example.com,2025-02-27,Perú
1488,Alfonso,Ballesteros,israelgaytan@example.org,2025-01-31,Perú
1489,María Eugenia,Concepción,maria-cristinayanez@example.org,2023-12-14,Perú
1490,Marisela,Chacón,israelmontez@example.org,2024-01-13,Perú
1491,Uriel,Valdés,oregalado@example.org,2025-07-07,Perú
1492,Wilfrido,Garrido,graciela48@example.org,2023-06-12,Perú
1493,Irene,Roldán,zaragozajose-emilio@example.org,2023-11-20,Perú
1494,Francisca,Partida,pverdugo@example.net,2025-11-09,Perú
1495,Mercedes,del Río,anabel43@example.org,2024-07-31,Perú
1496,Héctor,Ledesma,iespinosa@example.net,2024-03-23,Perú
1497,Mariana,Macías,uberrios@example.org,2025-11-01,Perú
1498,Lucas,Ulibarri,ruben09@example.net,2024-04-18,Perú
1499,Hernán,Cano,luisacandelaria@example.org,2024-01-02,Perú
1500,Lucía,Viera,ivonnesandoval@example.net,2024-06-21,Perú
1501,Mitzy,Padrón,menaangela@example.org,2024-02-22,Perú
1502,Julio César,Alfaro,julia83@example.org,2023-07-28,Perú
1503,Pablo,Ceballos,bustosleonel@example.com,2024-02-19,Perú
1504,Gabriel,Acevedo,iveliz@example.org,2025-09-04,Perú
1505,José Eduardo,Jurado,anabeldel-rio@example.org,2024-07-27,Perú
1506,Esperanza,Pelayo,benito81@example.org,2023-02-05,Perú
1507,Alonso,Cazares,elviraacuna@example.com,2025-05-29,Perú
1508,David,Cepeda,hernandescaridad@example.org,2023-03-08,Perú
1509,Minerva,Escobar,lcarreon@example.org,2024-04-23,Perú
1510,Mariana,Curiel,porfiriopelayo@example.org,2024-02-25,Perú
1511,Tania,Casas,celia84@example.net,2024-05-28,Perú
1512,Carlos,Patiño,osantillan@example.com,2024-10-20,Perú
1513,Paola,Robles,cvaldez@example.net,2023-01-29,Perú
1514,Mariano,Hernandes,nbaca@example.com,2023-11-20,Perú
1515,Miguel,Solano,fruelas@example.com,2024-01-01,Perú
1516,Santiago,Burgos,urrutiabernabe@example.com,2024-12-27,Perú
1517,Carlos,Garica,vsaiz@example.net,2023-10-01,Perú
1518,Leonor,Jaimes,claudia39@example.org,2024-05-14,Perú
1519,Mercedes,Almaraz,adriananunez@example.org,2024-03-23,Perú
1520,Cynthia,Madrid,navaestela@example.net,2025-01-13,Perú
1521,Jacobo,Salazar,catalina67@example.com,2025-02-19,Perú
1522,Cecilia,Altamirano,timoteo35@example.org,2023-10-23,Perú
1523,Genaro,Partida,gregorio90@example.net,2025-07-21,Perú
1524,Flavio,Grijalva,lilia83@example.com,2023-02-14,Perú
1525,Conchita,Núñez,luis56@example.org,2025-11-11,Perú
1526,Claudia,Jaime,orellanacesar@example.net,2025-09-06,Perú
1527,Ignacio,Navarrete,leonel43@example.org,2025-10-16,Perú
1528,Fabiola,Ureña,delia88@example.org,2024-04-05,Perú
1529,Soledad,Peña,leivacornelio@example.org,2025-04-15,Perú
1530,Silvano,Altamirano,navarreteivonne@example.net,2024-08-14,Perú
1531,Cynthia,Griego,gurulecarlota@example.com,2023-09-15,Perú
1532,Ignacio,Anaya,samuelgallegos@example.net,2023-03-09,Perú
1533,Jaime,Sierra,rolando70@example.com,2023-07-12,Perú
1534,Abraham,Esquibel,britoclaudia@example.com,2024-05-17,Perú
1535,Wendolin,Barreto,pvillareal@example.com,2025-09-12,Perú
1536,José Luis,Orozco,adelalinares@example.net,2025-03-03,Perú
1537,Elias,Garza,irma66@example.com,2024-03-31,Perú
1538,Gabino,Ávila,espartacofonseca@example.com,2023-07-26,Perú
1539,Mercedes,Ibarra,susanaperales@example.net,2023-04-18,Perú
1540,Leticia,Bahena,blanca76@example.org,2024-10-04,Perú
1541,Soledad,Alejandro,maximiliano48@example.org,2023-03-25,Perú
1542,Araceli,Badillo,miriamcervantes@example.net,2025-08-13,Perú
1543,Dolores,Casárez,guerralaura@example.net,2025-04-14,Perú
1544,Óliver,Dueñas,villalpandocesar@example.net,2025-11-19,Perú
1545,Rodolfo,Candelaria,salma75@example.org,2023-03-25,Perú
1546,David,Orellana,diegorojas@example.com,2024-07-08,Perú
1547,María Elena,Bustos,ipartida@example.org,2023-09-22,Perú
1548,Reynaldo,Guillen,adiaz@example.com,2025-04-05,Perú
1549,Hilda,Ceja,oswaldodiaz@example.org,2023-07-18,Perú
1550,Cristian,Espinal,ursulavaladez@example.org,2025-10-22,Perú
1551,Elvira,Tafoya,jaime43@example.com,2025-02-14,Perú
1552,Natividad,Sierra,arceliagurule@example.net,2024-08-24,Perú
1553,Rosalia,Noriega,hbueno@example.org,2024-12-15,Perú
1554,Ilse,Armas,badillomarisela@example.com,2025-12-02,Perú
1555,Adriana,Vázquez,xchavarria@example.net,2025-08-15,Perú
1556,Ana María,Raya,ursulaarmenta@example.org,2024-04-18,Perú
1557,Carolina,Pérez,ursulaperes@example.com,2023-04-19,Perú
1558,María Elena,Meza,noelialucio@example.net,2023-02-08,Perú
1559,Linda,Armenta,tgollum@example.net,2024-05-14,Perú
1560,Laura,Badillo,socorrohernadez@example.org,2024-06-08,Perú
1561,Marisela,Cintrón,eaparicio@example.net,2023-04-25,Perú
1562,José Manuél,Concepción,abreulucas@example.org,2023-04-24,Perú
1563,Rosa,Luevano,alfredo10@example.com,2023-02-23,Perú
1564,Paulina,Gollum,preciadopaulina@example.org,2025-03-09,Perú
1565,Alejandra,Ceja,imontano@example.net,2023-06-08,Perú
1566,Leonardo,Ontiveros,segoviaalfonso@example.org,2023-03-13,Perú
1567,Zeferino,Garay,ljimenez@example.com,2023-07-22,Perú
1568,Lilia,Guillen,urrutialucia@example.com,2025-08-16,Perú
1569,Tomás,Sauceda,francisco-javier55@example.net,2025-01-06,Perú
1570,Jacinto,Arellano,martinlara@example.com,2025-11-28,Perú
1571,Miriam,Fierro,hildacardenas@example.org,2024-04-30,Perú
1572,Reynaldo,Benítez,nevarezisabel@example.com,2023-05-06,Perú
1573,Timoteo,Bonilla,javiermiranda@example.org,2023-07-26,Perú
1574,Sofía,Ramón,montesmaria-cristina@example.org,2024-12-25,Perú
1575,Aldo,Durán,uriel12@example.com,2023-11-17,Perú
1576,Ricardo,Bravo,sofiaacosta@example.net,2025-01-14,Perú
1577,Silvano,Osorio,dquiroz@example.org,2025-08-03,Perú
1578,Zacarías,Vázquez,victoriamonroy@example.org,2024-05-07,Perú
1579,Omar,Ulloa,talarcon@example.com,2025-06-25,Perú
1580,Juana,Navarrete,esperanzaveliz@example.net,2023-03-24,Perú
1581,María Luisa,Abrego,leonor27@example.com,2023-08-27,Perú
1582,Benito,Castañeda,carlosluna@example.net,2023-05-15,Perú
1583,Olivia,López,estela53@example.com,2024-04-06,Perú
1584,Julio,Flórez,esther75@example.com,2025-10-13,Perú
1585,Perla,Raya,estela12@example.com,2024-01-20,Perú
1586,Gustavo,Orellana,maestasfrancisco-javier@example.com,2023-03-12,Perú
1587,Tania,Frías,nataliagutierrez@example.net,2024-02-07,Perú
1588,Natalia,Espinosa,benjaminquesada@example.com,2025-06-26,Perú
1589,Carlos,Calvillo,dmontalvo@example.com,2025-07-20,Perú
1590,Dolores,Saucedo,ozunanatividad@example.org,2023-10-09,Perú
1591,Zeferino,Granados,josefina39@example.org,2025-01-03,Perú
1592,Marisela,Cardenas,saldivaresteban@example.net,2025-03-27,Perú
1593,Sonia,Olivas,estela12@example.com,2024-08-17,Perú
1594,Pablo,Munguía,mariselasamaniego@example.org,2025-05-10,Perú
1595,Aurora,Cortez,haviles@example.net,2024-04-30,Perú
1596,Felipe,Loya,victoria04@example.net,2025-08-07,Perú
1597,Sessa,Saavedra,urbinasantiago@example.com,2024-11-29,Perú
1598,Dulce María,Montaño,pichardopaola@example.com,2024-09-05,Perú
1599,Georgina,Rodríquez,tamezemilio@example.net,2024-01-13,Perú
1600,Amalia,Robles,ghuerta@example.org,2025-10-29,Perú
1601,Elsa,Abreu,carrillocaridad@example.net,2023-12-29,Perú
1602,Flavio,Meza,teodoroguerra@example.org,2023-08-23,Perú
1603,Héctor,Bustos,elenagalvez@example.net,2023-12-24,Perú
1604,Vicente,Mireles,davidacevedo@example.net,2023-05-06,Perú
1605,Trinidad,Benítez,nicolaslira@example.org,2023-08-07,Perú
1606,Olivia,Armas,maestasana-maria@example.net,2025-08-22,Perú
1607,Samuel,Vigil,cristobal63@example.org,2025-05-08,Perú
1608,Micaela,Linares,leonorocampo@example.org,2024-10-21,Perú
1609,Bernabé,Rentería,soriatomas@example.net,2023-03-09,Perú
1610,Jorge Luis,Espino,almavaldivia@example.org,2025-04-07,Perú
1611,Octavio,Castillo,lilia60@example.com,2023-05-24,Perú
1612,Anabel,Collazo,zoemelgar@example.com,2025-08-14,Perú
1613,María Cristina,Covarrubias,maximilianocordero@example.org,2025-10-11,Perú
1614,Vicente,Chapa,ydel-valle@example.com,2025-11-20,Perú
1615,Mauro,Ulibarri,miguel55@example.com,2024-02-23,Perú
1616,Linda,Archuleta,felix22@example.com,2025-10-28,Perú
1617,Liliana,Soria,urrutiaguadalupe@example.org,2023-12-17,Perú
1618,Irene,Robledo,amadoroctavio@example.net,2024-06-26,Perú
1619,Lorena,Maestas,anayahomero@example.com,2023-02-23,Perú
1620,Virginia,Armas,pablopaz@example.net,2024-03-27,Perú
1621,Abel,Farías,nbenavidez@example.org,2023-04-29,Perú
1622,Silvia,Molina,eugenio05@example.org,2023-05-19,Perú
1623,Ignacio,Carmona,fidel11@example.com,2024-01-25,Perú
1624,Yeni,Granado,oheredia@example.com,2023-07-06,Perú
1625,Graciela,Vázquez,lde-jesus@example.net,2024-02-10,Perú
1626,Gerardo,Olivera,luevanonicolas@example.net,2023-03-15,Perú
1627,Aida,Pichardo,eugenio73@example.com,2025-11-14,Perú
1628,Carmen,Soliz,matosaurora@example.com,2025-08-05,Perú
1629,Ana Luisa,Aparicio,herediarosalia@example.com,2024-08-19,Perú
1630,Lourdes,Nevárez,orivero@example.com,2023-06-04,Perú
1631,Bernardo,Garza,mauriciomata@example.org,2023-10-29,Perú
1632,Hernán,Ocampo,lsierra@example.org,2023-09-30,Perú
1633,Roberto,Montenegro,olivia67@example.net,2024-06-09,Perú
1634,Maximiliano,Ávila,montenegromitzy@example.net,2025-04-28,Perú
1635,Abel,Montes,miriamcamacho@example.net,2025-04-05,Perú
1636,Pilar,Cepeda,reina79@example.net,2025-05-22,Perú
1637,Delia,Guillen,iperez@example.net,2024-02-09,Perú
1638,Carla,Ponce,josefinaangulo@example.org,2024-06-24,Perú
1639,Leonor,Cazares,jose-manuelrodrigez@example.com,2024-10-04,Perú
1640,Espartaco,Alva,maria-eugeniaresendez@example.net,2024-05-05,Perú
1641,Ricardo,Jaramillo,cristobalverdugo@example.net,2023-07-12,Perú
1642,Miriam,Carrillo,bermudezluis@example.org,2025-03-04,Perú
1643,Liliana,Escobar,madridmonica@example.com,2024-03-13,Perú
1644,Genaro,García,tbernal@example.net,2025-05-12,Perú
1645,Augusto,Griego,margarita66@example.net,2025-03-12,Perú
1646,Enrique,Rolón,monica61@example.net,2025-07-06,Perú
1647,Ruby,Caballero,cervantezgabino@example.com,2024-11-18,Perú
1648,César,Ríos,serafin40@example.com,2024-07-16,Perú
1649,María José,Ramírez,sonia18@example.org,2024-10-19,Perú
1650,Anabel,Jaimes,kmedrano@example.com,2024-01-05,Perú
1651,Marisol,Grijalva,lfonseca@example.com,2024-01-13,Perú
1652,Trinidad,Ávalos,opelayo@example.org,2023-03-14,Perú
1653,Alvaro,Villanueva,gabino69@example.org,2023-10-08,Perú
1654,Benito,Cazares,catalina66@example.com,2025-04-18,Perú
1655,Ana Luisa,Luevano,tania07@example.net,2024-12-08,Perú
1656,Roberto,Gurule,ulloasofia@example.org,2023-02-21,Perú
1657,Yuridia,Borrego,reyesaugusto@example.com,2024-02-29,Perú
1658,Virginia,Cortés,josde-la-garza@example.net,2024-05-10,Perú
1659,Ana Luisa,Pérez,escalanteisabel@example.net,2025-01-29,Perú
1660,Elena,Sanabria,julio-cesar19@example.com,2024-08-25,Perú
1661,Hernán,Baeza,marinofelia@example.org,2025-11-19,Perú
1662,Sessa,Valenzuela,fbeltran@example.org,2025-07-07,Perú
1663,José Emilio,Benavides,mgallegos@example.com,2025-01-28,Perú
1664,Adán,Herrera,lorenatrevino@example.com,2023-05-10,Perú
1665,Darío,Pantoja,bernardo29@example.com,2024-05-09,Perú
1666,Josefina,Valle,hpina@example.org,2024-03-16,Perú
1667,Leonardo,Lozano,ferrerfernando@example.com,2023-04-19,Perú
1668,Débora,Alvarado,romeromargarita@example.net,2023-03-18,Perú
1669,Dulce María,Domínguez,natalia45@example.com,2024-01-05,Perú
1670,Leonardo,Santacruz,salvadororta@example.com,2023-07-15,Perú
1671,Nayeli,Valdez,pablo16@example.org,2024-03-19,Perú
1672,Yeni,Orellana,eloisa31@example.net,2023-03-21,Perú
1673,Miguel Ángel,Llamas,rvarela@example.com,2025-10-28,Perú
1674,Amelia,Rocha,daniel25@example.com,2023-01-11,Perú
1675,Amador,Jaime,fariashugo@example.org,2023-08-24,Perú
1676,Mauro,del Río,leticia48@example.com,2023-02-05,Perú
1677,Anabel,Armas,estebansosa@example.net,2024-08-11,Perú
1678,Adriana,Bahena,nmares@example.com,2023-03-30,Perú
1679,Estefanía,Laboy,ana36@example.net,2025-09-10,Perú
1680,René,Herrera,xgurule@example.org,2023-05-29,Perú
1681,Felix,Barajas,tbeltran@example.org,2025-01-16,Perú
1682,Santiago,Calderón,carlagaray@example.com,2024-08-08,Perú
1683,Cristobal,Paz,quinterojos@example.org,2024-03-29,Perú
1684,Dulce,Crespo,claudia58@example.org,2023-09-18,Perú
1685,Olga,Ramón,dsandoval@example.net,2025-08-08,Perú
1686,Linda,Razo,mvelez@example.net,2023-02-04,Perú
1687,Alfonso,Trujillo,homero00@example.net,2024-02-18,Perú
1688,Eloy,Mata,hector34@example.org,2023-11-08,Perú
1689,Gabino,Mota,edelgadillo@example.com,2023-09-04,Perú
1690,Raúl,Galván,ricoclaudio@example.com,2025-04-14,Perú
1691,Georgina,Cabán,bruno24@example.org,2023-07-23,Perú
1692,Luisa,Soria,juliafranco@example.net,2024-03-01,Perú
1693,Federico,Granados,qbarraza@example.net,2023-09-24,Perú
1694,Julio César,Vallejo,gsarabia@example.org,2025-01-13,Perú
1695,Uriel,Raya,jose-eduardomarrero@example.org,2023-08-05,Perú
1696,Pamela,Sotelo,eorta@example.org,2023-04-23,Perú
1697,Pedro,Corral,homeropalacios@example.net,2025-01-04,Perú
1698,Margarita,Alba,israel38@example.net,2025-11-28,Perú
1699,Rolando,Ocasio,jose83@example.org,2023-02-21,Perú
1700,Cristobal,Ozuna,bernardovargas@example.org,2025-01-28,Perú
1701,Linda,Rosas,alemanfidel@example.net,2023-07-17,Perú
1702,José Eduardo,Garay,alta-gracia86@example.org,2023-11-30,Perú
1703,Minerva,Fernández,ernesto75@example.org,2025-02-19,Perú
1704,Maximiliano,Meléndez,citlaliirizarry@example.org,2023-03-13,Perú
1705,Timoteo,Tijerina,crivera@example.org,2024-10-23,Perú
1706,Elvia,Barraza,gerardo81@example.org,2023-11-19,Perú
1707,María Eugenia,Valdés,patriciasaldivar@example.com,2023-03-18,Perú
1708,Fabiola,Sáenz,benitoarevalo@example.net,2024-02-17,Perú
1709,Ana Luisa,Pacheco,fsamaniego@example.org,2023-09-07,Perú
1710,Juan,Nieves,vanesa11@example.org,2024-09-27,Perú
1711,Vicente,Lozano,avalle@example.com,2025-04-09,Perú
1712,Tania,Muñiz,lorena01@example.org,2024-09-05,Perú
1713,Vanesa,Espino,salvadorvaldes@example.net,2025-10-31,Perú
1714,Gustavo,Mateo,eugenio94@example.net,2025-03-23,Perú
1715,Paulina,Arriaga,melgarlorena@example.org,2025-09-01,Perú
1716,Arturo,Gonzales,echeverriaadan@example.net,2024-04-16,Perú
1717,Karina,Nazario,jonasulibarri@example.org,2023-07-12,Perú
1718,Florencia,Calderón,fpadilla@example.com,2023-12-02,Perú
1719,Nadia,Villaseñor,ivan57@example.org,2025-09-11,Perú
1720,Jacobo,Saucedo,valleteresa@example.net,2024-09-17,Perú
1721,Pedro,Jimínez,zvaldes@example.org,2024-08-13,Perú
1722,Blanca,Zapata,maria-teresa56@example.net,2024-11-14,Perú
1723,Lilia,Rocha,havalos@example.com,2023-01-10,Perú
1724,Gerónimo,Quintero,uestrada@example.net,2025-11-12,Perú
1725,David,Bonilla,ramon36@example.net,2024-01-09,Perú
1726,Roberto,Fajardo,velascodaniela@example.org,2025-09-15,Perú
1727,Juan Carlos,Carrillo,pamelaperea@example.net,2025-08-14,Perú
1728,Julia,Reséndez,eveliogalvez@example.net,2023-11-01,Perú
1729,Marisela,Ureña,florenciarico@example.org,2025-05-27,Perú
1730,Mercedes,Tórrez,abel64@example.com,2025-04-15,Perú
1731,Inés,Mejía,grijalvacarmen@example.org,2024-08-13,Perú
1732,Ángel,Munguía,urbinaaurelio@example.com,2023-08-10,Perú
1733,Gabriel,Tovar,marianoarce@example.com,2024-08-27,Perú
1734,Aldonza,Mondragón,jorge-luis78@example.org,2023-06-03,Perú
1735,Helena,Mateo,oliver98@example.net,2023-06-18,Perú
1736,Florencia,Pelayo,jose-eduardo61@example.org,2025-11-09,Perú
1737,Darío,Fierro,maguilera@example.org,2024-11-08,Perú
1738,Perla,Vásquez,maria-joserobles@example.org,2024-12-30,Perú
1739,Dalia,Rolón,qlerma@example.com,2025-06-01,Perú
1740,Humberto,Páez,brunofonseca@example.org,2025-09-20,Perú
1741,Esteban,Calderón,harevalo@example.net,2024-05-14,Perú
1742,Mauro,Prieto,warmendariz@example.org,2024-06-28,Perú
1743,Concepción,Curiel,corderojose@example.net,2024-02-10,Perú
1744,Adela,Roldán,pverdugo@example.com,2025-07-13,Perú
1745,Ignacio,Ledesma,ana-maria08@example.org,2023-12-31,Perú
1746,Cynthia,Acuña,zacariascollazo@example.org,2024-05-28,Perú
1747,Octavio,Hernádez,mercedes96@example.net,2023-09-27,Perú
1748,Reynaldo,Arellano,jose-manuel51@example.com,2023-05-28,Perú
1749,Bernardo,Rendón,razoindira@example.org,2024-03-15,Perú
1750,Aldonza,Moya,nsolano@example.net,2023-04-21,Perú
1751,Rodolfo,Benavídez,mraya@example.com,2024-09-08,Perú
1752,Rodrigo,Ledesma,ledesmamodesto@example.net,2023-04-04,Perú
1753,Esther,Ballesteros,adrianameraz@example.com,2024-07-31,Perú
1754,Dalia,Rivera,eloisalongoria@example.net,2023-03-06,Perú
1755,Emilia,Serrano,ulloajuan@example.org,2024-03-06,Perú
1756,José Manuél,Vallejo,ruben16@example.com,2024-03-03,Perú
1757,Gregorio,Rivas,limonabraham@example.org,2023-10-16,Perú
1758,Carlos,Meraz,clementesaldana@example.net,2024-10-28,Perú
1759,Salvador,Chavarría,mirandaelisa@example.net,2025-04-16,Perú
1760,Gloria,Gracia,alfredo67@example.com,2025-02-09,Perú
1761,Miguel,Paz,hilda88@example.net,2023-11-29,Perú
1762,Carlos,Rivera,linaresgabriel@example.net,2025-08-16,Perú
1763,María,Pizarro,zeferinoornelas@example.net,2025-10-29,Perú
1764,Isaac,Espinal,montanezcornelio@example.org,2023-05-26,Perú
1765,Ernesto,Ávila,resendezanel@example.com,2023-01-27,Perú
1766,Sofía,Echeverría,cabreravictoria@example.org,2024-11-11,Perú
1767,Alberto,Montemayor,alta-gracia49@example.net,2025-03-31,Perú
1768,Patricia,Espinosa,cornejogilberto@example.net,2025-05-17,Perú
1769,Minerva,Cardona,marisolescobedo@example.net,2024-03-19,Perú
1770,Lucas,Trejo,helena00@example.org,2024-03-31,Perú
1771,Gloria,Olivera,quinonescristal@example.org,2024-02-06,Perú
1772,Mayte,Orellana,cardonagabriela@example.net,2023-05-24,Perú
1773,Norma,Marrero,plucero@example.org,2024-01-24,Perú
1774,Leticia,Iglesias,mateozavala@example.org,2024-02-21,Perú
1775,Esmeralda,Lozano,jose-eduardoanguiano@example.org,2025-09-04,Perú
1776,Julio,Casillas,fcedillo@example.org,2025-07-21,Perú
1777,Aurelio,Vaca,vegaana@example.org,2025-06-05,Perú
1778,Claudia,Serrano,rorozco@example.com,2024-09-26,Perú
1779,Eugenio,Collado,casanovajudith@example.com,2024-03-13,Perú
1780,Renato,Nájera,antoniotafoya@example.net,2024-01-14,Perú
1781,Minerva,Valle,lucioignacio@example.net,2023-03-28,Perú
1782,Ariadna,Sánchez,quintanaestela@example.org,2024-06-14,Perú
1783,Esteban,Bravo,padroncristian@example.com,2023-01-05,Perú
1784,Esteban,Iglesias,cristiangaray@example.org,2025-10-12,Perú
1785,Espartaco,Roque,alopez@example.org,2025-09-28,Perú
1786,Silvano,Castillo,csoliz@example.com,2025-02-27,Perú
1787,Cornelio,Méndez,hernan48@example.org,2023-04-15,Perú
1788,Karina,Salas,raul95@example.com,2024-12-07,Perú
1789,Esther,Rodríguez,zarateelisa@example.org,2023-07-16,Perú
1790,Héctor,Tapia,elena79@example.org,2025-01-14,Perú
1791,Camilo,Ramón,estebanroldan@example.com,2023-04-04,Perú
1792,Carla,Domínguez,ana-luisamontez@example.net,2023-01-19,Perú
1793,Cristobal,Barrientos,cervantezjuan-carlos@example.net,2024-01-30,Perú
1794,José Carlos,Gaitán,yeniquintero@example.com,2025-09-24,Perú
1795,Citlali,del Río,alonzoleonor@example.com,2024-09-30,Perú
1796,Pablo,Robles,elvia14@example.net,2024-10-22,Perú
1797,Reina,Barraza,jose-emiliovalentin@example.org,2025-08-09,Perú
1798,Guadalupe,Partida,rodrigoulibarri@example.net,2025-11-23,Perú
1799,Mariana,Salazar,ldelgado@example.net,2023-07-23,Perú
1800,Aurora,Cotto,nellyrendon@example.org,2023-03-25,Perú
1801,María Luisa,Corral,archuletasamuel@example.net,2024-11-26,Perú
1802,Magdalena,Saiz,dguevara@example.com,2024-03-07,Perú
1803,Catalina,Casas,eespinal@example.com,2025-10-01,Perú
1804,Diego,Perea,samuel84@example.org,2023-03-04,Perú
1805,Abigail,Gaitán,luzromo@example.org,2024-03-14,Perú
1806,Maximiliano,Casillas,buenoamanda@example.org,2024-11-11,Perú
1807,Ruby,Ybarra,melgarsantiago@example.net,2024-03-12,Perú
1808,Santiago,Zamudio,jeronimo04@example.net,2024-11-13,Perú
1809,Isabel,Padilla,qolivares@example.net,2023-04-03,Perú
1810,Alonso,Hernádez,narroyo@example.org,2023-10-27,Perú
1811,Raquel,Granados,gilursula@example.org,2023-12-18,Perú
1812,Manuel,de Jesús,arellanosoledad@example.org,2024-08-31,Perú
1813,Vicente,Ybarra,ignaciosoria@example.org,2023-07-05,Perú
1814,Andrés,Cisneros,brisenomarcos@example.com,2023-04-03,Perú
1815,Ramiro,Apodaca,natalia35@example.org,2025-04-30,Perú
1816,Fabiola,Matías,descobar@example.org,2023-05-26,Perú
1817,Gerardo,Espinal,jose-eduardonaranjo@example.org,2025-03-15,Perú
1818,Alvaro,Farías,inessaucedo@example.com,2024-01-31,Perú
1819,Beatriz,Negrete,dulce-mariapina@example.com,2024-12-26,Perú
1820,Concepción,Alonso,jmascarenas@example.com,2025-01-21,Perú
1821,Elvira,Patiño,carrionmarcos@example.com,2023-03-31,Perú
1822,Eduardo,Alonzo,augustomarrero@example.net,2024-01-07,Perú
1823,Uriel,Pacheco,jimenezjoaquin@example.org,2025-06-28,Perú
1824,Horacio,Bétancourt,morenocristina@example.com,2023-02-17,Perú
1825,Olivia,Carrasco,victorbotello@example.com,2025-05-08,Perú
1826,Leonardo,Munguía,preciadojose-luis@example.net,2024-11-09,Perú
1827,Héctor,Villalobos,cmanzanares@example.net,2023-05-20,Perú
1828,Rocío,Valladares,molinaespartaco@example.net,2023-09-13,Perú
1829,Rodrigo,Vaca,montanoenrique@example.com,2023-11-11,Perú
1830,Gregorio,Batista,oliveralcantar@example.com,2023-03-31,Perú
1831,Carla,Valadez,cjurado@example.com,2025-10-17,Perú
1832,Blanca,Samaniego,bcollazo@example.org,2025-04-08,Perú
1833,Irma,Solorio,estela33@example.org,2023-03-19,Perú
1834,Guillermina,Valencia,modesto55@example.net,2023-08-02,Perú
1835,Soledad,Loya,nadiaybarra@example.net,2023-04-12,Perú
1836,Carlota,Montero,espinosamartin@example.org,2024-11-21,Perú
1837,Clemente,Cepeda,velasquezclaudio@example.org,2025-07-16,Perú
1838,Antonio,Carrión,alcalajose-emilio@example.net,2024-10-29,Perú
1839,Vanesa,Gaytán,jose-mariamarquez@example.org,2023-08-21,Perú
1840,María,Zapata,dario78@example.net,2024-09-05,Perú
1841,María Cristina,Calvillo,bcuellar@example.net,2024-06-24,Perú
1842,Emilio,Quiñones,irma05@example.com,2024-03-07,Perú
1843,Gregorio,Granados,pamela91@example.com,2023-06-11,Perú
1844,Leonardo,Roldán,guadalupe94@example.org,2024-04-06,Perú
1845,Yeni,Matos,echeverriaindira@example.net,2025-02-28,Perú
1846,Jacinto,Campos,mirelesmariano@example.net,2023-07-30,Perú
1847,Camilo,Sánchez,jaime80@example.com,2025-11-07,Perú
1848,Elisa,Pineda,noriegadaniela@example.com,2025-04-02,Perú
1849,Nadia,Vera,camila44@example.net,2024-01-23,Perú
1850,Carolina,Godoy,dmontanez@example.com,2025-10-06,Perú
1851,Bianca,Castro,valentinminerva@example.org,2025-02-15,Perú
1852,Hugo,Camarillo,cervantessessa@example.org,2024-01-20,Perú
1853,Susana,Ramos,vbriones@example.net,2023-11-13,Perú
1854,Zoé,Sánchez,dlopez@example.org,2025-06-02,Perú
1855,Liliana,Méndez,leivaaurelio@example.org,2025-06-25,Perú
1856,Pablo,Saldivar,lvaldivia@example.org,2024-09-21,Perú
1857,Aldo,Corona,elviraparedes@example.com,2023-09-26,Perú
1858,Alejandra,Huerta,wilfrido28@example.com,2024-03-14,Perú
1859,Antonio,Crespo,andreacornejo@example.com,2025-07-05,Perú
1860,Karla,Benavídez,casarezalonso@example.com,2024-05-12,Perú
1861,Reina,Villarreal,vmartinez@example.org,2025-06-27,Perú
1862,Guadalupe,Torres,hugoarteaga@example.com,2024-12-10,Perú
1863,Anabel,Alvarez,tamezrocio@example.net,2023-06-12,Perú
1864,Noemí,Ibarra,ariadna71@example.org,2023-01-06,Perú
1865,Irene,Espino,ncorrea@example.org,2024-12-01,Perú
1866,Irma,Iglesias,naragon@example.com,2023-05-20,Perú
1867,Leticia,Guillen,lnoriega@example.com,2024-05-17,Perú
1868,Enrique,Rael,yrodriquez@example.org,2023-04-22,Perú
1869,Pablo,Moreno,usamaniego@example.org,2023-05-23,Perú
1870,Rafaél,Puente,vanesa22@example.com,2024-05-22,Perú
1871,Raúl,Caldera,francisco59@example.com,2025-10-11,Perú
1872,Carlos,Menéndez,guardadosilvano@example.net,2025-07-03,Perú
1873,Sessa,Zarate,jaramillowilfrido@example.net,2023-04-25,Perú
1874,Rodrigo,Jimínez,cgurule@example.org,2023-02-14,Perú
1875,Diana,Jaimes,xmelendez@example.com,2024-11-17,Perú
1876,Elvia,Valdivia,cortezmayte@example.org,2025-10-07,Perú
1877,Pascual,Zapata,amadormendez@example.org,2023-04-23,Perú
1878,Andrea,Villegas,itzelespino@example.org,2023-08-30,Perú
1879,Esperanza,Manzanares,aidadiaz@example.net,2025-09-11,Perú
1880,Armando,Galarza,yramos@example.com,2024-10-11,Perú
1881,Mónica,Segura,patriciaperales@example.org,2023-07-09,Perú
1882,Marisol,Olivas,vasquezdavid@example.org,2023-05-25,Perú
1883,Esperanza,Barrientos,lilianaalarcon@example.com,2025-01-22,Perú
1884,Alberto,Dueñas,amandavarela@example.net,2024-07-09,Perú
1885,Jacobo,Chavarría,szuniga@example.net,2024-12-30,Perú
1886,Elsa,Sevilla,teodoro56@example.org,2023-03-17,Perú
1887,María José,Batista,violetacisneros@example.net,2025-11-03,Perú
1888,María Luisa,Rodríquez,magdalenavela@example.net,2024-06-18,Perú
1889,Trinidad,Benítez,brunojasso@example.org,2025-03-29,Perú
1890,Homero,Ramírez,sierraamelia@example.net,2025-08-21,Perú
1891,Camila,Márquez,gordonez@example.net,2023-04-12,Perú
1892,Abraham,León,verduzcoalvaro@example.org,2023-02-05,Perú
1893,Guillermo,Ríos,raulbatista@example.net,2025-09-28,Perú
1894,Eloisa,Carrero,marcela81@example.com,2025-01-03,Perú
1895,Arcelia,Aparicio,zoe70@example.com,2024-07-15,Perú
1896,Teresa,Arevalo,jaime46@example.org,2023-12-11,Perú
1897,Mónica,Juárez,ramonpuente@example.org,2025-11-28,Perú
1898,Francisco Javier,Segura,friasfrancisca@example.org,2025-05-09,Perú
1899,Magdalena,Palomino,juradohector@example.net,2024-09-21,Perú
1900,Rosario,Barraza,jose-luispalomino@example.net,2024-08-08,Perú
1901,Antonia,Rodríquez,marthasantacruz@example.net,2025-06-29,Perú
1902,María Cristina,Viera,uvela@example.com,2023-12-24,Perú
1903,Carolina,Nava,uriasmario@example.net,2023-07-25,Perú
1904,César,Jaimes,ramonespinal@example.net,2025-02-12,Perú
1905,Aurelio,Villareal,jorge-luis59@example.com,2024-07-14,Perú
1906,Magdalena,Iglesias,daniel53@example.net,2024-02-15,Perú
1907,Ricardo,Almaraz,lbonilla@example.net,2024-12-06,Perú
1908,Bernabé,Tafoya,jose-eduardocasillas@example.net,2023-12-26,Perú
1909,Dulce María,Bustamante,escalantenatalia@example.net,2025-08-07,Perú
1910,Pascual,Sepúlveda,leonor44@example.org,2025-01-24,Perú
1911,Conchita,Guerrero,martha83@example.net,2025-01-17,Perú
1912,Antonia,Guzmán,munizemiliano@example.org,2024-09-16,Perú
1913,María del Carmen,Ornelas,cberrios@example.org,2025-08-08,Perú
1914,Gregorio,Salinas,nayeli80@example.net,2023-07-19,Perú
1915,Angélica,Palomo,daniel82@example.org,2025-09-08,Perú
1916,Andrea,Mendoza,adande-la-torre@example.net,2024-09-23,Perú
1917,Miguel,Gómez,rinconhermelinda@example.org,2023-12-13,Perú
1918,Ilse,Preciado,ricardoalejandro@example.com,2023-11-23,Perú
1919,Isaac,Ramírez,carreraestela@example.com,2024-03-27,Perú
1920,Fabiola,Pedraza,echeverriavicente@example.net,2023-12-27,Perú
1921,Nayeli,Villalobos,ines39@example.com,2024-05-18,Perú
1922,Ricardo,Lara,germanveliz@example.org,2023-11-14,Perú
1923,Miguel,Bernal,cardenasemilio@example.net,2023-11-16,Perú
1924,Micaela,Gálvez,eugenio45@example.org,2025-06-20,Perú
1925,Marisol,Santillán,acarranza@example.com,2025-10-21,Perú
1926,Reynaldo,Montero,cgonzales@example.com,2025-02-09,Perú
1927,Ana Luisa,Perales,ocasioelisa@example.org,2024-12-29,Perú
1928,Abigail,Olmos,mmorales@example.com,2023-11-12,Perú
1929,Martín,Roybal,hugolucero@example.org,2024-08-07,Perú
1930,Hugo,Altamirano,bluevano@example.org,2025-05-15,Perú
1931,Noemí,Becerra,jose-mariapalacios@example.org,2025-02-20,Perú
1932,Bianca,Franco,rosa97@example.com,2023-01-15,Perú
1933,Carlos,Zamora,alejandragracia@example.org,2024-05-15,Perú
1934,Esparta,Abrego,fidelmascarenas@example.org,2023-03-11,Perú
1935,Elisa,Lucero,nhuerta@example.com,2023-08-22,Perú
1936,Modesto,Gonzales,soniaperes@example.com,2024-04-16,Perú
1937,Gilberto,Benavides,alonsopablo@example.net,2023-10-07,Perú
1938,Sofía,Sáenz,julia74@example.org,2025-05-21,Perú
1939,Noelia,Barrera,ncalvillo@example.org,2023-01-19,Perú
1940,José Carlos,Valadez,soledadsantana@example.org,2024-10-28,Perú
1941,Benjamín,Montaño,elias80@example.org,2023-08-01,Perú
1942,Silvano,Leal,aurelioiglesias@example.net,2023-09-25,Perú
1943,Maximiliano,Balderas,gonzalo67@example.com,2023-05-05,Perú
1944,Paola,Menéndez,rufino08@example.org,2023-03-08,Perú
1945,Soledad,Zúñiga,santiagosocorro@example.com,2023-04-02,Perú
1946,Clemente,Jaramillo,rosacrespo@example.net,2025-09-12,Perú
1947,Gabino,Miramontes,ramirezricardo@example.com,2024-06-18,Perú
1948,Magdalena,Barreto,melendeztania@example.com,2024-10-20,Perú
1949,Zeferino,Navarro,penaabril@example.com,2023-02-24,Perú
1950,Olivia,Díaz,jaimesaugusto@example.net,2025-08-21,Perú
1951,Eric,Ávalos,oquendomanuel@example.com,2024-06-02,Perú
1952,Carlos,Guerra,jorge-luis66@example.org,2024-08-23,Perú
1953,Marco Antonio,Ávalos,jaramillojulia@example.org,2024-07-08,Perú
1954,Carlos,Nieto,cristal92@example.net,2024-02-28,Perú
1955,Claudia,Rubio,susana02@example.org,2025-09-28,Perú
1956,Eloisa,Robledo,martha49@example.com,2024-02-10,Perú
1957,José Luis,Ayala,kquiroz@example.net,2024-02-07,Perú
1958,Soledad,Vallejo,carbajalcamilo@example.com,2023-09-19,Perú
1959,Lilia,Rico,velizjose-emilio@example.org,2025-05-26,Perú
1960,Nayeli,Rolón,sara66@example.com,2025-08-24,Perú
1961,María Luisa,Serrato,espinosasantiago@example.com,2023-12-24,Perú
1962,Rosa,Galván,garridonayeli@example.org,2025-03-23,Perú
1963,Mayte,Castellanos,irmapena@example.com,2023-12-28,Perú
1964,Rufino,Granados,tamezleonardo@example.com,2023-02-25,Perú
1965,Ana Luisa,Vaca,deliasolis@example.net,2024-11-20,Perú
1966,Augusto,Marroquín,trinidadapodaca@example.net,2024-04-21,Perú
1967,Carlos,Zepeda,fmeza@example.org,2024-05-28,Perú
1968,Adriana,Lovato,tirizarry@example.net,2024-09-16,Perú
1969,Cecilia,Lomeli,jose-eduardocaballero@example.net,2023-09-25,Perú
1970,Ilse,Lovato,jose-emilio32@example.org,2024-11-01,Perú
1971,María Luisa,Collado,dominguezivan@example.org,2025-10-02,Perú
1972,Ignacio,Zayas,delgadoblanca@example.com,2024-11-21,Perú
1973,Abigail,Laureano,elias33@example.com,2025-06-29,Perú
1974,Eugenio,Robles,rolandomontenegro@example.net,2023-02-15,Perú
1975,María Cristina,Quiroz,lourdesmacias@example.net,2023-09-01,Perú
1976,Augusto,Riojas,fabiolalimon@example.org,2023-03-03,Perú
1977,Yeni,Pacheco,adelaanguiano@example.org,2024-02-27,Perú
1978,Hugo,Valentín,uriel75@example.com,2024-02-16,Perú
1979,Ignacio,Cortés,ecruz@example.net,2024-06-17,Perú
1980,Darío,Salazar,chavezveronica@example.net,2023-01-11,Perú
1981,Horacio,Perales,guillermo75@example.net,2023-07-01,Perú
1982,Juan,Magaña,carrerodulce@example.org,2024-02-19,Perú
1983,Héctor,Alvarez,celia65@example.net,2025-04-03,Perú
1984,María Cristina,Moreno,nvenegas@example.com,2024-04-01,Perú
1985,Judith,Canales,vacasandra@example.com,2025-03-30,Perú
1986,Ivonne,Quintero,jiminezreina@example.com,2024-07-17,Perú
1987,Aldonza,Salas,jose90@example.net,2024-08-02,Perú
1988,José Eduardo,Casas,pantojaeduardo@example.net,2025-05-11,Perú
1989,Espartaco,Prieto,ggriego@example.org,2023-06-04,Perú
1990,Esmeralda,Rincón,ruben63@example.com,2025-07-08,Perú
1991,Débora,Roybal,bmontemayor@example.com,2024-04-03,Perú
1992,Mónica,Téllez,ggalvez@example.org,2024-07-02,Perú
1993,Gabino,Leiva,ahidalgo@example.org,2023-12-14,Perú
1994,Verónica,Díaz,emiliano70@example.com,2024-05-01,Perú
1995,Rosalia,de la Torre,zarreola@example.org,2024-08-02,Perú
1996,Alberto,Espinosa,federico07@example.net,2025-01-05,Perú
1997,Benjamín,Valles,carlotarocha@example.com,2024-05-06,Perú
1998,Cornelio,Montaño,mitzy83@example.com,2024-04-09,Perú
1999,Gerónimo,Vergara,oscar20@example.com,2024-01-07,Perú
2000,Wendolin,Ceballos,enriqueperalta@example.com,2023-09-29,Perú
2001,Gustavo,Riojas,asuncion86@example.com,2024-09-12,Perú
2002,Bianca,Carrión,tburgos@example.com,2024-11-27,Perú
2003,Ángel,Calderón,porfiriobrito@example.org,2024-11-02,Perú
2004,Juan,Amaya,marthamata@example.org,2023-07-04,Perú
2005,Daniela,Delgado,qcarrasco@example.com,2025-09-08,Perú
2006,Teodoro,Tamayo,renatomarrero@example.com,2025-04-22,Perú
2007,Julio,Pérez,rene94@example.com,2024-09-23,Perú
2008,Vicente,Maldonado,fernandogaitan@example.com,2023-06-01,Perú
2009,Clemente,Alejandro,pascual61@example.net,2023-08-10,Perú
2010,Dolores,Peralta,ramirotirado@example.org,2025-03-12,Perú
2011,Jaqueline,Hinojosa,emiliaverduzco@example.net,2024-09-29,Perú
2012,Yeni,Mora,riverohermelinda@example.org,2024-03-06,Perú
2013,Ana Luisa,Guillen,mercedes40@example.net,2024-10-17,Perú
2014,Dulce,Echeverría,bperalta@example.com,2023-10-28,Perú
2015,María Cristina,Mena,salaswilfrido@example.org,2023-06-10,Perú
2016,Olivia,Zúñiga,tejadageronimo@example.com,2025-05-26,Perú
2017,Mitzy,Anaya,elias42@example.com,2025-09-07,Perú
2018,Bernardo,Gutiérrez,guillenminerva@example.com,2024-05-04,Perú
2019,Mariana,Verduzco,luisvanegas@example.org,2023-10-18,Perú
2020,Mariano,Griego,yenirios@example.org,2025-09-01,Perú
2021,Mateo,Arenas,cottosilvano@example.net,2024-10-07,Perú
2022,Carla,Olivas,silvia86@example.com,2024-05-29,Perú
2023,Leonel,Acuña,pichardomarco-antonio@example.org,2024-03-08,Perú
2024,Daniel,Arias,marisolramos@example.org,2025-02-22,Perú
2025,Mariana,Vargas,cisnerosivan@example.net,2024-01-28,Perú
2026,Gustavo,Durán,calvillomaximiliano@example.org,2024-08-30,Perú
2027,Trinidad,Zaragoza,alta-graciaontiveros@example.com,2025-06-19,Perú
2028,Abigail,Santiago,gloria98@example.com,2025-06-04,Perú
2029,Ruby,Regalado,maria-eugenia05@example.org,2023-06-01,Perú
2030,Cristobal,Núñez,cervantesnayeli@example.com,2024-12-06,Perú
2031,Óliver,Lira,colungasalma@example.com,2024-03-20,Perú
2032,Aldonza,Vergara,vmeza@example.net,2024-09-25,Perú
2033,Lorenzo,Varela,cesarceballos@example.com,2025-04-08,Perú
2034,Luz,Marín,quezadaflorencia@example.org,2023-11-10,Perú
2035,Julio César,Tamayo,francisca05@example.net,2023-07-03,Perú
2036,Cynthia,Caballero,armendarizhermelinda@example.net,2025-06-27,Perú
2037,Gonzalo,Tejada,arcelianoriega@example.net,2025-02-04,Perú
2038,Ricardo,Arevalo,emiliavera@example.org,2025-07-26,Perú
2039,Enrique,Arguello,benito30@example.org,2024-08-16,Perú
2040,Martín,Romo,anguianoeva@example.net,2025-08-03,Perú
2041,Javier,Jaimes,santiago82@example.org,2025-10-09,Perú
2042,Magdalena,Gómez,vacavanesa@example.org,2023-09-08,Perú
2043,Mateo,del Valle,kreyes@example.net,2023-08-18,Perú
2044,Amelia,Abrego,mercedes20@example.org,2025-06-23,Perú
2045,Salma,Mayorga,castellanosemilio@example.net,2025-07-28,Perú
2046,Karla,Cervántez,halcaraz@example.net,2023-07-19,Perú
2047,María Teresa,Collado,vierarosa@example.net,2024-03-22,Perú
2048,Nayeli,Rodríquez,lorenzo92@example.com,2025-10-28,Perú
2049,Estefanía,Calderón,alvaradomercedes@example.net,2025-03-21,Perú
2050,Minerva,Ybarra,riosisaac@example.net,2023-09-01,Perú
2051,Leticia,Villegas,leonardo96@example.com,2024-01-08,Perú
2052,Teresa,Alba,maytecasares@example.com,2023-07-04,Perú
2053,Francisco,Hernádez,ruben11@example.org,2025-02-27,Perú
2054,Norma,Zayas,agomez@example.org,2024-04-10,Perú
2055,Humberto,Lucio,halvarado@example.com,2023-07-06,Perú
2056,Hermelinda,Sanches,inespizarro@example.com,2024-12-24,Perú
2057,Marcela,Bahena,anaayala@example.com,2025-10-25,Perú
2058,Arcelia,Arevalo,buenowendolin@example.org,2024-10-23,Perú
2059,Francisca,Moreno,luzsalcido@example.org,2024-03-18,Perú
2060,Guadalupe,Salas,paolaleal@example.net,2024-10-02,Perú
2061,Antonio,Soto,bcedillo@example.net,2023-01-25,Perú
2062,Oswaldo,Solano,valentinrocio@example.com,2024-08-18,Perú
2063,José Manuél,Espinoza,yaviles@example.net,2025-05-18,Perú
2064,Víctor,Ramos,cpalomino@example.net,2025-04-18,Perú
2065,Blanca,Cisneros,estefania05@example.org,2024-07-19,Perú
2066,César,Quiñónez,eloisacampos@example.org,2024-08-05,Perú
2067,Isabela,Valenzuela,pugaana@example.com,2024-05-31,Perú
2068,Cynthia,Frías,nancy88@example.com,2023-02-01,Perú
2069,Estefanía,Olmos,acevedofelipe@example.net,2023-07-21,Perú
2070,Martín,Casárez,adanhenriquez@example.com,2025-05-10,Perú
2071,Octavio,Velásquez,rafaelduran@example.org,2024-03-16,Perú
2072,Patricio,Valles,gabriela43@example.net,2023-12-26,Perú
2073,Francisco Javier,Soria,tejedamargarita@example.org,2025-08-28,Perú
2074,José Eduardo,Castro,hzamora@example.net,2025-02-02,Perú
2075,Gabriel,Galindo,wverdugo@example.org,2024-05-16,Perú
2076,Rosa,Pantoja,ruelasramiro@example.com,2025-09-21,Perú
2077,Daniela,Altamirano,elena14@example.org,2023-06-08,Perú
2078,Esteban,Enríquez,irmaapodaca@example.org,2024-03-02,Perú
2079,Vanesa,Ortiz,luisa43@example.org,2024-08-10,Perú
2080,Patricio,Ávila,zeferino35@example.com,2023-05-23,Perú
2081,Ofelia,Arroyo,javier17@example.net,2025-07-22,Perú
2082,Clara,Matías,kordonez@example.com,2025-08-02,Perú
2083,Aurora,Perea,fidelceballos@example.org,2024-11-17,Perú
2084,José Luis,Bueno,guillermosaavedra@example.org,2024-10-10,Perú
2085,Georgina,Leiva,eloisaurrutia@example.net,2023-01-07,Perú
2086,Amalia,Barragán,olivarezmaximiliano@example.net,2025-04-20,Perú
2087,Noelia,Huerta,agustinorosco@example.net,2025-10-20,Perú
2088,Susana,Paredes,fgalindo@example.net,2024-10-02,Perú
2089,Anel,Solano,ctrevino@example.net,2024-11-01,Perú
2090,Ruby,Sandoval,saucedaclaudio@example.com,2025-05-29,Perú
2091,Cynthia,Gallardo,arceliamascarenas@example.org,2024-09-19,Perú
2092,Patricio,Serrato,reynaldo87@example.net,2025-11-25,Perú
2093,Gabino,Soto,rubysauceda@example.net,2023-10-03,Perú
2094,Juan Carlos,Flores,trosales@example.org,2024-04-17,Perú
2095,Noemí,Alcala,de-la-ovicente@example.net,2024-09-09,Perú
2096,Alonso,Valdés,aguirreguillermina@example.org,2024-05-08,Perú
2097,Óscar,Aguilar,lauraortega@example.org,2025-04-15,Perú
2098,Mauricio,Valle,angelica42@example.org,2025-02-28,Perú
2099,Lucas,Caldera,vanesaballesteros@example.com,2024-06-11,Perú
2100,Gerardo,Farías,norma17@example.org,2023-07-17,Perú
2101,Judith,Rosas,maria-josemayorga@example.com,2024-07-26,Perú
2102,Hilda,Chapa,menendezruby@example.org,2023-10-03,Perú
2103,Graciela,Esparza,pamela40@example.org,2024-06-21,Perú
2104,Dulce María,Armas,fabiolacoronado@example.com,2023-03-25,Perú
2105,Alberto,Linares,lilia87@example.com,2023-12-28,Perú
2106,Isabela,Durán,fernandobecerra@example.com,2023-08-15,Perú
2107,Dalia,Camarillo,quesadaclaudio@example.org,2025-01-11,Perú
2108,Miguel Ángel,Serrato,luis-miguelmorales@example.org,2025-05-24,Perú
2109,Salvador,Beltrán,marisela39@example.net,2023-09-19,Perú
2110,Ignacio,Alfaro,noemialcaraz@example.net,2023-06-24,Perú
2111,Jerónimo,Tejada,saraalfaro@example.net,2023-07-31,Perú
2112,Luisa,Miramontes,nayeli50@example.com,2023-03-12,Perú
2113,Dalia,Gutiérrez,eugenio61@example.com,2024-10-19,Perú
2114,Mauro,Serrato,jorgegrijalva@example.net,2025-09-28,Perú
2115,Juana,León,adan86@example.net,2024-03-24,Perú
2116,Silvano,Alba,hprado@example.org,2024-01-13,Perú
2117,Abraham,Ybarra,partidafrancisco@example.net,2023-09-30,Perú
2118,Timoteo,Saldaña,spantoja@example.com,2025-03-10,Perú
2119,Susana,Torres,noelia43@example.com,2024-10-30,Perú
2120,Isaac,Armenta,mateolara@example.org,2023-10-21,Perú
2121,Espartaco,Manzanares,alta-gracia54@example.net,2025-03-24,Perú
2122,Esparta,Palacios,najerajuan-carlos@example.net,2024-07-13,Perú
2123,Soledad,Pacheco,escamillaaldo@example.net,2023-03-28,Perú
2124,Hugo,Rodrígez,eduardosolorzano@example.net,2025-06-08,Perú
2125,Mariana,Parra,abigail63@example.org,2025-08-21,Perú
2126,Mitzy,Matías,varelamitzy@example.net,2024-04-19,Perú
2127,Ignacio,de la Torre,hidalgoofelia@example.net,2025-08-30,Perú
2128,Silvia,Godoy,juan-carlossantacruz@example.net,2024-02-07,Perú
2129,Lorena,Marrero,gutierrezelvira@example.net,2025-06-01,Perú
2130,Fernando,Prado,zacarias06@example.com,2023-09-30,Perú
2131,Lorenzo,Castellanos,dulce46@example.net,2025-10-16,Perú
2132,Agustín,Abreu,sofialozano@example.net,2024-07-16,Perú
2133,Andrés,de la Fuente,lugoaurelio@example.net,2024-05-22,Perú
2134,Adriana,Gamez,jos37@example.com,2024-11-14,Perú
2135,Aldonza,Rodríquez,florencia74@example.org,2023-07-04,Perú
2136,Magdalena,Guillen,joaquinportillo@example.com,2023-07-18,Perú
2137,Francisco Javier,Mares,cristina05@example.org,2024-06-17,Perú
2138,Karla,Medrano,jose14@example.com,2025-05-23,Perú
2139,Berta,Vargas,montemayoreugenio@example.net,2023-07-15,Perú
2140,Dalia,Paz,tania46@example.com,2024-02-12,Perú
2141,Concepción,Rivero,renriquez@example.net,2023-03-25,Perú
2142,Amelia,Duarte,porfirio45@example.org,2023-03-24,Perú
2143,Pablo,Aguilar,jesus65@example.org,2025-09-30,Perú
2144,Reynaldo,Irizarry,verduzcoandrea@example.org,2025-05-20,Perú
2145,Micaela,Tejada,vanesa06@example.com,2025-05-28,Perú
2146,Felix,Sanches,hfigueroa@example.org,2024-03-05,Perú
2147,Débora,Zayas,espartacode-la-o@example.com,2024-08-28,Perú
2148,Guadalupe,Villarreal,ricardofuentes@example.net,2025-03-26,Perú
2149,Wilfrido,Mondragón,juan39@example.com,2024-08-26,Perú
2150,José María,Maldonado,jos99@example.net,2023-06-16,Perú
2151,Adalberto,Córdova,german23@example.com,2024-08-20,Perú
2152,Cristal,Durán,gallegosofelia@example.net,2025-11-01,Perú
2153,Guillermina,Roque,gpena@example.com,2024-07-11,Perú
2154,Liliana,Gollum,montanomiguel@example.org,2025-06-15,Perú
2155,José María,Valencia,cisnerosdebora@example.net,2024-12-23,Perú
2156,Rocío,Perea,wblanco@example.net,2025-01-06,Perú
2157,Rufino,Collado,jose-manuelescalante@example.net,2024-02-23,Perú
2158,Genaro,Angulo,citlalialfaro@example.com,2023-08-28,Perú
2159,Mariano,Murillo,porozco@example.net,2023-01-07,Perú
2160,Genaro,Mascareñas,diazyeni@example.net,2024-12-21,Perú
2161,Silvia,Ledesma,sernaindira@example.com,2025-04-29,Perú
2162,Samuel,Echeverría,catalina18@example.org,2023-01-09,Perú
2163,Daniela,Nieto,ocamarillo@example.net,2024-01-25,Perú
2164,Karla,Meza,krocha@example.org,2023-07-25,Perú
2165,Dalia,Sisneros,jose-manuel20@example.org,2023-04-02,Perú
2166,Francisco,Marrero,juana99@example.net,2025-03-15,Perú
2167,Elias,Márquez,esthersantillan@example.org,2025-03-05,Perú
2168,Beatriz,Cavazos,curielabril@example.org,2024-09-11,Perú
2169,Juan,Ruiz,villanuevacarolina@example.com,2025-07-30,Perú
2170,Darío,Brito,harodario@example.org,2023-06-09,Perú
2171,Catalina,Ortega,esperanza52@example.net,2025-05-16,Perú
2172,Alejandra,Torres,mdelgado@example.net,2024-10-25,Perú
2173,Catalina,Pulido,claudiamena@example.net,2024-09-11,Perú
2174,Leticia,Báez,luisvanegas@example.net,2023-01-23,Perú
2175,Mónica,Suárez,lucioyolanda@example.net,2023-04-25,Perú
2176,Josefina,Ochoa,miguelcano@example.com,2023-02-28,Perú
2177,Javier,Sisneros,aldonza33@example.org,2025-01-19,Perú
2178,Israel,Alvarado,maria-del-carmen64@example.org,2024-11-30,Perú
2179,Mauricio,Montenegro,jose-emilio98@example.org,2024-07-19,Perú
2180,Óliver,Cornejo,frubio@example.net,2024-04-22,Perú
2181,Israel,Razo,vcenteno@example.org,2025-03-28,Perú
2182,José,Pineda,escobedosandra@example.com,2023-01-30,Perú
2183,Yuridia,de la Crúz,estradazoe@example.com,2025-10-02,Perú
2184,Verónica,Armenta,zacarias37@example.com,2023-03-23,Perú
2185,Darío,Romero,verduzcoantonia@example.org,2025-02-05,Perú
2186,Abraham,Guerra,dalia87@example.com,2023-02-09,Perú
2187,Adán,Rael,egranado@example.com,2023-05-15,Perú
2188,Anabel,del Río,natividadcardenas@example.com,2023-11-11,Perú
2189,Dalia,Segovia,reynaldo48@example.org,2023-08-17,Perú
2190,Genaro,Fajardo,ugarza@example.net,2023-06-26,Perú
2191,Ramiro,Guardado,alicia80@example.net,2024-06-13,Perú
2192,Francisco,Leal,miguel-angeluribe@example.com,2025-01-30,Perú
2193,Pascual,Gastélum,lopezalfredo@example.com,2023-08-08,Perú
2194,Dulce María,Godínez,luistejeda@example.net,2023-05-19,Perú
2195,Sessa,Elizondo,uarroyo@example.com,2025-03-23,Perú
2196,Micaela,Longoria,felipecorrea@example.net,2024-05-24,Perú
2197,Israel,Toledo,jose-carlos91@example.net,2023-07-10,Perú
2198,Mariana,Vélez,velasquezolga@example.com,2024-10-07,Perú
2199,Alfonso,Hernández,nmontemayor@example.net,2023-02-18,Perú
2200,Minerva,Miramontes,esperanzamontenegro@example.net,2025-01-01,Perú
2201,Lorena,Zúñiga,estebanmatias@example.net,2023-08-01,Perú
2202,Francisco,Carrión,yjasso@example.net,2024-08-16,Perú
2203,Socorro,Perea,barbara79@example.com,2023-12-22,Perú
2204,Roberto,Alvarado,hectorangulo@example.org,2023-09-22,Perú
2205,Olivia,Gurule,jaramillocatalina@example.org,2023-10-29,Perú
2206,Juan,Leal,pantojaleonor@example.org,2023-07-10,Perú
2207,José,Blanco,czedillo@example.net,2024-10-11,Perú
2208,Adalberto,Valles,gregorio32@example.net,2025-10-09,Perú
2209,Adalberto,Acuña,estradabruno@example.org,2023-12-03,Perú
2210,Isabela,Linares,hernandezcarla@example.net,2025-05-21,Perú
2211,Federico,Cantú,dguajardo@example.net,2023-11-04,Perú
2212,Mauricio,Caballero,ana-mariapuente@example.com,2024-04-11,Perú
2213,Reynaldo,Menchaca,raquelbonilla@example.com,2024-12-13,Perú
2214,Olga,Concepción,robertomarrero@example.org,2023-10-04,Perú
2215,Noemí,Zelaya,rcadena@example.org,2024-10-15,Perú
2216,Guillermo,Aguirre,hbriseno@example.org,2023-02-07,Perú
2217,María Eugenia,Téllez,hernan99@example.com,2023-01-04,Perú
2218,Ariadna,Espino,natividad44@example.com,2023-07-06,Perú
2219,Hernán,Gaona,smoya@example.org,2025-01-23,Perú
2220,Elisa,Preciado,rolando95@example.net,2025-06-02,Perú
2221,Camilo,Hernádez,marco-antoniorojo@example.net,2025-06-02,Perú
2222,Vanesa,Vela,najeraaugusto@example.net,2023-01-26,Perú
2223,Ivonne,Beltrán,isabelroque@example.org,2024-04-26,Perú
2224,Uriel,Venegas,de-la-ovictoria@example.com,2025-03-31,Perú
2225,Carla,Girón,posadatania@example.com,2025-08-12,Perú
2226,Sergio,Ruiz,anaalonzo@example.com,2024-10-25,Perú
2227,Salvador,Armendáriz,carlacalvillo@example.org,2023-07-19,Perú
2228,Porfirio,Jiménez,amalia57@example.org,2025-05-16,Perú
2229,Trinidad,Palomo,ericsolis@example.net,2024-05-03,Perú
2230,Estela,Rodríguez,nelly08@example.com,2025-07-27,Perú
2231,Ruby,Díaz,monroyofelia@example.org,2023-04-14,Perú
2232,Citlali,Aparicio,mercedes82@example.org,2025-01-20,Perú
2233,Estefanía,Lozada,robertoenriquez@example.org,2025-09-05,Perú
2234,Amelia,Arenas,taniaarce@example.net,2025-02-03,Perú
2235,Ariadna,Cavazos,miguel-angeltrujillo@example.org,2023-04-16,Perú
2236,Rocío,Solano,nalba@example.com,2025-07-20,Perú
2237,Gerónimo,Aguayo,eduardo24@example.net,2025-10-23,Perú
2238,Alvaro,Ornelas,dreyna@example.org,2023-12-03,Perú
2239,Norma,Gonzales,maestasmariano@example.org,2024-08-14,Perú
2240,Concepción,Orosco,cristian35@example.net,2024-04-14,Perú
2241,Felipe,Ornelas,angel00@example.com,2024-04-04,Perú
2242,Amelia,Mora,sepulvedajacinto@example.net,2023-03-22,Perú
2243,Lucas,Pabón,osoria@example.net,2023-03-04,Perú
2244,Aurora,Valverde,yguillen@example.net,2025-05-18,Perú
2245,Luisa,Pelayo,federico73@example.com,2025-02-26,Perú
2246,María Eugenia,Carrión,jose-mariamuro@example.com,2023-05-23,Perú
2247,Rubén,Aguilar,lucas47@example.net,2025-01-27,Perú
2248,Mauricio,Lara,noeliaalfaro@example.net,2023-05-01,Perú
2249,Laura,Carbajal,angelicaperea@example.com,2024-09-29,Perú
2250,Aldo,Galindo,alejandro17@example.org,2023-11-19,Perú
2251,Leonardo,Roybal,godinezgerardo@example.net,2025-01-27,Perú
2252,Leticia,Cortez,margaritaparedes@example.net,2025-04-26,Perú
2253,Araceli,Godínez,antoniobatista@example.net,2025-11-23,Perú
2254,Ana Luisa,Camarillo,barretoyuridia@example.com,2025-06-15,Perú
2255,Florencia,Arteaga,josefinavela@example.com,2024-05-15,Perú
2256,Jacobo,Perales,zavalaangelica@example.com,2023-07-13,Perú
2257,Cornelio,Padrón,esperanzarivas@example.com,2023-09-19,Perú
2258,Jorge Luis,Cornejo,deboramadrigal@example.org,2024-03-06,Perú
2259,Gabino,Benavides,osoriooliver@example.com,2024-08-26,Perú
2260,Arturo,Quiroz,rodriguezlucas@example.net,2023-08-03,Perú
2261,Estefanía,Abreu,xmota@example.org,2023-07-01,Perú
2262,Serafín,Perales,jacinto09@example.org,2024-06-04,Perú
2263,Mónica,Laboy,emiliabarraza@example.com,2023-12-12,Perú
2264,Héctor,Rivera,iolivarez@example.com,2024-12-26,Perú
2265,Óscar,Ureña,timoteo11@example.net,2024-06-25,Perú
2266,Federico,Páez,pulidooscar@example.net,2023-08-07,Perú
2267,Ofelia,Urrutia,lrael@example.com,2023-12-19,Perú
2268,Jacobo,Badillo,rsantana@example.net,2024-01-12,Perú
2269,Isaac,Quiroz,gomezlucas@example.com,2024-10-28,Perú
2270,Enrique,Hernádez,lourdessanchez@example.org,2023-10-29,Perú
2271,Paola,Solorzano,alejandrobarbara@example.org,2023-02-24,Perú
2272,María Luisa,Véliz,aragonhugo@example.org,2024-02-26,Perú
2273,Francisco,Contreras,volivas@example.com,2025-05-06,Perú
2274,Abel,Reséndez,auroraquiroz@example.com,2025-01-15,Perú
2275,Julia,Ceja,csevilla@example.com,2025-09-19,Perú
2276,Gabino,Téllez,puentecaridad@example.com,2025-10-29,Perú
2277,Mónica,Ojeda,nacuna@example.net,2024-11-03,Perú
2278,Rocío,Urrutia,canorosa@example.net,2025-03-17,Perú
2279,Federico,Morales,leonardo09@example.net,2024-10-20,Perú
2280,Diego,Patiño,orellanavictor@example.com,2025-11-21,Perú
2281,Mauricio,Hurtado,ode-la-o@example.net,2025-05-13,Perú
2282,Dalia,Ponce,dalia31@example.net,2024-01-28,Perú
2283,Javier,Juárez,jde-la-garza@example.com,2023-01-22,Perú
2284,Estela,Saavedra,fmeraz@example.net,2024-11-21,Perú
2285,Jerónimo,Barragán,felixraya@example.org,2024-11-06,Perú
2286,Leonardo,Otero,fmontes@example.net,2025-04-29,Perú
2287,Cristian,Alcala,de-la-garzarodrigo@example.com,2024-08-15,Perú
2288,Timoteo,Negrón,cristobalsalcido@example.net,2025-06-12,Perú
2289,Marco Antonio,Godoy,lmaya@example.com,2024-12-08,Perú
2290,Emilio,Santacruz,catalina47@example.net,2024-02-11,Perú
2291,Ángela,Hernádez,rodriguezlaura@example.org,2024-08-29,Perú
2292,José,Matías,del-riohector@example.net,2023-11-24,Perú
2293,César,Gaytán,angelagarrido@example.net,2025-09-05,Perú
2294,Adalberto,Páez,ncotto@example.com,2024-08-26,Perú
2295,Samuel,Guillen,rceja@example.net,2024-07-02,Perú
2296,Raquel,Rangel,bcrespo@example.com,2025-06-13,Perú
2297,Amalia,Gallardo,cazarespablo@example.com,2023-05-29,Perú
2298,Martha,Olivera,reina67@example.org,2025-07-07,Perú
2299,Vanesa,Garza,betancourtisaac@example.org,2024-01-28,Perú
2300,Eric,Guerrero,marisolmontes@example.com,2025-03-16,Perú
2301,Ana María,Espino,colladojonas@example.net,2024-06-13,Perú
2302,María Luisa,Nava,gregorio48@example.net,2023-03-07,Perú
2303,Gregorio,Cardenas,rcorrales@example.net,2024-03-10,Perú
2304,Esteban,Godínez,gcarrillo@example.net,2025-02-24,Perú
2305,Javier,Fuentes,yeni65@example.org,2024-03-25,Perú
2306,Mayte,Marín,ozambrano@example.com,2024-01-03,Perú
2307,Barbara,Muro,elviraparedes@example.org,2023-06-22,Perú
2308,Abraham,Espinoza,carbajalmanuel@example.net,2023-09-07,Perú
2309,Felix,Vera,trangel@example.net,2025-11-08,Perú
2310,Javier,Llamas,nicolasmontez@example.org,2023-03-06,Perú
2311,Cristobal,Anguiano,deboracuellar@example.org,2023-06-10,Perú
2312,Guadalupe,Bermúdez,ariadna23@example.org,2025-01-09,Perú
2313,Yolanda,Córdova,molinaadalberto@example.com,2023-06-13,Perú
2314,Adriana,Acuña,cperez@example.com,2025-10-18,Perú
2315,Mario,Alvarez,aldonzagaitan@example.org,2023-04-22,Perú
2316,Judith,Elizondo,yolandacavazos@example.net,2024-08-05,Perú
2317,Benito,Rendón,bernardovaldez@example.org,2024-02-23,Perú
2318,Ana,Villarreal,aguayodolores@example.com,2024-03-22,Perú
2319,Gregorio,Dávila,archuletaines@example.org,2024-09-04,Perú
2320,Blanca,Carrión,roquelaura@example.net,2024-04-10,Perú
2321,Fernando,Alejandro,tania56@example.org,2024-05-17,Perú
2322,Emilio,Carmona,amaliaprieto@example.com,2025-08-28,Perú
2323,Sofía,Palacios,clara60@example.com,2025-08-26,Perú
2324,Micaela,Orta,rosa06@example.net,2025-06-22,Perú
2325,Adán,Zúñiga,bcortes@example.com,2025-10-22,Perú
2326,María Elena,Salcedo,luisa56@example.org,2025-04-29,Perú
2327,Clara,Madrid,fajardorosalia@example.org,2023-04-29,Perú
2328,Diana,de la Rosa,florenciade-la-cruz@example.org,2025-08-22,Perú
2329,Antonia,Ruelas,lomeliisaac@example.net,2023-06-27,Perú
2330,Aldo,Tejeda,robledoalberto@example.com,2024-08-09,Perú
2331,Joaquín,Alcala,tororebeca@example.net,2025-09-25,Perú
2332,Noelia,Lira,cvaldivia@example.org,2025-04-27,Perú
2333,Elsa,Alba,elias84@example.net,2025-06-26,Perú
2334,Patricio,Llamas,marcelacarrion@example.org,2024-01-13,Perú
2335,Salvador,Cazares,porfirio06@example.net,2024-03-18,Perú
2336,Andrés,Vázquez,sanchesjosefina@example.org,2023-11-08,Perú
2337,Helena,Castro,ubecerra@example.com,2024-10-15,Perú
2338,Arcelia,Pabón,isabela20@example.net,2023-04-21,Perú
2339,Trinidad,Salcido,blanca41@example.org,2025-07-31,Perú
2340,María del Carmen,Valdivia,soledad18@example.org,2025-11-13,Perú
2341,Ramón,Padrón,jacinto61@example.com,2024-02-08,Perú
2342,Alta  Gracia,Márquez,peralesnicolas@example.net,2024-09-16,Perú
2343,Gerardo,Mayorga,corralesgraciela@example.com,2025-06-10,Perú
2344,Pascual,Urrutia,tgallegos@example.org,2023-04-10,Perú
2345,Espartaco,Nájera,silvanoheredia@example.net,2024-10-13,Perú
2346,Marisol,Benavides,alejandro60@example.com,2024-09-06,Perú
2347,Barbara,Palomo,riveroeugenio@example.org,2024-09-01,Perú
2348,Luz,Rentería,octavio36@example.org,2023-12-08,Perú
2349,Humberto,Sierra,kprado@example.com,2025-09-01,Perú
2350,Karla,Zambrano,beltranlourdes@example.com,2024-07-01,Perú
2351,Sara,Gollum,linda10@example.com,2023-10-10,Perú
2352,Jaqueline,Orozco,qpichardo@example.org,2023-11-04,Perú
2353,Pedro,Centeno,ariasgenaro@example.org,2024-11-30,Perú
2354,Maximiliano,Correa,anelvalencia@example.org,2023-02-27,Perú
2355,Cornelio,Gollum,liliaolmos@example.com,2023-07-18,Perú
2356,Diana,Domínguez,mcervantes@example.org,2025-04-17,Perú
2357,Darío,Magaña,bruno66@example.com,2023-06-17,Perú
2358,Agustín,Briseño,davidrobles@example.org,2025-10-26,Perú
2359,Ana María,Collazo,kcontreras@example.com,2025-10-27,Perú
2360,Wendolin,Montoya,vvalladares@example.org,2025-05-23,Perú
2361,Gloria,González,isabela68@example.com,2024-03-02,Perú
2362,Natividad,Bueno,yvaldes@example.com,2025-08-06,Perú
2363,Judith,Padrón,balmonte@example.org,2023-12-07,Perú
2364,Mayte,Valverde,doloresmaya@example.org,2025-07-02,Perú
2365,Aldonza,León,noelia04@example.com,2024-09-02,Perú
2366,Victoria,Longoria,cesarquinones@example.net,2024-08-31,Perú
2367,Silvia,Cotto,juan-carlos86@example.net,2024-06-02,Perú
2368,Joaquín,Hinojosa,alejandromitzy@example.com,2023-08-09,Perú
2369,Esther,Ramírez,biancareynoso@example.org,2025-08-31,Perú
2370,Andrés,Chávez,kvillanueva@example.net,2024-02-02,Perú
2371,Concepción,Solano,cristobal26@example.net,2023-07-01,Perú
2372,Amelia,Saldaña,teodoromaldonado@example.org,2025-03-24,Perú
2373,Rocío,Frías,hsantana@example.com,2024-05-10,Perú
2374,Aurora,Solorzano,gustavo74@example.net,2024-07-17,Perú
2375,Fernando,Torres,esther35@example.net,2023-11-07,Perú
2376,Celia,Gálvez,lzambrano@example.com,2025-07-18,Perú
2377,Rodrigo,Tejada,verdugosandra@example.com,2023-12-10,Perú
2378,Asunción,Leiva,jimenezalejandra@example.com,2023-04-07,Perú
2379,Angélica,Huerta,jaqueline90@example.org,2024-03-22,Perú
2380,Dulce María,Sanabria,linda08@example.org,2025-03-28,Perú
2381,Mariana,Verdugo,rolando18@example.org,2024-02-16,Perú
2382,Mariano,Baeza,norma99@example.org,2024-11-02,Perú
2383,Ramón,Jaime,aguirrebernabe@example.org,2024-09-03,Perú
2384,Jaqueline,Santiago,patriciovaldes@example.com,2024-01-21,Perú
2385,Esteban,Melgar,acollazo@example.com,2024-01-27,Perú
2386,Zacarías,Muñoz,olivervaladez@example.com,2025-11-15,Perú
2387,Mauricio,Angulo,solivas@example.org,2025-10-21,Perú
2388,Augusto,Camarillo,samuelcazares@example.com,2025-02-12,Perú
2389,Caridad,Sepúlveda,ptrevino@example.org,2023-12-22,Perú
2390,Diego,Lerma,ibaeza@example.net,2023-12-19,Perú
2391,Débora,Tovar,maria-eugenia23@example.net,2023-07-27,Perú
2392,María Cristina,Mota,victor04@example.org,2025-07-06,Perú
2393,Nancy,Parra,octavionegron@example.org,2024-09-18,Perú
2394,Asunción,Zapata,wilfridoreyna@example.org,2024-08-29,Perú
2395,David,Barraza,rosariomonica@example.net,2023-11-15,Perú
2396,Yuridia,Cervántez,lorenzo36@example.net,2025-03-29,Perú
2397,David,Gómez,medinawilfrido@example.com,2024-08-06,Perú
2398,Mayte,Valle,olivaresdavid@example.com,2025-02-01,Perú
2399,Itzel,Mendoza,xmateo@example.com,2024-05-14,Perú
2400,Antonio,Linares,natividad25@example.org,2024-07-09,Perú
2401,Delia,Gurule,amayajaqueline@example.net,2023-08-09,Perú
2402,Arcelia,Treviño,vergarabruno@example.org,2023-03-06,Perú
2403,Asunción,Heredia,leonardo16@example.net,2025-10-17,Perú
2404,Salma,Lozada,hrosario@example.com,2025-10-21,Perú
2405,Florencia,Montoya,xrobledo@example.org,2023-05-28,Perú
2406,Magdalena,Montañez,psandoval@example.com,2023-05-02,Perú
2407,Cristobal,Barela,sessa13@example.net,2025-07-16,Perú
2408,Teodoro,Borrego,wcisneros@example.org,2023-12-04,Perú
2409,Abril,Navarrete,marisela52@example.net,2025-08-16,Perú
2410,Flavio,Tamez,victor15@example.net,2025-10-11,Perú
2411,Darío,Sánchez,figueroaalfonso@example.com,2024-12-20,Perú
2412,Alfredo,Ponce,gabinoaguirre@example.com,2023-09-15,Perú
2413,Esmeralda,Márquez,ucastro@example.org,2024-04-26,Perú
2414,Emiliano,Casares,rosalescristal@example.org,2023-06-03,Perú
2415,Diego,Venegas,quinonezbernabe@example.com,2023-11-01,Perú
2416,María José,Adame,ycaballero@example.org,2025-02-12,Perú
2417,Lorenzo,Moreno,jsalgado@example.com,2025-06-19,Perú
2418,Yolanda,Tirado,quintanaminerva@example.org,2025-08-05,Perú
2419,Ramiro,Saiz,fayala@example.com,2023-08-26,Perú
2420,Adriana,Caraballo,jose-maria34@example.com,2023-01-24,Perú
2421,Rodolfo,Arias,ernestoholguin@example.com,2024-09-18,Perú
2422,Bernabé,Padrón,jmares@example.net,2025-08-17,Perú
2423,Abelardo,Valdés,rosario72@example.net,2025-03-22,Perú
2424,Fidel,Cantú,melgarmario@example.org,2025-09-15,Perú
2425,Francisco,Echeverría,silvanorobles@example.com,2025-12-01,Perú
2426,Sofía,Pelayo,falmonte@example.com,2025-03-25,Perú
2427,Victoria,Menchaca,mvillasenor@example.org,2024-02-11,Perú
2428,Marisela,García,veronicagaytan@example.org,2024-04-22,Perú
2429,Arturo,Zavala,merinoeloisa@example.com,2024-12-14,Perú
2430,Hugo,Fernández,wnavarro@example.org,2024-04-11,Perú
2431,Victoria,Roldán,samuelmedina@example.net,2023-05-20,Perú
2432,Conchita,Corrales,mario61@example.net,2024-09-09,Perú
2433,Alejandro,Alonso,espartaco53@example.com,2025-03-29,Perú
2434,Sara,Terán,ramon67@example.org,2023-10-17,Perú
2435,Jos,Galindo,pvalenzuela@example.com,2023-11-19,Perú
2436,Anabel,Barragán,navarroamelia@example.net,2025-04-27,Perú
2437,María Luisa,Escobedo,jose-eduardopalomino@example.net,2024-06-27,Perú
2438,Andrea,Griego,eugenio43@example.net,2025-05-14,Perú
2439,Gerónimo,Cantú,eolivarez@example.com,2024-12-07,Perú
2440,Óliver,Esquibel,gastelummauro@example.org,2025-02-26,Perú
2441,Amanda,Pizarro,oarenas@example.net,2024-11-05,Perú
2442,Diana,Soliz,alvaro53@example.org,2023-04-28,Perú
2443,José Emilio,Cabán,indira54@example.net,2023-06-29,Perú
2444,Andrés,Lebrón,alicia31@example.net,2024-09-03,Perú
2445,Rubén,Ávila,quirozguadalupe@example.net,2025-07-25,Perú
2446,Cornelio,Tijerina,csanchez@example.net,2023-09-01,Perú
2447,Alvaro,Burgos,regaladotomas@example.net,2023-04-08,Perú
2448,Víctor,Salgado,rodriquezguillermo@example.com,2024-09-08,Perú
2449,Olga,Cano,ztapia@example.net,2023-01-29,Perú
2450,Alfonso,Rael,ulibarrisilvia@example.net,2023-02-24,Perú
2451,Alfredo,Carranza,mitzymoya@example.org,2025-10-02,Perú
2452,Marcos,Barreto,fprado@example.org,2023-04-11,Perú
2453,Amanda,Lovato,lilianaavila@example.net,2023-12-12,Perú
2454,Adela,Gonzales,socorro48@example.net,2023-12-27,Perú
2455,Elvia,Miramontes,geronimo38@example.org,2024-02-15,Perú
2456,Emiliano,Leyva,bertacotto@example.net,2023-01-09,Perú
2457,Esparta,Salas,monicamalave@example.org,2023-09-23,Perú
2458,Alfonso,Saavedra,barteaga@example.net,2025-06-21,Perú
2459,Abigail,Velasco,mercedes40@example.net,2023-07-20,Perú
2460,Evelio,Benavides,rperea@example.net,2024-11-26,Perú
2461,Alta  Gracia,Ávalos,apodacajose@example.com,2025-11-03,Perú
2462,Marisol,Bravo,mesajose-luis@example.com,2024-10-13,Perú
2463,Conchita,Ramos,fpuente@example.org,2023-11-23,Perú
2464,Esteban,Iglesias,toledonatividad@example.org,2023-09-23,Perú
2465,Socorro,Becerra,galindoaldonza@example.org,2024-12-26,Perú
2466,Wendolin,Saldaña,rafael24@example.net,2023-05-11,Perú
2467,Emilia,Moreno,hidalgomaria-teresa@example.com,2025-09-28,Perú
2468,Adán,Archuleta,humberto46@example.net,2025-04-28,Perú
2469,Carlos,Vigil,hector39@example.com,2025-03-11,Perú
2470,Espartaco,Estévez,alfredo57@example.com,2024-04-17,Perú
2471,Adela,de la Crúz,gonzalezpascual@example.net,2023-08-22,Perú
2472,Zacarías,Rico,elvira01@example.org,2023-07-01,Perú
2473,Rolando,Sauceda,leonnorma@example.com,2025-03-24,Perú
2474,Paulina,Berríos,tsolano@example.net,2024-04-03,Perú
2475,Joaquín,Meza,kblanco@example.net,2024-12-31,Perú
2476,Helena,Alcántar,cristobal18@example.com,2024-12-11,Perú
2477,Rubén,Gracia,gloria03@example.com,2025-05-18,Perú
2478,Gregorio,Arenas,humberto17@example.net,2024-10-24,Perú
2479,Leonardo,Ortega,hdavila@example.net,2024-02-03,Perú
2480,Serafín,Barajas,ponceadalberto@example.com,2025-09-25,Perú
2481,Mauricio,Padrón,drodrigez@example.net,2024-11-30,Perú
2482,Barbara,Sepúlveda,spulido@example.org,2024-12-08,Perú
2483,Minerva,Razo,jde-la-garza@example.com,2025-08-05,Perú
2484,Manuel,Arenas,cornelioquezada@example.net,2025-01-30,Perú
2485,Octavio,Rincón,morellana@example.com,2024-03-01,Perú
2486,Oswaldo,Ochoa,ursulacenteno@example.net,2025-09-15,Perú
2487,Arturo,Grijalva,melendezamanda@example.com,2023-11-01,Perú
2488,Florencia,Henríquez,fernando17@example.com,2024-01-08,Perú
2489,María José,Soliz,galvezclaudio@example.org,2025-02-12,Perú
2490,Perla,Muñiz,djasso@example.org,2023-03-11,Perú
2491,Linda,de León,espartaco49@example.net,2023-02-16,Perú
2492,Emilia,Alarcón,ileyva@example.net,2025-04-14,Perú
2493,Antonia,Mascareñas,cpalomino@example.net,2023-12-30,Perú
2494,Nancy,Trujillo,del-vallebianca@example.org,2025-09-11,Perú
2495,Barbara,Arguello,negronemiliano@example.org,2024-03-06,Perú
2496,José María,González,yalarcon@example.net,2024-05-30,Perú
2497,Zacarías,Cornejo,hilda37@example.net,2024-02-10,Perú
2498,Emiliano,Tello,clementeaguayo@example.com,2025-07-02,Perú
2499,Felix,Olivas,guillenruby@example.com,2023-08-22,Perú
2500,Sonia,Villanueva,quintananelly@example.net,2024-03-01,Perú
2501,Pablo,Armas,pedro92@example.org,2025-03-10,Perú
2502,Magdalena,Caballero,liraolivia@example.org,2025-10-20,Perú
2503,Marco Antonio,Tapia,julio-cesar71@example.com,2025-03-21,Perú
2504,Rufino,Sanabria,rolandosantana@example.org,2025-07-16,Perú
2505,Flavio,Parra,rodartesofia@example.org,2024-11-13,Perú
2506,Adriana,Jiménez,rodrigo68@example.org,2025-05-14,Perú
2507,Benjamín,Luna,agustincarrera@example.com,2024-02-11,Perú
2508,Cristina,Bañuelos,timoteo28@example.org,2023-08-31,Perú
2509,Esperanza,Collado,karriaga@example.org,2024-10-09,Perú
2510,Noemí,Oquendo,ceciliamora@example.net,2023-01-20,Perú
2511,Fernando,Salcido,ogurule@example.org,2025-04-15,Perú
2512,Óliver,Marín,pedrazabruno@example.org,2024-03-24,Perú
2513,Elvira,Alfaro,cbarragan@example.net,2025-11-10,Perú
2514,Ariadna,Marrero,villasenorluisa@example.org,2024-06-11,Perú
2515,Cynthia,Cordero,jorge-luis69@example.com,2023-12-29,Perú
2516,Anel,Jurado,riojascarolina@example.net,2024-02-05,Perú
2517,César,Sanches,veracarlos@example.org,2023-12-23,Perú
2518,Inés,Botello,galvezflavio@example.com,2025-08-22,Perú
2519,Óliver,Sisneros,alma92@example.net,2023-03-04,Perú
2520,Karina,Valdez,wilfrido96@example.com,2025-06-01,Perú
2521,Eloy,de Anda,oolivas@example.com,2025-10-04,Perú
2522,Oswaldo,Samaniego,cmiramontes@example.com,2024-07-21,Perú
2523,Nadia,Jaramillo,portillorafael@example.org,2025-11-11,Perú
2524,Ángela,Dueñas,omorales@example.com,2024-09-11,Perú
2525,Luis Miguel,Romo,tejedajose-eduardo@example.net,2025-03-09,Perú
2526,Mauricio,Orozco,jimenezmateo@example.org,2024-12-20,Perú
2527,Elena,Barrera,zponce@example.net,2025-03-18,Perú
2528,Eloisa,Saldivar,abelardo54@example.org,2023-10-13,Perú
2529,Víctor,Pabón,ameliaruelas@example.net,2025-03-06,Perú
2530,Jesús,Vásquez,lourdesacosta@example.org,2025-04-22,Perú
2531,Omar,Aguirre,valdezvictoria@example.com,2025-02-10,Perú
2532,Aldo,Longoria,galindohernan@example.org,2025-09-30,Perú
2533,Verónica,Vélez,olga50@example.org,2024-05-07,Perú
2534,Wendolin,Pantoja,vasquezdavid@example.net,2025-09-04,Perú
2535,Roberto,Abreu,scalderon@example.com,2024-03-02,Perú
2536,Israel,Madrid,vallejoamanda@example.net,2024-03-06,Perú
2537,Carla,Carrillo,ealva@example.com,2025-08-10,Perú
2538,Úrsula,Valles,ofelia92@example.com,2024-01-07,Perú
2539,Frida,Cano,isabelsalgado@example.net,2025-10-12,Perú
2540,Sergio,Mota,santillanjose-luis@example.com,2023-06-20,Perú
2541,Bernardo,Botello,teresa39@example.org,2023-07-11,Perú
2542,Arturo,Feliciano,angelcaballero@example.net,2025-03-14,Perú
2543,Raúl,Mesa,czarate@example.com,2025-09-14,Perú
2544,Elisa,Iglesias,mfeliciano@example.net,2024-02-12,Perú
2545,Araceli,Puente,sofiacolon@example.net,2025-05-08,Perú
2546,Alfredo,Beltrán,gabinoocampo@example.org,2025-05-17,Perú
2547,Abril,Sauceda,renato28@example.com,2025-10-07,Perú
2548,Magdalena,Portillo,dnava@example.org,2024-12-08,Perú
2549,Héctor,Puga,sepulvedaalicia@example.com,2025-07-07,Perú
2550,Araceli,Jurado,sorialucia@example.net,2023-08-30,Perú
2551,Nayeli,Fernández,rafaelrodrigez@example.net,2024-06-28,Perú
2552,Eloy,Montero,lgutierrez@example.net,2025-04-29,Perú
2553,Clemente,Arteaga,amanzanares@example.net,2025-05-07,Perú
2554,Octavio,Beltrán,garzacarlota@example.com,2023-02-08,Perú
2555,Elvia,Pelayo,verdugoteresa@example.net,2023-01-11,Perú
2556,Genaro,Villanueva,haponte@example.org,2023-05-07,Perú
2557,Lucas,Echeverría,pichardoana@example.net,2024-06-03,Perú
2558,Cristian,Robles,cabreraevelio@example.net,2023-12-20,Perú
2559,Ofelia,Becerra,zrosales@example.net,2025-06-15,Perú
2560,Gloria,Haro,berta26@example.org,2024-02-15,Perú
2561,Patricia,Coronado,jcovarrubias@example.net,2025-01-06,Perú
2562,Úrsula,Arroyo,duenasgregorio@example.com,2023-09-03,Perú
2563,Julia,Cazares,mauricio30@example.net,2024-11-28,Perú
2564,Renato,Benavídez,angel46@example.org,2025-07-22,Perú
2565,Carla,Orozco,aliciagarica@example.net,2025-04-04,Perú
2566,Leticia,Reséndez,trevinorolando@example.org,2023-02-09,Perú
2567,Alma,Fuentes,irene38@example.net,2025-09-12,Perú
2568,Horacio,Escobedo,alta-gracia81@example.org,2025-08-28,Perú
2569,Eric,del Valle,hernandezrosa@example.com,2023-10-11,Perú
2570,Ernesto,Becerra,cmedina@example.com,2024-05-20,Perú
2571,Trinidad,Cardona,uduarte@example.net,2025-11-26,Perú
2572,Gloria,Sierra,gustavovela@example.com,2024-10-31,Perú
2573,Ángel,Acuña,fernandogalvez@example.net,2023-01-06,Perú
2574,Horacio,Montero,esepulveda@example.org,2024-11-28,Perú
2575,Bianca,Padilla,ilse93@example.com,2024-02-14,Perú
2576,Frida,Montalvo,krivero@example.org,2025-04-25,Perú
2577,Caridad,Valles,minervacervantez@example.org,2024-03-09,Perú
2578,Alonso,Echeverría,llamasraul@example.net,2024-02-16,Perú
2579,Cynthia,Alejandro,madrigalricardo@example.net,2023-01-22,Perú
2580,Flavio,Cisneros,martin66@example.net,2024-07-13,Perú
2581,Dulce,Villagómez,corralesjacobo@example.org,2025-03-06,Perú
2582,Agustín,Collado,reynaldosantillan@example.com,2023-03-05,Perú
2583,Lucía,Fuentes,lurrutia@example.net,2025-11-14,Perú
2584,Gilberto,Valle,mesquibel@example.com,2025-03-16,Perú
2585,Darío,Collado,estefania83@example.net,2025-04-15,Perú
2586,Helena,Carrión,glozano@example.org,2023-11-04,Perú
2587,Emilio,Rendón,montanooliver@example.org,2023-07-08,Perú
2588,Conchita,Cano,manuel33@example.org,2025-03-24,Perú
2589,Yuridia,Segovia,castrohilda@example.com,2025-07-02,Perú
2590,Héctor,Fajardo,elias79@example.net,2025-08-14,Perú
2591,Miguel,Toledo,jorgelozada@example.net,2025-03-08,Perú
2592,Serafín,Lucio,mascarenassonia@example.com,2025-02-15,Perú
2593,Alta  Gracia,Avilés,guillermina04@example.org,2023-11-08,Perú
2594,Caridad,Gonzales,benitomonroy@example.net,2025-08-06,Perú
2595,Magdalena,Valdivia,wmacias@example.org,2025-11-15,Perú
2596,Augusto,Espinoza,lhidalgo@example.org,2024-03-25,Perú
2597,Yolanda,Munguía,lcontreras@example.org,2023-04-02,Perú
2598,Josefina,Almaraz,tellezrenato@example.com,2023-04-09,Perú
2599,Yeni,Arroyo,davilajoaquin@example.com,2024-10-24,Perú
2600,Julia,Gurule,teresavelazquez@example.org,2024-09-06,Perú
2601,Timoteo,Perea,gabinomota@example.org,2023-11-09,Perú
2602,María Cristina,Maldonado,hinojosarosalia@example.com,2023-02-15,Perú
2603,Miriam,Espinoza,eroque@example.net,2024-04-08,Perú
2604,José,Solorio,modestoabreu@example.net,2023-04-10,Perú
2605,Jorge Luis,Arredondo,mllamas@example.com,2024-05-04,Perú
2606,Yeni,Reyes,esperanza15@example.net,2024-12-30,Perú
2607,Maximiliano,del Valle,forozco@example.net,2025-01-31,Perú
2608,Óliver,Acosta,vmarrero@example.net,2024-11-10,Perú
2609,Itzel,Ontiveros,armendarizmanuel@example.org,2024-10-21,Perú
2610,Emiliano,Cintrón,juradoclemente@example.com,2025-05-04,Perú
2611,Héctor,Ayala,marindaniel@example.com,2024-09-29,Perú
2612,Rosa,Gastélum,lucas36@example.com,2025-10-22,Perú
2613,Antonia,Chavarría,dcepeda@example.org,2023-08-12,Perú
2614,Araceli,Tapia,garibayjoaquin@example.org,2025-07-04,Perú
2615,Rubén,Segovia,wde-la-cruz@example.org,2023-10-24,Perú
2616,Silvia,Ponce,indira07@example.com,2023-06-28,Perú
2617,Genaro,Rolón,sarenas@example.net,2025-07-21,Perú
2618,Guillermina,Malave,valmanza@example.com,2025-09-03,Perú
2619,Angélica,Arellano,ozunaestefania@example.net,2024-10-21,Perú
2620,Jorge Luis,Salcedo,guadalupesalcedo@example.net,2025-09-04,Perú
2621,Marisela,Sosa,bde-leon@example.net,2024-02-11,Perú
2622,Guillermo,Miramontes,arevaloalma@example.com,2025-08-09,Perú
2623,Raquel,Madrid,elenatellez@example.net,2023-10-17,Perú
2624,Sandra,Castañeda,roberto02@example.net,2025-07-24,Perú
2625,Dolores,Salcido,amador86@example.com,2024-04-21,Perú
2626,Claudio,Ríos,genaro75@example.net,2025-07-04,Perú
2627,Alma,de la Rosa,navarromitzy@example.org,2023-02-27,Perú
2628,Armando,Crespo,asuncionriojas@example.com,2024-03-11,Perú
2629,Jacobo,Posada,ksoto@example.net,2023-09-25,Perú
2630,Abelardo,Alcántar,maria-cristina89@example.com,2025-01-12,Perú
2631,Lucas,Holguín,dulcenunez@example.com,2023-11-28,Perú
2632,Estefanía,Bonilla,franciscatrejo@example.com,2025-08-10,Perú
2633,Alfredo,Téllez,kbaca@example.org,2025-02-11,Perú
2634,Marcela,Carrión,jesus78@example.com,2023-12-14,Perú
2635,Clemente,Armenta,montalvorosa@example.com,2024-09-11,Perú
2636,Juan Carlos,Lara,germangallegos@example.org,2023-01-28,Perú
2637,Reynaldo,Menéndez,jassoalta-gracia@example.com,2024-09-02,Perú
2638,Leonel,Ornelas,rafael21@example.org,2024-09-03,Perú
2639,Dolores,Cortés,irizarryporfirio@example.net,2025-09-03,Perú
2640,Clemente,Rolón,eserna@example.com,2024-10-25,Perú
2641,Modesto,Serrato,arellanoesparta@example.com,2023-09-21,Perú
2642,Lucas,Quintanilla,flaviomontes@example.net,2023-07-28,Perú
2643,Camilo,Galarza,rodrigovillagomez@example.net,2023-12-16,Perú
2644,Sergio,Peña,augustoespinosa@example.net,2023-12-28,Perú
2645,René,Longoria,ynieves@example.com,2025-06-07,Perú
2646,Alejandro,Bañuelos,maria-eugeniaporras@example.com,2025-11-21,Perú
2647,Luis Miguel,Rojas,rporras@example.org,2024-06-25,Perú
2648,Raquel,Medrano,veronica03@example.org,2025-03-14,Perú
2649,Aldo,Ocampo,rafaelmata@example.net,2023-02-23,Perú
2650,Salma,Meléndez,vergaraadriana@example.com,2024-07-27,Perú
2651,Virginia,Sosa,teodorovasquez@example.org,2025-09-26,Perú
2652,Beatriz,Ulloa,mayorgasofia@example.net,2023-03-26,Perú
2653,Timoteo,Pabón,timoteo85@example.org,2025-10-19,Perú
2654,José María,García,elenasaldana@example.net,2025-02-20,Perú
2655,Angélica,Vargas,rebeca60@example.net,2024-10-14,Perú
2656,Vicente,Gamez,ylemus@example.com,2025-07-09,Perú
2657,Ernesto,Olivas,alta-graciavillareal@example.net,2025-01-06,Perú
2658,Abelardo,de la O,botellojudith@example.net,2025-06-18,Perú
2659,Ana María,Maldonado,zleon@example.org,2025-01-22,Perú
2660,Salvador,Aguirre,mariselacarrero@example.com,2024-03-01,Perú
2661,Isabela,Riojas,rafaelbarajas@example.org,2024-05-17,Perú
2662,Camilo,Arevalo,saldivarjose-manuel@example.net,2023-11-16,Perú
2663,Raquel,Longoria,celia92@example.com,2024-11-11,Perú
2664,Marisol,Arellano,samuellinares@example.org,2023-01-25,Perú
2665,Alfredo,Fajardo,miguel05@example.net,2024-06-22,Perú
2666,Renato,Véliz,alcantarhector@example.net,2023-06-23,Perú
2667,Rafaél,Angulo,mascarenastrinidad@example.net,2024-12-11,Perú
2668,María Elena,Olivo,xtirado@example.org,2025-01-12,Perú
2669,Ana,Jaime,gramos@example.org,2023-01-07,Perú
2670,Carlota,Mejía,noelia13@example.net,2025-07-29,Perú
2671,Isaac,Bernal,navarreteisabel@example.net,2023-02-28,Perú
2672,Felipe,Olvera,serranoliliana@example.com,2025-07-25,Perú
2673,Humberto,Rolón,helenacintron@example.com,2024-12-29,Perú
2674,Carmen,Patiño,calvillocecilia@example.net,2023-06-16,Perú
2675,Bruno,Cortez,daniel90@example.net,2023-01-26,Perú
2676,Arturo,Solís,perla26@example.net,2025-10-30,Perú
2677,Augusto,Muro,paulinapalacios@example.org,2024-12-04,Perú
2678,Margarita,de la Fuente,corneliocollazo@example.net,2024-11-26,Perú
2679,Concepción,Barreto,susana33@example.org,2023-09-02,Perú
2680,Porfirio,Tijerina,tabrego@example.org,2023-08-22,Perú
2681,Hernán,Romo,ocasiobruno@example.org,2025-08-26,Perú
2682,Felix,Collazo,rodriquezramon@example.net,2024-10-19,Perú
2683,Alejandro,Rivero,eliasmonroy@example.net,2023-07-19,Perú
2684,Josefina,Juárez,marisoljimenez@example.com,2024-10-24,Perú
2685,Susana,Madrigal,mayaalberto@example.com,2024-07-24,Perú
2686,Ramiro,Bustamante,concepcionamador@example.net,2023-05-01,Perú
2687,Josefina,Lerma,zeferinoibarra@example.org,2023-11-09,Perú
2688,Eva,Rivera,isabel68@example.com,2023-06-23,Perú
2689,Bruno,Vélez,dcollazo@example.org,2023-02-01,Perú
2690,Pablo,Lebrón,jeronimo96@example.org,2023-05-09,Perú
2691,Esteban,Curiel,lde-la-o@example.com,2025-01-01,Perú
2692,Sergio,Ordóñez,ivonne22@example.org,2025-02-18,Perú
2693,Débora,Rosales,calvilloclemente@example.com,2024-08-07,Perú
2694,Alonso,Cabán,benjamin14@example.com,2024-11-18,Perú
2695,Daniela,Toro,octavio77@example.net,2024-04-29,Perú
2696,Gabino,Angulo,tbenavides@example.org,2024-07-19,Perú
2697,Norma,Campos,jjimenez@example.com,2023-09-08,Perú
2698,Cecilia,Alva,anabelgarrido@example.org,2025-01-19,Perú
2699,Rosa,Lara,bpichardo@example.net,2023-04-17,Perú
2700,Gloria,Padrón,corneliomeza@example.org,2025-10-10,Perú
2701,Jacobo,Gaona,de-la-fuenteelsa@example.org,2025-07-24,Perú
2702,Andrea,Henríquez,rangeldaniela@example.com,2025-01-23,Perú
2703,Sonia,Sáenz,oswaldo48@example.net,2023-10-25,Perú
2704,Ricardo,Rolón,valenzuelarolando@example.net,2025-02-04,Perú
2705,Guillermo,Sandoval,hilda72@example.org,2024-06-20,Perú
2706,César,Bueno,carmen40@example.org,2024-02-28,Perú
2707,Javier,Salcido,rodolfo39@example.net,2024-08-19,Perú
2708,Guadalupe,Valenzuela,ines78@example.net,2024-02-12,Perú
2709,Carla,Saiz,ruelasnancy@example.net,2024-07-28,Perú
2710,Adalberto,Palomo,maria-jose35@example.net,2024-03-25,Perú
2711,Hermelinda,Galindo,mayasilvia@example.com,2025-06-17,Perú
2712,Gabino,Figueroa,qvargas@example.net,2024-08-17,Perú
2713,Caridad,Saiz,saizelias@example.org,2023-08-04,Perú
2714,Jorge,Gaytán,jorge52@example.com,2023-07-09,Perú
2715,Frida,Varela,gonzalezgustavo@example.net,2025-04-23,Perú
2716,Amanda,Rodríguez,wendolinarmendariz@example.net,2024-12-14,Perú
2717,Zacarías,Moreno,rubiooctavio@example.net,2025-06-22,Perú
2718,Alicia,Madrid,marisela57@example.org,2023-12-10,Perú
2719,Gustavo,Matos,fserna@example.org,2024-04-18,Perú
2720,Julio,Ruelas,zadame@example.org,2024-08-09,Perú
2721,Patricia,Sepúlveda,abrilcarbajal@example.com,2023-06-20,Perú
2722,Alma,Páez,miguel-angeladame@example.com,2025-06-02,Perú
2723,Trinidad,Quiroz,avilescarlos@example.com,2024-04-20,Perú
2724,Óliver,Olvera,zunigazoe@example.net,2023-06-16,Perú
2725,Lucía,Ochoa,javier01@example.net,2024-09-30,Perú
2726,Carlota,Burgos,zoe11@example.org,2023-09-09,Perú
2727,Víctor,Barrios,judith35@example.org,2025-10-10,Perú
2728,Mateo,Treviño,deliamunguia@example.net,2025-02-28,Perú
2729,Luis Miguel,Rocha,prietoaugusto@example.org,2023-03-13,Perú
2730,Rodolfo,Escobedo,noeliamares@example.org,2024-07-04,Perú
2731,Lorenzo,Villareal,alfredoprado@example.com,2024-01-24,Perú
2732,Yeni,Reyes,dtrejo@example.org,2025-07-22,Perú
2733,Jacobo,Padrón,robledocarmen@example.com,2025-01-30,Perú
2734,Emilia,Madera,renesoria@example.com,2023-09-27,Perú
2735,Adalberto,Zarate,gabino21@example.org,2025-04-30,Perú
2736,Rodolfo,Gallardo,lmireles@example.net,2025-07-22,Perú
2737,Mariano,Peña,vcruz@example.org,2023-08-02,Perú
2738,Carlos,Jurado,curielmaria-elena@example.com,2024-06-03,Perú
2739,Blanca,Olmos,galvezivan@example.com,2023-08-18,Perú
2740,Nadia,Valverde,pamela80@example.com,2023-11-12,Perú
2741,Mercedes,Chavarría,obalderas@example.net,2025-09-28,Perú
2742,Natividad,Reynoso,fmedrano@example.com,2025-07-11,Perú
2743,Paola,Roque,pascual36@example.org,2024-02-26,Perú
2744,Modesto,Colunga,eloy02@example.net,2023-08-16,Perú
2745,Hermelinda,Riojas,tijerinajos@example.net,2025-11-16,Perú
2746,Violeta,Ybarra,mario96@example.com,2024-01-09,Perú
2747,Paola,Márquez,mariano03@example.org,2024-07-27,Perú
2748,Homero,Sepúlveda,de-la-torrehilda@example.net,2025-04-29,Perú
2749,Úrsula,Riojas,ramonrafael@example.com,2025-02-14,Perú
2750,José,Abrego,fidelespino@example.org,2023-05-05,Perú
2751,Mauricio,Domínguez,vazquezines@example.org,2025-09-12,Perú
2752,Catalina,Echeverría,rene33@example.org,2023-10-29,Perú
2753,Julio,Barela,maparicio@example.org,2023-07-07,Perú
2754,Luis Manuel,Osorio,emilio23@example.org,2024-04-03,Perú
2755,Emilia,Urías,sergiovillarreal@example.org,2023-08-29,Perú
2756,Susana,Guzmán,blanca21@example.com,2024-01-09,Perú
2757,Frida,Moya,felixrobledo@example.com,2024-02-08,Perú
2758,Esther,Mendoza,uvargas@example.net,2025-03-27,Perú
2759,Elisa,Olivas,pinedaamelia@example.org,2025-02-20,Perú
2760,Teodoro,Santillán,verduzcoignacio@example.com,2025-02-09,Perú
2761,Alma,Mena,hcalderon@example.org,2025-10-21,Perú
2762,Violeta,Amador,dvigil@example.com,2023-10-04,Perú
2763,Marco Antonio,Mojica,lorenzo90@example.com,2024-01-21,Perú
2764,César,Muñoz,ericolmos@example.com,2024-09-11,Perú
2765,Socorro,Linares,evalladares@example.com,2023-10-18,Perú
2766,Nayeli,Correa,bmaya@example.org,2025-01-15,Perú
2767,Delia,Martínez,carranzamaria@example.com,2025-05-14,Perú
2768,Genaro,Ramírez,cmondragon@example.org,2025-11-23,Perú
2769,Delia,Terán,bacevedo@example.com,2025-07-21,Perú
2770,Carla,Rael,elisa57@example.org,2024-09-17,Perú
2771,Raúl,Leiva,mdominguez@example.com,2023-12-18,Perú
2772,José Carlos,Frías,evelio03@example.org,2025-04-09,Perú
2773,Miriam,Zamora,elviralebron@example.net,2024-11-01,Perú
2774,Ruby,Olivares,velascoaurelio@example.com,2023-01-15,Perú
2775,Teodoro,García,miguel-angel00@example.org,2023-11-19,Perú
2776,Cynthia,Muro,lozadabarbara@example.org,2024-04-17,Perú
2777,Pascual,Coronado,zoe37@example.org,2023-09-04,Perú
2778,David,Manzanares,georginanazario@example.org,2023-02-23,Perú
2779,Aldonza,Barreto,rosafuentes@example.net,2024-02-26,Perú
2780,Pamela,Leyva,villaesther@example.org,2024-01-01,Perú
2781,Eugenia,Urbina,jaime86@example.org,2025-05-08,Perú
2782,Luz,Olivas,ana-mariacorral@example.net,2024-09-10,Perú
2783,Alicia,Chávez,ulloaestela@example.net,2024-08-28,Perú
2784,Marisela,Barajas,antonio71@example.org,2025-03-13,Perú
2785,Concepción,Nava,eva71@example.net,2023-03-22,Perú
2786,Salvador,Monroy,dsoliz@example.net,2025-08-25,Perú
2787,Pascual,Colón,cesar16@example.net,2025-04-21,Perú
2788,Sofía,Pelayo,isaacmendez@example.com,2024-10-27,Perú
2789,Carlos,Niño,jonas19@example.net,2023-04-25,Perú
2790,Abril,Peña,chavarriamargarita@example.org,2023-04-02,Perú
2791,Catalina,Montez,razoaugusto@example.com,2023-09-20,Perú
2792,Salma,Covarrubias,juanaarmendariz@example.org,2024-03-28,Perú
2793,Clara,Aparicio,yolanda14@example.com,2023-03-01,Perú
2794,Gregorio,Gallegos,tduenas@example.com,2025-10-18,Perú
2795,Sessa,Armenta,urielmedrano@example.com,2024-09-17,Perú
2796,Omar,Cadena,martinezmicaela@example.org,2025-07-09,Perú
2797,Antonia,García,isaacluevano@example.net,2025-03-28,Perú
2798,Amador,de la Crúz,augustoortega@example.com,2024-11-13,Perú
2799,Alvaro,Pacheco,gregorioduenas@example.com,2023-10-21,Perú
2800,Nayeli,Hurtado,griegogeorgina@example.net,2025-07-12,Perú
2801,Isabela,Casares,paolaguajardo@example.com,2023-03-03,Perú
2802,Sandra,Balderas,ssantana@example.org,2025-10-12,Perú
2803,Ramiro,Armendáriz,duartecelia@example.net,2024-06-13,Perú
2804,Salvador,Valadez,rosallamas@example.org,2024-10-14,Perú
2805,Ilse,Benavídez,badilloamador@example.com,2025-06-07,Perú
2806,Federico,Altamirano,pvillalpando@example.net,2025-05-31,Perú
2807,Roberto,Reyes,osalcedo@example.net,2025-11-21,Perú
2808,Eugenia,Olivera,ibarraza@example.com,2025-05-16,Perú
2809,Helena,Cardona,ramon21@example.net,2025-07-12,Perú
2810,Gregorio,Sandoval,guillenbeatriz@example.org,2025-09-26,Perú
2811,Indira,Negrón,jvillagomez@example.org,2025-05-19,Perú
2812,Frida,Rosario,claureano@example.net,2023-04-05,Perú
2813,Olga,Estévez,loyacarla@example.org,2024-08-25,Perú
2814,Linda,Curiel,almarazcarlota@example.com,2024-02-22,Perú
2815,Espartaco,Patiño,ycepeda@example.com,2024-08-30,Perú
2816,Elsa,Moya,umora@example.com,2025-01-26,Perú
2817,Abigail,Gaona,qgarcia@example.org,2023-08-26,Perú
2818,Emiliano,Arevalo,luisa36@example.com,2024-09-01,Perú
2819,Fernando,Hernádez,wmejia@example.org,2024-08-21,Perú
2820,Estefanía,Matos,abelardo88@example.org,2024-08-25,Perú
2821,Rodrigo,Tejada,lsegura@example.net,2025-11-22,Perú
2822,Luis,Merino,casaresamalia@example.net,2023-10-04,Perú
2823,Mauro,Vallejo,deboraorellana@example.net,2023-08-24,Perú
2824,Jos,Villarreal,quinonescesar@example.net,2025-07-22,Perú
2825,Abraham,Ledesma,malaveraquel@example.net,2025-04-23,Perú
2826,Eloy,Delgado,tponce@example.net,2024-03-08,Perú
2827,Humberto,Rael,genarojurado@example.org,2025-05-25,Perú
2828,Ignacio,Galindo,anel59@example.com,2025-11-26,Perú
2829,Gregorio,Narváez,manuelzambrano@example.net,2024-10-31,Perú
2830,Alicia,Estrada,henriquezsara@example.net,2025-10-29,Perú
2831,Eugenio,Escobedo,cresporodrigo@example.net,2024-11-27,Perú
2832,Jorge,Caraballo,elenamaestas@example.net,2025-03-31,Perú
2833,Cornelio,Espino,barraganmiriam@example.com,2023-11-15,Perú
2834,Cornelio,Roybal,eloisabetancourt@example.net,2023-01-18,Perú
2835,Clara,Bahena,ttrejo@example.org,2025-03-09,Perú
2836,Emilio,Narváez,lemusjuan-carlos@example.net,2025-06-10,Perú
2837,Mateo,Corona,ivanvarela@example.org,2024-09-13,Perú
2838,Benito,Concepción,florenciagollum@example.org,2023-10-25,Perú
2839,Gerardo,Carvajal,armando45@example.org,2025-01-27,Perú
2840,Alejandro,López,bsaldana@example.net,2024-12-18,Perú
2841,Emilio,Tamez,claudia89@example.net,2024-07-18,Perú
2842,Vanesa,Sosa,loyagilberto@example.net,2024-03-21,Perú
2843,Estefanía,Ureña,bernardo98@example.org,2023-04-24,Perú
2844,Olivia,Salgado,marinmarcos@example.org,2025-05-30,Perú
2845,Pilar,Saucedo,ccarrero@example.net,2023-01-08,Perú
2846,Delia,Pichardo,toroabelardo@example.net,2023-02-06,Perú
2847,Úrsula,Granado,tomas03@example.net,2025-10-13,Perú
2848,Luz,Ramírez,elena77@example.com,2023-09-29,Perú
2849,Conchita,Hernandes,nancy67@example.org,2024-08-30,Perú
2850,Elvira,Serna,alcantaresparta@example.com,2025-07-25,Perú
2851,Rebeca,Solís,hcaraballo@example.net,2025-03-23,Perú
2852,Antonia,Estévez,luz09@example.net,2023-12-31,Perú
2853,Rodrigo,Bétancourt,ovanegas@example.com,2023-10-08,Perú
2854,Noemí,Villarreal,abigailochoa@example.net,2024-01-12,Perú
2855,Humberto,Gil,wendolin90@example.net,2024-04-15,Perú
2856,Linda,Candelaria,padillaminerva@example.com,2025-05-30,Perú
2857,César,Angulo,tcarrasco@example.com,2025-09-30,Perú
2858,Lourdes,Curiel,anaalvarado@example.org,2025-08-31,Perú
2859,Aurora,Pantoja,nayeli64@example.org,2025-01-20,Perú
2860,Eva,Abrego,zzamora@example.com,2023-09-26,Perú
2861,Paulina,Saldivar,abregomaria-cristina@example.org,2023-06-12,Perú
2862,Uriel,Quintana,rosario06@example.org,2025-10-04,Perú
2863,Timoteo,Anaya,serafinchavez@example.com,2023-04-15,Perú
2864,Pablo,Murillo,sandraibarra@example.net,2025-04-08,Perú
2865,Emiliano,Bueno,maria-luisabarela@example.com,2024-10-03,Perú
2866,Serafín,Vargas,marco-antonio56@example.net,2023-02-18,Perú
2867,Cristian,Orta,jose-luisecheverria@example.org,2025-08-25,Perú
2868,Porfirio,Bétancourt,isabela60@example.net,2023-03-19,Perú
2869,Guillermina,Gálvez,kcarvajal@example.net,2023-03-17,Perú
2870,Teodoro,Orta,salmaapodaca@example.com,2025-10-30,Perú
2871,Cristal,Tejada,delia40@example.net,2023-09-02,Perú
2872,Cristina,Ortiz,sierrawendolin@example.org,2025-04-01,Perú
2873,Augusto,Padilla,terrazasoliver@example.org,2025-07-26,Perú
2874,Ana Luisa,Lebrón,eduardo22@example.com,2023-01-28,Perú
2875,Elvia,Sanabria,sandrabarraza@example.net,2023-09-07,Perú
2876,Jacobo,Campos,madrigalveronica@example.org,2025-09-11,Perú
2877,Estela,Verduzco,jose21@example.net,2023-07-05,Perú
2878,Bianca,de la Torre,scenteno@example.com,2024-06-06,Perú
2879,Mauricio,Rivero,menendezcristian@example.net,2023-08-22,Perú
2880,Jaqueline,Espino,hybarra@example.com,2025-04-26,Perú
2881,Judith,Negrón,qrosado@example.org,2024-12-02,Perú
2882,Paola,Rojo,patricia10@example.org,2025-02-21,Perú
2883,Mariana,Ybarra,fernandoherrera@example.org,2023-06-20,Perú
2884,Ana María,Guardado,alta-gracia91@example.org,2023-03-10,Perú
2885,Pascual,Gastélum,floresamelia@example.net,2023-01-08,Perú
2886,Juana,Tejada,wreyes@example.org,2025-01-13,Perú
2887,Raúl,Meza,nunezabel@example.org,2024-11-28,Perú
2888,Minerva,Alcaraz,elisa52@example.net,2024-07-22,Perú
2889,Hernán,Delgadillo,montanorolando@example.org,2024-06-02,Perú
2890,Nicolás,Narváez,zambranoricardo@example.net,2024-03-09,Perú
2891,Nicolás,Santana,caballerosonia@example.com,2023-11-18,Perú
2892,Karla,Puente,carmennevarez@example.com,2024-05-15,Perú
2893,María Elena,Mesa,sotoconcepcion@example.org,2024-11-22,Perú
2894,Irene,Luevano,tleon@example.org,2024-01-12,Perú
2895,Jacobo,Brito,tregalado@example.org,2024-09-04,Perú
2896,Alonso,Barrera,turbina@example.org,2024-06-08,Perú
2897,Mateo,Leal,ortasocorro@example.com,2023-07-29,Perú
2898,Manuel,Ayala,estevezkarina@example.net,2023-12-19,Perú
2899,Rufino,Santacruz,rebecaelizondo@example.net,2024-02-26,Perú
2900,Alvaro,Moreno,griegoeugenio@example.com,2023-07-26,Perú
2901,Citlali,Rangel,rene73@example.net,2025-05-15,Perú
2902,Lourdes,Vera,bsaavedra@example.org,2024-07-11,Perú
2903,Nancy,Benavides,maria-del-carmen37@example.com,2024-10-18,Perú
2904,Camila,Carrasco,xsalcido@example.net,2024-05-29,Perú
2905,Fabiola,Ávila,maurocampos@example.org,2024-12-24,Perú
2906,Elvia,Sarabia,alfredo29@example.com,2023-10-13,Perú
2907,Homero,Espino,adriana36@example.com,2025-04-24,Perú
2908,Jaqueline,Villareal,alta-graciasalgado@example.net,2025-11-26,Perú
2909,Alfredo,de la O,prietoadan@example.net,2023-06-01,Perú
2910,Octavio,Casárez,marcos27@example.org,2023-06-27,Perú
2911,Leticia,Alemán,omontero@example.com,2024-04-15,Perú
2912,Pablo,Linares,soledad83@example.net,2023-08-20,Perú
2913,María José,Alva,jorta@example.net,2025-06-24,Perú
2914,Clara,Centeno,munizmagdalena@example.net,2024-10-17,Perú
2915,Ana María,de Jesús,maguilar@example.com,2024-01-01,Perú
2916,Julia,Perales,eloisamontenegro@example.net,2025-03-28,Perú
2917,Anel,Miranda,abrilcollazo@example.org,2023-06-19,Perú
2918,Martha,Castillo,benitezabraham@example.com,2024-12-31,Perú
2919,Cynthia,Rivero,avalossocorro@example.net,2023-03-30,Perú
2920,Ivonne,Matías,jtorrez@example.net,2023-11-02,Perú
2921,Leonor,Hernández,teodoro48@example.net,2025-09-24,Perú
2922,Camilo,Zelaya,yguillen@example.org,2024-05-15,Perú
2923,Aida,Pedraza,jose-carlos33@example.com,2024-02-18,Perú
2924,Alejandro,Valdés,florenciamendoza@example.net,2025-10-31,Perú
2925,Abraham,Reynoso,isaac42@example.com,2024-10-24,Perú
2926,Roberto,Rivero,cabanfelix@example.com,2023-08-23,Perú
2927,Anabel,Trejo,rosario15@example.org,2023-09-12,Perú
2928,Carlos,Saldaña,genaro35@example.com,2024-07-01,Perú
2929,Jaqueline,Acosta,jose-manuel23@example.org,2024-03-18,Perú
2930,Lucas,Padilla,cespinal@example.com,2025-08-15,Perú
2931,Olivia,Escamilla,gzavala@example.com,2025-09-09,Perú
2932,Graciela,Lugo,amalia57@example.org,2023-06-22,Perú
2933,Julia,Gollum,lealalfonso@example.org,2025-01-13,Perú
2934,Héctor,Concepción,msotelo@example.com,2024-02-04,Perú
2935,Irene,Batista,martin24@example.org,2025-02-22,Perú
2936,Gabino,Posada,toledolinda@example.com,2023-04-30,Perú
2937,Antonio,Morales,murillofelix@example.net,2023-12-21,Perú
2938,Enrique,Alonzo,suarezhilda@example.org,2024-11-29,Perú
2939,Alma,Gamez,yfernandez@example.net,2024-11-06,Perú
2940,Elena,Cazares,umarroquin@example.org,2024-12-24,Perú
2941,Juan Carlos,Alcala,leonormascarenas@example.org,2024-09-02,Perú
2942,Sonia,Rivera,teodoro92@example.net,2023-02-06,Perú
2943,Magdalena,Rosales,sofia37@example.net,2025-10-07,Perú
2944,Angélica,Saucedo,borregoelias@example.net,2024-04-20,Perú
2945,Aurelio,Berríos,mezaberta@example.org,2025-08-13,Perú
2946,Olga,Ortega,humberto68@example.org,2023-08-02,Perú
2947,Rodolfo,de la Torre,uvillasenor@example.net,2025-04-30,Perú
2948,Leonel,Pulido,laraminerva@example.net,2023-10-20,Perú
2949,Lucía,Tejeda,juan-carlostellez@example.net,2024-02-05,Perú
2950,Abelardo,Briseño,abrahamperalta@example.net,2024-11-07,Perú
2951,Fidel,Varela,nicolascanales@example.org,2025-06-18,Perú
2952,María del Carmen,Feliciano,arredondolorenzo@example.org,2023-11-19,Perú
2953,Adán,Rivera,jcarbajal@example.com,2025-01-14,Perú
2954,Héctor,Padrón,danielagranado@example.net,2023-08-13,Perú
2955,Samuel,Navarrete,sonia91@example.net,2023-12-30,Perú
2956,Isaac,Venegas,hsaucedo@example.org,2025-08-03,Perú
2957,Micaela,Soria,lucas84@example.org,2024-08-15,Perú
2958,Timoteo,Meza,felicianoarcelia@example.net,2023-11-18,Perú
2959,Estefanía,del Río,jiminezconcepcion@example.com,2025-10-17,Perú
2960,Andrés,Franco,zoeurena@example.com,2023-03-03,Perú
2961,Rolando,Ibarra,elias71@example.com,2024-10-26,Perú
2962,Isabela,Franco,dberrios@example.net,2025-03-02,Perú
2963,Alejandro,Soto,alvarorincon@example.net,2023-03-01,Perú
2964,Eugenio,Tapia,badillopaola@example.org,2025-07-11,Perú
2965,Araceli,Adame,ferrerluis-manuel@example.net,2023-08-16,Perú
2966,Óliver,Armas,villaangel@example.org,2024-11-25,Perú
2967,Teodoro,Garica,cresendez@example.com,2025-10-03,Perú
2968,Carla,Canales,qjuarez@example.org,2024-01-18,Perú
2969,Roberto,Rael,almaguerra@example.net,2023-04-01,Perú
2970,Perla,Negrón,irene72@example.net,2023-04-30,Perú
2971,Aldonza,Mojica,angelica43@example.net,2023-08-26,Perú
2972,Juan Carlos,Briseño,serafinfrias@example.com,2023-10-05,Perú
2973,Rolando,Benavídez,hmartinez@example.com,2025-03-26,Perú
2974,Pablo,Ibarra,fernandohernadez@example.com,2025-05-02,Perú
2975,Patricio,Collado,hmendoza@example.net,2023-11-29,Perú
2976,Cecilia,Santillán,ppolanco@example.org,2024-07-03,Perú
2977,Esperanza,Sanabria,mreynoso@example.net,2025-05-26,Perú
2978,Horacio,Rico,minervacaldera@example.com,2023-01-16,Perú
2979,Mario,Loya,maria-joseavalos@example.org,2024-01-30,Perú
2980,Isaac,Villalobos,wpina@example.org,2024-04-10,Perú
2981,Jesús,Arriaga,emiliarael@example.net,2024-08-23,Perú
2982,Natalia,Esparza,ruben74@example.org,2024-04-18,Perú
2983,María Elena,Matos,adanalonzo@example.com,2024-12-10,Perú
2984,Amelia,Franco,ricardovelasco@example.org,2023-06-05,Perú
2985,Irene,Dávila,wvillareal@example.com,2024-05-24,Perú
2986,Isabel,Miranda,daliatrujillo@example.org,2024-10-02,Perú
2987,Lucas,Vélez,zeferino73@example.net,2023-11-15,Perú
2988,Horacio,Ocasio,de-jesusines@example.org,2024-02-26,Perú
2989,Trinidad,Rangel,scordero@example.net,2025-08-10,Perú
2990,Cecilia,Lemus,deliagarcia@example.org,2025-07-06,Perú
2991,Daniela,Alcala,saizanel@example.com,2024-12-14,Perú
2992,Andrea,Rodrígez,vpacheco@example.org,2025-05-18,Perú
2993,Frida,Tejada,beatriz22@example.com,2025-02-26,Perú
2994,Emilia,Tamayo,almontejose-emilio@example.com,2025-11-17,Perú
2995,Guillermina,Castellanos,virginiapabon@example.com,2024-05-13,Perú
2996,Guillermo,Rosales,estelavaldez@example.com,2023-05-08,Perú
2997,Uriel,Meléndez,espinalkarina@example.net,2024-07-08,Perú
2998,Ángel,Vergara,xfierro@example.com,2023-08-26,Perú
2999,Ernesto,Concepción,olivermatos@example.net,2024-05-17,Perú
3000,Salvador,Tijerina,leonor36@example.net,2025-10-09,Perú
3001,Wilfrido,Garrido,manuelestrada@example.com,2025-04-23,Perú
3002,Sofía,Olivo,alonsoguillermina@example.com,2025-03-07,Perú
3003,José,Vergara,bcintron@example.com,2024-01-24,Perú
3004,Serafín,Carvajal,felixmena@example.org,2025-09-17,Perú
3005,Amador,Arteaga,qcorona@example.net,2023-12-23,Perú
3006,Cynthia,Zelaya,adan40@example.org,2023-07-20,Perú
3007,Frida,Ponce,guillermo30@example.org,2023-04-20,Perú
3008,Rebeca,Montemayor,guillerminamunguia@example.net,2023-10-25,Perú
3009,Eugenia,Arroyo,javier12@example.net,2025-09-08,Perú
3010,Micaela,Dueñas,mayasergio@example.com,2025-02-05,Perú
3011,Omar,Santacruz,porrasmanuel@example.com,2024-03-24,Perú
3012,Rodrigo,Reséndez,deliamatias@example.com,2024-01-25,Perú
3013,Jacobo,Salcido,orozcodelia@example.com,2024-02-28,Perú
3014,Rocío,Montaño,marreromauro@example.net,2023-11-23,Perú
3015,Rafaél,Cotto,pamela95@example.org,2024-06-13,Perú
3016,Karina,Mendoza,colungakarla@example.com,2025-09-25,Perú
3017,Rufino,Enríquez,dcarranza@example.com,2025-07-08,Perú
3018,Carlota,Castillo,indirariojas@example.org,2025-04-22,Perú
3019,Adalberto,Gaona,ericbotello@example.net,2023-11-22,Perú
3020,Paulina,Sandoval,adriana16@example.net,2024-12-29,Perú
3021,Ángela,Casas,preciadoleonor@example.net,2024-04-17,Perú
3022,Débora,Matos,montenegrogerardo@example.org,2024-02-27,Perú
3023,Aldo,Enríquez,gllamas@example.com,2024-08-24,Perú
3024,Nelly,Saldivar,paezgeronimo@example.net,2025-07-13,Perú
3025,Armando,Rincón,jorge-luisesparza@example.net,2025-04-30,Perú
3026,Jorge,Terrazas,psegovia@example.com,2024-10-17,Perú
3027,Nelly,Nieves,nayeli72@example.net,2025-04-15,Perú
3028,Jorge Luis,Díaz,celia72@example.net,2025-01-24,Perú
3029,Eugenia,Mata,tpaz@example.net,2025-09-30,Perú
3030,Gregorio,Santillán,gferrer@example.org,2023-03-01,Perú
3031,Aurora,Beltrán,venegasesperanza@example.org,2025-10-16,Perú
3032,Francisco Javier,Serrato,jorgepolanco@example.net,2025-03-08,Perú
3033,Alma,Zamora,nicolas94@example.net,2024-01-06,Perú
3034,Marcela,Tirado,marcelaurrutia@example.com,2024-02-13,Perú
3035,Esparta,Fierro,vecheverria@example.net,2025-11-22,Perú
3036,Samuel,de la Fuente,dvaladez@example.net,2024-03-07,Perú
3037,Rolando,Aranda,ogarcia@example.com,2023-04-30,Perú
3038,Antonio,Zapata,maria-cristina80@example.net,2023-10-10,Perú
3039,Alvaro,Valadez,xsauceda@example.com,2024-03-21,Perú
3040,Juana,Salazar,francisco-javierlongoria@example.net,2023-02-03,Perú
3041,Raquel,Cabrera,serafin64@example.com,2025-09-13,Perú
3042,Marisol,Regalado,modesto96@example.net,2024-09-29,Perú
3043,Óliver,Jasso,dlomeli@example.org,2023-12-06,Perú
3044,Ernesto,Rosario,anel91@example.org,2024-06-16,Perú
3045,Elisa,Juárez,tamezzacarias@example.com,2025-06-04,Perú
3046,Jos,Ordóñez,aalonzo@example.net,2025-02-14,Perú
3047,Julio,Arroyo,tchapa@example.net,2023-06-12,Perú
3048,Paola,Batista,rodolfo05@example.net,2024-10-18,Perú
3049,Aida,Arce,saldivargloria@example.org,2023-03-13,Perú
3050,Zeferino,Roldán,carrascoleonor@example.net,2023-12-29,Perú
3051,Natividad,Nieves,zamorafabiola@example.net,2023-09-30,Perú
3052,Fernando,Tijerina,pilar52@example.com,2023-09-25,Perú
3053,Perla,Alcala,velizmarco-antonio@example.org,2024-11-24,Perú
3054,Olivia,de la Garza,socorro19@example.org,2023-04-01,Perú
3055,Elvira,Palomino,navarretezoe@example.com,2025-10-31,Perú
3056,Conchita,Sáenz,qvallejo@example.org,2024-11-15,Perú
3057,Modesto,Jiménez,coronareynaldo@example.org,2025-02-06,Perú
3058,Mónica,Quiñones,emilianovega@example.org,2024-04-26,Perú
3059,Yeni,Alcala,sanchesluis@example.com,2024-01-09,Perú
3060,Gustavo,Mejía,xrosas@example.net,2024-03-28,Perú
3061,Nicolás,Orellana,socorromalave@example.com,2023-10-07,Perú
3062,Aurelio,Valle,pbarrios@example.com,2025-04-13,Perú
3063,Jaime,Valdés,barbara42@example.org,2023-02-11,Perú
3064,Rocío,Castellanos,zamorarafael@example.com,2024-01-17,Perú
3065,Abraham,Amador,fcantu@example.net,2023-06-14,Perú
3066,Violeta,Quiñónez,citlaliescalante@example.com,2024-07-31,Perú
3067,Carmen,Padrón,lucia31@example.net,2025-01-21,Perú
3068,Pedro,Cornejo,florezalberto@example.net,2024-10-27,Perú
3069,Gabino,Robledo,maganasonia@example.net,2025-09-16,Perú
3070,Ernesto,Frías,geronimozamudio@example.org,2023-10-28,Perú
3071,Anabel,Ibarra,jose68@example.com,2024-07-04,Perú
3072,Rebeca,Valles,usalazar@example.com,2024-05-27,Perú
3073,Daniel,Barajas,fmiramontes@example.net,2024-10-19,Perú
3074,Laura,Segovia,padronangel@example.net,2024-03-06,Perú
3075,Felix,Ponce,pmorales@example.org,2025-03-20,Perú
3076,Fidel,Pedraza,ana-maria69@example.net,2024-02-05,Perú
3077,Soledad,Treviño,blancoleticia@example.com,2023-01-17,Perú
3078,Luis Manuel,Tejada,guevaramartin@example.net,2023-10-13,Perú
3079,Bruno,Trejo,javalos@example.com,2023-07-12,Perú
3080,Magdalena,Nieves,maria-teresaarenas@example.org,2024-08-13,Perú
3081,Marco Antonio,Canales,jonascampos@example.com,2023-03-17,Perú
3082,Sara,Palacios,julio42@example.net,2024-09-20,Perú
3083,Luis,Espinal,azedillo@example.net,2024-04-07,Perú
3084,Jonás,García,dolores92@example.com,2023-12-05,Perú
3085,Anabel,Anaya,qaguayo@example.org,2025-08-29,Perú
3086,David,Esquivel,mendezlaura@example.net,2025-06-29,Perú
3087,Rocío,de la Torre,zcalderon@example.org,2023-05-25,Perú
3088,Laura,Alejandro,teranricardo@example.org,2024-05-11,Perú
3089,Eloy,Porras,pedroapodaca@example.net,2024-12-20,Perú
3090,Felix,Rivero,hernandesmaria-teresa@example.net,2025-11-06,Perú
3091,Fabiola,Rojas,israel47@example.net,2023-11-25,Perú
3092,Raquel,Espinoza,hmora@example.org,2025-11-14,Perú
3093,Gabriel,Olmos,isabelpaz@example.org,2024-09-04,Perú
3094,Marco Antonio,Noriega,parraivan@example.net,2024-04-07,Perú
3095,Eugenia,Verduzco,wporras@example.net,2025-05-18,Perú
3096,Cynthia,Becerra,serafin42@example.org,2023-07-18,Perú
3097,Humberto,Luna,dberrios@example.com,2024-03-29,Perú
3098,Karla,Mata,ybarraisrael@example.com,2023-06-23,Perú
3099,Olivia,Cornejo,nquiroz@example.net,2024-08-24,Perú
3100,Horacio,Orellana,dcasarez@example.org,2024-10-31,Perú
3101,Laura,Gutiérrez,scordero@example.org,2025-09-22,Perú
3102,Abel,Segura,nadia16@example.com,2025-11-22,Perú
3103,Soledad,Ureña,carlotavalle@example.org,2025-09-19,Perú
3104,Úrsula,Henríquez,ulomeli@example.com,2024-03-19,Perú
3105,Ruby,Toledo,juan-carlos43@example.org,2023-02-27,Perú
3106,Pamela,Fonseca,fbecerra@example.org,2023-02-23,Perú
3107,Lilia,Alfaro,jeronimopina@example.org,2024-03-28,Perú
3108,Eduardo,Mondragón,ramonelisa@example.com,2023-01-10,Perú
3109,María Elena,Iglesias,salasjaqueline@example.net,2025-10-30,Perú
3110,Aldo,Navarro,manzanarescesar@example.net,2024-09-25,Perú
3111,Verónica,Delgado,marthazamudio@example.org,2025-01-28,Perú
3112,Yolanda,Lomeli,mmorales@example.net,2024-11-19,Perú
3113,Graciela,Pérez,centenoflorencia@example.com,2023-10-06,Perú
3114,Rebeca,Matías,adanarchuleta@example.com,2023-09-27,Perú
3115,Nelly,Tirado,concepcioncordero@example.com,2025-06-28,Perú
3116,Abelardo,Vélez,aarguello@example.net,2023-05-14,Perú
3117,Aldo,Alemán,dariosalazar@example.org,2024-07-19,Perú
3118,Oswaldo,Cortez,manuel77@example.net,2025-11-23,Perú
3119,Guillermo,Alejandro,susanavelasco@example.net,2024-08-27,Perú
3120,Claudia,Becerra,elisabotello@example.com,2025-07-11,Perú
3121,Luis,Valverde,onino@example.com,2025-10-03,Perú
3122,Nicolás,Ojeda,cadenacristian@example.net,2025-06-18,Perú
3123,José María,Posada,georginacintron@example.org,2025-10-18,Perú
3124,Mayte,Guerra,cruzzeferino@example.com,2023-10-26,Perú
3125,Mitzy,Maldonado,paola53@example.org,2023-04-17,Perú
3126,Juana,Cordero,saizmarisela@example.com,2024-09-29,Perú
3127,Nayeli,Saldaña,trevinojuan@example.net,2025-09-11,Perú
3128,José Eduardo,Arias,mnaranjo@example.org,2023-02-06,Perú
3129,Manuel,de Jesús,ssaldana@example.com,2024-08-22,Perú
3130,Jaqueline,Archuleta,elsa73@example.net,2023-01-26,Perú
3131,Guillermo,Angulo,graciajuan@example.org,2023-07-30,Perú
3132,Bernabé,Barrientos,dcavazos@example.net,2025-03-04,Perú
3133,Ana,Mora,guillermina68@example.net,2023-09-11,Perú
3134,Jacobo,Camacho,zfuentes@example.net,2023-01-18,Perú
3135,Alfonso,Longoria,maria-jose61@example.net,2024-09-23,Perú
3136,Nelly,Collazo,benavidezevelio@example.com,2025-06-04,Perú
3137,Rocío,Alonso,curielsofia@example.com,2023-04-22,Perú
3138,Joaquín,Huerta,maria-josetejada@example.com,2024-02-20,Perú
3139,Cecilia,Saavedra,mascarenasnadia@example.org,2023-06-15,Perú
3140,Eugenia,Robles,mendezvictor@example.com,2024-07-28,Perú
3141,Silvano,Manzanares,karlaalvarez@example.net,2023-08-30,Perú
3142,Graciela,Barrera,carmen28@example.com,2025-08-13,Perú
3143,Julia,Arteaga,granadosnoelia@example.net,2024-04-23,Perú
3144,Ofelia,Girón,rosalesnoemi@example.com,2023-09-12,Perú
3145,Jaime,Marín,pablorincon@example.net,2025-07-03,Perú
3146,Micaela,Barrios,ycrespo@example.com,2024-05-30,Perú
3147,Karla,Calderón,smuniz@example.net,2024-02-13,Perú
3148,Eloisa,Montañez,del-vallefrancisco@example.com,2025-02-06,Perú
3149,Eric,Bravo,gabino38@example.org,2024-11-05,Perú
3150,Esparta,Collado,sandovalgilberto@example.com,2023-08-14,Perú
3151,Guillermo,Aranda,duraneva@example.org,2025-10-31,Perú
3152,Trinidad,Zayas,gilbertoyanez@example.net,2025-06-21,Perú
3153,Citlali,Adame,reynosomaria@example.net,2024-05-22,Perú
3154,Jorge,Heredia,nmorales@example.com,2023-05-29,Perú
3155,Aldonza,Rodríguez,victoriasuarez@example.org,2025-02-26,Perú
3156,Lilia,Pulido,nadia56@example.org,2024-03-21,Perú
3157,Ariadna,Regalado,luciabriones@example.org,2024-10-21,Perú
3158,Silvano,Carrera,jose-luisconcepcion@example.org,2025-11-18,Perú
3159,Jacinto,Sierra,ohurtado@example.net,2024-11-30,Perú
3160,Porfirio,Camarillo,barragandulce-maria@example.com,2025-05-07,Perú
3161,Sofía,Barrera,cvillanueva@example.com,2023-08-05,Perú
3162,Rebeca,Rosales,geronimosantillan@example.net,2023-12-13,Perú
3163,Mateo,Castañeda,mjurado@example.org,2025-01-18,Perú
3164,Jonás,Iglesias,ernestoporras@example.com,2023-03-21,Perú
3165,Camila,Saldaña,zamoracelia@example.com,2024-05-02,Perú
3166,Ernesto,Ponce,francisca65@example.com,2025-08-09,Perú
3167,Esparta,Amador,jperalta@example.org,2024-04-27,Perú
3168,Lorena,Maestas,magdalena88@example.net,2025-03-05,Perú
3169,Eric,Nájera,ivonnefonseca@example.net,2025-10-10,Perú
3170,Tomás,Granados,helenamaldonado@example.com,2023-11-15,Perú
3171,Elvira,Solano,pablo97@example.com,2025-02-12,Perú
3172,Homero,Palacios,colladosonia@example.com,2023-04-21,Perú
3173,Esparta,Ríos,evapina@example.net,2023-01-12,Perú
3174,Humberto,Regalado,maciasveronica@example.com,2024-04-15,Perú
3175,Elisa,Ulibarri,caridadde-la-garza@example.org,2024-10-25,Perú
3176,Rosario,Ulibarri,luis-manuel33@example.com,2025-03-24,Perú
3177,Dolores,Aguilar,pilar53@example.com,2025-03-29,Perú
3178,Fabiola,Cuellar,jacoboulloa@example.net,2024-06-13,Perú
3179,Graciela,de la Fuente,guadalupe02@example.org,2024-10-22,Perú
3180,Esparta,Estrada,barbaraescobar@example.com,2024-05-19,Perú
3181,Fabiola,Aguilar,carlossoliz@example.org,2025-07-12,Perú
3182,Aida,Moreno,luis-manueldel-valle@example.net,2024-01-30,Perú
3183,Eva,Padilla,sepulvedapilar@example.org,2025-10-21,Perú
3184,Delia,Leiva,longoriajeronimo@example.net,2025-07-24,Perú
3185,Eugenio,Bustos,dolores79@example.org,2023-02-09,Perú
3186,Violeta,Correa,carla66@example.net,2024-07-10,Perú
3187,Dulce María,Solano,yrosario@example.net,2023-07-14,Perú
3188,Tania,Cano,ivillalpando@example.net,2023-02-06,Perú
3189,Estela,González,patriciatrujillo@example.net,2023-01-04,Perú
3190,Leonel,del Río,nfrias@example.net,2023-11-17,Perú
3191,Jacobo,Castillo,ramonmadrid@example.com,2024-03-27,Perú
3192,Abraham,Cepeda,nancy32@example.com,2025-05-05,Perú
3193,María,Carrión,matoscarmen@example.net,2023-07-08,Perú
3194,Noemí,Menchaca,granadojorge@example.org,2024-08-01,Perú
3195,Adán,Rivero,renato25@example.net,2023-01-21,Perú
3196,Leonor,Urías,rpabon@example.com,2025-11-05,Perú
3197,Mario,León,miguel22@example.org,2024-04-26,Perú
3198,Luis Manuel,Batista,eugenioserna@example.org,2024-07-25,Perú
3199,Agustín,Armenta,robledomarco-antonio@example.com,2024-09-09,Perú
3200,Susana,Pedroza,toledolucas@example.net,2024-06-11,Perú
3201,Lourdes,Colón,uriel44@example.org,2025-07-11,Perú
3202,Ramiro,Armenta,jose-maria45@example.net,2023-09-12,Perú
3203,Perla,Urías,tgallegos@example.net,2025-09-08,Perú
3204,Jaqueline,Dueñas,jaramilloguillermo@example.net,2024-03-31,Perú
3205,Juan Carlos,Varela,inesurias@example.org,2023-10-13,Perú
3206,Mayte,Zavala,collazogeronimo@example.net,2024-09-12,Perú
3207,Pablo,Aguilera,isabel04@example.org,2025-05-19,Perú
3208,Ilse,Solorio,hugogalvan@example.net,2024-09-02,Perú
3209,Soledad,Armas,nmontes@example.com,2025-05-01,Perú
3210,Socorro,Barragán,salvadorescobar@example.net,2023-11-15,Perú
3211,Lucas,Piña,fajardocarolina@example.org,2025-04-25,Perú
3212,Angélica,Benavides,indiraorozco@example.net,2023-10-31,Perú
3213,Teodoro,Ojeda,gorozco@example.net,2025-11-21,Perú
3214,Jorge Luis,Farías,vbarreto@example.org,2023-09-24,Perú
3215,Sandra,Canales,cristal12@example.org,2023-11-09,Perú
3216,Mariano,Rodarte,elsa48@example.com,2023-07-06,Perú
3217,Sergio,Ortiz,zsolis@example.com,2024-10-31,Perú
3218,Rebeca,Batista,mesazoe@example.net,2023-06-22,Perú
3219,Raúl,Navarro,ahidalgo@example.net,2023-05-24,Perú
3220,Elisa,Angulo,eva69@example.org,2024-03-09,Perú
3221,Agustín,Pabón,jacobo12@example.net,2025-08-09,Perú
3222,Ariadna,Maestas,qtellez@example.net,2023-07-26,Perú
3223,Felipe,Berríos,marco-antonio77@example.org,2024-02-12,Perú
3224,Lorenzo,Carrillo,adalberto24@example.net,2025-10-30,Perú
3225,Daniel,Jasso,paulinaestrada@example.org,2023-01-20,Perú
3226,Alfonso,Tamez,kfarias@example.net,2025-05-18,Perú
3227,Felipe,Gollum,juradomaria-elena@example.net,2025-09-08,Perú
3228,Marcos,Cazares,carlosluevano@example.net,2025-03-17,Perú
3229,Vanesa,Elizondo,ivalles@example.com,2023-12-06,Perú
3230,Jorge Luis,Preciado,julio-cesar48@example.net,2023-10-04,Perú
3231,Felipe,Figueroa,mateoeric@example.org,2025-07-19,Perú
3232,Linda,Cisneros,victoravila@example.net,2024-11-09,Perú
3233,Perla,Pedraza,tania25@example.org,2024-08-14,Perú
3234,Claudia,Mesa,leonardogodoy@example.com,2024-11-22,Perú
3235,Araceli,Manzanares,ericnegrete@example.net,2023-11-20,Perú
3236,Gabriela,Macías,rburgos@example.org,2024-10-21,Perú
3237,Abigail,Esparza,tapiablanca@example.org,2024-06-10,Perú
3238,Dolores,Tafoya,lpina@example.com,2025-09-24,Perú
3239,José Eduardo,Rivas,aberrios@example.com,2023-04-30,Perú
3240,Caridad,Bravo,menriquez@example.com,2025-08-15,Perú
3241,Yolanda,Trejo,emilia25@example.net,2025-02-09,Perú
3242,Jos,Franco,taniagutierrez@example.com,2025-11-07,Perú
3243,Gerardo,Arellano,agustinarmendariz@example.net,2023-04-13,Perú
3244,Leticia,Briseño,raeljose-eduardo@example.org,2025-11-05,Perú
3245,René,Soto,luz63@example.org,2025-04-25,Perú
3246,Olivia,Briseño,vtellez@example.org,2023-09-22,Perú
3247,Natividad,Vélez,alarconclemente@example.com,2025-05-03,Perú
3248,Amalia,Jimínez,eduardotafoya@example.com,2025-09-23,Perú
3249,Enrique,Ordóñez,abelardocanales@example.net,2023-02-15,Perú
3250,Lorena,Puente,urenacristobal@example.com,2023-04-20,Perú
3251,Armando,Santillán,federico28@example.com,2025-04-22,Perú
3252,Alta  Gracia,Granados,szamora@example.com,2024-10-19,Perú
3253,Sergio,Olivas,luzmarrero@example.net,2024-11-25,Perú
3254,Dolores,Oquendo,ramon75@example.org,2024-11-26,Perú
3255,Salma,Montalvo,rufino88@example.org,2023-10-17,Perú
3256,Esteban,Gracia,florencia16@example.com,2024-01-28,Perú
3257,Alberto,Almaraz,qlaboy@example.net,2023-12-09,Perú
3258,Modesto,Colunga,angelicatoro@example.org,2025-11-24,Perú
3259,Vicente,Gaitán,armaslinda@example.net,2025-06-09,Perú
3260,Julio,Cornejo,eliasmojica@example.org,2023-12-15,Perú
3261,Juan,Alonzo,ulibarrisergio@example.net,2025-05-06,Perú
3262,Zacarías,Alonzo,gabinocasanova@example.com,2024-07-23,Perú
3263,Rebeca,Castañeda,tverduzco@example.com,2023-12-31,Perú
3264,Patricia,Vigil,eveliorangel@example.org,2023-04-18,Perú
3265,Teresa,Rubio,cmena@example.net,2025-02-09,Perú
3266,Felix,Fajardo,davidzelaya@example.net,2024-10-13,Perú
3267,Nadia,Arenas,czarate@example.com,2024-10-18,Perú
3268,Teresa,Barragán,xromero@example.org,2025-06-10,Perú
3269,Hernán,Villanueva,msepulveda@example.org,2024-01-15,Perú
3270,Espartaco,Alfaro,kortiz@example.org,2023-01-09,Perú
3271,Mónica,Díaz,judith40@example.com,2025-03-01,Perú
3272,Camilo,Barragán,monica16@example.net,2024-01-21,Perú
3273,Paola,Orta,cabrerasandra@example.net,2024-12-01,Perú
3274,Armando,Esquivel,pgaitan@example.net,2023-05-15,Perú
3275,Humberto,Naranjo,victor44@example.org,2025-03-01,Perú
3276,Amanda,Ramírez,francisco41@example.org,2024-01-23,Perú
3277,Dolores,Portillo,tmedrano@example.com,2024-11-11,Perú
3278,Adela,Aguirre,jaime53@example.com,2025-07-27,Perú
3279,Marisela,Reynoso,gerardoespinal@example.org,2024-01-08,Perú
3280,María Cristina,Quintanilla,javier85@example.org,2023-07-15,Perú
3281,Yeni,Fernández,bsegovia@example.net,2025-03-03,Perú
3282,Esmeralda,Ríos,rodrigezliliana@example.com,2023-11-20,Perú
3283,Sonia,Acevedo,esparzarodrigo@example.org,2023-08-13,Perú
3284,Paulina,Barragán,fllamas@example.com,2025-08-11,Perú
3285,Esmeralda,Ramírez,pascualrodrigez@example.net,2023-08-19,Perú
3286,Lilia,Merino,cjuarez@example.com,2025-01-28,Perú
3287,Santiago,Villalpando,karlavillarreal@example.org,2024-03-31,Perú
3288,Rodrigo,Luna,biancabarela@example.org,2024-09-13,Perú
3289,Juana,Olivárez,esquivelcarolina@example.net,2024-07-07,Perú
3290,Daniela,Estévez,brael@example.com,2025-05-23,Perú
3291,Estela,Zedillo,karinajasso@example.org,2024-07-31,Perú
3292,Lilia,Rivera,lgarrido@example.org,2025-08-11,Perú
3293,Felix,Montero,asuncion06@example.org,2023-07-02,Perú
3294,Tomás,Carrión,iglesiasmanuel@example.org,2023-10-19,Perú
3295,Micaela,Fonseca,cabanhernan@example.net,2024-08-20,Perú
3296,Anabel,Patiño,araceli50@example.net,2025-05-23,Perú
3297,María Teresa,Vega,xespinoza@example.net,2025-06-10,Perú
3298,Zacarías,Cotto,almagiron@example.net,2023-03-31,Perú
3299,Caridad,Prieto,gilespartaco@example.org,2025-10-07,Perú
3300,Hermelinda,Casas,helena21@example.com,2025-06-29,Perú
3301,Gabriel,Archuleta,oscar97@example.org,2025-08-19,Perú
3302,Ivonne,Rangel,uhidalgo@example.com,2023-04-02,Perú
3303,Javier,Miranda,agustinfarias@example.com,2024-11-29,Perú
3304,Rodrigo,Hernández,glinares@example.com,2023-06-16,Perú
3305,Abraham,Zayas,abrahammenendez@example.org,2024-08-11,Perú
3306,Perla,Suárez,kcamarillo@example.net,2023-09-10,Perú
3307,Gabriel,Barraza,utejeda@example.org,2023-06-27,Perú
3308,Carolina,Galindo,mariano82@example.net,2024-05-18,Perú
3309,Florencia,Marroquín,zcuriel@example.org,2023-07-22,Perú
3310,Francisco Javier,Lerma,germantijerina@example.net,2025-11-23,Perú
3311,Sessa,Cuellar,cynthiarenteria@example.com,2025-11-21,Perú
3312,Rodrigo,Tamayo,rosaliaferrer@example.com,2024-06-16,Perú
3313,Rocío,Gastélum,juanatovar@example.com,2025-12-01,Perú
3314,Bianca,Vega,joseregalado@example.net,2024-11-06,Perú
3315,Helena,Jaime,figueroajose-manuel@example.net,2024-07-28,Perú
3316,Tomás,Urbina,rmunguia@example.com,2023-11-22,Perú
3317,Indira,Apodaca,correanoelia@example.net,2024-02-06,Perú
3318,Luis,Cabrera,mateo14@example.net,2023-02-13,Perú
3319,Vicente,Valentín,vybarra@example.net,2025-06-09,Perú
3320,Genaro,Acevedo,marcosgurule@example.org,2023-08-11,Perú
3321,Silvano,Cavazos,lourdesquintero@example.org,2023-04-15,Perú
3322,María José,Roque,pablo08@example.com,2023-07-18,Perú
3323,Elvira,Amador,fernandezignacio@example.net,2023-08-16,Perú
3324,Ernesto,Moya,espinaljosefina@example.org,2024-08-26,Perú
3325,Helena,Díaz,aldo22@example.com,2025-01-20,Perú
3326,Dulce María,Zarate,balonso@example.net,2025-05-02,Perú
3327,Daniela,Saldaña,ceciliacisneros@example.com,2024-06-21,Perú
3328,Clara,Tamayo,zoe40@example.com,2024-04-04,Perú
3329,Jaime,Alejandro,ssegura@example.com,2024-09-21,Perú
3330,Jaime,Mojica,danielmena@example.net,2023-04-30,Perú
3331,Darío,de la O,zvaladez@example.org,2025-01-06,Perú
3332,Renato,Negrete,rodolforomo@example.net,2024-01-15,Perú
3333,Homero,Alva,nvillasenor@example.org,2023-06-04,Perú
3334,Adriana,Preciado,zeferinohurtado@example.com,2025-08-04,Perú
3335,Liliana,Cantú,gustavotoro@example.org,2024-08-15,Perú
3336,Hilda,Casanova,hreyes@example.net,2023-09-30,Perú
3337,Sandra,Casillas,sevillarosalia@example.net,2024-09-24,Perú
3338,Josefina,Crespo,manuelmedrano@example.com,2023-03-05,Perú
3339,Barbara,Arroyo,nalcaraz@example.net,2025-11-06,Perú
3340,Jorge,Mejía,nvillegas@example.org,2024-09-22,Perú
3341,Gabriel,Laureano,dorosco@example.org,2024-06-29,Perú
3342,Salvador,Uribe,angela94@example.org,2024-05-11,Perú
3343,Nicolás,Negrete,mariana49@example.com,2023-01-26,Perú
3344,Mónica,Olivo,almonteoliver@example.com,2024-08-15,Perú
3345,Rodrigo,Camarillo,javiersalinas@example.net,2025-06-02,Perú
3346,Alejandro,Méndez,elozada@example.com,2024-08-16,Perú
3347,Josefina,Samaniego,brionesroberto@example.org,2023-01-13,Perú
3348,Francisca,Salcedo,esthernegrete@example.net,2025-11-27,Perú
3349,Gabino,Zaragoza,dsuarez@example.net,2024-05-10,Perú
3350,Reina,Armendáriz,menamargarita@example.org,2024-04-03,Perú
3351,Vanesa,Vera,avalosclaudio@example.org,2025-08-24,Perú
3352,Lucas,Estrada,rodolfo99@example.org,2023-12-12,Perú
3353,Gabriel,Rascón,valadezmarcos@example.com,2023-03-28,Perú
3354,Pamela,Zarate,ferrermargarita@example.org,2024-02-13,Perú
3355,Amador,Manzanares,burena@example.com,2023-04-13,Perú
3356,Jacinto,Aguilar,fridade-la-o@example.com,2024-01-02,Perú
3357,Flavio,Bueno,grijalvarafael@example.net,2023-02-01,Perú
3358,Zeferino,Carreón,federicoavila@example.com,2025-03-15,Perú
3359,Sonia,Rosado,velaalfonso@example.com,2023-07-25,Perú
3360,Francisco,Ríos,drosado@example.com,2025-04-26,Perú
3361,Francisco,Mojica,nmenendez@example.com,2023-10-26,Perú
3362,Concepción,Briseño,sanabriaabril@example.org,2023-02-20,Perú
3363,Ernesto,Montalvo,qpaz@example.org,2023-02-17,Perú
3364,Francisco Javier,Montaño,casarezdiego@example.org,2024-10-17,Perú
3365,Rosalia,Ulloa,guevarabernabe@example.org,2024-05-30,Perú
3366,Lourdes,Viera,mojicaangela@example.net,2025-09-16,Perú
3367,Ángela,Villalobos,partidajosefina@example.org,2025-01-05,Perú
3368,Rosalia,Montañez,cintrongerman@example.net,2023-01-22,Perú
3369,Aldo,Fernández,quinonezofelia@example.com,2023-05-25,Perú
3370,Ricardo,Carrillo,carreroroberto@example.net,2025-07-28,Perú
3371,Adela,Cornejo,monteshumberto@example.net,2025-10-24,Perú
3372,Emilio,Meléndez,jose-manuelceballos@example.net,2025-04-13,Perú
3373,Sessa,de León,cpizarro@example.com,2024-04-29,Perú
3374,Eugenia,Curiel,catalinaroque@example.net,2024-05-23,Perú
3375,Zoé,Perales,rufino09@example.net,2023-06-18,Perú
3376,Elvia,Estévez,ruben02@example.org,2023-05-22,Perú
3377,Horacio,Zamudio,felix24@example.org,2024-08-11,Perú
3378,Pedro,Meléndez,serafinrosario@example.com,2023-01-20,Perú
3379,Gerardo,Vallejo,veronicamondragon@example.org,2025-10-21,Perú
3380,Noemí,Arreola,adanmeza@example.org,2023-01-21,Perú
3381,Guillermina,Montaño,abelardo01@example.com,2024-02-02,Perú
3382,Emilia,Borrego,marinjavier@example.org,2024-10-23,Perú
3383,Fernando,Mora,laura66@example.net,2024-01-12,Perú
3384,Sara,Escamilla,jaimecarbajal@example.org,2024-04-22,Perú
3385,Blanca,Valencia,nicolas73@example.com,2024-04-02,Perú
3386,Yeni,de la O,solorzanorosa@example.net,2023-10-30,Perú
3387,Linda,Cavazos,nelly74@example.net,2025-05-20,Perú
3388,Pascual,Cepeda,rosariowendolin@example.com,2025-05-17,Perú
3389,Bernabé,Carrión,marco-antonioavalos@example.org,2023-04-22,Perú
3390,Carlos,Cedillo,ursulaacuna@example.com,2025-12-04,Perú
3391,Manuel,Sevilla,negretegloria@example.org,2023-10-14,Perú
3392,Teodoro,Meléndez,angelamarin@example.net,2023-09-18,Perú
3393,Elsa,Páez,jose-emilio46@example.com,2024-02-11,Perú
3394,Caridad,Muñiz,anaespinoza@example.net,2023-05-08,Perú
3395,Aldo,Carreón,martha67@example.com,2024-02-19,Perú
3396,Mateo,Garrido,tijerinajulia@example.net,2023-03-30,Perú
3397,Salvador,Palomino,rosaliaamaya@example.org,2023-02-16,Perú
3398,Iván,Palomo,estherramos@example.com,2024-07-22,Perú
3399,Josefina,Orellana,joaquinbarraza@example.net,2025-04-22,Perú
3400,René,Casares,casanovajoaquin@example.net,2024-04-07,Perú
3401,Amalia,Godínez,madrigalalberto@example.net,2024-11-10,Perú
3402,Araceli,Rodríquez,tafoyamaria@example.org,2023-12-01,Perú
3403,Armando,Rojo,graciaclaudio@example.org,2023-03-04,Perú
3404,Ana Luisa,Macías,sofiavarela@example.net,2025-06-28,Perú
3405,Sergio,Beltrán,davidbanuelos@example.org,2023-09-30,Perú
3406,Dolores,Candelaria,munguiatania@example.com,2023-04-09,Perú
3407,Alta  Gracia,Ruiz,tmarin@example.net,2025-08-11,Perú
3408,Adalberto,Linares,joquendo@example.com,2025-07-05,Perú
3409,Francisco Javier,Armendáriz,benitovilla@example.org,2023-12-22,Perú
3410,María José,Llamas,carmenvargas@example.org,2025-03-01,Perú
3411,Cynthia,López,umelendez@example.com,2023-09-16,Perú
3412,Miguel,Cabrera,lleiva@example.com,2023-10-01,Perú
3413,Aldonza,Tamayo,julio-cesarrazo@example.com,2025-05-30,Perú
3414,Rufino,Batista,gbarrera@example.com,2023-09-10,Perú
3415,Frida,Romo,qcorrales@example.net,2024-10-03,Perú
3416,Marisela,Lerma,clementecasares@example.net,2024-02-21,Perú
3417,Estela,Berríos,aurelio74@example.net,2023-07-29,Perú
3418,Sessa,Fuentes,abel00@example.com,2024-10-31,Perú
3419,Gerónimo,Solorio,vlaboy@example.net,2025-04-24,Perú
3420,Yuridia,Rolón,francisca81@example.net,2023-12-27,Perú
3421,Alfonso,Acuña,jacobosaldana@example.org,2023-08-23,Perú
3422,Nelly,Quezada,nievesabel@example.org,2023-06-02,Perú
3423,Elias,Gollum,bernalcristian@example.org,2023-04-27,Perú
3424,Elsa,Salazar,xregalado@example.com,2023-12-02,Perú
3425,Claudio,Aguilar,yanezrosario@example.org,2024-08-01,Perú
3426,Rosa,Ruelas,tfuentes@example.com,2024-12-02,Perú
3427,Elias,Patiño,rebecalucero@example.org,2023-11-04,Perú
3428,Clemente,Iglesias,granadosricardo@example.org,2024-02-14,Perú
3429,Yuridia,Duarte,wendolin25@example.org,2025-06-18,Perú
3430,Andrés,Girón,solizlorena@example.org,2025-06-15,Perú
3431,Victoria,Rodríguez,godinezrodrigo@example.com,2024-03-04,Perú
3432,Concepción,Roldán,alvaradofernando@example.org,2023-02-06,Perú
3433,Fidel,Villaseñor,adrianamontenegro@example.net,2025-02-16,Perú
3434,Blanca,Arevalo,ocenteno@example.net,2023-03-31,Perú
3435,Ana Luisa,Saldivar,flavio22@example.org,2025-02-11,Perú
3436,Sara,Frías,ignacio63@example.com,2024-08-29,Perú
3437,Armando,Ornelas,pgranados@example.com,2024-04-02,Perú
3438,Estela,Portillo,eurbina@example.com,2023-03-25,Perú
3439,Ana,Fonseca,adrianacortez@example.net,2024-09-22,Perú
3440,Ofelia,Abreu,pascualruelas@example.com,2023-06-17,Perú
3441,Sara,Molina,tvanegas@example.com,2025-02-25,Perú
3442,Alvaro,Correa,aurora79@example.org,2023-10-12,Perú
3443,Carlota,Castañeda,micaelariojas@example.org,2023-01-15,Perú
3444,Amelia,Valdés,ocasioelias@example.com,2025-09-06,Perú
3445,Bernardo,Bravo,valenciarosalia@example.org,2023-11-20,Perú
3446,Rodolfo,Colón,marisol25@example.com,2025-08-14,Perú
3447,Andrea,Paredes,nayeli10@example.net,2025-01-23,Perú
3448,Jonás,Rosado,rolonalicia@example.com,2023-11-12,Perú
3449,Mauricio,Frías,rsandoval@example.org,2023-10-02,Perú
3450,Samuel,Soria,kolivo@example.net,2025-05-30,Perú
3451,Marcos,Ramón,virginiagarcia@example.com,2024-11-10,Perú
3452,Elisa,Sierra,kbarajas@example.org,2025-03-28,Perú
3453,Marisol,Rosales,jvela@example.com,2023-02-28,Perú
3454,Isabel,Fuentes,anayarodrigo@example.com,2025-04-17,Perú
3455,Diana,Gutiérrez,deliaquiroz@example.net,2023-03-22,Perú
3456,Noemí,Medina,camiloballesteros@example.com,2025-05-04,Perú
3457,Daniela,Navarrete,maria-eugenia67@example.net,2025-10-25,Perú
3458,Amelia,Hernádez,esperanza14@example.org,2023-11-28,Perú
3459,Vicente,Toledo,horacio43@example.net,2025-02-24,Perú
3460,Alma,Negrete,bernabemontalvo@example.net,2024-03-26,Perú
3461,Iván,Saldivar,mariano95@example.net,2024-08-24,Perú
3462,Bruno,Zaragoza,maria96@example.org,2025-08-02,Perú
3463,Andrea,Menchaca,martin64@example.com,2024-06-02,Perú
3464,Débora,Cisneros,montemayorjulio@example.org,2024-01-14,Perú
3465,Margarita,Echeverría,juanarosario@example.com,2024-08-01,Perú
3466,Noelia,Duarte,mromo@example.com,2025-06-18,Perú
3467,Tomás,Limón,linda57@example.net,2025-08-24,Perú
3468,Jos,Cervántez,uirizarry@example.org,2024-02-27,Perú
3469,Anabel,Caldera,eurias@example.org,2024-03-19,Perú
3470,Dalia,Armas,galvanrenato@example.com,2025-09-19,Perú
3471,Marcela,Solorzano,nellyjurado@example.com,2024-03-13,Perú
3472,Sonia,Saucedo,vicentequiroz@example.com,2025-10-21,Perú
3473,Israel,de Anda,helenacasares@example.net,2023-05-09,Perú
3474,Pedro,Mejía,natalia86@example.org,2024-03-05,Perú
3475,Alonso,Treviño,juan-carlos99@example.org,2023-04-10,Perú
3476,Cornelio,Samaniego,felipe72@example.com,2025-01-29,Perú
3477,Carlos,Guerra,carvajalgraciela@example.com,2025-08-18,Perú
3478,Armando,Lozada,davidgracia@example.org,2024-09-16,Perú
3479,Salvador,Maestas,luz69@example.org,2023-11-05,Perú
3480,Arturo,Rodrígez,mateoalmaraz@example.org,2023-01-10,Perú
3481,Ilse,Fierro,fidelmedina@example.org,2025-07-05,Perú
3482,Ana María,Tapia,palominoclaudio@example.com,2024-04-24,Perú
3483,Eric,Benítez,david27@example.net,2025-02-23,Perú
3484,Flavio,Robledo,dario60@example.com,2025-08-25,Perú
3485,Claudio,Carranza,sergio89@example.com,2024-03-26,Perú
3486,Antonia,Reséndez,ericcintron@example.net,2023-08-12,Perú
3487,Mitzy,Rentería,dominguezesperanza@example.net,2023-07-12,Perú
3488,Darío,Mendoza,mluevano@example.com,2023-01-30,Perú
3489,Florencia,Zapata,gonzalezolivia@example.net,2023-11-15,Perú
3490,Sofía,Trejo,pugajoaquin@example.net,2023-08-23,Perú
3491,Mayte,Tamez,flaureano@example.net,2024-05-28,Perú
3492,Daniel,Niño,zmedina@example.org,2024-05-14,Perú
3493,Julia,Portillo,robledogabino@example.org,2023-05-01,Perú
3494,Julio César,Ramírez,espartacoroybal@example.net,2025-06-15,Perú
3495,Ricardo,Barrientos,isaac51@example.net,2023-12-14,Perú
3496,Teodoro,Altamirano,gilbertocollado@example.com,2023-06-14,Perú
3497,Estela,Villegas,veronica77@example.org,2023-07-08,Perú
3498,Leticia,Tapia,ucollazo@example.org,2025-10-20,Perú
3499,María del Carmen,Aparicio,lgonzalez@example.com,2025-11-08,Perú
3500,Andrea,Aparicio,carolinaholguin@example.org,2023-04-23,Perú
3501,Fidel,Loya,ksantacruz@example.org,2024-09-08,Perú
3502,Sessa,Ibarra,vesparza@example.com,2023-01-17,Perú
3503,María José,García,emilioparedes@example.net,2025-08-20,Perú
3504,Wilfrido,Merino,concepcion99@example.com,2024-12-29,Perú
3505,Gabriel,Hidalgo,alejandro27@example.org,2025-07-09,Perú
3506,Inés,Magaña,jde-la-cruz@example.org,2024-05-22,Perú
3507,Noelia,Segura,montanoivonne@example.com,2023-09-04,Perú
3508,Mitzy,Roldán,gvalentin@example.org,2023-10-22,Perú
3509,Inés,Alvarado,alfarorebeca@example.net,2023-03-11,Perú
3510,Virginia,Caballero,aldonzamercado@example.net,2023-08-21,Perú
3511,Gabino,Guzmán,abigailchavez@example.com,2023-03-27,Perú
3512,Cristal,Zarate,zelayairene@example.com,2024-07-05,Perú
3513,Cecilia,Olivo,matareynaldo@example.net,2025-02-19,Perú
3514,Aldonza,Batista,gastelumoliver@example.org,2023-03-31,Perú
3515,Vanesa,Santiago,lluevano@example.net,2023-06-13,Perú
3516,María Teresa,Ramírez,burgoslucas@example.org,2025-06-26,Perú
3517,Emilia,Regalado,miguelde-la-o@example.com,2025-05-10,Perú
3518,Porfirio,Gallegos,estefaniabernal@example.net,2024-07-18,Perú
3519,Miriam,Benavides,cristina48@example.net,2024-06-04,Perú
3520,Liliana,Almonte,benavideshugo@example.net,2023-05-03,Perú
3521,Bernabé,Paz,silvanotamayo@example.org,2024-07-19,Perú
3522,Beatriz,Carrero,concepcionhernadez@example.net,2025-01-07,Perú
3523,Luis,Chacón,georgina64@example.com,2025-01-16,Perú
3524,Aurora,Espinosa,ncovarrubias@example.org,2024-10-04,Perú
3525,Patricio,de la Fuente,santiago99@example.org,2024-01-07,Perú
3526,Cristian,Cotto,smejia@example.org,2025-05-23,Perú
3527,Marisol,Arriaga,tellonayeli@example.com,2023-07-01,Perú
3528,Georgina,Mascareñas,araceli22@example.com,2023-10-20,Perú
3529,Luis Miguel,Barrientos,espinozamarisol@example.com,2025-01-23,Perú
3530,Adalberto,Uribe,antoniamontoya@example.com,2024-08-02,Perú
3531,Leticia,Ocampo,oswaldotorres@example.org,2023-02-27,Perú
3532,Mauro,Vergara,kbustos@example.net,2024-06-05,Perú
3533,Arcelia,Garay,karinamagana@example.net,2023-12-25,Perú
3534,Lucía,Leal,resendezdebora@example.net,2024-04-10,Perú
3535,Marco Antonio,Calderón,ipalacios@example.com,2024-09-23,Perú
3536,Hilda,Cruz,claudiovergara@example.com,2023-07-04,Perú
3537,Jaime,Arteaga,eugenia06@example.com,2024-07-14,Perú
3538,Marco Antonio,Saucedo,chavezjudith@example.org,2025-12-01,Perú
3539,Mercedes,Cordero,apadilla@example.org,2024-06-26,Perú
3540,Zeferino,Gil,irma02@example.net,2024-08-08,Perú
3541,Nicolás,Ceja,jvelez@example.net,2024-08-13,Perú
3542,Marisela,Carreón,omarin@example.net,2024-01-21,Perú
3543,Alonso,Zavala,fyanez@example.org,2023-10-05,Perú
3544,Gerónimo,Mora,arevaloisabela@example.org,2023-06-12,Perú
3545,Espartaco,Jurado,tzarate@example.com,2024-05-14,Perú
3546,Alfonso,Paz,luis-miguellucio@example.com,2024-02-18,Perú
3547,Miguel Ángel,Heredia,wbarragan@example.com,2024-03-14,Perú
3548,Leticia,Mateo,rubiojose-emilio@example.org,2023-02-28,Perú
3549,Salma,Báez,dulce-maria74@example.org,2025-07-21,Perú
3550,Ignacio,Muro,sabrego@example.net,2025-08-14,Perú
3551,Diego,Sanches,qgarcia@example.com,2024-05-06,Perú
3552,Zoé,de Anda,vcarmona@example.com,2025-07-01,Perú
3553,Cristobal,Anaya,fernandezelvira@example.net,2025-06-05,Perú
3554,Amelia,Ordóñez,qgaona@example.org,2024-03-23,Perú
3555,Eduardo,Rael,granadomarisol@example.org,2023-02-16,Perú
3556,Karina,Fernández,olmosofelia@example.net,2023-01-19,Perú
3557,Mayte,Sáenz,techeverria@example.org,2023-08-29,Perú
3558,Ignacio,Casas,eloisaroldan@example.org,2023-09-22,Perú
3559,Manuel,Luna,cgaitan@example.org,2025-04-18,Perú
3560,Alejandra,Rocha,sessa52@example.com,2025-05-17,Perú
3561,Yuridia,Esparza,trejoisaac@example.net,2024-01-29,Perú
3562,Rodrigo,Jimínez,luzleon@example.net,2024-05-02,Perú
3563,Olivia,Archuleta,tiradoalma@example.com,2025-03-19,Perú
3564,Mariano,Castro,valenciaaurora@example.net,2023-06-04,Perú
3565,Dolores,Gil,adriana04@example.org,2023-12-21,Perú
3566,Florencia,Jurado,hermelinda30@example.org,2024-08-26,Perú
3567,Wendolin,Morales,marioaponte@example.com,2023-05-10,Perú
3568,Pilar,Véliz,maresamelia@example.org,2023-08-31,Perú
3569,Timoteo,Acevedo,francisco-javier42@example.net,2023-03-20,Perú
3570,Bruno,Ojeda,oscar48@example.net,2023-09-25,Perú
3571,Ángela,Yáñez,earmendariz@example.com,2023-08-03,Perú
3572,Israel,Rosado,aldo57@example.net,2024-07-14,Perú
3573,Amelia,Valdivia,alejandracardona@example.net,2023-09-20,Perú
3574,Elias,Apodaca,julloa@example.org,2025-11-05,Perú
3575,Catalina,de la Garza,lorenaarreola@example.com,2023-08-14,Perú
3576,Mercedes,Tijerina,hectorpolanco@example.com,2023-01-20,Perú
3577,Guadalupe,Arce,ddelgado@example.org,2025-08-26,Perú
3578,Ana Luisa,Huerta,mluna@example.com,2024-02-29,Perú
3579,Cristian,Avilés,madridangel@example.org,2025-09-06,Perú
3580,Federico,Tirado,margaritaparedes@example.org,2025-08-12,Perú
3581,Guillermina,Macías,eaparicio@example.net,2024-01-13,Perú
3582,Aurora,Cabrera,rene89@example.org,2024-11-23,Perú
3583,Yuridia,Moreno,penaevelio@example.org,2023-11-17,Perú
3584,Rosa,Benítez,rojoalfredo@example.org,2023-02-19,Perú
3585,Fidel,Tamez,alejandropaola@example.org,2023-12-05,Perú
3586,Martha,Alonzo,jassojulio-cesar@example.com,2023-10-23,Perú
3587,Alejandra,Sánchez,leticiarivero@example.net,2025-01-02,Perú
3588,Timoteo,Canales,javierrendon@example.com,2024-12-28,Perú
3589,Israel,Palomino,merazevelio@example.net,2025-05-15,Perú
3590,Mitzy,Tórrez,acordero@example.net,2025-06-16,Perú
3591,Linda,Garica,zoeanaya@example.net,2023-06-02,Perú
3592,Ana Luisa,Gallardo,bravoangelica@example.net,2024-09-17,Perú
3593,Úrsula,Madrid,alcalahilda@example.com,2024-02-06,Perú
3594,Rosa,Jiménez,mcovarrubias@example.com,2024-02-07,Perú
3595,Abraham,Molina,ruizfabiola@example.org,2025-05-04,Perú
3596,Carolina,Naranjo,raleman@example.com,2024-03-05,Perú
3597,Rubén,Ulibarri,pilar99@example.org,2024-03-04,Perú
3598,Caridad,Castellanos,jonasarce@example.com,2024-05-29,Perú
3599,Benito,Rodrígez,vfeliciano@example.net,2025-08-11,Perú
3600,Amelia,Valdivia,jose-mariabarragan@example.net,2023-07-01,Perú
3601,Aldo,Zaragoza,espinoblanca@example.com,2023-01-16,Perú
3602,Zacarías,Romero,ramonvasquez@example.com,2024-11-16,Perú
3603,José Luis,Ordóñez,natividad18@example.com,2023-10-12,Perú
3604,Yeni,de la Rosa,emilia62@example.com,2023-01-24,Perú
3605,Vanesa,Patiño,bballesteros@example.org,2024-09-21,Perú
3606,Pablo,Orta,lirawilfrido@example.com,2023-07-31,Perú
3607,Fabiola,Mojica,hcamacho@example.com,2025-01-16,Perú
3608,Reynaldo,Villarreal,lemusamanda@example.org,2023-09-20,Perú
3609,Isaac,Segovia,rodartenatividad@example.com,2023-08-20,Perú
3610,Jesús,Esquibel,raelcristian@example.org,2024-05-01,Perú
3611,Óscar,Puga,robledomagdalena@example.com,2025-05-02,Perú
3612,Micaela,Jiménez,tbernal@example.org,2023-12-07,Perú
3613,Linda,Macías,marquezelena@example.org,2024-11-17,Perú
3614,Julio,Rael,hlovato@example.org,2025-08-23,Perú
3615,Miguel,Martínez,silvanocasas@example.net,2023-02-11,Perú
3616,Nadia,Figueroa,bernalnadia@example.com,2023-09-06,Perú
3617,Luisa,Toro,cazaresjuan-carlos@example.net,2023-12-23,Perú
3618,Elias,Mayorga,eugeniaalarcon@example.org,2025-05-25,Perú
3619,Jos,Mesa,agaona@example.net,2023-03-02,Perú
3620,Susana,Casas,oliviamontez@example.org,2024-03-24,Perú
3621,Alonso,Laureano,esparzanorma@example.org,2024-05-18,Perú
3622,Karla,Barrientos,saldanacelia@example.com,2023-01-04,Perú
3623,Arcelia,Guzmán,maria-luisaalcala@example.com,2025-04-20,Perú
3624,Hilda,Naranjo,mmedina@example.net,2023-11-03,Perú
3625,Rolando,Almanza,darriaga@example.org,2025-06-16,Perú
3626,Guillermina,Villareal,arcelia27@example.net,2023-07-22,Perú
3627,Judith,Ferrer,micaelafuentes@example.org,2024-01-26,Perú
3628,Jesús,Escamilla,delia19@example.com,2024-10-24,Perú
3629,Jesús,Zelaya,agustin00@example.com,2024-09-25,Perú
3630,Porfirio,Fonseca,jorgebanuelos@example.net,2023-09-02,Perú
3631,Felix,López,jacinto86@example.com,2024-08-07,Perú
3632,Eugenia,Carrasco,carrionantonio@example.net,2025-08-03,Perú
3633,Emiliano,Caldera,delgadillogonzalo@example.com,2024-06-30,Perú
3634,Susana,Terrazas,diazemilio@example.com,2025-10-07,Perú
3635,Paulina,Valdez,mquinonez@example.com,2025-10-08,Perú
3636,Elias,Cervantes,zcarvajal@example.com,2023-10-13,Perú
3637,Dalia,Quiñónez,minerva34@example.com,2025-04-07,Perú
3638,Pascual,Nájera,espinalvictoria@example.net,2025-01-02,Perú
3639,Cristina,Herrera,nunezcarlos@example.net,2025-02-23,Perú
3640,María Luisa,Pacheco,alfredo03@example.org,2023-12-21,Perú
3641,Dulce,Enríquez,ericperea@example.net,2023-09-11,Perú
3642,Marisol,Sosa,hbueno@example.com,2025-03-04,Perú
3643,Fernando,Zamora,concepcion86@example.net,2024-09-23,Perú
3644,Raúl,Partida,ocasionoemi@example.org,2023-04-17,Perú
3645,Antonia,Bahena,saldivarivonne@example.com,2023-01-18,Perú
3646,Luis,Orosco,maria-eugeniaorta@example.com,2023-03-25,Perú
3647,Gabriela,Alonso,qarmas@example.org,2024-06-03,Perú
3648,Uriel,Pacheco,rafael58@example.org,2023-07-03,Perú
3649,Benito,Valdez,jabrego@example.net,2024-07-20,Perú
3650,José Emilio,Gastélum,ogonzalez@example.com,2024-03-27,Perú
3651,Wilfrido,Figueroa,oacosta@example.net,2025-02-17,Perú
3652,Federico,Perales,josluevano@example.org,2023-08-09,Perú
3653,Ramiro,Montalvo,mayte13@example.net,2025-08-29,Perú
3654,Yolanda,Rael,gutierrezteresa@example.net,2025-02-08,Perú
3655,Isaac,Haro,lorenaposada@example.net,2025-11-19,Perú
3656,Susana,Nájera,ocarvajal@example.org,2023-09-13,Perú
3657,Alberto,Corona,karla65@example.net,2024-01-26,Perú
3658,Helena,Díaz,florezfrida@example.net,2023-03-10,Perú
3659,Francisca,Guillen,pmanzanares@example.net,2024-01-13,Perú
3660,Pamela,Soto,maria-elena13@example.net,2025-05-08,Perú
3661,Antonio,Velásquez,vigillorena@example.org,2025-08-14,Perú
3662,Cristian,Gil,frascon@example.net,2024-01-14,Perú
3663,Bianca,Alfaro,vergaramiguel-angel@example.net,2023-06-13,Perú
3664,Alonso,Sanches,bernabe48@example.org,2023-12-19,Perú
3665,Óscar,Carvajal,vasquezeugenio@example.net,2024-09-10,Perú
3666,Aida,Chávez,yuridia50@example.com,2023-07-15,Perú
3667,Marisol,Cuellar,britojacinto@example.org,2024-10-08,Perú
3668,Gregorio,Orosco,beatriznieto@example.org,2025-04-14,Perú
3669,Abraham,Alva,posadarodolfo@example.com,2023-02-10,Perú
3670,Alvaro,Matos,angela76@example.net,2023-01-21,Perú
3671,Sandra,Jaimes,zmurillo@example.org,2023-11-14,Perú
3672,Diego,Magaña,alfonsomares@example.com,2024-11-02,Perú
3673,Hugo,Galván,santiago79@example.com,2025-01-03,Perú
3674,Ariadna,Salas,de-la-torrediana@example.org,2025-05-05,Perú
3675,Ana María,Coronado,rodolfoolivo@example.com,2025-09-09,Perú
3676,Noemí,Espino,manuel43@example.org,2025-09-03,Perú
3677,Emilio,Jiménez,dulcepartida@example.org,2025-09-15,Perú
3678,Josefina,Yáñez,camarillozoe@example.org,2023-05-10,Perú
3679,Alicia,Aponte,bianca73@example.net,2024-09-15,Perú
3680,Noelia,Granado,javierzedillo@example.com,2024-03-09,Perú
3681,Esther,Rael,vanegasfrancisco-javier@example.net,2025-05-17,Perú
3682,Perla,León,marindavid@example.net,2024-03-30,Perú
3683,Gerónimo,Ávila,bmontes@example.net,2025-08-05,Perú
3684,Ernesto,Gaona,leonelcenteno@example.net,2025-12-04,Perú
3685,Dulce María,Soliz,claudio60@example.org,2025-03-24,Perú
3686,Alfonso,Montalvo,zaguirre@example.net,2024-11-05,Perú
3687,Andrés,Cadena,wverduzco@example.net,2023-09-18,Perú
3688,María Teresa,Lucero,naviles@example.org,2025-01-06,Perú
3689,Jaqueline,Serrato,huertareina@example.com,2024-10-27,Perú
3690,Ricardo,Carranza,oroque@example.com,2024-10-07,Perú
3691,Benjamín,Quiñones,ymateo@example.org,2023-12-12,Perú
3692,María,Valverde,lvelez@example.net,2023-03-20,Perú
3693,Horacio,Moreno,sosaadalberto@example.net,2024-02-01,Perú
3694,Sofía,Trejo,camilo66@example.com,2023-04-23,Perú
3695,Elsa,de Anda,paezrosario@example.net,2023-08-11,Perú
3696,Benito,Varela,montesrene@example.net,2023-07-30,Perú
3697,Margarita,Morales,bustosdulce-maria@example.com,2025-03-18,Perú
3698,Francisca,Santiago,nevarezdiego@example.org,2024-10-01,Perú
3699,Ricardo,Barragán,mpulido@example.com,2024-11-07,Perú
3700,Raúl,Carrión,gtovar@example.com,2025-03-28,Perú
3701,Trinidad,Zúñiga,lealpatricio@example.net,2023-11-15,Perú
3702,Tania,Zamudio,reina94@example.net,2025-09-27,Perú
3703,Iván,Raya,josjiminez@example.net,2023-12-25,Perú
3704,Ignacio,Madrigal,villanuevacamila@example.com,2025-05-05,Perú
3705,Elias,Alonso,manuelcarrion@example.org,2023-09-07,Perú
3706,Patricio,Leyva,icasas@example.com,2023-03-15,Perú
3707,Benjamín,Negrón,beatriz09@example.org,2023-03-06,Perú
3708,Ivonne,Aguirre,sandovalmarisela@example.net,2025-11-23,Perú
3709,Florencia,Alejandro,trinidadvela@example.net,2023-11-20,Perú
3710,Dolores,Guerra,csevilla@example.net,2024-05-23,Perú
3711,Tomás,Parra,alcantarpascual@example.org,2024-04-07,Perú
3712,Delia,Posada,isabela15@example.org,2024-07-08,Perú
3713,Mario,Olivera,medranomaria@example.net,2025-01-24,Perú
3714,Alma,Griego,cruzpilar@example.org,2025-10-28,Perú
3715,Zoé,Tejada,caraballomarisol@example.com,2024-11-17,Perú
3716,Isabela,Ureña,eugeniasandoval@example.org,2023-11-26,Perú
3717,Marcos,Valdés,laraclemente@example.com,2023-12-18,Perú
3718,Norma,Roybal,antonia63@example.net,2024-05-11,Perú
3719,Jonás,Acuña,arivera@example.org,2025-08-14,Perú
3720,Roberto,Hidalgo,luz06@example.com,2024-07-04,Perú
3721,Minerva,Flores,sosairma@example.org,2023-06-07,Perú
3722,Homero,Canales,casanovarocio@example.org,2024-02-08,Perú
3723,Berta,Ordóñez,vazquezmarisela@example.org,2025-11-17,Perú
3724,Enrique,Prado,candelarialeonel@example.org,2025-11-28,Perú
3725,Aurelio,Ramón,adalbertoperales@example.org,2023-04-28,Perú
3726,Miriam,Bahena,pascualbadillo@example.net,2024-12-01,Perú
3727,Aurora,de la O,gallegoshilda@example.org,2024-02-18,Perú
3728,Esmeralda,Terrazas,albertode-leon@example.net,2023-03-21,Perú
3729,Víctor,Ávila,jsoliz@example.org,2025-09-02,Perú
3730,Dolores,Villarreal,victormatias@example.com,2025-08-26,Perú
3731,Emilia,Bravo,ade-la-torre@example.com,2025-06-23,Perú
3732,Linda,Batista,ualcaraz@example.com,2023-08-27,Perú
3733,Antonio,Vela,teresadavila@example.com,2023-09-29,Perú
3734,Nayeli,Santana,anel80@example.net,2023-10-27,Perú
3735,Javier,Negrón,gsanches@example.org,2025-08-13,Perú
3736,Zeferino,Chacón,eaponte@example.com,2023-02-09,Perú
3737,Daniel,Méndez,lreyna@example.net,2023-03-07,Perú
3738,Jonás,Roldán,carolina51@example.net,2023-08-20,Perú
3739,Armando,Fonseca,sanchesmarisela@example.org,2023-07-12,Perú
3740,Tania,Griego,cvaladez@example.net,2023-06-27,Perú
3741,Trinidad,Gálvez,bolvera@example.org,2023-08-13,Perú
3742,Adalberto,de la O,monteroguillermina@example.org,2023-03-09,Perú
3743,Amador,Angulo,mmuro@example.net,2024-12-29,Perú
3744,Miguel Ángel,Maya,espinozagenaro@example.com,2024-03-08,Perú
3745,Alma,Rocha,luis-miguel08@example.org,2025-04-14,Perú
3746,Barbara,Bermúdez,beatrizvillalpando@example.net,2023-06-27,Perú
3747,Judith,Cervántez,barbarasuarez@example.org,2025-07-31,Perú
3748,Rafaél,Ojeda,abelesquivel@example.org,2023-04-17,Perú
3749,María Cristina,Quezada,villarreallucia@example.org,2023-11-21,Perú
3750,Leticia,Guerrero,rendondaniel@example.org,2025-07-06,Perú
3751,Federico,Barela,tamador@example.org,2023-01-28,Perú
3752,Adán,Cepeda,wbarrios@example.org,2024-10-29,Perú
3753,Carla,Moreno,peralesgonzalo@example.com,2023-03-13,Perú
3754,Teodoro,Alcala,tafoyasocorro@example.org,2023-10-07,Perú
3755,Mauro,Miramontes,silvano56@example.com,2025-03-12,Perú
3756,Daniela,Rosales,lebronclemente@example.com,2023-09-28,Perú
3757,Mónica,Guajardo,pcarrero@example.org,2024-03-05,Perú
3758,Elisa,Olivas,marcela33@example.org,2025-08-22,Perú
3759,Pedro,Paz,pascualamaya@example.net,2024-05-10,Perú
3760,Elisa,Méndez,qsaldana@example.com,2024-02-07,Perú
3761,Emilia,Corrales,lozadanatividad@example.org,2023-12-09,Perú
3762,Carmen,Herrera,dbatista@example.net,2023-05-17,Perú
3763,Ariadna,Marroquín,villalpandogabriela@example.com,2025-04-01,Perú
3764,Óliver,Lozada,razoeric@example.net,2024-11-07,Perú
3765,Marisol,Piña,aconcepcion@example.com,2023-11-23,Perú
3766,Ana,Laureano,carolina40@example.net,2024-11-21,Perú
3767,Modesto,Carvajal,kaguilera@example.org,2024-08-19,Perú
3768,Salvador,Gurule,natalia00@example.com,2024-02-09,Perú
3769,Violeta,de León,serafinraya@example.org,2024-02-19,Perú
3770,Germán,Abrego,modesto26@example.net,2023-02-14,Perú
3771,Juan,Luevano,nayelicampos@example.com,2024-10-24,Perú
3772,Ofelia,Altamirano,chernandes@example.org,2023-02-06,Perú
3773,Alfonso,Cedillo,roquealta-gracia@example.net,2023-02-11,Perú
3774,Teresa,Mares,buenojuan@example.com,2023-02-05,Perú
3775,Patricio,Urbina,mondragonestela@example.net,2025-01-06,Perú
3776,Abel,Mora,hponce@example.org,2023-08-06,Perú
3777,Nicolás,Irizarry,elvira58@example.net,2025-03-20,Perú
3778,Carlota,Zarate,gabrielarmenta@example.com,2023-10-10,Perú
3779,Aurelio,Segura,oquendotania@example.com,2024-08-02,Perú
3780,Alma,Alonso,prodriquez@example.org,2024-11-05,Perú
3781,Natalia,Cantú,lecheverria@example.org,2025-07-13,Perú
3782,Paola,Baca,jacobo00@example.net,2024-02-28,Perú
3783,Rosa,Cotto,escamillasusana@example.com,2025-05-12,Perú
3784,Barbara,Lebrón,salcidorufino@example.org,2024-12-20,Perú
3785,Nadia,Correa,morenoaida@example.net,2024-04-09,Perú
3786,Berta,Gamboa,dulce-maria69@example.com,2025-01-05,Perú
3787,Beatriz,Jaimes,alfredo93@example.org,2024-09-02,Perú
3788,Raúl,Olmos,manzanaresalejandro@example.com,2025-09-04,Perú
3789,Cornelio,Olivo,caridad02@example.com,2025-07-03,Perú
3790,Arturo,Moreno,abrilromero@example.com,2025-01-15,Perú
3791,Teodoro,Lovato,galindocatalina@example.net,2023-03-08,Perú
3792,Magdalena,Villalpando,ecarbajal@example.com,2023-08-30,Perú
3793,Vanesa,Bañuelos,otrejo@example.org,2024-09-10,Perú
3794,Adriana,Valenzuela,unazario@example.org,2024-02-03,Perú
3795,Rubén,Mendoza,leonelvergara@example.net,2024-11-19,Perú
3796,Liliana,Barrera,iquintana@example.com,2025-04-06,Perú
3797,María José,Espinoza,wde-la-garza@example.org,2025-08-10,Perú
3798,Norma,Valdivia,batistaandrea@example.org,2025-07-12,Perú
3799,Omar,Anaya,imurillo@example.com,2023-07-04,Perú
3800,Gerardo,Santacruz,cristianolivera@example.net,2023-11-16,Perú
3801,Antonia,Montaño,altamiranotania@example.com,2024-07-02,Perú
3802,Victoria,Correa,sernaabril@example.org,2023-11-09,Perú
3803,Hugo,Quintana,gabrieladelgadillo@example.org,2023-12-02,Perú
3804,Isaac,Limón,nadiasierra@example.org,2025-04-18,Perú
3805,Rosario,Reynoso,alcalagustavo@example.com,2025-05-15,Perú
3806,Rebeca,Carbajal,vicente76@example.net,2025-11-03,Perú
3807,Uriel,Ceja,alejandrocamarillo@example.org,2023-05-03,Perú
3808,Barbara,Santillán,luis68@example.com,2023-10-12,Perú
3809,Teresa,Ponce,juan-carlos88@example.net,2025-08-18,Perú
3810,Marisol,Benavides,karla84@example.com,2023-07-09,Perú
3811,Mario,Villalpando,karla09@example.org,2025-09-28,Perú
3812,Ramón,Tello,gchacon@example.com,2023-01-11,Perú
3813,Anabel,Orozco,ibetancourt@example.net,2023-08-13,Perú
3814,Claudio,Cantú,hbernal@example.com,2023-08-29,Perú
3815,Norma,Abrego,mario59@example.net,2023-01-10,Perú
3816,Guillermina,Farías,reina45@example.net,2023-04-03,Perú
3817,Leonor,Dávila,drivero@example.org,2023-02-20,Perú
3818,Mayte,Esparza,ornelasandres@example.com,2024-08-13,Perú
3819,María Cristina,Arevalo,zolivarez@example.net,2023-11-19,Perú
3820,Emiliano,Rosario,becerrareina@example.com,2024-05-30,Perú
3821,Aldo,Sanches,judith13@example.com,2025-05-23,Perú
3822,Andrea,Almonte,guillermina20@example.com,2023-05-29,Perú
3823,Dulce María,Zarate,rufinoquesada@example.net,2023-07-15,Perú
3824,Magdalena,Limón,reinadavila@example.net,2025-03-30,Perú
3825,Sandra,Valdivia,raquelvaladez@example.net,2024-07-14,Perú
3826,Diana,Sosa,hurtadoanel@example.com,2024-06-02,Perú
3827,Esparta,Garza,bernabeaguilera@example.org,2025-02-18,Perú
3828,Cristobal,Haro,noemimoreno@example.com,2023-08-28,Perú
3829,Ana,Muro,reynaldocarbajal@example.org,2024-08-19,Perú
3830,Luisa,Parra,lzapata@example.net,2024-12-10,Perú
3831,Alfonso,Briseño,castrojulio@example.org,2024-11-16,Perú
3832,Dulce María,Serrano,alarconfernando@example.net,2025-02-28,Perú
3833,María Teresa,Rivero,humbertoarmenta@example.org,2023-04-14,Perú
3834,Ignacio,del Río,david40@example.com,2023-09-22,Perú
3835,Carlota,Merino,matosindira@example.net,2023-02-18,Perú
3836,Karla,Saucedo,mariaecheverria@example.net,2025-05-15,Perú
3837,Úrsula,Velasco,ybaez@example.org,2025-11-19,Perú
3838,Francisca,Mota,maria85@example.org,2025-08-03,Perú
3839,Martín,Alcántar,abrahamzaragoza@example.org,2023-11-23,Perú
3840,Ramiro,Menchaca,jcasares@example.net,2024-02-02,Perú
3841,Amalia,Bueno,silvano04@example.com,2024-09-06,Perú
3842,Asunción,Acosta,dulce-mariadelgadillo@example.net,2025-07-27,Perú
3843,Hilda,Franco,hildade-leon@example.net,2025-07-29,Perú
3844,Cristobal,Raya,rde-anda@example.org,2023-05-28,Perú
3845,Lourdes,Ozuna,leonarturo@example.org,2023-06-01,Perú
3846,Mercedes,Niño,cmelgar@example.net,2024-10-23,Perú
3847,Renato,Torres,ojedaelisa@example.org,2024-04-28,Perú
3848,Gonzalo,del Río,nbeltran@example.com,2023-02-16,Perú
3849,Benito,Durán,linaresmaria-del-carmen@example.net,2025-10-10,Perú
3850,Delia,Nieves,garridolaura@example.org,2024-05-15,Perú
3851,Elvira,Delgado,rafaelcolunga@example.com,2025-03-04,Perú
3852,Beatriz,Barreto,casasramon@example.com,2025-10-31,Perú
3853,Pamela,Zamudio,esteban76@example.org,2024-05-22,Perú
3854,María Eugenia,Lebrón,tellodaniel@example.org,2023-02-16,Perú
3855,Aldo,Aponte,rguardado@example.net,2023-03-10,Perú
3856,Dalia,Cornejo,botelloantonio@example.org,2024-01-10,Perú
3857,Maximiliano,Yáñez,leonardocarrasco@example.net,2025-04-08,Perú
3858,Joaquín,Perea,banguiano@example.org,2025-08-31,Perú
3859,Gabino,Parra,isabelamagana@example.com,2025-07-07,Perú
3860,Camila,Robledo,javiergonzales@example.com,2024-06-11,Perú
3861,Rafaél,Muñoz,karchuleta@example.com,2025-07-20,Perú
3862,Abigail,Rocha,mateoesther@example.org,2025-04-01,Perú
3863,Mauricio,Regalado,theredia@example.net,2024-01-09,Perú
3864,Germán,Riojas,ricardo38@example.com,2024-10-06,Perú
3865,Rosario,Palomino,zeferino19@example.org,2024-06-13,Perú
3866,Conchita,Murillo,arriagaivonne@example.com,2025-03-19,Perú
3867,Zoé,Escobedo,ceballosines@example.com,2023-02-09,Perú
3868,Eloisa,Casanova,brojas@example.net,2023-10-15,Perú
3869,Ignacio,Jurado,lgonzales@example.com,2024-02-14,Perú
3870,Alfonso,Ozuna,gustavogarcia@example.com,2023-03-20,Perú
3871,José María,Arredondo,espartacojurado@example.net,2025-09-20,Perú
3872,María Luisa,Jurado,patricio66@example.com,2024-04-04,Perú
3873,Octavio,Corrales,vallegraciela@example.org,2024-09-05,Perú
3874,Juan Carlos,Muro,ramiroolvera@example.net,2024-06-25,Perú
3875,Elisa,Urrutia,valladaresmercedes@example.com,2023-07-24,Perú
3876,Ana,Peres,olgadominguez@example.com,2024-04-05,Perú
3877,Rubén,Baca,mauriciocarrion@example.com,2024-10-19,Perú
3878,Leonel,Canales,eloy62@example.net,2023-08-16,Perú
3879,Indira,Alonso,gmunguia@example.com,2023-09-04,Perú
3880,Adriana,Tirado,umonroy@example.net,2024-03-04,Perú
3881,Gustavo,Fierro,paulinacardenas@example.com,2024-08-24,Perú
3882,Fernando,Baeza,clemente59@example.net,2024-11-19,Perú
3883,Omar,Barrios,oliverguajardo@example.net,2023-01-22,Perú
3884,Irma,Tovar,fperes@example.com,2023-07-28,Perú
3885,Ángela,Zayas,fgaray@example.org,2024-09-06,Perú
3886,Paulina,Crespo,grijalvacynthia@example.net,2025-02-02,Perú
3887,René,Casas,tde-la-o@example.com,2024-03-02,Perú
3888,Magdalena,Gastélum,nancysaldivar@example.org,2025-05-06,Perú
3889,Iván,Cotto,amadortrinidad@example.net,2024-01-22,Perú
3890,Estefanía,Medrano,cynthiavalladares@example.com,2024-01-04,Perú
3891,César,Tejada,alvaradohelena@example.com,2025-06-29,Perú
3892,Karla,Méndez,aldonzazayas@example.org,2024-02-14,Perú
3893,Angélica,Carvajal,micaela80@example.org,2025-10-25,Perú
3894,Judith,Robles,virginiaaguirre@example.com,2023-02-24,Perú
3895,Mayte,Ballesteros,mondragonaraceli@example.net,2025-11-24,Perú
3896,Cynthia,Olvera,cristobalrivas@example.com,2023-05-07,Perú
3897,Itzel,Villanueva,andreahenriquez@example.com,2025-03-29,Perú
3898,Gilberto,Barajas,marco-antoniourias@example.net,2025-01-27,Perú
3899,Graciela,Tirado,jose-manuel50@example.com,2023-08-03,Perú
3900,Irene,Jaimes,lorenabueno@example.com,2024-11-03,Perú
3901,Wendolin,Trejo,vquinones@example.net,2023-02-10,Perú
3902,Sessa,Quiñones,aguirrepaola@example.org,2023-07-30,Perú
3903,José Manuél,Cortez,jose-emilio04@example.org,2025-10-29,Perú
3904,Estela,Casas,sessaprieto@example.org,2023-01-16,Perú
3905,Fabiola,Alemán,vvalles@example.net,2023-02-10,Perú
3906,Hermelinda,Sanabria,elvialedesma@example.com,2025-07-01,Perú
3907,Sandra,Carbajal,cesarvelazquez@example.net,2025-12-02,Perú
3908,Berta,Pérez,martha44@example.net,2023-08-23,Perú
3909,Luis,Irizarry,hmuniz@example.com,2023-11-28,Perú
3910,Juana,Bétancourt,evelioarellano@example.net,2024-03-04,Perú
3911,Espartaco,Rincón,lmolina@example.com,2025-05-19,Perú
3912,Elias,Vega,hidalgoandres@example.org,2023-02-24,Perú
3913,Irene,Razo,rosariomaria@example.net,2023-08-12,Perú
3914,David,Casas,carlota99@example.org,2023-06-08,Perú
3915,Ramón,Granados,taniaporras@example.net,2025-11-17,Perú
3916,Catalina,Valentín,centenoricardo@example.org,2023-03-25,Perú
3917,Raquel,Barrera,augustomarrero@example.org,2023-08-06,Perú
3918,José Carlos,Vela,dcontreras@example.net,2025-03-10,Perú
3919,Sergio,Solano,fluevano@example.com,2024-02-25,Perú
3920,Arturo,Grijalva,ruben05@example.com,2023-05-31,Perú
3921,Julio,Enríquez,pradoisabel@example.com,2024-11-23,Perú
3922,Pablo,Gaona,natalia10@example.com,2025-09-15,Perú
3923,Gustavo,Rodríquez,mayte96@example.org,2024-06-30,Perú
3924,Beatriz,Santiago,smora@example.org,2023-10-06,Perú
3925,Enrique,Chávez,dolores15@example.org,2025-07-30,Perú
3926,Clemente,Castellanos,ucasarez@example.org,2023-03-30,Perú
3927,María del Carmen,Montez,mtrujillo@example.net,2023-03-07,Perú
3928,Nicolás,Acevedo,eveliovela@example.org,2025-07-23,Perú
3929,Salma,Solorzano,mitzyquintanilla@example.com,2025-01-10,Perú
3930,Conchita,Maestas,duarterene@example.com,2024-12-06,Perú
3931,Augusto,Nava,mario86@example.net,2025-02-28,Perú
3932,Cynthia,Mota,teodoroquesada@example.org,2024-07-30,Perú
3933,Antonia,Pérez,vponce@example.net,2024-08-06,Perú
3934,Mariana,Altamirano,oguillen@example.net,2023-10-20,Perú
3935,Gerónimo,Bañuelos,imireles@example.com,2025-10-29,Perú
3936,Luz,Calderón,luis-manuelhernadez@example.com,2023-08-04,Perú
3937,Amador,Cornejo,leonardogamez@example.org,2025-09-07,Perú
3938,Martín,Grijalva,peraltaramon@example.org,2023-11-03,Perú
3939,Olivia,Muñiz,castanedarocio@example.com,2025-11-10,Perú
3940,Jorge Luis,Candelaria,xluevano@example.org,2025-07-05,Perú
3941,Patricia,Murillo,cervantesisaac@example.org,2023-02-08,Perú
3942,Esperanza,Porras,juanavega@example.com,2024-02-17,Perú
3943,Vanesa,Longoria,galindonayeli@example.com,2024-01-16,Perú
3944,Luz,Santana,carolinavaladez@example.net,2024-10-08,Perú
3945,Iván,Santacruz,emiliocolon@example.org,2023-02-15,Perú
3946,Miguel Ángel,Robles,vasquezestela@example.com,2023-09-07,Perú
3947,Mauricio,Bahena,montalvocynthia@example.com,2024-10-20,Perú
3948,Rufino,Sauceda,garicaana-luisa@example.org,2025-07-13,Perú
3949,Carmen,Pineda,ana-luisa79@example.org,2025-02-15,Perú
3950,Daniela,Vallejo,modestoflores@example.com,2024-07-30,Perú
3951,Linda,Chapa,apontececilia@example.org,2023-08-20,Perú
3952,Alta  Gracia,Casas,nicolasguzman@example.org,2024-10-17,Perú
3953,Israel,Regalado,sotelouriel@example.com,2023-03-04,Perú
3954,Amelia,Cedillo,aldorodriquez@example.net,2025-11-06,Perú
3955,Flavio,Cavazos,tiradocornelio@example.com,2023-10-12,Perú
3956,Leonor,Fuentes,horacio63@example.org,2024-03-02,Perú
3957,Julio,Ibarra,suarezzoe@example.com,2025-03-29,Perú
3958,Clemente,Carrión,salgadovanesa@example.com,2025-11-03,Perú
3959,Lilia,Rojo,fmeraz@example.org,2025-10-23,Perú
3960,Débora,Segura,eleiva@example.net,2025-04-08,Perú
3961,Ángel,Vergara,jesussalinas@example.org,2024-07-31,Perú
3962,Julia,Peralta,aurora31@example.org,2024-01-24,Perú
3963,Karla,Narváez,albertoledesma@example.com,2023-03-02,Perú
3964,Israel,Muro,diego20@example.org,2025-08-03,Perú
3965,Itzel,Valentín,rocharene@example.org,2024-10-02,Perú
3966,Dulce,Reynoso,karina23@example.org,2025-11-09,Perú
3967,Abril,Castellanos,yolandabarrientos@example.net,2025-02-22,Perú
3968,Lorena,Suárez,castanedamariano@example.net,2023-03-01,Perú
3969,Silvano,Vázquez,cesar80@example.net,2023-05-20,Perú
3970,Reynaldo,Rodríquez,montanoraul@example.com,2024-08-01,Perú
3971,Karla,Duarte,lbrito@example.com,2023-01-14,Perú
3972,David,Sanabria,cesar40@example.net,2025-08-07,Perú
3973,Violeta,Adame,dabrego@example.com,2025-10-20,Perú
3974,Horacio,Lebrón,carlapreciado@example.com,2024-09-03,Perú
3975,Carmen,Murillo,vortiz@example.com,2023-08-07,Perú
3976,Antonio,Pineda,ldelgado@example.com,2023-01-17,Perú
3977,Sergio,Montez,santiago79@example.org,2024-11-12,Perú
3978,María Eugenia,Rojas,fmayorga@example.com,2024-05-14,Perú
3979,Reina,Posada,raquelorta@example.org,2024-10-12,Perú
3980,Maximiliano,Domínguez,rene71@example.net,2023-04-27,Perú
3981,Fernando,Ybarra,maria-luisagaitan@example.com,2024-01-18,Perú
3982,Violeta,Zapata,diego15@example.org,2024-12-04,Perú
3983,Marcos,Báez,gborrego@example.com,2023-07-22,Perú
3984,Teresa,Concepción,ocampojacobo@example.org,2025-01-18,Perú
3985,Eloy,Zarate,eduardo11@example.net,2024-04-11,Perú
3986,Isabela,Merino,dulce-mariatirado@example.net,2024-10-14,Perú
3987,Elias,Quintanilla,robledojacobo@example.com,2024-11-11,Perú
3988,Elena,Meraz,amador22@example.net,2025-09-04,Perú
3989,Ignacio,Fonseca,mejiapedro@example.org,2025-06-19,Perú
3990,Rocío,Valles,olivarezjudith@example.org,2023-04-30,Perú
3991,Esperanza,Espinosa,galvanemilia@example.net,2025-07-02,Perú
3992,Nayeli,Cisneros,isaacesquivel@example.com,2024-10-02,Perú
3993,Mónica,Muro,ricardo21@example.com,2023-12-21,Perú
3994,Claudia,Cabán,cornelio44@example.com,2025-02-11,Perú
3995,Israel,Tello,lnevarez@example.net,2025-09-15,Perú
3996,Noelia,Chapa,diego55@example.net,2024-08-28,Perú
3997,Antonia,Saldivar,timoteozuniga@example.net,2023-08-08,Perú
3998,Micaela,Chavarría,francisca81@example.org,2025-01-20,Perú
3999,Isabel,Cintrón,daniela81@example.org,2024-11-03,Perú
4000,Conchita,Nieto,yjaramillo@example.net,2024-06-11,Perú
4001,Modesto,Santacruz,adela66@example.org,2025-01-01,Perú
4002,Isabel,Samaniego,rafaelcarrion@example.com,2025-04-19,Perú
4003,Lourdes,Gaona,claudia83@example.com,2024-05-07,Perú
4004,María Eugenia,Botello,icantu@example.com,2023-05-16,Perú
4005,Armando,Arredondo,arroyonayeli@example.com,2025-12-01,Perú
4006,Bruno,Concepción,raquelpadron@example.com,2025-01-23,Perú
4007,Emilio,Nájera,evelio26@example.org,2023-06-22,Perú
4008,Timoteo,Guevara,qvaldes@example.org,2023-07-04,Perú
4009,Reina,Pedroza,patricio06@example.org,2024-08-28,Perú
4010,Alta  Gracia,Burgos,luzsoliz@example.org,2023-12-27,Perú
4011,Ángel,Cornejo,elenafuentes@example.net,2025-04-29,Perú
4012,Abel,Contreras,ccalvillo@example.com,2024-06-18,Perú
4013,Jonás,Jasso,ivonne53@example.net,2024-12-13,Perú
4014,Jorge Luis,Gómez,rufino00@example.com,2023-07-17,Perú
4015,Bianca,Villegas,graciasamuel@example.net,2024-03-11,Perú
4016,Nicolás,Escobar,dtijerina@example.com,2024-06-13,Perú
4017,Ramón,Barajas,arcelia10@example.com,2023-12-08,Perú
4018,José Manuél,Nieves,esthergutierrez@example.net,2024-08-12,Perú
4019,Marisol,Flores,gabriel13@example.com,2025-02-14,Perú
4020,Raquel,Urrutia,ychavarria@example.com,2023-06-06,Perú
4021,Pedro,Becerra,pamelaordonez@example.com,2023-04-12,Perú
4022,Bruno,Calderón,horacio79@example.org,2023-10-09,Perú
4023,Lorenzo,Alcala,claudia57@example.net,2024-06-02,Perú
4024,Rosario,Holguín,mvelez@example.net,2023-03-15,Perú
4025,Alicia,Aragón,itorres@example.com,2023-03-21,Perú
4026,Aldo,Rolón,amelianoriega@example.net,2023-01-04,Perú
4027,Manuel,Escamilla,joaquin89@example.org,2025-08-10,Perú
4028,Alonso,Velásquez,robertofranco@example.net,2024-02-14,Perú
4029,Oswaldo,Mata,emilio22@example.com,2023-11-21,Perú
4030,Mitzy,Alarcón,isabel92@example.org,2023-06-11,Perú
4031,Abril,Nevárez,natividad69@example.org,2024-04-08,Perú
4032,Indira,Báez,castilloaurora@example.com,2024-09-12,Perú
4033,Reina,Quintero,alcarazmarisol@example.net,2025-03-18,Perú
4034,Zeferino,Pedraza,eloisaocampo@example.com,2024-07-21,Perú
4035,Lilia,Briseño,leticialucero@example.net,2024-01-29,Perú
4036,Ángel,Rico,ojiminez@example.com,2024-05-07,Perú
4037,Claudia,Rodarte,cantuestefania@example.net,2023-05-16,Perú
4038,Ignacio,Villaseñor,hectormaldonado@example.com,2024-02-10,Perú
4039,Ricardo,Borrego,santiagogallegos@example.net,2023-09-10,Perú
4040,Marcos,Benítez,castellanoshector@example.net,2023-01-13,Perú
4041,Karla,Anguiano,uriel39@example.org,2024-04-01,Perú
4042,Timoteo,Ballesteros,miriam29@example.org,2025-11-20,Perú
4043,Teresa,Bañuelos,tgalindo@example.com,2023-02-18,Perú
4044,Lucas,Zepeda,kcarrillo@example.net,2025-11-26,Perú
4045,Camilo,Téllez,taponte@example.com,2024-05-24,Perú
4046,Karla,Hernandes,agustinsolano@example.com,2024-06-17,Perú
4047,Violeta,Leal,vvazquez@example.org,2023-01-05,Perú
4048,Esparta,Hinojosa,zoe80@example.org,2023-06-02,Perú
4049,Gustavo,Escobar,villasenorbianca@example.net,2025-06-24,Perú
4050,Salma,Almaraz,socorromercado@example.net,2023-08-19,Perú
4051,Porfirio,de la Fuente,ivangaribay@example.com,2023-05-20,Perú
4052,Jesús,Ortega,ogranados@example.com,2025-03-29,Perú
4053,Sandra,Saldaña,bperes@example.org,2025-05-30,Perú
4054,María Luisa,Bétancourt,natividad19@example.net,2025-05-26,Perú
4055,Aurelio,Parra,alberto91@example.net,2024-07-26,Perú
4056,Bernabé,Melgar,dburgos@example.net,2025-09-27,Perú
4057,Hermelinda,González,lirabeatriz@example.org,2023-07-02,Perú
4058,Abelardo,Urbina,evelio98@example.com,2024-09-27,Perú
4059,Jesús,Colón,jvalenzuela@example.net,2024-12-01,Perú
4060,Juan Carlos,Mayorga,sbermudez@example.com,2024-01-20,Perú
4061,Renato,Carranza,clara77@example.org,2025-02-08,Perú
4062,Óliver,Romo,garaysilvano@example.org,2024-04-25,Perú
4063,María José,Vaca,casarezmercedes@example.net,2023-12-08,Perú
4064,Aldo,Arellano,delia65@example.net,2024-06-05,Perú
4065,Jaime,Colón,lsolis@example.net,2024-11-20,Perú
4066,Carolina,Bañuelos,ameliamayorga@example.org,2023-04-11,Perú
4067,Hermelinda,Chavarría,cleiva@example.com,2023-03-19,Perú
4068,Helena,Cazares,roldanlilia@example.net,2025-04-17,Perú
4069,Humberto,del Valle,bustosjulio-cesar@example.net,2023-05-04,Perú
4070,Camilo,Ortega,villanuevatomas@example.com,2023-03-11,Perú
4071,Guillermo,Girón,mnino@example.org,2024-07-02,Perú
4072,Ramiro,Solorio,maldonadomariano@example.com,2023-01-27,Perú
4073,Eugenio,Benítez,fernandezaldo@example.net,2024-12-27,Perú
4074,Paulina,Melgar,mascarenasamanda@example.com,2025-08-12,Perú
4075,Asunción,Gurule,mauricio59@example.com,2023-05-19,Perú
4076,Raúl,Amador,castanedamarco-antonio@example.com,2023-07-20,Perú
4077,Rubén,Valadez,tamayoeloy@example.net,2023-11-16,Perú
4078,Gonzalo,Casanova,adalbertoalfaro@example.org,2024-12-23,Perú
4079,Natalia,Barrios,rinconoswaldo@example.net,2023-11-17,Perú
4080,Gregorio,Acevedo,juana26@example.com,2024-04-07,Perú
4081,Pilar,Carrión,genaro46@example.org,2024-03-01,Perú
4082,Jorge,Véliz,hernan70@example.com,2023-10-16,Perú
4083,Pedro,Naranjo,luz59@example.com,2024-01-16,Perú
4084,María del Carmen,Madrigal,hugo04@example.org,2025-03-30,Perú
4085,Zoé,Loya,hpedroza@example.net,2023-12-10,Perú
4086,Reina,Vallejo,armando59@example.org,2023-02-03,Perú
4087,Eduardo,Brito,nbernal@example.com,2024-01-10,Perú
4088,Antonio,Treviño,sleiva@example.net,2023-03-09,Perú
4089,Horacio,Robles,puentemarisela@example.org,2025-01-19,Perú
4090,Dalia,Esquibel,gilbertobarraza@example.com,2025-04-02,Perú
4091,Ana Luisa,Solís,minervalebron@example.org,2024-11-23,Perú
4092,Agustín,Archuleta,samuelsalazar@example.org,2023-11-22,Perú
4093,Mayte,Serrato,ocampodulce-maria@example.net,2025-01-04,Perú
4094,Juana,Montes,daviles@example.org,2024-03-13,Perú
4095,Fabiola,Pichardo,hildabernal@example.org,2023-04-05,Perú
4096,Inés,Alcala,madrigalvicente@example.com,2024-08-22,Perú
4097,Gerardo,Aragón,ucortez@example.org,2024-02-24,Perú
4098,Linda,Cavazos,rosalia28@example.com,2025-09-17,Perú
4099,Ángela,Guillen,pmelgar@example.com,2023-11-02,Perú
4100,Mario,Ureña,jfernandez@example.net,2023-09-25,Perú
4101,Andrés,Centeno,brenteria@example.org,2024-08-25,Perú
4102,Karina,Bermúdez,isabelcornejo@example.net,2025-11-25,Perú
4103,Jerónimo,Tello,francisco-javier24@example.net,2024-01-27,Perú
4104,Perla,de Anda,zvalverde@example.org,2025-06-24,Perú
4105,Rufino,Guerrero,celia34@example.com,2024-09-30,Perú
4106,Alfonso,Merino,patricia19@example.net,2024-02-13,Perú
4107,Antonio,Ulibarri,gustavo27@example.net,2025-08-15,Perú
4108,Zeferino,Cabrera,anabel98@example.org,2023-02-09,Perú
4109,Emilio,Robles,amadorarroyo@example.org,2024-11-03,Perú
4110,Ramón,Escalante,rolando21@example.com,2023-09-22,Perú
4111,Natividad,Canales,minerva41@example.com,2023-07-04,Perú
4112,Marcos,Olvera,rubioaugusto@example.net,2025-06-13,Perú
4113,Ana,Cedillo,sara50@example.org,2024-04-03,Perú
4114,Eloy,Tirado,dariocardona@example.net,2025-03-02,Perú
4115,Salma,Beltrán,enriquezitzel@example.net,2023-10-24,Perú
4116,César,Loya,gvillarreal@example.com,2024-09-20,Perú
4117,María José,Arriaga,qbenavides@example.org,2025-01-31,Perú
4118,Cecilia,Montañez,wilfridomojica@example.com,2024-08-22,Perú
4119,Adela,Henríquez,almontemaria-luisa@example.org,2025-05-14,Perú
4120,Esteban,Escobar,ncollado@example.net,2023-11-20,Perú
4121,Miguel Ángel,Cintrón,valadezsantiago@example.net,2024-06-02,Perú
4122,Mitzy,de la Fuente,puentejosefina@example.net,2025-03-09,Perú
4123,Israel,Aguilar,eugenio39@example.net,2025-09-17,Perú
4124,Nelly,Carrión,uriel86@example.com,2025-05-22,Perú
4125,Santiago,Baeza,cepedaalta-gracia@example.net,2024-06-16,Perú
4126,Catalina,Blanco,maximiliano00@example.net,2025-08-29,Perú
4127,Hugo,Roldán,luisa50@example.net,2025-06-19,Perú
4128,Ana,Corrales,lozadaalejandra@example.net,2025-02-28,Perú
4129,Germán,Anguiano,avilageorgina@example.com,2025-01-23,Perú
4130,Ofelia,Castellanos,jose-carlosmeraz@example.org,2025-04-17,Perú
4131,Amalia,Bahena,ulloalorena@example.com,2024-01-22,Perú
4132,María del Carmen,Piña,carlospolanco@example.org,2024-11-12,Perú
4133,Gabino,Cornejo,jybarra@example.org,2023-11-30,Perú
4134,Cristian,Zaragoza,bernabeosorio@example.net,2024-04-26,Perú
4135,Elias,Miranda,pablocadena@example.net,2023-09-27,Perú
4136,Caridad,Molina,jose-manuelcuellar@example.org,2025-12-04,Perú
4137,Ana Luisa,Roque,antonia96@example.org,2024-02-26,Perú
4138,Sara,Madera,navarreteirene@example.org,2024-04-18,Perú
4139,Marisol,Santana,nbustos@example.net,2023-05-23,Perú
4140,Yolanda,Villalobos,hanaya@example.org,2024-07-16,Perú
4141,Salvador,Arguello,cbustamante@example.org,2024-02-12,Perú
4142,Daniel,Ulibarri,valenzuelaelena@example.net,2024-08-21,Perú
4143,Emiliano,Maestas,fidelrobles@example.com,2023-04-23,Perú
4144,Delia,Cabrera,bertasisneros@example.com,2024-06-29,Perú
4145,Esmeralda,Velásquez,cardenaszacarias@example.org,2025-09-19,Perú
4146,María José,Suárez,albertosaiz@example.org,2023-08-05,Perú
4147,Aurora,Ocasio,teodoroguzman@example.org,2025-10-25,Perú
4148,Adán,Esquivel,maria-teresavaldivia@example.net,2023-02-09,Perú
4149,César,Romo,kgastelum@example.com,2023-06-23,Perú
4150,Lorena,Arce,oliviagalindo@example.net,2024-01-31,Perú
4151,Gabriel,Marín,gloriamerino@example.org,2023-06-23,Perú
4152,Carolina,Calderón,jbaez@example.org,2025-11-04,Perú
4153,Marcela,Rodríguez,hnegrete@example.net,2025-08-13,Perú
4154,Elisa,Dueñas,anabeljasso@example.com,2024-01-21,Perú
4155,Adela,Bravo,gustavovilla@example.net,2024-09-23,Perú
4156,Carlota,Orellana,wzamudio@example.net,2024-07-22,Perú
4157,Jesús,Curiel,gcandelaria@example.com,2025-02-24,Perú
4158,Leonel,Medrano,partidaadan@example.com,2025-02-16,Perú
4159,Socorro,Sisneros,mitzymarrero@example.net,2025-05-07,Perú
4160,Pamela,Fuentes,araceli34@example.org,2025-10-19,Perú
4161,Norma,Ocampo,santanaarmando@example.net,2025-04-23,Perú
4162,Rodrigo,Valdés,fernandoleyva@example.org,2025-09-27,Perú
4163,Carla,Barreto,valadezeugenia@example.org,2025-01-23,Perú
4164,Armando,Cortés,dulce00@example.org,2025-06-16,Perú
4165,Ignacio,Contreras,virginiajaimes@example.org,2024-02-29,Perú
4166,Abril,Terán,victoriareynoso@example.com,2023-11-18,Perú
4167,Mónica,Abreu,emilianoromero@example.net,2025-02-14,Perú
4168,Alfonso,León,villagomezsilvano@example.com,2025-09-26,Perú
4169,María Teresa,Olvera,margarita22@example.net,2024-06-26,Perú
4170,Modesto,Armenta,rybarra@example.com,2024-09-26,Perú
4171,Paulina,Cotto,lorena43@example.net,2024-03-26,Perú
4172,Rosario,Segura,cbueno@example.org,2025-09-21,Perú
4173,Eugenio,Crespo,maria-teresagodinez@example.net,2025-09-18,Perú
4174,María Eugenia,Avilés,abrahamaponte@example.net,2024-06-06,Perú
4175,Zacarías,Duarte,trivas@example.com,2024-09-20,Perú
4176,Dalia,Jaime,fgodoy@example.org,2024-05-18,Perú
4177,Zeferino,Suárez,ylaboy@example.com,2025-08-12,Perú
4178,Esperanza,Paz,conchitamateo@example.net,2025-07-22,Perú
4179,Clara,Abrego,marisol51@example.net,2023-01-10,Perú
4180,Fidel,Reyna,celia54@example.org,2025-11-11,Perú
4181,Antonio,Ceballos,zcano@example.org,2023-10-19,Perú
4182,David,Vargas,polancofrancisco-javier@example.net,2025-10-16,Perú
4183,Augusto,Curiel,nadia49@example.net,2023-01-31,Perú
4184,María Elena,Villarreal,montezfrancisca@example.org,2025-01-21,Perú
4185,Gilberto,Carrillo,qmora@example.net,2023-11-16,Perú
4186,Manuel,Alonso,josesanches@example.com,2023-12-06,Perú
4187,Ruby,Jáquez,romerojosefina@example.com,2023-06-12,Perú
4188,Evelio,Acosta,melgardebora@example.net,2024-01-16,Perú
4189,Esperanza,Rosas,de-jesusvioleta@example.net,2025-01-02,Perú
4190,Norma,Tafoya,villanuevaofelia@example.com,2023-07-16,Perú
4191,César,Arias,liliana93@example.org,2024-08-20,Perú
4192,Eloisa,Aguayo,laboyguillermo@example.org,2024-03-15,Perú
4193,Octavio,Aparicio,zocampo@example.org,2024-04-28,Perú
4194,Itzel,Benavides,anabetancourt@example.net,2025-10-09,Perú
4195,Claudio,Valle,ayalaangelica@example.com,2023-12-20,Perú
4196,Irma,Rivero,abrahamolmos@example.net,2025-01-29,Perú
4197,Luisa,Mora,paolapelayo@example.org,2023-05-22,Perú
4198,Cornelio,Solorzano,omora@example.net,2025-07-17,Perú
4199,Óliver,Piña,virginiamora@example.net,2023-02-26,Perú
4200,Araceli,Rodríquez,jcovarrubias@example.org,2024-03-08,Perú
4201,Paola,Vaca,tyanez@example.com,2025-11-13,Perú
4202,Esteban,Páez,zmacias@example.com,2023-07-30,Perú
4203,Aurelio,Lira,cesartamez@example.org,2024-10-14,Perú
4204,Víctor,Valle,renatobaeza@example.com,2023-01-25,Perú
4205,Diego,Almaraz,ramiroalmanza@example.net,2024-08-13,Perú
4206,Wendolin,Magaña,nsalcedo@example.net,2024-06-17,Perú
4207,Adalberto,Hernádez,joaquintorres@example.org,2025-03-01,Perú
4208,Cristina,Escobedo,floresaldo@example.net,2024-05-23,Perú
4209,Evelio,Cornejo,ramiromena@example.com,2024-09-18,Perú
4210,María José,Rubio,noeliasoto@example.org,2024-12-01,Perú
4211,Luis Manuel,Briones,leyvaesther@example.net,2023-01-10,Perú
4212,Elsa,Mojica,porfirio72@example.com,2025-09-06,Perú
4213,Luis,Benavídez,oliviamares@example.net,2024-12-21,Perú
4214,Reina,Cavazos,lcolon@example.org,2025-07-24,Perú
4215,Rubén,Quezada,rontiveros@example.net,2024-03-04,Perú
4216,Flavio,Orta,ycamarillo@example.org,2025-08-28,Perú
4217,Marisela,Bravo,miguel-angel74@example.com,2024-12-01,Perú
4218,José Manuél,Casanova,jesussevilla@example.net,2023-03-20,Perú
4219,Asunción,Ortiz,francisco02@example.com,2024-03-02,Perú
4220,Dulce,Dávila,camposomar@example.com,2023-06-30,Perú
4221,Hernán,Alba,colladoanabel@example.org,2025-04-26,Perú
4222,Rebeca,González,mariarico@example.net,2023-06-19,Perú
4223,Javier,Madrigal,vcasillas@example.org,2023-01-13,Perú
4224,Espartaco,Jaramillo,cristianmatos@example.com,2023-11-30,Perú
4225,Homero,Batista,padillaabigail@example.org,2025-07-25,Perú
4226,Lucas,Ojeda,josefinacavazos@example.net,2024-12-23,Perú
4227,Luis Manuel,Castillo,ramonmarisol@example.org,2024-05-12,Perú
4228,Emilia,Casanova,gabrielapichardo@example.net,2025-11-22,Perú
4229,Daniel,Briones,bquesada@example.net,2023-09-14,Perú
4230,David,Córdova,hernanjaramillo@example.net,2024-11-23,Perú
4231,Cynthia,Bueno,vcordero@example.com,2023-07-09,Perú
4232,Soledad,Tijerina,de-la-rosaisabel@example.com,2024-07-17,Perú
4233,Marisela,Nevárez,conchita37@example.com,2024-09-12,Perú
4234,Fabiola,Carvajal,amador82@example.com,2023-02-16,Perú
4235,Flavio,Tovar,cesar21@example.com,2025-10-24,Perú
4236,Jorge Luis,Serrato,jonas57@example.org,2024-02-10,Perú
4237,Paulina,Bétancourt,mateomontano@example.com,2024-02-10,Perú
4238,Humberto,Oquendo,isabel86@example.org,2024-07-05,Perú
4239,Luisa,Olivares,normasanabria@example.com,2024-01-24,Perú
4240,Timoteo,Gallardo,nsalcido@example.net,2024-07-28,Perú
4241,Mauricio,Armenta,raparicio@example.net,2024-10-17,Perú
4242,Teresa,Bustamante,anacolunga@example.org,2024-11-14,Perú
4243,Virginia,Cavazos,eveliojimenez@example.net,2023-09-20,Perú
4244,Rosa,Palomino,mde-jesus@example.com,2023-10-19,Perú
4245,Sessa,Mota,joaquinconcepcion@example.net,2023-05-17,Perú
4246,Cristobal,Rojas,carmennegron@example.com,2024-09-04,Perú
4247,Marco Antonio,Quiroz,ubustos@example.com,2025-03-12,Perú
4248,Bernardo,Sauceda,bmerino@example.org,2025-11-16,Perú
4249,Lucas,Henríquez,jose-emilioduran@example.com,2023-03-30,Perú
4250,Liliana,Ballesteros,mayorgaestela@example.org,2024-04-02,Perú
4251,Cristal,Arguello,wfranco@example.net,2024-12-19,Perú
4252,Marisol,Lomeli,ogrijalva@example.org,2023-01-18,Perú
4253,Fernando,Salas,fernandoyanez@example.org,2025-03-13,Perú
4254,Olga,Miramontes,cristianesquivel@example.com,2025-07-09,Perú
4255,Estefanía,Garica,vsolorio@example.net,2024-06-05,Perú
4256,Hernán,Mendoza,riverosessa@example.net,2025-03-24,Perú
4257,Ana Luisa,Carranza,tcasares@example.org,2023-01-21,Perú
4258,Olga,Cornejo,maria-elenarendon@example.org,2024-07-31,Perú
4259,Luis Miguel,Domínguez,ignacio31@example.net,2024-04-27,Perú
4260,Perla,Saldaña,guillerminaecheverria@example.com,2023-09-10,Perú
4261,Itzel,Moya,pelayoroberto@example.com,2024-07-13,Perú
4262,Guadalupe,Vázquez,andreaveliz@example.com,2024-07-22,Perú
4263,Alejandra,Uribe,elisa12@example.net,2024-10-29,Perú
4264,Esteban,Carranza,lgodoy@example.net,2025-09-29,Perú
4265,Natividad,Negrón,votero@example.net,2025-03-08,Perú
4266,Blanca,Sáenz,clemente03@example.net,2024-12-11,Perú
4267,Nelly,Beltrán,armandobeltran@example.net,2025-08-30,Perú
4268,Ana María,Cornejo,tamezadriana@example.net,2024-05-12,Perú
4269,Mayte,Ponce,contrerasjose@example.com,2024-01-20,Perú
4270,Aida,Barraza,matanicolas@example.net,2023-09-11,Perú
4271,Abigail,Mares,araceli54@example.com,2024-08-15,Perú
4272,Alma,Coronado,graciela47@example.com,2023-12-14,Perú
4273,Úrsula,Borrego,juan-carlosmontoya@example.net,2025-10-30,Perú
4274,Pilar,Vargas,ericrosales@example.net,2024-10-14,Perú
4275,Norma,Rodrígez,augustocastro@example.com,2024-07-24,Perú
4276,Virginia,Sepúlveda,jeronimohurtado@example.com,2023-07-07,Perú
4277,Nicolás,Figueroa,cervantezliliana@example.net,2023-05-26,Perú
4278,Pascual,Benavides,andrestijerina@example.net,2024-01-11,Perú
4279,Natalia,Peres,jorge-luis51@example.com,2024-09-25,Perú
4280,Felipe,Osorio,motaporfirio@example.com,2023-05-29,Perú
4281,Angélica,Brito,deliarobles@example.org,2025-02-08,Perú
4282,Dolores,Casárez,olga65@example.net,2024-07-05,Perú
4283,Francisco,Gallegos,ignaciomora@example.org,2025-06-26,Perú
4284,Mauricio,Campos,pachecojaime@example.com,2023-10-10,Perú
4285,Bianca,Saldivar,leonelescobedo@example.com,2025-06-12,Perú
4286,José,Salinas,horacio15@example.net,2025-05-15,Perú
4287,Mateo,Espinosa,aldopichardo@example.com,2025-07-01,Perú
4288,Luz,Collado,torrezjuan@example.com,2023-09-15,Perú
4289,Daniela,Treviño,abetancourt@example.org,2025-10-17,Perú
4290,Estela,Zamudio,salma84@example.net,2025-09-11,Perú
4291,Marcela,Mireles,mateo74@example.net,2025-04-10,Perú
4292,Luis,Vigil,lucas32@example.net,2024-04-21,Perú
4293,María Teresa,Barajas,cottoandrea@example.org,2024-08-20,Perú
4294,Benjamín,Vázquez,cedillojulia@example.com,2024-06-16,Perú
4295,Agustín,Muñiz,rosario67@example.org,2023-04-13,Perú
4296,José Carlos,García,tejadajose-maria@example.com,2023-02-16,Perú
4297,Esparta,Cortez,brisenoruby@example.org,2024-08-24,Perú
4298,Irene,Arriaga,espartacogiron@example.com,2023-11-04,Perú
4299,Dulce,Márquez,madridhermelinda@example.org,2024-01-04,Perú
4300,Cornelio,Zambrano,leonel46@example.net,2024-01-06,Perú
4301,Ofelia,Merino,julio-cesarolivarez@example.org,2024-05-13,Perú
4302,Martín,Cabán,jose-carlos75@example.org,2023-02-09,Perú
4303,Nadia,Valladares,mendezindira@example.com,2025-03-18,Perú
4304,Amalia,Portillo,hugovalverde@example.com,2024-04-04,Perú
4305,María del Carmen,Gálvez,ulloabenito@example.com,2025-05-15,Perú
4306,María Cristina,Arredondo,josemunoz@example.com,2023-08-01,Perú
4307,Elvia,Guevara,adameroberto@example.net,2024-02-20,Perú
4308,Omar,Cazares,stoledo@example.org,2023-10-18,Perú
4309,Isabela,Colón,salmajasso@example.net,2025-06-28,Perú
4310,Alta  Gracia,Anaya,claudio36@example.net,2023-01-24,Perú
4311,María Elena,Gollum,fidelgarza@example.org,2024-03-06,Perú
4312,Francisco,Mesa,qaguirre@example.org,2024-08-02,Perú
4313,Pedro,Santillán,lzuniga@example.org,2023-01-26,Perú
4314,Eduardo,Rodarte,jose-maria64@example.net,2025-07-11,Perú
4315,Martha,Baca,olivia51@example.net,2023-04-15,Perú
4316,Citlali,Matos,sernaana-luisa@example.com,2023-07-19,Perú
4317,Estela,Gamboa,wolivas@example.org,2025-07-03,Perú
4318,Wilfrido,Velásquez,qhinojosa@example.org,2023-09-30,Perú
4319,Mariano,Carbajal,juanherrera@example.net,2023-07-09,Perú
4320,José Carlos,Quiñones,rodolfo50@example.com,2024-09-24,Perú
4321,Eloisa,Enríquez,fguardado@example.com,2025-11-12,Perú
4322,Estefanía,Flórez,silvano24@example.net,2024-06-07,Perú
4323,Alonso,Godínez,taniavelasco@example.org,2025-09-06,Perú
4324,Wendolin,Ledesma,centenomitzy@example.net,2025-02-12,Perú
4325,Luz,Elizondo,sototrinidad@example.net,2025-11-11,Perú
4326,Adán,Rendón,manuelcuellar@example.com,2023-04-08,Perú
4327,Antonia,Medina,pilar84@example.org,2025-06-25,Perú
4328,Teresa,Saavedra,verdugocynthia@example.com,2025-07-10,Perú
4329,Maximiliano,Quintanilla,imenendez@example.org,2024-09-02,Perú
4330,Rosalia,Tello,rosarioelvia@example.net,2024-02-22,Perú
4331,Jorge,Luevano,catalina96@example.org,2024-07-31,Perú
4332,Elisa,Muñiz,nazarioaurelio@example.com,2025-11-06,Perú
4333,Alonso,Estrada,alfonsogamboa@example.org,2025-08-30,Perú
4334,Uriel,Rascón,corneliofigueroa@example.org,2023-06-02,Perú
4335,Delia,Rentería,urielmedina@example.org,2024-03-08,Perú
4336,Aldo,de la O,marisol92@example.com,2024-02-01,Perú
4337,Bianca,Tijerina,karlamata@example.net,2025-05-09,Perú
4338,Virginia,Ojeda,dolores39@example.net,2023-10-25,Perú
4339,Patricio,Baca,tvalles@example.org,2024-06-02,Perú
4340,Humberto,Tamayo,ruben88@example.com,2023-08-24,Perú
4341,Leonor,Bustamante,oscargaribay@example.org,2024-05-29,Perú
4342,Lilia,Roldán,tsuarez@example.org,2024-11-10,Perú
4343,Samuel,Segovia,isabelajiminez@example.org,2024-07-14,Perú
4344,José Emilio,Arroyo,padillagregorio@example.org,2024-11-17,Perú
4345,Israel,Serrato,estebanbahena@example.com,2024-08-29,Perú
4346,Marisol,Carrillo,patricia36@example.org,2024-10-10,Perú
4347,Guillermo,Sanabria,jose-emilio68@example.com,2023-02-08,Perú
4348,Antonio,Raya,ranaya@example.com,2025-11-10,Perú
4349,Alejandra,Iglesias,ruben10@example.net,2024-04-13,Perú
4350,Adán,Venegas,strujillo@example.org,2023-07-09,Perú
4351,María Elena,Ochoa,ignacio56@example.net,2024-03-25,Perú
4352,Alicia,Rosales,mmateo@example.net,2023-03-22,Perú
4353,Andrés,Peres,asanabria@example.net,2024-04-26,Perú
4354,Victoria,Delgado,chavarriacelia@example.net,2024-09-06,Perú
4355,Patricia,Elizondo,emiliano58@example.com,2025-01-24,Perú
4356,Rodolfo,Montoya,rodrigoleal@example.org,2025-04-24,Perú
4357,Lilia,Tórrez,beltrangenaro@example.org,2024-08-09,Perú
4358,Mariana,Narváez,casasjonas@example.net,2025-06-07,Perú
4359,Octavio,Ordóñez,reina36@example.com,2024-11-27,Perú
4360,Abigail,Toledo,tcanales@example.com,2024-05-12,Perú
4361,Aida,Centeno,mocampo@example.net,2023-01-20,Perú
4362,Jorge,Mayorga,magdalenasandoval@example.net,2023-03-19,Perú
4363,Celia,Franco,veronicacarrillo@example.net,2025-05-14,Perú
4364,Esteban,Cortés,humbertocarvajal@example.org,2025-01-24,Perú
4365,Luisa,Méndez,luis-miguel70@example.net,2023-04-24,Perú
4366,Natividad,Pedroza,juanabenitez@example.org,2025-05-09,Perú
4367,Socorro,Merino,raguayo@example.net,2024-03-23,Perú
4368,Cornelio,Montero,ines08@example.org,2023-02-21,Perú
4369,Cristian,Castillo,homero00@example.net,2024-01-28,Perú
4370,Jacinto,Alejandro,orosado@example.org,2024-04-03,Perú
4371,Wilfrido,Negrete,mbeltran@example.com,2023-03-23,Perú
4372,Mitzy,Griego,rpedroza@example.org,2025-08-06,Perú
4373,Dalia,Loya,jeronimoloera@example.org,2025-10-19,Perú
4374,Micaela,Maya,maria06@example.org,2023-03-10,Perú
4375,Irene,Romo,leonor68@example.net,2023-10-31,Perú
4376,María Cristina,Miramontes,arcelia55@example.net,2025-03-24,Perú
4377,Leonel,Venegas,saldivarana-luisa@example.net,2023-01-19,Perú
4378,Oswaldo,Loera,sergio09@example.com,2025-04-13,Perú
4379,Ana Luisa,Mata,ceciliavaldez@example.net,2025-08-14,Perú
4380,Sergio,Gollum,geronimorivero@example.org,2024-07-03,Perú
4381,Héctor,Villa,irene98@example.net,2024-01-14,Perú
4382,Agustín,Ávalos,david79@example.net,2024-08-07,Perú
4383,Guadalupe,Cardenas,jacevedo@example.com,2024-12-20,Perú
4384,Santiago,Gastélum,omarreyna@example.net,2024-07-28,Perú
4385,Enrique,Fonseca,diana71@example.org,2024-11-29,Perú
4386,Manuel,Domínguez,gamezjeronimo@example.org,2024-02-21,Perú
4387,Araceli,Guillen,lrojo@example.net,2023-09-15,Perú
4388,Miguel Ángel,Munguía,elviratorres@example.org,2023-03-23,Perú
4389,Leonor,Holguín,saraarce@example.com,2023-07-03,Perú
4390,Natalia,Rincón,jloera@example.org,2023-12-29,Perú
4391,Eric,Niño,salasisabel@example.com,2025-04-01,Perú
4392,Armando,Aponte,camila55@example.com,2025-05-17,Perú
4393,Rolando,Zedillo,paulina70@example.net,2024-09-20,Perú
4394,Luis Manuel,Lucio,arceliaortiz@example.net,2023-07-04,Perú
4395,María Eugenia,Archuleta,huertacamila@example.com,2024-03-20,Perú
4396,Germán,Casares,dquintana@example.net,2024-03-30,Perú
4397,Ana María,Saiz,wvaca@example.com,2025-05-28,Perú
4398,Eric,Malave,andrea82@example.com,2025-11-04,Perú
4399,Aldo,Alba,zolivera@example.com,2024-12-27,Perú
4400,Isabel,Ybarra,hernandezcitlali@example.net,2023-12-01,Perú
4401,Evelio,Castañeda,abigailsaldana@example.org,2024-06-06,Perú
4402,Martín,Zavala,diegocanales@example.net,2023-06-16,Perú
4403,Irene,Henríquez,ruby59@example.net,2023-08-01,Perú
4404,Adalberto,Beltrán,leonardopantoja@example.com,2023-02-14,Perú
4405,Victoria,Quintanilla,eloisatorres@example.net,2023-03-26,Perú
4406,Vanesa,Téllez,vmarrero@example.org,2024-08-19,Perú
4407,Trinidad,Naranjo,mario00@example.com,2023-03-18,Perú
4408,Carlos,Granados,julio-cesar69@example.org,2025-02-04,Perú
4409,Ana,Casárez,abelardo78@example.org,2023-05-31,Perú
4410,Gonzalo,Vallejo,felipe15@example.com,2023-03-24,Perú
4411,Francisco Javier,Casares,mirelesrene@example.org,2023-11-16,Perú
4412,Guillermo,Jaramillo,aldoamaya@example.org,2024-04-15,Perú
4413,Alfredo,Bustos,hectormata@example.org,2025-10-12,Perú
4414,Agustín,Arriaga,cejasantiago@example.org,2023-07-22,Perú
4415,Adalberto,Moreno,carlos61@example.net,2024-11-05,Perú
4416,Laura,Rosario,caridad90@example.net,2025-10-01,Perú
4417,Amalia,Villagómez,isabel55@example.net,2024-01-16,Perú
4418,Eugenia,Barela,jjuarez@example.org,2025-09-11,Perú
4419,Leonel,Patiño,rmartinez@example.com,2023-04-21,Perú
4420,Nelly,Cardona,escalantejeronimo@example.org,2025-09-12,Perú
4421,Antonia,Preciado,quinonezdulce@example.com,2023-01-06,Perú
4422,Humberto,Romo,colonmauricio@example.org,2025-07-28,Perú
4423,Serafín,Rodarte,ycisneros@example.org,2025-01-15,Perú
4424,Elvia,Estévez,jose-luiscardona@example.com,2025-07-03,Perú
4425,Mateo,Caballero,ericotero@example.com,2023-08-29,Perú
4426,Pedro,Brito,jose-carlos38@example.net,2023-02-14,Perú
4427,Olga,Samaniego,rvillegas@example.net,2024-03-26,Perú
4428,Karina,Vásquez,zaragozarufino@example.org,2023-01-10,Perú
4429,Esteban,Fuentes,qde-la-garza@example.net,2025-03-10,Perú
4430,Carolina,Saavedra,eregalado@example.net,2025-03-23,Perú
4431,Anabel,Mireles,sosarene@example.net,2023-06-04,Perú
4432,Anel,Ríos,epaez@example.net,2023-03-05,Perú
4433,Wendolin,Vigil,fcamacho@example.com,2023-11-27,Perú
4434,Eric,Macías,pantojaeloisa@example.net,2023-11-29,Perú
4435,Uriel,Gonzales,vcano@example.org,2023-01-13,Perú
4436,Violeta,Barreto,qveliz@example.com,2024-09-16,Perú
4437,Eduardo,Zaragoza,karlamateo@example.com,2023-04-14,Perú
4438,Germán,Anguiano,gustavoquinones@example.net,2024-01-04,Perú
4439,Emilio,Badillo,mariaarias@example.net,2023-05-12,Perú
4440,María Luisa,Valverde,lourdesulibarri@example.net,2023-03-07,Perú
4441,Reina,Casares,micaela40@example.net,2023-01-21,Perú
4442,Daniel,Santillán,talva@example.com,2024-10-05,Perú
4443,Elena,Barraza,tchavez@example.com,2023-07-25,Perú
4444,Victoria,de la Crúz,francisco-javierjurado@example.net,2024-08-12,Perú
4445,Isabela,Navarro,marcelaarenas@example.net,2024-09-28,Perú
4446,Ivonne,Rojas,gaguayo@example.org,2024-04-30,Perú
4447,Dulce María,Piña,estelagarica@example.org,2023-10-22,Perú
4448,Marisol,Romero,kcaballero@example.com,2023-02-17,Perú
4449,Mario,Chavarría,jgalindo@example.org,2024-04-15,Perú
4450,Noelia,Acuña,torrezguadalupe@example.org,2024-01-18,Perú
4451,Marcos,Becerra,karinaarevalo@example.org,2024-01-02,Perú
4452,Miguel,Sánchez,nazariojaime@example.com,2023-07-22,Perú
4453,Dulce María,Ocasio,nellyuribe@example.com,2025-07-31,Perú
4454,Anabel,Corral,jvalles@example.org,2024-05-09,Perú
4455,Lourdes,Nava,knunez@example.org,2024-01-23,Perú
4456,Camila,Cepeda,barelaalta-gracia@example.org,2023-02-19,Perú
4457,Nancy,Córdova,prodriquez@example.net,2023-04-02,Perú
4458,Wilfrido,Longoria,guadalupemagana@example.com,2024-02-06,Perú
4459,Olga,Orta,ysandoval@example.com,2023-08-08,Perú
4460,Estela,Olvera,minerva92@example.com,2025-08-03,Perú
4461,Esperanza,Castro,linda09@example.com,2024-03-11,Perú
4462,Natalia,Avilés,wcolon@example.com,2023-10-15,Perú
4463,Marisol,Corrales,pgalvez@example.com,2024-10-26,Perú
4464,Cristina,Naranjo,cristobalramon@example.org,2024-01-02,Perú
4465,Marcela,Mesa,raul45@example.net,2024-06-19,Perú
4466,Socorro,del Río,salazarirma@example.net,2025-03-13,Perú
4467,Ignacio,Palacios,munozcamilo@example.org,2025-07-25,Perú
4468,Emiliano,Menchaca,aldobalderas@example.net,2024-03-19,Perú
4469,Lucía,Duarte,georginaurrutia@example.net,2024-09-27,Perú
4470,Amanda,Griego,zheredia@example.org,2023-09-02,Perú
4471,Bernardo,Alcala,andreaolivo@example.com,2025-05-26,Perú
4472,Nelly,Gaona,ursulaprado@example.org,2024-04-12,Perú
4473,Alvaro,Reynoso,segurajaime@example.org,2023-05-26,Perú
4474,Dolores,Orellana,alcarazveronica@example.net,2023-04-11,Perú
4475,Agustín,Tovar,humbertoquintero@example.com,2025-11-30,Perú
4476,Arcelia,Acosta,oscarolivas@example.org,2023-07-24,Perú
4477,Vanesa,Aranda,jalarcon@example.net,2023-09-24,Perú
4478,Abelardo,Rojo,anelanaya@example.org,2025-07-11,Perú
4479,Leonor,Zelaya,yanezcitlali@example.com,2023-03-19,Perú
4480,Alejandra,Griego,osoriojose@example.org,2025-07-07,Perú
4481,Rufino,de la Crúz,velasquezgenaro@example.com,2024-02-15,Perú
4482,Benito,de la Fuente,adalberto47@example.net,2024-03-19,Perú
4483,Alta  Gracia,Chavarría,jesus95@example.org,2023-02-06,Perú
4484,Emilia,Villarreal,jonas91@example.net,2025-03-17,Perú
4485,Dulce María,Pacheco,raquel85@example.com,2024-06-05,Perú
4486,Alvaro,Reséndez,rene67@example.com,2025-01-08,Perú
4487,José María,Ayala,olivervallejo@example.org,2025-04-19,Perú
4488,Antonia,Reyes,ramonmontenegro@example.org,2025-10-05,Perú
4489,Bruno,Narváez,guzmandaniel@example.org,2024-11-12,Perú
4490,Maximiliano,Rentería,marianafierro@example.com,2025-09-30,Perú
4491,José Luis,de la Rosa,aliciamatias@example.net,2023-11-30,Perú
4492,Julia,Posada,francisco-javierpacheco@example.net,2024-03-13,Perú
4493,Ana,Dueñas,crespoelias@example.org,2023-11-24,Perú
4494,Manuel,Ozuna,claravera@example.net,2023-04-22,Perú
4495,Julio César,Carrero,flavio43@example.org,2023-11-04,Perú
4496,Leticia,Puente,rebecamireles@example.net,2023-02-03,Perú
4497,Débora,Gracia,ccarrillo@example.com,2024-12-25,Perú
4498,Antonia,Rendón,jacobo29@example.org,2023-04-11,Perú
4499,Julio,Patiño,ialcala@example.org,2024-07-29,Perú
4500,Paola,Matías,vulibarri@example.com,2025-06-09,Perú
4501,Óliver,Aguirre,zayasjose-emilio@example.com,2023-07-06,Perú
4502,Oswaldo,Menéndez,quinonezmateo@example.net,2023-12-15,Perú
4503,Felix,Carmona,merazsalvador@example.net,2025-04-29,Perú
4504,Gabriel,Esparza,claudiasantacruz@example.org,2024-11-21,Perú
4505,Adriana,Arenas,calderoncristobal@example.net,2023-01-08,Perú
4506,Eloisa,Garay,mayte67@example.org,2025-05-22,Perú
4507,Asunción,Jáquez,gustavo99@example.com,2025-05-01,Perú
4508,Esther,Muro,mtellez@example.org,2025-01-06,Perú
4509,Carlota,Munguía,dalia42@example.net,2024-02-09,Perú
4510,Fidel,Madrid,alicia57@example.org,2025-05-15,Perú
4511,Lucía,Sauceda,ortaadriana@example.net,2023-01-25,Perú
4512,Germán,Chávez,xalcantar@example.com,2023-12-18,Perú
4513,Cornelio,Rolón,valadezjonas@example.com,2023-03-22,Perú
4514,Jonás,Tovar,zgamboa@example.com,2023-07-12,Perú
4515,Ruby,Maestas,acuriel@example.org,2023-07-10,Perú
4516,Violeta,Hernandes,vicente07@example.org,2024-10-03,Perú
4517,Berta,Olivas,estebansaldana@example.org,2024-08-08,Perú
4518,Cristian,Barrientos,alejandra65@example.com,2025-07-01,Perú
4519,María Teresa,Arevalo,molinacitlali@example.org,2023-09-30,Perú
4520,María,Miramontes,wmercado@example.com,2025-11-13,Perú
4521,Amanda,Alarcón,prosales@example.com,2024-11-21,Perú
4522,Cristal,Valentín,alicia14@example.net,2024-07-05,Perú
4523,Alberto,Limón,aguirrealonso@example.net,2025-12-03,Perú
4524,Diana,Valle,abel85@example.org,2024-11-12,Perú
4525,César,Lovato,cynthia46@example.net,2025-08-31,Perú
4526,Abraham,Guerrero,kbravo@example.com,2023-05-21,Perú
4527,Iván,Casárez,pabonfabiola@example.com,2023-11-30,Perú
4528,Santiago,Medina,candelarialeticia@example.net,2024-05-12,Perú
4529,Luis Manuel,Guzmán,gregorio91@example.net,2024-05-28,Perú
4530,Sofía,Armas,ecisneros@example.net,2024-02-27,Perú
4531,Emiliano,Amador,kduran@example.org,2023-08-28,Perú
4532,Inés,Sanches,lilianamunoz@example.org,2025-02-20,Perú
4533,Beatriz,Mateo,beatrizochoa@example.org,2024-05-05,Perú
4534,Anel,Díaz,tejadasara@example.net,2024-06-03,Perú
4535,Joaquín,Juárez,abenitez@example.org,2024-02-23,Perú
4536,Adriana,Oquendo,hguerrero@example.net,2024-02-15,Perú
4537,Mariana,Alcaraz,cejacaridad@example.com,2025-10-02,Perú
4538,Emiliano,Treviño,nolivares@example.com,2025-09-29,Perú
4539,Adela,Partida,alvaro78@example.net,2024-12-26,Perú
4540,Ernesto,Mesa,berta14@example.org,2025-09-20,Perú
4541,Emilio,Madera,miriamcano@example.org,2023-08-20,Perú
4542,Maximiliano,Ozuna,rodrigoaguilar@example.net,2024-05-14,Perú
4543,Mateo,Velásquez,rebecaarmenta@example.org,2023-10-11,Perú
4544,Yuridia,Monroy,brisenooctavio@example.net,2025-06-07,Perú
4545,Miguel Ángel,Ramírez,ecanales@example.org,2024-06-14,Perú
4546,Elias,Montañez,vserrano@example.org,2023-03-23,Perú
4547,José,Nazario,josefinavaca@example.com,2025-03-20,Perú
4548,Arturo,de la Crúz,fvalenzuela@example.net,2023-01-30,Perú
4549,Esparta,Orellana,hbecerra@example.org,2025-10-03,Perú
4550,Noemí,Alcala,guadalupearce@example.org,2025-09-19,Perú
4551,Mitzy,Rosales,miguel-angel88@example.org,2025-01-21,Perú
4552,Nelly,Trejo,uriel39@example.net,2024-06-22,Perú
4553,Adriana,Arce,esther54@example.org,2023-12-25,Perú
4554,Hugo,Abrego,wde-la-rosa@example.com,2023-04-25,Perú
4555,Alicia,Hernádez,dtijerina@example.com,2025-07-14,Perú
4556,Dolores,Reyna,bernalalta-gracia@example.com,2024-12-29,Perú
4557,Marisol,Longoria,julia96@example.net,2023-08-11,Perú
4558,Aurora,Romero,kacosta@example.net,2023-05-24,Perú
4559,Victoria,Guardado,roberto87@example.net,2023-06-11,Perú
4560,Gilberto,Solís,zeferinorazo@example.org,2023-04-18,Perú
4561,Augusto,Ortega,ndelgado@example.net,2024-01-27,Perú
4562,Marisol,Malave,alarconana-maria@example.com,2024-07-12,Perú
4563,Rodolfo,Valle,javiercadena@example.net,2025-05-29,Perú
4564,Claudia,Tello,agustinsantana@example.net,2023-08-13,Perú
4565,Julio,Medrano,maria06@example.com,2023-09-22,Perú
4566,Nadia,Casas,msarabia@example.org,2023-10-29,Perú
4567,Marisela,Salazar,eugenia27@example.net,2023-03-25,Perú
4568,Rebeca,Venegas,hinojosajose-luis@example.org,2024-04-21,Perú
4569,Jacobo,Ornelas,gloria96@example.net,2024-03-15,Perú
4570,Serafín,Arenas,ignacio86@example.com,2025-02-02,Perú
4571,María,Esparza,carlabrito@example.net,2023-02-11,Perú
4572,Andrés,Linares,carmenchavarria@example.com,2025-11-27,Perú
4573,Zoé,Báez,jcepeda@example.com,2025-11-20,Perú
4574,Amador,Arreola,evillasenor@example.net,2024-01-26,Perú
4575,Irene,Rodrígez,jaquezmartin@example.com,2023-10-14,Perú
4576,Camila,Arredondo,adancastillo@example.net,2024-04-06,Perú
4577,Barbara,de la O,ssantacruz@example.com,2024-01-15,Perú
4578,Estela,Arredondo,vieramariano@example.com,2025-01-27,Perú
4579,Yeni,Cantú,lourdes51@example.org,2023-02-20,Perú
4580,Carmen,Guerra,gonzalohernandez@example.net,2025-03-23,Perú
4581,Débora,Paz,gregorio93@example.net,2025-10-06,Perú
4582,Cristal,Villareal,nancy53@example.org,2023-07-28,Perú
4583,María Teresa,Gil,concepcion56@example.com,2024-03-08,Perú
4584,Susana,Galarza,upacheco@example.com,2023-11-15,Perú
4585,Sessa,Torres,sernamarcela@example.net,2023-12-18,Perú
4586,Anabel,Lugo,canalesmaximiliano@example.com,2024-09-19,Perú
4587,Socorro,Alcaraz,rangeladan@example.net,2025-05-20,Perú
4588,Linda,Enríquez,theredia@example.com,2023-07-23,Perú
4589,Celia,Quiroz,silviacortes@example.com,2025-02-04,Perú
4590,Flavio,Borrego,diego63@example.net,2023-06-30,Perú
4591,Esperanza,Ochoa,leivagabriel@example.com,2024-02-26,Perú
4592,Tania,Correa,benito18@example.com,2024-05-03,Perú
4593,Alonso,Tórrez,samuelarce@example.org,2025-03-09,Perú
4594,Víctor,Baeza,francisco93@example.net,2024-08-15,Perú
4595,Reynaldo,Loya,garzaandres@example.com,2024-11-22,Perú
4596,Emilia,Valdés,chaparosa@example.org,2024-11-14,Perú
4597,Zeferino,Almonte,enrique53@example.net,2024-01-24,Perú
4598,Genaro,Vaca,cristinaolmos@example.net,2023-07-21,Perú
4599,Miriam,Ferrer,leonleonel@example.org,2023-06-29,Perú
4600,Aldonza,Alvarado,dianacordero@example.net,2023-03-15,Perú
4601,Paola,Gil,clara22@example.net,2024-07-12,Perú
4602,Adalberto,Almanza,abregoluis@example.org,2023-04-02,Perú
4603,Rolando,Leyva,luis-miguelrenteria@example.net,2024-06-30,Perú
4604,Graciela,Alonso,mitzycortez@example.com,2024-07-23,Perú
4605,Teresa,Gil,qsantana@example.com,2025-03-30,Perú
4606,Teodoro,Mondragón,valenciajos@example.org,2023-06-22,Perú
4607,Nelly,Henríquez,paulinazamudio@example.net,2023-12-02,Perú
4608,Alvaro,Angulo,arguellobenito@example.net,2023-06-04,Perú
4609,Wendolin,Domínguez,cmuniz@example.net,2024-09-17,Perú
4610,Octavio,Briones,alongoria@example.org,2024-07-02,Perú
4611,Santiago,Colunga,adela10@example.net,2025-01-13,Perú
4612,Antonio,Lucero,dianasanches@example.net,2024-01-20,Perú
4613,Silvia,Delgadillo,georgina65@example.org,2023-06-01,Perú
4614,Emilia,Pelayo,rolandomora@example.com,2024-02-04,Perú
4615,Conchita,Fuentes,rpadron@example.net,2025-10-30,Perú
4616,Tomás,Vélez,francisco-javier55@example.com,2025-02-13,Perú
4617,José Manuél,Osorio,luisa11@example.com,2023-07-02,Perú
4618,Elena,Lebrón,alfredo10@example.com,2023-01-09,Perú
4619,Pedro,Fierro,vraya@example.com,2023-05-25,Perú
4620,Salvador,Sotelo,gilelisa@example.org,2024-03-14,Perú
4621,Ramiro,Quintero,riveromonica@example.org,2023-11-06,Perú
4622,Zeferino,Almonte,jsantillan@example.com,2025-07-13,Perú
4623,Evelio,Caldera,julia52@example.net,2024-08-13,Perú
4624,Lucas,Alarcón,mperalta@example.net,2025-02-05,Perú
4625,Luisa,Rivas,escalanteofelia@example.net,2025-07-08,Perú
4626,Bernabé,Perales,alvaro01@example.net,2023-08-18,Perú
4627,Gustavo,Cortés,spacheco@example.org,2023-11-20,Perú
4628,Germán,Velázquez,camachoeric@example.net,2025-09-18,Perú
4629,Gonzalo,del Valle,luis-miguelvaldes@example.net,2025-01-28,Perú
4630,Roberto,Meza,diegoavila@example.org,2024-08-10,Perú
4631,Guillermo,Riojas,lpabon@example.com,2023-10-01,Perú
4632,Inés,Lucio,serafinquintana@example.net,2023-02-22,Perú
4633,Eugenia,Arevalo,urbinaines@example.com,2023-09-20,Perú
4634,Marcos,Romero,uharo@example.com,2025-06-16,Perú
4635,Aurora,Mora,citlali02@example.org,2025-08-19,Perú
4636,Sandra,Casas,cejacarolina@example.net,2024-03-17,Perú
4637,Natalia,Guillen,esmeralda18@example.org,2025-06-20,Perú
4638,Isaac,Gaytán,rafaelolivas@example.org,2025-06-25,Perú
4639,Germán,Preciado,manzanaresjaqueline@example.net,2025-03-04,Perú
4640,Daniela,Casas,ursulacasas@example.com,2024-05-18,Perú
4641,Marisol,Alcaraz,alejandrasalgado@example.net,2025-09-18,Perú
4642,Angélica,Rincón,vicente16@example.net,2023-11-29,Perú
4643,Hernán,Gollum,pedropulido@example.net,2024-11-13,Perú
4644,Celia,Zavala,jose-mariamata@example.com,2025-06-03,Perú
4645,Caridad,Peres,angelavillareal@example.com,2023-07-21,Perú
4646,Dulce María,Amaya,eloylerma@example.org,2024-10-08,Perú
4647,Patricia,Camarillo,blanca39@example.org,2024-08-13,Perú
4648,Esparta,Flórez,icuriel@example.org,2025-10-03,Perú
4649,Perla,Valadez,agaitan@example.net,2025-11-10,Perú
4650,Natalia,Lovato,adalberto59@example.net,2023-06-10,Perú
4651,Marisela,Ocampo,pablodel-rio@example.org,2023-08-26,Perú
4652,Cristal,Centeno,yvaladez@example.org,2023-02-16,Perú
4653,Nicolás,Munguía,isabelaporras@example.net,2023-05-24,Perú
4654,Clara,Rivera,alicia99@example.net,2023-04-06,Perú
4655,Rebeca,Armenta,qbetancourt@example.net,2025-07-09,Perú
4656,Benjamín,Peralta,genaro39@example.org,2025-02-24,Perú
4657,Iván,Lozano,franciscoarenas@example.org,2025-03-17,Perú
4658,Iván,Arenas,amandalerma@example.net,2024-02-05,Perú
4659,Carolina,Velásquez,serafin33@example.net,2025-03-22,Perú
4660,Gonzalo,Zaragoza,saldanaesparta@example.org,2025-07-30,Perú
4661,Víctor,Villa,rsegovia@example.net,2024-12-07,Perú
4662,Úrsula,Velasco,gaitanolivia@example.net,2025-05-01,Perú
4663,Clara,Ríos,kvillareal@example.org,2025-09-07,Perú
4664,Sonia,Segura,marreromateo@example.com,2024-04-26,Perú
4665,Blanca,Sosa,ycarrion@example.com,2024-07-29,Perú
4666,Luis Miguel,Caballero,gironveronica@example.org,2024-04-14,Perú
4667,Dolores,Gastélum,galvanemilia@example.net,2024-08-14,Perú
4668,Luis,Varela,kochoa@example.org,2025-04-18,Perú
4669,Nicolás,Torres,camila64@example.org,2025-04-10,Perú
4670,Catalina,Cuellar,blinares@example.com,2024-01-07,Perú
4671,Florencia,Meza,morta@example.net,2023-02-28,Perú
4672,Conchita,Apodaca,aparedes@example.net,2023-03-17,Perú
4673,Pablo,Burgos,enegron@example.com,2024-01-10,Perú
4674,Olivia,Urbina,rebecavelazquez@example.org,2025-06-20,Perú
4675,Gabino,Correa,garzaesteban@example.org,2023-05-09,Perú
4676,Antonia,Echeverría,jamador@example.com,2023-06-14,Perú
4677,Adela,Girón,ihernandez@example.com,2025-06-25,Perú
4678,Margarita,Hinojosa,camila74@example.net,2023-09-03,Perú
4679,Luis Miguel,Gómez,buenorocio@example.net,2025-05-12,Perú
4680,Irene,Heredia,iorosco@example.net,2024-09-30,Perú
4681,Juana,Montenegro,estelacaldera@example.org,2025-02-13,Perú
4682,Sandra,Carmona,benjaminquesada@example.net,2024-01-09,Perú
4683,Gerardo,Madrid,coronarufino@example.net,2025-03-03,Perú
4684,Serafín,Pérez,godoyalma@example.org,2024-05-14,Perú
4685,Sonia,Pedraza,slaureano@example.net,2024-08-29,Perú
4686,María José,Jurado,elsa65@example.net,2024-11-23,Perú
4687,Angélica,Muñiz,tellezcarlos@example.com,2024-01-21,Perú
4688,Luis,Mendoza,rocio80@example.com,2024-05-18,Perú
4689,Arturo,Sánchez,esmeraldamelendez@example.org,2023-04-08,Perú
4690,Olivia,Romo,bonillairma@example.org,2025-08-08,Perú
4691,Iván,Manzanares,cristinaserrano@example.com,2024-12-03,Perú
4692,Rafaél,Urrutia,cristinaroldan@example.com,2024-09-14,Perú
4693,Silvia,Chavarría,xdelgadillo@example.net,2024-06-24,Perú
4694,Jacobo,Galindo,urielcasarez@example.com,2025-02-20,Perú
4695,Federico,Pulido,vsosa@example.org,2023-03-07,Perú
4696,Ruby,Leiva,israelfonseca@example.com,2024-07-07,Perú
4697,Esther,Avilés,uconcepcion@example.net,2025-06-04,Perú
4698,Guillermina,Razo,jaquezjose@example.net,2024-04-02,Perú
4699,Anabel,Ortiz,limongonzalo@example.net,2023-09-19,Perú
4700,Miguel Ángel,Cuellar,uvera@example.net,2024-05-22,Perú
4701,Aldonza,Páez,victormontes@example.org,2025-03-28,Perú
4702,Noemí,Negrón,dtamez@example.net,2023-08-09,Perú
4703,Adriana,Murillo,estela76@example.com,2025-02-17,Perú
4704,Oswaldo,Ballesteros,ucaraballo@example.org,2023-06-20,Perú
4705,Germán,Padilla,gloria91@example.org,2023-01-13,Perú
4706,Karla,Muñoz,yolandasoliz@example.com,2025-04-09,Perú
4707,Paola,Negrete,velizbianca@example.net,2023-01-06,Perú
4708,Mariana,Navarrete,oecheverria@example.net,2024-06-26,Perú
4709,Martín,Gálvez,carrerageronimo@example.net,2025-10-27,Perú
4710,Diana,Saucedo,jorge08@example.org,2025-02-21,Perú
4711,Carlos,Serrato,rosalesjuan@example.net,2025-08-03,Perú
4712,Ana Luisa,Henríquez,bsegura@example.com,2025-05-20,Perú
4713,Zacarías,Lozada,rebecaquintanilla@example.org,2025-07-31,Perú
4714,Concepción,Rojas,qbermudez@example.net,2024-04-03,Perú
4715,Agustín,Raya,mateosantillan@example.com,2024-02-03,Perú
4716,Ilse,Camacho,sergioraya@example.org,2023-06-30,Perú
4717,Socorro,Sisneros,clira@example.org,2025-05-11,Perú
4718,Alberto,Lebrón,marroquinfidel@example.com,2024-06-13,Perú
4719,Graciela,Madera,cervantesramiro@example.com,2023-06-15,Perú
4720,Óscar,Cintrón,marthamireles@example.com,2024-10-02,Perú
4721,Carlota,Delgado,regaladoeva@example.com,2023-04-09,Perú
4722,Abelardo,Candelaria,olivasbarbara@example.com,2024-06-11,Perú
4723,Benjamín,Heredia,dsandoval@example.net,2023-10-22,Perú
4724,Ricardo,Macías,ayalaofelia@example.com,2024-05-31,Perú
4725,Salvador,Verduzco,kpabon@example.org,2023-10-31,Perú
4726,Rocío,Brito,hpulido@example.org,2023-12-17,Perú
4727,Manuel,Guillen,jaime35@example.com,2023-05-18,Perú
4728,Irma,Guzmán,lilia86@example.org,2025-09-17,Perú
4729,Esteban,Santiago,ymondragon@example.org,2023-06-13,Perú
4730,Hugo,Mondragón,luisa36@example.org,2025-04-25,Perú
4731,Arturo,Quintana,yeni11@example.com,2025-08-30,Perú
4732,Minerva,Abrego,germangomez@example.org,2023-09-12,Perú
4733,Gerónimo,Coronado,yuridiavillarreal@example.net,2024-01-02,Perú
4734,Adán,Magaña,collazocarla@example.net,2025-08-08,Perú
4735,Margarita,de la O,bertagodinez@example.org,2024-10-23,Perú
4736,Sara,Arevalo,diego33@example.net,2024-09-28,Perú
4737,Hermelinda,Ortega,yolandaflores@example.org,2024-05-01,Perú
4738,Modesto,Lovato,guillermoaguirre@example.com,2023-07-16,Perú
4739,Jacobo,Saucedo,mariacorral@example.org,2024-01-15,Perú
4740,Citlali,Corral,luciabecerra@example.net,2025-05-28,Perú
4741,Eva,Martínez,zoquendo@example.com,2023-01-19,Perú
4742,Elsa,Orta,ramoncamila@example.net,2025-03-19,Perú
4743,Rebeca,Flórez,luis-manuelcastaneda@example.com,2024-01-08,Perú
4744,Ramón,Sosa,miguel-angelcolunga@example.net,2024-04-30,Perú
4745,Aldo,de Anda,bmarin@example.net,2023-11-05,Perú
4746,Sergio,Robledo,jeronimomartinez@example.org,2024-02-03,Perú
4747,Hernán,Arriaga,ibarravirginia@example.net,2024-10-02,Perú
4748,Conchita,Puga,wsotelo@example.org,2023-11-05,Perú
4749,Uriel,Villalobos,alfaroramiro@example.org,2025-01-17,Perú
4750,Josefina,Calvillo,santiagoirene@example.net,2025-03-06,Perú
4751,Blanca,Montemayor,mitzyballesteros@example.org,2023-09-29,Perú
4752,Laura,Carrasco,apariciojose-eduardo@example.net,2023-03-22,Perú
4753,Juan,Barrera,bsoliz@example.com,2024-03-30,Perú
4754,Gloria,Meza,soledadbueno@example.net,2024-03-29,Perú
4755,Laura,Porras,barrientoscarlota@example.com,2025-02-21,Perú
4756,Anabel,Gaytán,tcorrea@example.com,2025-08-08,Perú
4757,Agustín,Márquez,rosaliafranco@example.net,2024-07-19,Perú
4758,Benito,Olvera,gabriela49@example.com,2025-05-17,Perú
4759,Evelio,Orosco,jonas76@example.com,2025-03-03,Perú
4760,Verónica,Pichardo,asuncion80@example.net,2024-12-15,Perú
4761,Rosario,Ríos,bcadena@example.net,2023-04-12,Perú
4762,Rebeca,Vaca,barrientosrosa@example.com,2023-03-22,Perú
4763,Jaqueline,Meléndez,riveroaldonza@example.net,2023-04-08,Perú
4764,Jaime,Toledo,gomezcesar@example.net,2024-05-07,Perú
4765,Espartaco,Alvarado,enriquezsergio@example.com,2025-07-23,Perú
4766,Yolanda,Carreón,marquezhermelinda@example.org,2024-12-04,Perú
4767,Alma,Cervántez,nicolas87@example.org,2025-08-05,Perú
4768,Guillermo,Magaña,miriampatino@example.com,2024-04-29,Perú
4769,Sara,Guerrero,jose-luis88@example.com,2024-07-11,Perú
4770,Teresa,Noriega,albertosanchez@example.net,2025-09-03,Perú
4771,Óliver,Gallegos,zoe09@example.com,2023-11-02,Perú
4772,Ana Luisa,Arce,sgranado@example.com,2024-12-30,Perú
4773,Mayte,Estévez,mateo75@example.net,2024-12-18,Perú
4774,Ofelia,Galván,alejandrahernandes@example.net,2023-02-20,Perú
4775,Nelly,Quesada,carlota32@example.org,2025-01-13,Perú
4776,Zoé,Ayala,gabrielaalonso@example.com,2023-09-14,Perú
4777,Jaime,Cortés,pnino@example.net,2025-07-05,Perú
4778,Amalia,Montero,federico80@example.com,2025-10-26,Perú
4779,Dulce María,Arenas,anguianomaria-eugenia@example.com,2025-09-17,Perú
4780,Óliver,Marroquín,wilfrido94@example.com,2023-06-23,Perú
4781,Daniela,de Anda,felix86@example.net,2025-11-28,Perú
4782,Dulce María,Gonzales,salcedoestela@example.com,2024-08-20,Perú
4783,Magdalena,Archuleta,alejandro80@example.net,2025-07-29,Perú
4784,Daniel,Reyna,wregalado@example.net,2023-01-16,Perú
4785,Bernabé,Chacón,dalia56@example.org,2024-09-29,Perú
4786,Emiliano,Sandoval,rosalia79@example.net,2024-06-19,Perú
4787,Yolanda,Frías,vacasilvano@example.net,2023-06-15,Perú
4788,María Elena,Alva,indiraescalante@example.org,2024-08-13,Perú
4789,María,Delgadillo,montalvodulce@example.com,2025-10-24,Perú
4790,Margarita,Arenas,ricardo65@example.com,2023-07-29,Perú
4791,Hermelinda,Hidalgo,loyagonzalo@example.com,2024-08-22,Perú
4792,Benjamín,Collado,franciscapreciado@example.com,2024-06-11,Perú
4793,Elisa,Valdez,jesuspuga@example.com,2025-04-04,Perú
4794,Nayeli,Flórez,abelardoaviles@example.net,2024-12-01,Perú
4795,Wilfrido,Terrazas,phurtado@example.net,2024-01-06,Perú
4796,Ángela,Villegas,jose-eduardo77@example.net,2025-04-20,Perú
4797,Gloria,Santana,montalvogerardo@example.org,2025-08-27,Perú
4798,Timoteo,Negrete,munozalvaro@example.net,2024-09-14,Perú
4799,Elias,Ceja,carmen92@example.net,2023-06-30,Perú
4800,Luis Miguel,Ayala,gironrene@example.com,2025-01-31,Perú
4801,Alejandro,Flores,walba@example.net,2024-01-22,Perú
4802,Ramón,Fuentes,ybaeza@example.net,2023-08-31,Perú
4803,Jaqueline,Valles,cornelioarguello@example.net,2023-10-07,Perú
4804,Daniel,Griego,casillasaurelio@example.net,2024-09-15,Perú
4805,Felix,Loya,jorgenegrete@example.net,2024-06-15,Perú
4806,Andrea,Anguiano,svelasquez@example.com,2023-11-14,Perú
4807,Virginia,Pineda,uribesara@example.org,2024-10-06,Perú
4808,Hermelinda,de la O,matasilvia@example.org,2023-10-19,Perú
4809,Salvador,Balderas,ariadna72@example.org,2024-09-23,Perú
4810,Rocío,Delgadillo,jose-maria55@example.net,2025-04-18,Perú
4811,Horacio,Velázquez,aldoulloa@example.org,2023-09-07,Perú
4812,Ramón,Menchaca,maria-elenaperales@example.org,2023-06-04,Perú
4813,Alejandra,Zedillo,gabino82@example.net,2024-08-12,Perú
4814,Jacinto,León,eliasmolina@example.org,2025-10-02,Perú
4815,Norma,Caldera,eugeniaarguello@example.org,2023-07-25,Perú
4816,Amanda,Pelayo,fridasolorzano@example.com,2025-05-31,Perú
4817,Marcos,Solorzano,flaviopaz@example.com,2025-02-04,Perú
4818,Trinidad,Rosario,evarocha@example.net,2023-03-18,Perú
4819,Itzel,García,jzapata@example.net,2025-06-29,Perú
4820,Linda,Armendáriz,cristinahernandes@example.org,2023-09-12,Perú
4821,Delia,de Jesús,abigailmagana@example.net,2025-03-06,Perú
4822,Liliana,Cisneros,rolandonegron@example.net,2023-10-20,Perú
4823,Yuridia,Esparza,anayagerman@example.org,2023-09-13,Perú
4824,Pamela,Marrero,sofiavera@example.org,2023-09-13,Perú
4825,Nicolás,Maya,ariadna69@example.com,2024-11-08,Perú
4826,Lorenzo,Delgadillo,acostamarcela@example.org,2024-12-25,Perú
4827,Teresa,Iglesias,yvalencia@example.net,2024-02-27,Perú
4828,Raquel,López,tomasvalles@example.net,2023-03-25,Perú
4829,Citlali,Magaña,pedrozareina@example.net,2023-09-28,Perú
4830,Jesús,Espinal,lourdestorrez@example.com,2025-02-02,Perú
4831,Wendolin,Tejeda,urielulibarri@example.net,2025-02-06,Perú
4832,María,Fierro,poncegeorgina@example.org,2025-02-10,Perú
4833,Cristina,Cordero,rivasraquel@example.org,2025-12-04,Perú
4834,Alicia,Padilla,jaquelinearce@example.net,2025-06-15,Perú
4835,Lorena,Vega,benitoamaya@example.com,2024-03-30,Perú
4836,Cecilia,Benavides,osoriosessa@example.com,2023-02-06,Perú
4837,Ángela,de Anda,alvaroguevara@example.net,2024-08-02,Perú
4838,Nancy,Marrero,lourdes39@example.com,2024-08-20,Perú
4839,Pilar,Mejía,ornelasantonio@example.org,2025-02-05,Perú
4840,Guillermina,Segovia,rangelpatricio@example.org,2025-06-21,Perú
4841,Hugo,Sepúlveda,carreramayte@example.com,2025-03-28,Perú
4842,Gilberto,Gálvez,roldanlourdes@example.org,2024-06-27,Perú
4843,Hugo,Maestas,leticia74@example.net,2024-04-02,Perú
4844,Ricardo,Gonzales,elizondoisrael@example.net,2024-09-02,Perú
4845,Rodrigo,Hurtado,maximiliano88@example.org,2024-12-23,Perú
4846,Alta  Gracia,Sáenz,victoracosta@example.com,2025-08-01,Perú
4847,Lorenzo,Domínguez,vargasirma@example.com,2023-10-19,Perú
4848,Adriana,Arteaga,trojas@example.net,2023-06-29,Perú
4849,Juana,Lucio,alvarogarrido@example.org,2023-06-19,Perú
4850,Sessa,Escamilla,bruno55@example.net,2024-07-01,Perú
4851,Bernardo,Chacón,patinomaria-eugenia@example.com,2023-09-21,Perú
4852,Rufino,Uribe,moyaruby@example.net,2024-07-11,Perú
4853,Jaqueline,Guajardo,pamela25@example.org,2024-11-06,Perú
4854,Amador,Maldonado,lilianacardona@example.net,2025-10-18,Perú
4855,Claudia,Vargas,liliasisneros@example.net,2023-09-23,Perú
4856,Mauro,Batista,ricardo36@example.org,2023-07-17,Perú
4857,José,Bustamante,ymeza@example.org,2024-12-14,Perú
4858,María José,Valdés,nataliacontreras@example.org,2025-01-05,Perú
4859,Pilar,Montenegro,figueroaliliana@example.org,2023-07-11,Perú
4860,Alfredo,Adame,ramirezhernan@example.com,2023-12-17,Perú
4861,Leonor,Hidalgo,ineshenriquez@example.com,2024-06-21,Perú
4862,Federico,Curiel,jaime36@example.com,2025-05-26,Perú
4863,Gilberto,Leiva,olgavaladez@example.org,2023-02-13,Perú
4864,Juan,Chapa,bmarin@example.org,2023-03-02,Perú
4865,Bernardo,Manzanares,fgranados@example.com,2023-01-09,Perú
4866,Aldo,Escamilla,sotoestela@example.com,2025-08-11,Perú
4867,Delia,Muro,pantojaofelia@example.net,2025-06-01,Perú
4868,Francisco,Armendáriz,inespadilla@example.org,2025-11-14,Perú
4869,Israel,Mota,esther77@example.net,2023-01-04,Perú
4870,Homero,Velásquez,zacarias58@example.com,2023-04-04,Perú
4871,Caridad,Valentín,gerardomeraz@example.org,2024-05-30,Perú
4872,Dalia,Mora,aolivares@example.org,2024-05-21,Perú
4873,Wendolin,Rivas,britogeorgina@example.net,2024-11-12,Perú
4874,Teodoro,Cabán,bernardozavala@example.com,2023-11-14,Perú
4875,David,Dueñas,jesus34@example.org,2023-04-08,Perú
4876,Flavio,Roldán,castillomarisol@example.org,2023-08-05,Perú
4877,Eugenia,García,usaldana@example.net,2025-03-21,Perú
4878,Alejandra,Sisneros,salvadorescamilla@example.net,2023-07-15,Perú
4879,Enrique,Mondragón,adriana97@example.org,2025-01-11,Perú
4880,Horacio,Gracia,de-la-oanel@example.net,2025-05-10,Perú
4881,Juana,Razo,villegasjulio-cesar@example.com,2024-04-11,Perú
4882,Elena,Montoya,juradocitlali@example.org,2023-10-16,Perú
4883,Rocío,Olivas,angela16@example.org,2025-01-27,Perú
4884,Carolina,Córdova,kbarragan@example.com,2024-06-14,Perú
4885,Jaqueline,Castellanos,raquelalfaro@example.com,2024-09-22,Perú
4886,Nelly,Henríquez,oliver57@example.net,2025-10-11,Perú
4887,Zeferino,Munguía,benjamin50@example.com,2025-09-11,Perú
4888,Manuel,Casárez,manuelvilla@example.org,2024-06-08,Perú
4889,Elsa,Tapia,pmontero@example.com,2025-05-23,Perú
4890,Abel,Tapia,cesarrolon@example.net,2025-09-19,Perú
4891,Alma,Mireles,gcasanova@example.org,2024-03-12,Perú
4892,Óscar,de la Crúz,lcorral@example.net,2025-05-27,Perú
4893,José Luis,Terrazas,anelaguirre@example.net,2023-12-09,Perú
4894,José Manuél,Tamez,rbriones@example.com,2025-04-15,Perú
4895,Fabiola,Alejandro,jose-luisjiminez@example.com,2024-04-23,Perú
4896,Elsa,Urías,ornelasfrida@example.org,2024-04-26,Perú
4897,José Eduardo,Malave,porfirio98@example.net,2023-06-01,Perú
4898,Estela,Esquivel,ijiminez@example.net,2023-07-05,Perú
4899,Cecilia,Archuleta,kpena@example.net,2025-06-09,Perú
4900,Hernán,Luevano,camarilloesmeralda@example.com,2023-04-01,Perú
4901,Bruno,Tejeda,isabelvillanueva@example.org,2024-08-08,Perú
4902,Noemí,Pedraza,camilosantillan@example.net,2023-11-29,Perú
4903,Alma,Ojeda,zsarabia@example.org,2023-08-31,Perú
4904,Rebeca,Cardona,danielarael@example.net,2024-10-25,Perú
4905,Inés,Prado,zavalajose-carlos@example.org,2025-01-17,Perú
4906,Ángela,Zapata,urenaasuncion@example.com,2024-10-29,Perú
4907,Beatriz,Chávez,olmosleonel@example.com,2025-01-26,Perú
4908,Hermelinda,Regalado,horacio32@example.org,2023-11-15,Perú
4909,Eugenia,Véliz,ssaavedra@example.org,2023-10-09,Perú
4910,Raquel,Aparicio,carlagaitan@example.org,2024-11-23,Perú
4911,Clemente,Heredia,emilia46@example.com,2025-06-05,Perú
4912,Paola,Abreu,vbadillo@example.com,2025-11-17,Perú
4913,Fernando,Suárez,carlotarojo@example.com,2025-10-28,Perú
4914,Eugenia,Mercado,salmabonilla@example.net,2024-11-13,Perú
4915,Hermelinda,Tafoya,centenomateo@example.com,2024-04-01,Perú
4916,Abigail,Tórrez,ferrerserafin@example.com,2023-07-24,Perú
4917,Abraham,Téllez,angelicabermudez@example.net,2024-12-15,Perú
4918,José Manuél,Romo,nancy96@example.com,2025-03-29,Perú
4919,Catalina,Calderón,carreonjulia@example.org,2025-11-04,Perú
4920,Emiliano,Narváez,elviraaranda@example.net,2024-10-27,Perú
4921,María José,Orosco,gonzalezuriel@example.com,2023-07-17,Perú
4922,Zacarías,Vela,adrianaescalante@example.net,2025-05-02,Perú
4923,Lucas,Marín,mirandamaximiliano@example.org,2024-04-27,Perú
4924,Minerva,Gallardo,pascual87@example.org,2023-08-14,Perú
4925,Mauricio,Rosales,ofuentes@example.net,2024-05-05,Perú
4926,José Manuél,Gálvez,geronimocovarrubias@example.com,2023-10-11,Perú
4927,María José,Vallejo,ruelasmario@example.com,2025-09-19,Perú
4928,Camila,Villa,regaladoconcepcion@example.org,2023-03-12,Perú
4929,Alta  Gracia,Hinojosa,marthasamaniego@example.net,2024-02-12,Perú
4930,Perla,Gurule,reina92@example.net,2024-11-26,Perú
4931,Trinidad,Solano,dgutierrez@example.com,2023-04-11,Perú
4932,Daniela,Verdugo,rochaevelio@example.org,2024-03-24,Perú
4933,Cristobal,Alarcón,sancheznayeli@example.org,2024-05-13,Perú
4934,María Cristina,Gonzales,hduran@example.org,2023-07-25,Perú
4935,Lilia,Linares,botelloeva@example.net,2024-01-02,Perú
4936,Arcelia,Galarza,alonso27@example.org,2024-02-13,Perú
4937,Estela,Garay,nicolaspalomo@example.com,2024-12-12,Perú
4938,Federico,Viera,ballesterosindira@example.com,2025-02-20,Perú
4939,Jorge,Arellano,candelariaoswaldo@example.org,2024-07-14,Perú
4940,Gabino,Trujillo,sandra42@example.org,2024-12-16,Perú
4941,Noelia,Toro,caridadarteaga@example.com,2024-12-17,Perú
4942,Hilda,Porras,quezadaeric@example.com,2025-05-30,Perú
4943,Celia,Zedillo,yolandagaitan@example.net,2024-05-01,Perú
4944,Camila,Espino,maria-del-carmen19@example.com,2024-01-19,Perú
4945,Sofía,Aparicio,nadia35@example.com,2024-02-27,Perú
4946,Camila,Cervantes,nietoyuridia@example.com,2024-01-11,Perú
4947,Ana,Carbajal,vreyna@example.net,2025-01-26,Perú
4948,Karina,Urías,lebronadriana@example.net,2025-06-13,Perú
4949,Ariadna,Esquibel,cecilia22@example.org,2024-12-11,Perú
4950,Horacio,Medina,vmoya@example.net,2025-03-04,Perú
4951,Mayte,Huerta,capodaca@example.com,2025-04-13,Perú
4952,Itzel,Benavides,saracorona@example.net,2024-02-27,Perú
4953,Cristobal,Gamboa,josmagana@example.org,2025-04-11,Perú
4954,Irma,Prado,ejaimes@example.com,2024-04-09,Perú
4955,Carolina,Mayorga,canalessantiago@example.com,2023-08-22,Perú
4956,Jerónimo,Guevara,andreshidalgo@example.org,2025-03-12,Perú
4957,Ofelia,Ceballos,hernadeznayeli@example.net,2023-07-31,Perú
4958,Gerónimo,Puga,almanzajuan-carlos@example.net,2024-11-12,Perú
4959,Patricio,Sierra,hfajardo@example.net,2024-12-17,Perú
4960,Nayeli,Barajas,lmatias@example.org,2025-12-02,Perú
4961,Carla,Negrete,saldivarbernabe@example.net,2025-08-28,Perú
4962,Mario,Olivo,xmagana@example.net,2025-02-17,Perú
4963,Samuel,Rascón,jvelasco@example.net,2024-03-22,Perú
4964,José María,Cano,adalbertootero@example.net,2023-01-17,Perú
4965,Conchita,Bétancourt,trejotomas@example.net,2024-09-22,Perú
4966,José Emilio,Ozuna,rosaliatovar@example.com,2023-11-17,Perú
4967,Darío,Chacón,lunabeatriz@example.net,2024-01-01,Perú
4968,Marisol,Aguirre,cpatino@example.com,2023-06-15,Perú
4969,Dulce,Cedillo,bde-la-o@example.com,2025-02-17,Perú
4970,Uriel,Ibarra,urrutiavicente@example.org,2025-07-12,Perú
4971,Marisol,Muro,jimeneznancy@example.org,2023-08-19,Perú
4972,Abel,Uribe,urenadiana@example.com,2024-09-30,Perú
4973,Carlota,Cedillo,navarroasuncion@example.net,2024-02-13,Perú
4974,Estefanía,Almaraz,egodoy@example.net,2024-10-19,Perú
4975,Julia,Maya,israel16@example.com,2023-01-31,Perú
4976,Débora,Galindo,lceballos@example.com,2025-06-12,Perú
4977,Rafaél,de la Fuente,hectornavarro@example.com,2024-10-17,Perú
4978,Rolando,Quintero,uhinojosa@example.net,2025-02-07,Perú
4979,Augusto,Chacón,arreolajeronimo@example.org,2024-09-26,Perú
4980,Patricio,Mateo,godinezjose-maria@example.org,2024-08-30,Perú
4981,Elena,Elizondo,gorta@example.net,2023-05-18,Perú
4982,Espartaco,Armas,krascon@example.org,2023-06-26,Perú
4983,Silvia,Gaona,xmontoya@example.org,2025-08-17,Perú
4984,Juan Carlos,Miramontes,lruelas@example.org,2023-05-13,Perú
4985,Modesto,Leyva,dalia35@example.com,2024-06-10,Perú
4986,Sonia,Olmos,dianaalmanza@example.net,2023-11-17,Perú
4987,Pablo,Alejandro,carguello@example.net,2025-08-28,Perú
4988,Gilberto,Avilés,beatrizadame@example.net,2024-03-31,Perú
4989,Mauricio,Carbajal,luisapalomo@example.org,2023-03-17,Perú
4990,Reina,Romero,halva@example.org,2025-02-17,Perú
4991,Ignacio,Garza,fzuniga@example.org,2024-05-06,Perú
4992,Paola,Marroquín,emiliano49@example.com,2025-06-25,Perú
4993,Mariano,Nájera,david74@example.com,2024-09-06,Perú
4994,Ana,Ponce,mercedesledesma@example.org,2025-01-21,Perú
4995,Ricardo,Maldonado,hdelgado@example.com,2024-02-03,Perú
4996,Gabriela,Arredondo,fonsecahernan@example.net,2025-12-01,Perú
4997,Joaquín,Botello,ericmontez@example.org,2025-02-02,Perú
4998,Enrique,del Río,sconcepcion@example.org,2023-07-16,Perú
4999,Linda,Venegas,wfrias@example.org,2024-09-20,Perú
5000,María,Barela,benjamin59@example.org,2025-11-20,Perú
