detalle_id,orden_id,producto_id,cantidad,precio_unitario
1,1,244,2,1675.44
2,1,214,3,3709.4
3,1,355,1,3874.37
4,1,71,1,1294.35
5,2,370,3,994.9
6,2,259,1,807.92
7,2,428,2,552.35
8,2,244,3,1675.44
9,3,409,2,2540.33
10,4,303,1,344.31
11,4,348,3,1315.49
12,4,120,2,1326.09
13,4,91,2,4306.85
14,5,133,2,2798.9
15,5,4,1,1818.67
16,6,243,3,448.7
17,6,103,2,2490.53
18,7,490,2,802.4
19,8,220,1,3317.48
20,8,488,2,3384.94
21,8,132,1,657.98
22,8,398,3,3061.39
23,9,211,3,2701.14
24,9,231,2,1032.55
25,9,30,3,3742.45
26,10,256,2,2822.54
27,10,364,1,2241.64
28,10,174,2,2301.51
29,10,177,1,4353.88
30,11,124,3,1712.72
31,12,76,2,3635.22
32,12,433,1,1833.63
33,12,93,2,2774.78
34,13,234,1,1339.53
35,13,374,1,3273.57
36,14,362,1,1624.65
37,15,484,1,3514.45
38,15,330,2,245.38
39,16,55,1,2242.36
40,17,426,2,3163.29
41,17,190,2,2533.19
42,17,334,3,3470.41
43,17,455,1,327.73
44,18,55,2,2242.36
45,18,217,1,665.92
46,18,85,3,138.27
47,18,30,3,3742.45
48,19,59,3,1297.19
49,19,148,2,3480.93
50,19,138,3,451.38
51,20,17,1,218.01
52,20,192,1,3715.21
53,21,490,3,802.4
54,21,297,1,646.69
55,21,5,1,3537.86
56,21,107,1,1150.91
57,22,383,3,3100.45
58,22,212,3,79.23
59,23,49,2,4264.68
60,24,348,2,1315.49
61,24,204,2,4066.06
62,25,32,2,2748.32
63,26,445,1,452.87
64,27,238,1,630.17
65,27,453,1,2643.14
66,27,455,1,327.73
67,27,389,2,1258.16
68,28,229,1,1406.29
69,28,455,2,327.73
70,29,482,1,2869.91
71,30,299,1,2236.93
72,30,102,2,1816.85
73,30,107,2,1150.91
74,31,130,2,2935.63
75,31,470,2,2072.05
76,32,437,2,2574.09
77,32,58,1,3916.02
78,33,401,1,3107.38
79,33,228,3,2870.8
80,33,222,1,3177.67
81,34,491,1,3649.59
82,34,289,3,3285.5
83,35,388,1,3188.43
84,35,476,1,1690.17
85,35,167,2,2209.59
86,35,134,3,2239.38
87,36,56,1,4313.07
88,36,358,3,2403.81
89,36,310,3,3551.79
90,37,66,3,1498.19
91,37,237,1,1823.45
92,38,93,1,2774.78
93,38,277,3,660.81
94,38,441,1,2520.14
95,38,45,2,1154.75
96,39,179,1,735.89
97,39,334,2,3470.41
98,40,31,3,1596.26
99,40,65,2,3049.76
100,40,426,2,3163.29
101,40,221,2,819.42
102,41,422,1,2133.83
103,41,88,3,1630.24
104,41,233,3,2609.88
105,42,183,2,2209.9
106,42,106,2,4195.57
107,42,302,3,3353.53
108,43,12,1,2782.41
109,43,232,3,4488.28
110,43,371,3,1303.24
111,44,155,3,1982.02
112,44,418,2,3162.18
113,44,2,2,1212.8
114,44,215,2,2525.64
115,45,87,1,2941.9
116,46,341,3,2720.45
117,47,290,1,4327.32
118,48,85,1,138.27
119,49,463,2,736.49
120,50,452,3,3244.17
121,50,417,1,4016.18
122,50,122,2,1383.27
123,51,278,1,4324.7
124,51,294,3,2795.41
125,51,468,1,3877.68
126,52,461,2,821.67
127,52,81,1,317.16
128,53,106,1,4195.57
129,53,89,1,3497.61
130,54,184,1,2905.79
131,54,35,1,1359.42
132,55,464,2,608.69
133,55,334,2,3470.41
134,55,413,1,4020.48
135,56,317,3,4139.7
136,57,173,2,2460.15
137,57,146,3,3481.95
138,58,116,2,2193.35
139,59,356,3,2384.68
140,59,402,1,1533.14
141,59,107,1,1150.91
142,60,449,2,2039.86
143,60,84,1,2530.84
144,61,471,1,1761.98
145,61,84,1,2530.84
146,61,304,3,3908.72
147,61,219,1,458.98
148,62,289,3,3285.5
149,62,383,3,3100.45
150,62,380,1,4178.67
151,63,65,2,3049.76
152,64,47,3,4194.71
153,64,83,1,1539.22
154,64,451,2,1405.25
155,65,385,2,1559.23
156,65,307,3,3718.26
157,65,202,3,2295.88
158,66,488,1,3384.94
159,66,29,1,4140.34
160,67,496,2,4100.09
161,67,255,1,2378.53
162,68,247,2,2823.16
163,69,302,1,3353.53
164,69,191,1,3708.02
165,69,143,1,2467.2
166,70,94,2,402.05
167,70,305,3,3907.15
168,70,397,1,687.66
169,70,444,3,1506.97
170,71,462,2,1761.45
171,71,230,3,2563.86
172,72,301,1,4168.19
173,73,203,1,4493.03
174,73,229,3,1406.29
175,74,52,2,952.31
176,74,247,1,2823.16
177,75,66,2,1498.19
178,75,484,2,3514.45
179,75,217,2,665.92
180,75,438,1,1100.89
181,76,129,1,3643.71
182,76,197,3,2586.62
183,76,53,1,1634.32
184,76,460,3,1747.96
185,77,62,1,1595.44
186,77,230,1,2563.86
187,77,415,1,274.53
188,77,393,3,4114.42
189,78,338,3,3643.17
190,78,380,2,4178.67
191,79,448,1,2414.09
192,79,71,1,1294.35
193,79,139,1,1571.51
194,80,33,2,2608.33
195,81,441,2,2520.14
196,81,170,1,2134.36
197,82,49,3,4264.68
198,82,139,1,1571.51
199,82,108,1,612.53
200,83,154,1,1019.16
201,84,265,2,4410.08
202,85,470,1,2072.05
203,85,303,2,344.31
204,85,237,2,1823.45
205,85,327,3,1665.1
206,86,192,3,3715.21
207,86,355,2,3874.37
208,87,79,1,1385.15
209,87,498,3,3532.25
210,88,363,2,2258.97
211,88,420,3,3651.38
212,89,359,1,3114.51
213,89,478,3,4426.93
214,89,277,1,660.81
215,90,155,3,1982.02
216,91,253,2,2052.77
217,91,22,3,1322.73
218,91,221,1,819.42
219,91,325,1,3594.36
220,92,388,3,3188.43
221,92,88,3,1630.24
222,93,182,3,844.94
223,93,49,1,4264.68
224,93,184,1,2905.79
225,93,447,2,3419.0
226,94,367,2,3595.46
227,94,278,2,4324.7
228,94,341,1,2720.45
229,94,149,3,2154.07
230,95,326,2,455.8
231,95,258,3,4081.88
232,95,403,3,2366.57
233,96,425,3,1198.33
234,96,379,1,4036.88
235,97,359,2,3114.51
236,97,224,1,3647.12
237,97,364,2,2241.64
238,98,10,3,4274.14
239,98,379,2,4036.88
240,99,247,1,2823.16
241,99,65,2,3049.76
242,99,338,2,3643.17
243,99,300,1,1056.92
244,100,378,3,741.47
245,100,192,2,3715.21
246,100,42,1,3559.52
247,101,89,2,3497.61
248,101,94,1,402.05
249,102,274,1,3960.11
250,103,374,3,3273.57
251,103,408,2,1267.68
252,103,340,1,2069.14
253,104,229,2,1406.29
254,104,89,1,3497.61
255,104,283,3,3610.47
256,105,451,1,1405.25
257,105,93,1,2774.78
258,105,331,1,2566.44
259,106,126,2,3330.17
260,106,473,1,1103.54
261,107,292,3,1268.39
262,107,294,1,2795.41
263,107,90,1,1745.77
264,108,202,2,2295.88
265,108,88,1,1630.24
266,108,426,1,3163.29
267,108,356,2,2384.68
268,109,1,2,738.76
269,109,135,1,270.86
270,109,471,3,1761.98
271,109,426,2,3163.29
272,110,100,2,3288.59
273,110,95,3,1460.11
274,110,35,1,1359.42
275,110,245,1,2692.75
276,111,315,1,1821.28
277,111,39,3,4327.51
278,112,295,1,1077.56
279,113,190,1,2533.19
280,113,391,3,1011.82
281,114,69,2,868.42
282,114,83,2,1539.22
283,115,45,3,1154.75
284,116,196,1,893.1
285,116,437,3,2574.09
286,117,215,1,2525.64
287,118,237,3,1823.45
288,118,249,1,3844.8
289,119,205,3,3809.6
290,119,144,3,3686.77
291,119,57,2,2811.97
292,120,243,2,448.7
293,121,201,1,792.3
294,121,145,3,4386.96
295,122,6,2,2537.97
296,122,8,1,3324.23
297,122,294,2,2795.41
298,123,103,2,2490.53
299,123,139,1,1571.51
300,124,423,1,2917.66
301,124,218,3,1161.86
302,124,338,1,3643.17
303,124,76,1,3635.22
304,125,403,1,2366.57
305,125,211,1,2701.14
306,126,145,2,4386.96
307,126,365,2,1085.61
308,126,48,1,1022.62
309,127,367,2,3595.46
310,127,51,2,1127.15
311,128,461,1,821.67
312,128,419,3,1528.88
313,128,148,1,3480.93
314,129,92,2,3644.34
315,129,238,3,630.17
316,129,241,2,2382.9
317,129,338,2,3643.17
318,130,458,2,1096.82
319,130,471,3,1761.98
320,130,386,1,3798.71
321,130,17,2,218.01
322,131,93,1,2774.78
323,131,320,2,4223.4
324,131,500,2,4429.12
325,132,243,2,448.7
326,133,52,2,952.31
327,133,262,1,1257.33
328,133,282,1,2953.5
329,134,318,1,2112.93
330,134,316,2,2102.99
331,134,290,3,4327.32
332,134,97,1,3525.33
333,135,452,1,3244.17
334,136,287,2,1462.86
335,136,113,2,2679.2
336,136,228,2,2870.8
337,137,394,2,3605.66
338,138,113,2,2679.2
339,138,138,2,451.38
340,139,408,2,1267.68
341,139,101,3,3168.1
342,139,257,2,3159.46
343,140,292,2,1268.39
344,140,390,2,1703.55
345,140,6,3,2537.97
346,140,85,2,138.27
347,141,194,1,4253.49
348,141,432,2,365.61
349,142,144,3,3686.77
350,143,89,3,3497.61
351,143,102,3,1816.85
352,143,265,2,4410.08
353,143,223,1,2698.78
354,144,491,1,3649.59
355,145,117,2,2016.28
356,145,257,3,3159.46
357,145,448,2,2414.09
358,146,380,1,4178.67
359,146,484,2,3514.45
360,146,138,3,451.38
361,146,90,2,1745.77
362,147,165,3,3312.69
363,147,400,3,565.47
364,148,428,1,552.35
365,149,245,1,2692.75
366,149,274,2,3960.11
367,150,26,3,4485.84
368,150,157,3,89.74
369,150,251,2,3915.95
370,150,434,3,1134.43
371,151,151,1,237.73
372,152,259,2,807.92
373,152,490,2,802.4
374,152,465,1,119.9
375,152,268,2,4352.22
376,153,203,3,4493.03
377,154,43,3,1073.19
378,154,278,2,4324.7
379,154,386,2,3798.71
380,154,232,2,4488.28
381,155,435,2,1757.98
382,155,240,1,922.64
383,155,68,2,2147.49
384,155,348,3,1315.49
385,156,189,3,2132.86
386,157,452,3,3244.17
387,157,356,2,2384.68
388,157,45,3,1154.75
389,158,481,1,3003.63
390,159,232,3,4488.28
391,159,244,1,1675.44
392,160,6,3,2537.97
393,161,172,2,2413.56
394,161,21,3,3835.03
395,161,358,3,2403.81
396,162,11,2,1832.5
397,162,149,2,2154.07
398,162,500,2,4429.12
399,162,121,1,4153.29
400,163,461,3,821.67
401,163,19,1,4337.71
402,163,117,2,2016.28
403,164,469,3,2739.71
404,164,218,1,1161.86
405,164,304,1,3908.72
406,165,203,2,4493.03
407,166,341,2,2720.45
408,166,109,2,177.14
409,166,12,3,2782.41
410,166,419,1,1528.88
411,167,94,1,402.05
412,167,377,2,3597.78
413,168,455,3,327.73
414,168,440,3,558.74
415,168,244,2,1675.44
416,168,467,1,426.75
417,169,395,3,896.44
418,170,261,2,4256.04
419,170,332,1,771.45
420,170,260,3,2799.94
421,170,221,2,819.42
422,171,199,2,3459.96
423,172,294,1,2795.41
424,172,213,2,3857.96
425,173,357,3,308.92
426,173,264,3,3909.98
427,174,205,2,3809.6
428,174,13,3,765.28
429,174,380,2,4178.67
430,174,433,1,1833.63
431,175,293,1,635.38
432,175,71,3,1294.35
433,175,72,2,4407.76
434,176,135,3,270.86
435,177,392,2,1715.26
436,177,359,3,3114.51
437,177,40,3,4039.53
438,177,280,2,729.73
439,178,209,2,1652.04
440,179,96,1,2743.96
441,179,430,1,616.9
442,180,391,3,1011.82
443,180,84,1,2530.84
444,180,296,2,166.08
445,180,477,1,406.28
446,181,393,3,4114.42
447,181,429,3,1306.05
448,182,345,3,3018.13
449,183,252,3,1577.56
450,183,62,1,1595.44
451,184,360,1,1327.98
452,184,166,1,1643.85
453,184,495,2,113.2
454,184,453,1,2643.14
455,185,378,3,741.47
456,185,469,2,2739.71
457,185,473,2,1103.54
458,185,4,3,1818.67
459,186,88,2,1630.24
460,186,208,1,3457.4
461,186,301,1,4168.19
462,187,368,3,3608.06
463,187,357,3,308.92
464,188,498,1,3532.25
465,188,453,3,2643.14
466,189,491,2,3649.59
467,189,168,3,2465.17
468,190,58,2,3916.02
469,191,397,2,687.66
470,191,290,2,4327.32
471,191,313,1,224.67
472,192,307,2,3718.26
473,192,92,3,3644.34
474,192,33,2,2608.33
475,192,316,1,2102.99
476,193,189,2,2132.86
477,194,491,1,3649.59
478,194,140,3,4490.94
479,195,338,1,3643.17
480,195,403,3,2366.57
481,195,126,1,3330.17
482,196,239,3,931.58
483,197,213,2,3857.96
484,198,198,3,3383.91
485,199,489,1,1208.97
486,199,329,3,4276.4
487,199,139,1,1571.51
488,199,340,2,2069.14
489,200,53,2,1634.32
490,201,452,3,3244.17
491,201,396,3,3938.76
492,201,298,1,3218.49
493,202,169,1,880.49
494,203,482,1,2869.91
495,203,230,1,2563.86
496,204,28,2,2353.96
497,204,480,3,443.59
498,204,307,2,3718.26
499,204,80,1,262.31
500,205,451,3,1405.25
501,205,25,3,2964.84
502,205,105,3,1217.91
503,205,16,1,1220.76
504,206,233,1,2609.88
505,207,77,2,648.4
506,207,271,3,748.67
507,207,85,1,138.27
508,207,308,3,2771.2
509,208,427,3,2067.11
510,208,154,2,1019.16
511,208,432,1,365.61
512,209,235,1,1545.95
513,210,488,3,3384.94
514,210,290,3,4327.32
515,210,95,2,1460.11
516,211,46,3,3382.11
517,211,39,1,4327.51
518,211,215,2,2525.64
519,212,369,3,252.44
520,213,440,2,558.74
521,213,57,2,2811.97
522,213,88,2,1630.24
523,213,410,1,1608.92
524,214,286,1,2970.23
525,215,431,1,3595.57
526,215,9,3,579.93
527,216,234,1,1339.53
528,217,473,1,1103.54
529,217,216,3,469.58
530,218,144,2,3686.77
531,218,138,3,451.38
532,218,112,2,4364.46
533,219,329,2,4276.4
534,219,130,3,2935.63
535,220,461,1,821.67
536,220,4,3,1818.67
537,220,42,3,3559.52
538,220,92,2,3644.34
539,221,153,3,934.32
540,221,84,2,2530.84
541,222,209,1,1652.04
542,222,306,3,1851.66
543,223,481,1,3003.63
544,224,235,1,1545.95
545,224,187,1,365.39
546,225,283,2,3610.47
547,225,466,3,2977.77
548,226,208,3,3457.4
549,226,422,1,2133.83
550,226,418,1,3162.18
551,226,475,3,4403.14
552,227,333,1,278.33
553,227,390,2,1703.55
554,227,230,1,2563.86
555,227,1,2,738.76
556,228,69,3,868.42
557,228,433,2,1833.63
558,228,392,1,1715.26
559,229,182,2,844.94
560,229,114,2,2879.54
561,229,358,3,2403.81
562,230,359,3,3114.51
563,231,405,2,4020.0
564,231,189,3,2132.86
565,231,399,1,212.66
566,231,483,1,2778.02
567,232,424,3,1081.04
568,232,360,3,1327.98
569,232,140,1,4490.94
570,232,431,1,3595.57
571,233,448,2,2414.09
572,233,368,2,3608.06
573,233,292,1,1268.39
574,234,142,2,299.37
575,234,481,2,3003.63
576,234,365,1,1085.61
577,235,492,1,2207.18
578,235,66,2,1498.19
579,236,196,2,893.1
580,237,310,3,3551.79
581,237,398,2,3061.39
582,237,320,2,4223.4
583,237,497,3,2037.61
584,238,67,2,882.83
585,239,291,3,4205.27
586,239,419,1,1528.88
587,239,249,1,3844.8
588,240,488,2,3384.94
589,241,310,2,3551.79
590,241,269,1,145.62
591,242,493,3,3838.93
592,242,211,3,2701.14
593,243,6,2,2537.97
594,243,197,2,2586.62
595,244,495,2,113.2
596,245,91,2,4306.85
597,245,97,3,3525.33
598,245,457,3,538.16
599,245,177,3,4353.88
600,246,302,3,3353.53
601,246,469,3,2739.71
602,247,111,3,4210.12
603,247,165,3,3312.69
604,248,443,3,533.91
605,248,498,2,3532.25
606,248,205,3,3809.6
607,248,285,2,1963.79
608,249,313,2,224.67
609,249,96,1,2743.96
610,249,191,2,3708.02
611,249,470,1,2072.05
612,250,131,1,1887.42
613,250,269,1,145.62
614,251,459,1,2832.2
615,251,312,1,2358.23
616,251,417,2,4016.18
617,252,309,3,2435.91
618,252,271,1,748.67
619,253,80,1,262.31
620,254,6,1,2537.97
621,254,16,2,1220.76
622,254,3,2,1677.12
623,254,460,1,1747.96
624,255,477,3,406.28
625,255,205,3,3809.6
626,255,76,3,3635.22
627,255,431,1,3595.57
628,256,380,1,4178.67
629,256,334,1,3470.41
630,256,339,2,1108.56
631,257,112,2,4364.46
632,258,9,1,579.93
633,259,165,3,3312.69
634,259,78,2,2350.68
635,259,462,1,1761.45
636,259,326,1,455.8
637,260,330,2,245.38
638,260,168,2,2465.17
639,260,427,1,2067.11
640,260,344,3,1603.14
641,261,152,1,593.53
642,261,466,2,2977.77
643,262,29,1,4140.34
644,262,266,1,493.24
645,263,426,3,3163.29
646,263,119,2,3678.44
647,263,16,2,1220.76
648,264,312,3,2358.23
649,264,483,2,2778.02
650,264,410,3,1608.92
651,264,53,3,1634.32
652,265,65,3,3049.76
653,265,469,1,2739.71
654,265,481,3,3003.63
655,265,292,2,1268.39
656,266,274,1,3960.11
657,266,68,2,2147.49
658,266,451,3,1405.25
659,266,3,2,1677.12
660,267,322,1,846.01
661,267,479,2,2118.97
662,268,210,2,50.87
663,268,52,3,952.31
664,268,480,2,443.59
665,268,270,2,1406.93
666,269,388,3,3188.43
667,269,392,3,1715.26
668,270,435,2,1757.98
669,270,434,1,1134.43
670,270,4,2,1818.67
671,271,132,2,657.98
672,271,62,1,1595.44
673,271,364,1,2241.64
674,271,84,3,2530.84
675,272,247,3,2823.16
676,272,339,2,1108.56
677,273,50,2,2270.55
678,273,7,2,2620.55
679,273,27,1,3030.0
680,273,255,3,2378.53
681,274,38,2,2556.1
682,274,255,1,2378.53
683,275,215,3,2525.64
684,275,45,3,1154.75
685,276,495,1,113.2
686,276,24,3,804.2
687,277,427,3,2067.11
688,277,319,3,3265.78
689,277,382,3,2520.54
690,278,303,1,344.31
691,279,100,1,3288.59
692,279,108,2,612.53
693,279,236,3,269.43
694,279,21,1,3835.03
695,280,437,2,2574.09
696,280,159,2,3480.05
697,280,141,3,1519.61
698,281,400,2,565.47
699,282,221,3,819.42
700,282,14,2,3629.44
701,282,228,1,2870.8
702,282,384,1,344.65
703,283,34,1,2302.76
704,283,473,3,1103.54
705,283,496,2,4100.09
706,284,165,3,3312.69
707,284,40,1,4039.53
708,284,399,2,212.66
709,284,388,3,3188.43
710,285,471,3,1761.98
711,286,46,1,3382.11
712,286,248,3,938.6
713,286,356,1,2384.68
714,287,41,2,567.39
715,287,138,1,451.38
716,287,181,2,2982.07
717,288,310,1,3551.79
718,289,261,2,4256.04
719,289,1,3,738.76
720,289,177,3,4353.88
721,290,374,3,3273.57
722,291,165,2,3312.69
723,292,139,3,1571.51
724,292,368,2,3608.06
725,292,410,3,1608.92
726,293,128,1,1116.05
727,293,309,2,2435.91
728,293,342,1,1287.6
729,294,421,2,2576.66
730,294,243,1,448.7
731,294,2,3,1212.8
732,294,26,1,4485.84
733,295,368,2,3608.06
734,296,458,3,1096.82
735,296,160,2,456.74
736,296,61,1,2178.52
737,297,310,3,3551.79
738,297,473,3,1103.54
739,298,92,3,3644.34
740,298,42,1,3559.52
741,299,302,2,3353.53
742,299,196,1,893.1
743,300,123,3,2706.67
744,301,469,3,2739.71
745,301,421,2,2576.66
746,301,279,3,3105.03
747,302,322,3,846.01
748,302,498,1,3532.25
749,302,356,3,2384.68
750,303,274,2,3960.11
751,303,277,2,660.81
752,303,7,1,2620.55
753,303,78,3,2350.68
754,304,47,2,4194.71
755,304,498,2,3532.25
756,304,462,3,1761.45
757,305,364,1,2241.64
758,305,308,3,2771.2
759,305,106,1,4195.57
760,305,444,2,1506.97
761,306,68,1,2147.49
762,306,103,3,2490.53
763,306,29,2,4140.34
764,306,478,2,4426.93
765,307,436,3,2679.82
766,307,11,1,1832.5
767,307,258,2,4081.88
768,308,22,3,1322.73
769,308,259,3,807.92
770,308,369,2,252.44
771,308,495,1,113.2
772,309,22,3,1322.73
773,309,348,1,1315.49
774,310,277,3,660.81
775,311,444,1,1506.97
776,311,114,1,2879.54
777,311,41,3,567.39
778,312,416,2,1947.77
779,312,200,1,2091.31
780,313,172,3,2413.56
781,314,284,1,3113.97
782,314,174,2,2301.51
783,314,288,1,576.82
784,315,124,1,1712.72
785,315,96,3,2743.96
786,315,337,3,2090.96
787,315,62,2,1595.44
788,316,152,2,593.53
789,317,76,2,3635.22
790,317,10,1,4274.14
791,318,348,2,1315.49
792,318,4,2,1818.67
793,318,244,3,1675.44
794,318,245,2,2692.75
795,319,246,1,803.19
796,319,372,3,1386.26
797,319,358,3,2403.81
798,320,471,1,1761.98
799,320,328,1,3284.59
800,321,385,3,1559.23
801,321,33,1,2608.33
802,321,149,3,2154.07
803,321,200,3,2091.31
804,322,374,2,3273.57
805,322,125,2,1995.12
806,322,296,2,166.08
807,323,209,1,1652.04
808,323,68,2,2147.49
809,323,447,3,3419.0
810,323,93,3,2774.78
811,324,473,1,1103.54
812,324,2,1,1212.8
813,324,187,3,365.39
814,324,119,2,3678.44
815,325,379,3,4036.88
816,326,9,2,579.93
817,326,67,3,882.83
818,326,192,2,3715.21
819,327,111,2,4210.12
820,328,25,1,2964.84
821,328,170,2,2134.36
822,328,476,1,1690.17
823,328,417,1,4016.18
824,329,203,1,4493.03
825,329,123,2,2706.67
826,329,223,1,2698.78
827,329,425,1,1198.33
828,330,332,3,771.45
829,331,137,3,3232.62
830,331,429,3,1306.05
831,331,5,1,3537.86
832,331,320,1,4223.4
833,332,301,3,4168.19
834,332,23,1,2321.94
835,333,31,3,1596.26
836,333,413,1,4020.48
837,334,74,2,1973.37
838,335,12,2,2782.41
839,335,312,2,2358.23
840,336,353,2,3425.07
841,336,103,2,2490.53
842,337,357,1,308.92
843,337,306,3,1851.66
844,337,188,3,2968.08
845,337,119,1,3678.44
846,338,22,3,1322.73
847,338,26,2,4485.84
848,338,320,1,4223.4
849,338,367,1,3595.46
850,339,179,2,735.89
851,339,470,2,2072.05
852,339,418,3,3162.18
853,339,486,2,1923.52
854,340,416,3,1947.77
855,340,140,1,4490.94
856,340,323,1,4036.29
857,341,147,3,4475.68
858,341,383,2,3100.45
859,341,286,3,2970.23
860,342,474,3,4173.21
861,342,169,1,880.49
862,342,116,1,2193.35
863,343,323,3,4036.29
864,344,368,3,3608.06
865,345,179,1,735.89
866,345,323,2,4036.29
867,345,180,2,2902.02
868,345,272,2,1631.43
869,346,208,3,3457.4
870,346,81,3,317.16
871,346,444,2,1506.97
872,346,86,1,4335.87
873,347,253,3,2052.77
874,348,27,2,3030.0
875,348,162,1,3170.91
876,348,359,1,3114.51
877,348,209,2,1652.04
878,349,416,2,1947.77
879,350,159,2,3480.05
880,350,278,1,4324.7
881,351,6,3,2537.97
882,351,152,1,593.53
883,351,230,2,2563.86
884,351,443,2,533.91
885,352,68,1,2147.49
886,353,410,3,1608.92
887,353,33,2,2608.33
888,353,188,1,2968.08
889,354,192,1,3715.21
890,355,35,2,1359.42
891,356,348,3,1315.49
892,356,372,1,1386.26
893,357,255,2,2378.53
894,357,415,1,274.53
895,357,49,2,4264.68
896,357,162,3,3170.91
897,358,293,1,635.38
898,358,32,2,2748.32
899,358,192,2,3715.21
900,358,67,1,882.83
901,359,126,2,3330.17
902,359,303,2,344.31
903,360,291,2,4205.27
904,360,136,2,4376.88
905,360,29,3,4140.34
906,360,364,3,2241.64
907,361,110,2,3895.87
908,361,50,3,2270.55
909,361,349,2,2697.61
910,362,164,3,3559.1
911,363,64,1,2097.31
912,363,294,3,2795.41
913,363,478,3,4426.93
914,363,377,3,3597.78
915,364,223,2,2698.78
916,364,494,3,2790.3
917,364,381,2,1382.08
918,364,480,3,443.59
919,365,220,2,3317.48
920,365,170,1,2134.36
921,366,100,2,3288.59
922,366,452,3,3244.17
923,367,136,2,4376.88
924,367,322,2,846.01
925,367,344,3,1603.14
926,367,287,1,1462.86
927,368,352,1,1486.56
928,368,240,1,922.64
929,368,26,3,4485.84
930,369,434,1,1134.43
931,369,243,3,448.7
932,369,411,2,4247.59
933,369,375,1,3752.59
934,370,413,3,4020.48
935,371,289,1,3285.5
936,372,14,2,3629.44
937,372,309,2,2435.91
938,373,124,1,1712.72
939,373,112,3,4364.46
940,373,98,3,2661.79
941,373,436,3,2679.82
942,374,109,1,177.14
943,374,403,3,2366.57
944,374,350,2,4350.01
945,374,69,2,868.42
946,375,21,3,3835.03
947,375,96,1,2743.96
948,375,445,2,452.87
949,376,391,2,1011.82
950,376,84,2,2530.84
951,377,317,1,4139.7
952,377,441,2,2520.14
953,377,304,1,3908.72
954,377,335,2,854.1
955,378,471,3,1761.98
956,378,122,1,1383.27
957,378,319,1,3265.78
958,378,478,3,4426.93
959,379,334,1,3470.41
960,379,73,1,3257.63
961,379,24,3,804.2
962,380,12,1,2782.41
963,380,295,2,1077.56
964,381,34,2,2302.76
965,382,117,1,2016.28
966,382,390,3,1703.55
967,383,151,2,237.73
968,383,71,2,1294.35
969,383,109,3,177.14
970,384,310,3,3551.79
971,385,456,1,53.75
972,385,312,3,2358.23
973,386,170,1,2134.36
974,386,420,2,3651.38
975,386,165,2,3312.69
976,386,442,3,1420.76
977,387,65,1,3049.76
978,387,460,2,1747.96
979,387,200,2,2091.31
980,388,292,1,1268.39
981,388,354,1,1353.11
982,388,312,3,2358.23
983,388,319,1,3265.78
984,389,16,1,1220.76
985,390,404,3,150.04
986,390,146,1,3481.95
987,390,126,1,3330.17
988,390,110,2,3895.87
989,391,468,2,3877.68
990,391,66,2,1498.19
991,392,240,1,922.64
992,392,112,2,4364.46
993,392,105,3,1217.91
994,392,481,3,3003.63
995,393,489,2,1208.97
996,394,476,1,1690.17
997,394,153,2,934.32
998,394,374,1,3273.57
999,394,245,1,2692.75
1000,395,27,1,3030.0
1001,395,122,2,1383.27
1002,395,194,3,4253.49
1003,396,87,2,2941.9
1004,396,320,1,4223.4
1005,396,258,3,4081.88
1006,397,44,1,2348.44
1007,397,373,3,556.57
1008,397,422,2,2133.83
1009,398,373,2,556.57
1010,398,28,2,2353.96
1011,398,68,1,2147.49
1012,399,243,3,448.7
1013,399,401,1,3107.38
1014,399,389,2,1258.16
1015,399,188,2,2968.08
1016,400,71,1,1294.35
1017,400,191,2,3708.02
1018,400,292,1,1268.39
1019,400,475,1,4403.14
1020,401,126,3,3330.17
1021,402,98,2,2661.79
1022,402,413,3,4020.48
1023,402,261,2,4256.04
1024,402,340,2,2069.14
1025,403,374,2,3273.57
1026,403,37,2,1163.13
1027,403,145,2,4386.96
1028,403,294,3,2795.41
1029,404,331,3,2566.44
1030,404,301,1,4168.19
1031,404,107,3,1150.91
1032,404,54,3,4144.84
1033,405,384,3,344.65
1034,405,295,2,1077.56
1035,405,430,3,616.9
1036,405,278,1,4324.7
1037,406,307,3,3718.26
1038,406,468,2,3877.68
1039,406,362,1,1624.65
1040,407,417,2,4016.18
1041,407,161,3,317.23
1042,407,8,3,3324.23
1043,408,74,2,1973.37
1044,408,422,2,2133.83
1045,409,111,3,4210.12
1046,409,66,1,1498.19
1047,409,68,3,2147.49
1048,410,458,1,1096.82
1049,410,196,1,893.1
1050,410,52,1,952.31
1051,411,339,1,1108.56
1052,412,316,2,2102.99
1053,412,148,1,3480.93
1054,412,288,2,576.82
1055,413,3,3,1677.12
1056,414,94,3,402.05
1057,415,224,1,3647.12
1058,415,380,1,4178.67
1059,415,358,1,2403.81
1060,415,471,3,1761.98
1061,416,481,1,3003.63
1062,416,255,3,2378.53
1063,416,154,1,1019.16
1064,417,204,3,4066.06
1065,417,367,3,3595.46
1066,417,237,3,1823.45
1067,418,33,3,2608.33
1068,418,434,3,1134.43
1069,418,263,1,1652.98
1070,418,397,1,687.66
1071,419,231,3,1032.55
1072,419,270,3,1406.93
1073,420,30,2,3742.45
1074,420,169,1,880.49
1075,420,337,2,2090.96
1076,420,280,3,729.73
1077,421,197,3,2586.62
1078,422,375,1,3752.59
1079,423,295,2,1077.56
1080,423,329,2,4276.4
1081,423,190,2,2533.19
1082,424,201,3,792.3
1083,424,13,2,765.28
1084,424,386,3,3798.71
1085,425,352,3,1486.56
1086,425,228,2,2870.8
1087,425,320,1,4223.4
1088,425,138,3,451.38
1089,426,498,3,3532.25
1090,426,2,2,1212.8
1091,427,104,1,2381.72
1092,427,203,1,4493.03
1093,428,294,1,2795.41
1094,429,43,1,1073.19
1095,429,197,1,2586.62
1096,429,206,2,1966.12
1097,429,68,2,2147.49
1098,430,462,2,1761.45
1099,430,164,3,3559.1
1100,430,376,3,4154.14
1101,431,487,3,1336.98
1102,431,143,3,2467.2
1103,431,170,2,2134.36
1104,431,256,2,2822.54
1105,432,385,2,1559.23
1106,432,389,2,1258.16
1107,432,184,1,2905.79
1108,433,131,2,1887.42
1109,433,241,2,2382.9
1110,434,4,1,1818.67
1111,435,269,2,145.62
1112,435,229,3,1406.29
1113,435,173,1,2460.15
1114,435,267,2,2415.44
1115,436,183,1,2209.9
1116,437,196,1,893.1
1117,437,181,1,2982.07
1118,437,131,1,1887.42
1119,437,167,2,2209.59
1120,438,134,3,2239.38
1121,438,36,3,4307.36
1122,438,395,3,896.44
1123,439,478,1,4426.93
1124,439,152,1,593.53
1125,439,3,3,1677.12
1126,439,74,2,1973.37
1127,440,9,2,579.93
1128,440,263,2,1652.98
1129,440,398,1,3061.39
1130,440,120,3,1326.09
1131,441,232,1,4488.28
1132,442,210,1,50.87
1133,442,100,3,3288.59
1134,443,415,1,274.53
1135,443,480,1,443.59
1136,443,138,3,451.38
1137,444,32,3,2748.32
1138,444,89,2,3497.61
1139,444,24,3,804.2
1140,444,409,1,2540.33
1141,445,16,2,1220.76
1142,445,312,3,2358.23
1143,446,109,2,177.14
1144,447,299,2,2236.93
1145,448,422,3,2133.83
1146,449,306,3,1851.66
1147,449,249,2,3844.8
1148,449,445,1,452.87
1149,449,433,2,1833.63
1150,450,79,1,1385.15
1151,450,285,1,1963.79
1152,450,138,2,451.38
1153,451,313,2,224.67
1154,451,139,2,1571.51
1155,451,270,1,1406.93
1156,451,7,2,2620.55
1157,452,182,2,844.94
1158,452,386,3,3798.71
1159,453,154,3,1019.16
1160,453,261,2,4256.04
1161,453,499,2,3607.21
1162,453,8,3,3324.23
1163,454,294,3,2795.41
1164,454,129,1,3643.71
1165,455,300,3,1056.92
1166,455,425,1,1198.33
1167,455,322,1,846.01
1168,456,1,2,738.76
1169,456,87,2,2941.9
1170,456,368,1,3608.06
1171,456,316,3,2102.99
1172,457,411,1,4247.59
1173,458,182,3,844.94
1174,459,171,2,4119.41
1175,459,267,3,2415.44
1176,460,240,1,922.64
1177,461,79,1,1385.15
1178,461,21,3,3835.03
1179,461,117,3,2016.28
1180,462,341,3,2720.45
1181,462,236,2,269.43
1182,462,242,2,3506.63
1183,462,147,2,4475.68
1184,463,490,3,802.4
1185,463,486,2,1923.52
1186,463,59,1,1297.19
1187,464,378,3,741.47
1188,464,137,3,3232.62
1189,464,466,1,2977.77
1190,464,352,1,1486.56
1191,465,257,3,3159.46
1192,466,430,2,616.9
1193,466,311,3,2083.21
1194,467,357,2,308.92
1195,467,264,1,3909.98
1196,467,413,3,4020.48
1197,467,481,2,3003.63
1198,468,126,1,3330.17
1199,468,332,1,771.45
1200,469,16,3,1220.76
1201,469,378,3,741.47
1202,469,330,2,245.38
1203,469,185,3,2389.91
1204,470,85,2,138.27
1205,470,236,2,269.43
1206,470,216,3,469.58
1207,471,51,2,1127.15
1208,471,435,1,1757.98
1209,472,197,2,2586.62
1210,473,432,1,365.61
1211,473,303,3,344.31
1212,474,191,1,3708.02
1213,475,240,3,922.64
1214,476,151,1,237.73
1215,476,399,2,212.66
1216,477,421,2,2576.66
1217,477,175,2,2807.82
1218,477,289,3,3285.5
1219,478,478,2,4426.93
1220,479,121,2,4153.29
1221,479,69,3,868.42
1222,480,113,2,2679.2
1223,480,335,1,854.1
1224,481,320,1,4223.4
1225,481,258,1,4081.88
1226,481,485,1,4081.95
1227,481,297,1,646.69
1228,482,348,1,1315.49
1229,482,424,3,1081.04
1230,482,294,2,2795.41
1231,482,29,2,4140.34
1232,483,447,3,3419.0
1233,483,410,3,1608.92
1234,483,366,3,57.04
1235,484,29,2,4140.34
1236,484,344,2,1603.14
1237,484,455,2,327.73
1238,484,283,3,3610.47
1239,485,361,3,1205.49
1240,485,133,2,2798.9
1241,485,37,2,1163.13
1242,486,161,1,317.23
1243,486,104,3,2381.72
1244,486,304,3,3908.72
1245,486,269,3,145.62
1246,487,432,2,365.61
1247,488,237,1,1823.45
1248,488,264,2,3909.98
1249,489,165,2,3312.69
1250,490,286,3,2970.23
1251,491,190,3,2533.19
1252,491,262,3,1257.33
1253,491,312,2,2358.23
1254,492,208,3,3457.4
1255,492,424,1,1081.04
1256,493,282,2,2953.5
1257,493,263,1,1652.98
1258,493,227,3,3377.17
1259,494,441,1,2520.14
1260,495,351,2,4195.09
1261,496,41,2,567.39
1262,496,78,3,2350.68
1263,496,122,1,1383.27
1264,496,304,1,3908.72
1265,497,480,3,443.59
1266,498,324,2,1162.87
1267,499,281,3,1515.32
1268,500,80,3,262.31
1269,501,434,1,1134.43
1270,501,336,3,65.72
1271,501,402,1,1533.14
1272,501,391,1,1011.82
1273,502,4,3,1818.67
1274,502,469,3,2739.71
1275,502,206,1,1966.12
1276,502,199,1,3459.96
1277,503,233,3,2609.88
1278,504,113,1,2679.2
1279,504,247,3,2823.16
1280,505,199,3,3459.96
1281,505,284,1,3113.97
1282,506,141,3,1519.61
1283,506,464,3,608.69
1284,507,339,2,1108.56
1285,507,156,1,2651.9
1286,507,312,1,2358.23
1287,507,462,3,1761.45
1288,508,23,2,2321.94
1289,508,216,2,469.58
1290,508,252,3,1577.56
1291,509,442,1,1420.76
1292,509,266,1,493.24
1293,509,401,2,3107.38
1294,509,374,2,3273.57
1295,510,7,1,2620.55
1296,510,410,3,1608.92
1297,510,250,1,1131.56
1298,510,227,1,3377.17
1299,511,52,2,952.31
1300,511,166,2,1643.85
1301,512,349,2,2697.61
1302,513,347,1,1905.46
1303,513,464,3,608.69
1304,513,17,1,218.01
1305,513,184,3,2905.79
1306,514,317,3,4139.7
1307,514,309,1,2435.91
1308,514,346,3,1523.44
1309,514,450,2,1383.82
1310,515,135,2,270.86
1311,515,23,3,2321.94
1312,515,160,3,456.74
1313,516,54,1,4144.84
1314,516,498,2,3532.25
1315,517,158,2,2164.95
1316,518,334,3,3470.41
1317,519,386,1,3798.71
1318,520,332,2,771.45
1319,520,407,1,3036.5
1320,521,206,2,1966.12
1321,521,275,1,4251.41
1322,522,322,3,846.01
1323,522,385,3,1559.23
1324,522,202,1,2295.88
1325,523,299,3,2236.93
1326,524,450,2,1383.82
1327,524,447,3,3419.0
1328,524,231,1,1032.55
1329,524,317,1,4139.7
1330,525,328,2,3284.59
1331,525,499,3,3607.21
1332,526,183,2,2209.9
1333,526,219,2,458.98
1334,526,263,2,1652.98
1335,527,295,1,1077.56
1336,527,415,2,274.53
1337,527,151,3,237.73
1338,527,13,2,765.28
1339,528,417,2,4016.18
1340,528,12,1,2782.41
1341,528,34,1,2302.76
1342,529,246,2,803.19
1343,529,112,3,4364.46
1344,529,389,3,1258.16
1345,530,445,2,452.87
1346,530,61,3,2178.52
1347,531,188,1,2968.08
1348,531,232,3,4488.28
1349,531,362,3,1624.65
1350,531,470,3,2072.05
1351,532,340,1,2069.14
1352,532,225,1,4152.33
1353,533,493,1,3838.93
1354,533,287,3,1462.86
1355,533,397,1,687.66
1356,533,381,1,1382.08
1357,534,170,3,2134.36
1358,535,472,2,2740.35
1359,535,362,3,1624.65
1360,535,339,1,1108.56
1361,536,117,2,2016.28
1362,536,90,1,1745.77
1363,537,438,3,1100.89
1364,537,378,2,741.47
1365,537,191,3,3708.02
1366,537,36,3,4307.36
1367,538,276,2,725.1
1368,538,127,2,1031.64
1369,538,299,1,2236.93
1370,539,467,2,426.75
1371,539,107,2,1150.91
1372,539,154,3,1019.16
1373,539,150,2,4216.16
1374,540,91,3,4306.85
1375,540,373,3,556.57
1376,540,63,3,2084.52
1377,540,177,2,4353.88
1378,541,333,3,278.33
1379,541,43,2,1073.19
1380,541,472,2,2740.35
1381,542,218,1,1161.86
1382,543,2,1,1212.8
1383,543,173,1,2460.15
1384,543,7,1,2620.55
1385,543,486,3,1923.52
1386,544,208,3,3457.4
1387,545,331,2,2566.44
1388,546,117,2,2016.28
1389,547,342,3,1287.6
1390,547,246,1,803.19
1391,547,198,3,3383.91
1392,548,419,3,1528.88
1393,548,288,2,576.82
1394,548,105,2,1217.91
1395,549,14,3,3629.44
1396,549,377,3,3597.78
1397,549,66,1,1498.19
1398,550,148,1,3480.93
1399,550,341,1,2720.45
1400,550,327,1,1665.1
1401,550,124,2,1712.72
1402,551,497,1,2037.61
1403,551,478,3,4426.93
1404,551,384,3,344.65
1405,552,363,3,2258.97
1406,552,420,1,3651.38
1407,552,96,2,2743.96
1408,552,60,2,620.69
1409,553,236,2,269.43
1410,553,64,2,2097.31
1411,553,308,2,2771.2
1412,553,383,2,3100.45
1413,554,1,1,738.76
1414,555,383,1,3100.45
1415,555,202,2,2295.88
1416,555,469,1,2739.71
1417,556,69,1,868.42
1418,557,349,1,2697.61
1419,557,358,2,2403.81
1420,558,38,1,2556.1
1421,559,498,2,3532.25
1422,559,217,2,665.92
1423,559,284,2,3113.97
1424,559,114,3,2879.54
1425,560,49,2,4264.68
1426,561,315,3,1821.28
1427,561,37,2,1163.13
1428,561,168,2,2465.17
1429,561,77,2,648.4
1430,562,141,2,1519.61
1431,563,316,1,2102.99
1432,564,126,2,3330.17
1433,564,398,1,3061.39
1434,565,156,2,2651.9
1435,565,436,2,2679.82
1436,565,203,2,4493.03
1437,565,465,1,119.9
1438,566,417,2,4016.18
1439,566,27,1,3030.0
1440,566,57,2,2811.97
1441,566,282,1,2953.5
1442,567,112,2,4364.46
1443,567,35,3,1359.42
1444,567,291,3,4205.27
1445,567,300,2,1056.92
1446,568,183,1,2209.9
1447,568,299,3,2236.93
1448,568,389,1,1258.16
1449,569,351,2,4195.09
1450,569,225,1,4152.33
1451,569,193,2,3317.64
1452,569,436,3,2679.82
1453,570,14,1,3629.44
1454,571,2,3,1212.8
1455,571,499,2,3607.21
1456,571,92,2,3644.34
1457,572,374,3,3273.57
1458,573,426,2,3163.29
1459,573,480,2,443.59
1460,574,449,2,2039.86
1461,574,282,1,2953.5
1462,574,205,1,3809.6
1463,575,294,2,2795.41
1464,575,1,2,738.76
1465,576,490,1,802.4
1466,576,120,2,1326.09
1467,577,142,3,299.37
1468,577,194,3,4253.49
1469,577,375,1,3752.59
1470,578,352,3,1486.56
1471,578,247,1,2823.16
1472,578,150,1,4216.16
1473,579,48,3,1022.62
1474,579,59,3,1297.19
1475,579,134,2,2239.38
1476,580,302,1,3353.53
1477,580,422,1,2133.83
1478,580,163,3,2220.9
1479,580,110,1,3895.87
1480,581,8,2,3324.23
1481,581,299,1,2236.93
1482,581,165,2,3312.69
1483,582,334,3,3470.41
1484,582,223,1,2698.78
1485,582,218,1,1161.86
1486,582,49,3,4264.68
1487,583,258,1,4081.88
1488,583,27,3,3030.0
1489,583,31,3,1596.26
1490,584,495,1,113.2
1491,584,125,3,1995.12
1492,584,44,1,2348.44
1493,584,160,2,456.74
1494,585,481,1,3003.63
1495,586,118,3,742.94
1496,586,222,2,3177.67
1497,586,247,1,2823.16
1498,587,484,1,3514.45
1499,588,409,1,2540.33
1500,588,281,1,1515.32
1501,588,40,3,4039.53
1502,588,234,3,1339.53
1503,589,324,2,1162.87
1504,589,269,1,145.62
1505,589,164,2,3559.1
1506,589,217,2,665.92
1507,590,209,3,1652.04
1508,591,74,2,1973.37
1509,592,126,3,3330.17
1510,592,474,1,4173.21
1511,593,483,3,2778.02
1512,593,135,3,270.86
1513,593,92,1,3644.34
1514,594,207,1,1121.22
1515,595,95,1,1460.11
1516,596,95,3,1460.11
1517,597,448,2,2414.09
1518,597,172,3,2413.56
1519,597,332,1,771.45
1520,597,354,3,1353.11
1521,598,469,1,2739.71
1522,598,426,2,3163.29
1523,598,71,3,1294.35
1524,599,50,2,2270.55
1525,600,14,2,3629.44
1526,600,207,2,1121.22
1527,601,53,2,1634.32
1528,602,132,2,657.98
1529,603,10,2,4274.14
1530,603,49,2,4264.68
1531,604,106,3,4195.57
1532,604,435,3,1757.98
1533,605,66,1,1498.19
1534,605,70,2,3168.17
1535,606,17,2,218.01
1536,607,445,1,452.87
1537,607,301,1,4168.19
1538,608,25,2,2964.84
1539,608,191,1,3708.02
1540,609,49,3,4264.68
1541,610,436,1,2679.82
1542,611,389,1,1258.16
1543,612,274,1,3960.11
1544,612,158,3,2164.95
1545,612,108,1,612.53
1546,613,117,1,2016.28
1547,613,329,2,4276.4
1548,614,265,1,4410.08
1549,614,194,1,4253.49
1550,615,125,3,1995.12
1551,615,376,2,4154.14
1552,616,427,3,2067.11
1553,616,441,2,2520.14
1554,616,211,2,2701.14
1555,617,111,1,4210.12
1556,617,156,3,2651.9
1557,618,153,2,934.32
1558,618,396,2,3938.76
1559,618,412,1,1139.47
1560,618,313,1,224.67
1561,619,299,2,2236.93
1562,619,263,1,1652.98
1563,619,221,2,819.42
1564,620,382,3,2520.54
1565,620,28,3,2353.96
1566,621,127,2,1031.64
1567,621,224,3,3647.12
1568,621,385,3,1559.23
1569,622,321,1,1799.15
1570,622,464,2,608.69
1571,622,444,3,1506.97
1572,622,421,3,2576.66
1573,623,91,1,4306.85
1574,623,319,2,3265.78
1575,623,242,2,3506.63
1576,624,172,3,2413.56
1577,625,197,2,2586.62
1578,625,492,2,2207.18
1579,626,289,2,3285.5
1580,626,434,2,1134.43
1581,626,34,2,2302.76
1582,627,190,1,2533.19
1583,627,404,3,150.04
1584,628,318,2,2112.93
1585,629,154,2,1019.16
1586,629,54,1,4144.84
1587,629,137,1,3232.62
1588,629,243,2,448.7
1589,630,82,2,3783.42
1590,630,148,2,3480.93
1591,630,450,2,1383.82
1592,631,369,2,252.44
1593,631,163,1,2220.9
1594,631,342,3,1287.6
1595,631,120,3,1326.09
1596,632,66,3,1498.19
1597,632,391,3,1011.82
1598,632,325,2,3594.36
1599,632,451,3,1405.25
1600,633,79,1,1385.15
1601,633,149,3,2154.07
1602,634,253,2,2052.77
1603,634,473,1,1103.54
1604,634,304,2,3908.72
1605,634,78,2,2350.68
1606,635,81,3,317.16
1607,636,443,2,533.91
1608,636,331,1,2566.44
1609,636,358,3,2403.81
1610,636,479,3,2118.97
1611,637,166,1,1643.85
1612,637,139,3,1571.51
1613,638,211,3,2701.14
1614,638,281,3,1515.32
1615,638,169,2,880.49
1616,639,343,1,267.69
1617,639,296,2,166.08
1618,640,202,3,2295.88
1619,641,152,2,593.53
1620,641,290,3,4327.32
1621,642,316,3,2102.99
1622,642,312,3,2358.23
1623,643,213,1,3857.96
1624,644,441,3,2520.14
1625,644,115,1,2897.05
1626,644,345,1,3018.13
1627,645,460,1,1747.96
1628,645,401,3,3107.38
1629,645,264,2,3909.98
1630,645,336,1,65.72
1631,646,126,1,3330.17
1632,647,413,2,4020.48
1633,647,107,1,1150.91
1634,647,243,2,448.7
1635,647,67,3,882.83
1636,648,397,1,687.66
1637,648,426,1,3163.29
1638,649,275,2,4251.41
1639,649,315,3,1821.28
1640,649,217,3,665.92
1641,650,285,1,1963.79
1642,651,375,1,3752.59
1643,651,141,1,1519.61
1644,651,294,1,2795.41
1645,651,107,2,1150.91
1646,652,402,2,1533.14
1647,652,101,2,3168.1
1648,652,304,2,3908.72
1649,652,394,1,3605.66
1650,653,329,1,4276.4
1651,653,143,3,2467.2
1652,653,430,3,616.9
1653,654,199,3,3459.96
1654,654,432,2,365.61
1655,655,385,1,1559.23
1656,655,208,3,3457.4
1657,655,106,1,4195.57
1658,656,72,3,4407.76
1659,656,384,3,344.65
1660,656,477,2,406.28
1661,656,300,1,1056.92
1662,657,203,3,4493.03
1663,657,421,2,2576.66
1664,658,342,1,1287.6
1665,659,329,3,4276.4
1666,659,212,2,79.23
1667,660,291,3,4205.27
1668,660,236,2,269.43
1669,660,46,2,3382.11
1670,661,211,3,2701.14
1671,662,112,1,4364.46
1672,662,169,3,880.49
1673,663,17,1,218.01
1674,664,56,3,4313.07
1675,664,87,1,2941.9
1676,664,180,1,2902.02
1677,664,403,2,2366.57
1678,665,291,2,4205.27
1679,665,309,3,2435.91
1680,666,390,1,1703.55
1681,667,116,2,2193.35
1682,667,119,2,3678.44
1683,668,244,3,1675.44
1684,668,470,2,2072.05
1685,669,337,3,2090.96
1686,669,410,2,1608.92
1687,669,106,3,4195.57
1688,669,490,1,802.4
1689,670,24,3,804.2
1690,670,423,3,2917.66
1691,670,289,2,3285.5
1692,671,373,1,556.57
1693,672,443,2,533.91
1694,673,308,2,2771.2
1695,673,111,3,4210.12
1696,673,20,1,2899.3
1697,673,38,1,2556.1
1698,674,6,3,2537.97
1699,674,500,3,4429.12
1700,674,145,3,4386.96
1701,674,297,3,646.69
1702,675,396,1,3938.76
1703,676,435,2,1757.98
1704,677,458,1,1096.82
1705,677,467,1,426.75
1706,678,437,2,2574.09
1707,678,214,3,3709.4
1708,678,475,1,4403.14
1709,678,61,3,2178.52
1710,679,449,3,2039.86
1711,680,127,2,1031.64
1712,681,63,1,2084.52
1713,681,489,2,1208.97
1714,682,155,1,1982.02
1715,682,284,1,3113.97
1716,682,134,1,2239.38
1717,683,102,1,1816.85
1718,683,39,3,4327.51
1719,683,218,2,1161.86
1720,684,249,3,3844.8
1721,685,106,3,4195.57
1722,686,31,2,1596.26
1723,686,41,1,567.39
1724,686,166,3,1643.85
1725,686,404,1,150.04
1726,687,60,3,620.69
1727,687,105,1,1217.91
1728,687,449,3,2039.86
1729,687,70,3,3168.17
1730,688,475,1,4403.14
1731,688,434,1,1134.43
1732,688,419,2,1528.88
1733,689,343,3,267.69
1734,689,445,3,452.87
1735,689,3,3,1677.12
1736,689,83,1,1539.22
1737,690,48,3,1022.62
1738,690,62,2,1595.44
1739,690,68,3,2147.49
1740,691,163,2,2220.9
1741,691,70,3,3168.17
1742,691,466,1,2977.77
1743,692,497,2,2037.61
1744,692,224,3,3647.12
1745,693,252,2,1577.56
1746,693,195,1,500.45
1747,693,151,3,237.73
1748,694,123,3,2706.67
1749,695,20,3,2899.3
1750,696,155,3,1982.02
1751,696,315,2,1821.28
1752,696,497,1,2037.61
1753,696,57,3,2811.97
1754,697,87,1,2941.9
1755,697,128,1,1116.05
1756,697,329,2,4276.4
1757,698,450,3,1383.82
1758,698,25,1,2964.84
1759,698,39,1,4327.51
1760,699,112,2,4364.46
1761,699,170,3,2134.36
1762,699,27,3,3030.0
1763,700,495,1,113.2
1764,700,339,2,1108.56
1765,700,95,3,1460.11
1766,700,199,2,3459.96
1767,701,173,1,2460.15
1768,701,86,3,4335.87
1769,701,166,2,1643.85
1770,702,458,1,1096.82
1771,702,39,3,4327.51
1772,702,2,2,1212.8
1773,703,250,1,1131.56
1774,703,369,3,252.44
1775,703,415,2,274.53
1776,704,267,2,2415.44
1777,704,270,2,1406.93
1778,704,469,2,2739.71
1779,705,260,3,2799.94
1780,705,292,1,1268.39
1781,705,487,1,1336.98
1782,706,190,1,2533.19
1783,707,222,3,3177.67
1784,707,232,2,4488.28
1785,707,179,1,735.89
1786,708,187,2,365.39
1787,708,399,1,212.66
1788,708,259,1,807.92
1789,709,327,1,1665.1
1790,709,371,2,1303.24
1791,709,45,2,1154.75
1792,709,234,1,1339.53
1793,710,208,2,3457.4
1794,710,188,2,2968.08
1795,710,14,1,3629.44
1796,711,12,2,2782.41
1797,711,340,3,2069.14
1798,711,22,2,1322.73
1799,711,43,1,1073.19
1800,712,3,2,1677.12
1801,712,420,3,3651.38
1802,713,441,3,2520.14
1803,713,93,3,2774.78
1804,713,134,2,2239.38
1805,713,21,1,3835.03
1806,714,2,3,1212.8
1807,715,210,3,50.87
1808,715,278,2,4324.7
1809,715,307,1,3718.26
1810,715,31,2,1596.26
1811,716,275,1,4251.41
1812,716,73,2,3257.63
1813,717,87,1,2941.9
1814,717,99,1,794.57
1815,717,257,2,3159.46
1816,717,369,3,252.44
1817,718,72,1,4407.76
1818,718,118,3,742.94
1819,719,93,3,2774.78
1820,719,90,1,1745.77
1821,720,7,2,2620.55
1822,720,275,2,4251.41
1823,720,143,1,2467.2
1824,721,184,3,2905.79
1825,721,311,3,2083.21
1826,722,17,1,218.01
1827,722,1,1,738.76
1828,722,140,3,4490.94
1829,723,232,1,4488.28
1830,723,310,1,3551.79
1831,723,411,2,4247.59
1832,724,361,1,1205.49
1833,725,178,1,2382.11
1834,725,342,2,1287.6
1835,726,164,2,3559.1
1836,726,496,1,4100.09
1837,727,393,3,4114.42
1838,727,330,3,245.38
1839,728,473,1,1103.54
1840,728,423,2,2917.66
1841,729,61,3,2178.52
1842,729,328,2,3284.59
1843,729,359,2,3114.51
1844,730,307,2,3718.26
1845,731,15,3,4170.08
1846,731,66,1,1498.19
1847,732,13,2,765.28
1848,733,319,2,3265.78
1849,734,125,3,1995.12
1850,734,155,2,1982.02
1851,734,40,1,4039.53
1852,735,477,3,406.28
1853,736,148,2,3480.93
1854,736,241,2,2382.9
1855,736,285,2,1963.79
1856,737,282,1,2953.5
1857,737,19,1,4337.71
1858,738,12,1,2782.41
1859,738,198,2,3383.91
1860,739,468,1,3877.68
1861,739,287,3,1462.86
1862,739,329,1,4276.4
1863,739,364,2,2241.64
1864,740,342,1,1287.6
1865,741,114,3,2879.54
1866,742,129,1,3643.71
1867,742,477,3,406.28
1868,742,470,2,2072.05
1869,742,463,3,736.49
1870,743,164,2,3559.1
1871,744,491,2,3649.59
1872,744,177,2,4353.88
1873,744,469,3,2739.71
1874,745,358,3,2403.81
1875,745,394,2,3605.66
1876,745,11,1,1832.5
1877,746,428,2,552.35
1878,747,291,2,4205.27
1879,747,327,2,1665.1
1880,747,26,1,4485.84
1881,747,354,3,1353.11
1882,748,8,1,3324.23
1883,748,194,2,4253.49
1884,748,35,2,1359.42
1885,748,373,2,556.57
1886,749,124,2,1712.72
1887,749,120,2,1326.09
1888,749,232,2,4488.28
1889,749,388,1,3188.43
1890,750,205,2,3809.6
1891,751,228,1,2870.8
1892,751,213,1,3857.96
1893,752,340,3,2069.14
1894,752,287,3,1462.86
1895,752,36,1,4307.36
1896,752,154,1,1019.16
1897,753,113,3,2679.2
1898,753,326,2,455.8
1899,753,11,1,1832.5
1900,754,371,1,1303.24
1901,754,205,3,3809.6
1902,754,316,3,2102.99
1903,754,315,2,1821.28
1904,755,138,2,451.38
1905,755,155,1,1982.02
1906,755,236,2,269.43
1907,756,273,2,1277.66
1908,757,124,1,1712.72
1909,757,381,2,1382.08
1910,758,109,3,177.14
1911,758,155,1,1982.02
1912,759,141,1,1519.61
1913,760,364,3,2241.64
1914,760,65,2,3049.76
1915,760,158,2,2164.95
1916,760,57,1,2811.97
1917,761,308,2,2771.2
1918,761,56,2,4313.07
1919,761,168,2,2465.17
1920,761,274,2,3960.11
1921,762,197,1,2586.62
1922,763,289,1,3285.5
1923,763,415,2,274.53
1924,763,194,1,4253.49
1925,763,8,2,3324.23
1926,764,32,1,2748.32
1927,764,123,3,2706.67
1928,764,391,1,1011.82
1929,764,110,3,3895.87
1930,765,346,2,1523.44
1931,765,308,1,2771.2
1932,765,150,1,4216.16
1933,766,165,3,3312.69
1934,767,269,1,145.62
1935,767,199,1,3459.96
1936,768,11,1,1832.5
1937,768,467,3,426.75
1938,768,425,2,1198.33
1939,769,95,3,1460.11
1940,769,464,3,608.69
1941,769,452,1,3244.17
1942,769,354,2,1353.11
1943,770,51,2,1127.15
1944,770,249,1,3844.8
1945,771,425,1,1198.33
1946,771,68,2,2147.49
1947,772,209,2,1652.04
1948,773,464,2,608.69
1949,773,62,3,1595.44
1950,774,303,2,344.31
1951,774,91,2,4306.85
1952,775,244,1,1675.44
1953,775,440,2,558.74
1954,776,65,2,3049.76
1955,776,420,1,3651.38
1956,777,63,1,2084.52
1957,777,430,3,616.9
1958,778,257,2,3159.46
1959,778,24,3,804.2
1960,779,4,1,1818.67
1961,779,95,2,1460.11
1962,779,78,1,2350.68
1963,780,55,3,2242.36
1964,781,330,1,245.38
1965,781,125,2,1995.12
1966,782,251,2,3915.95
1967,782,310,1,3551.79
1968,783,2,1,1212.8
1969,784,95,3,1460.11
1970,785,221,1,819.42
1971,785,51,1,1127.15
1972,785,193,2,3317.64
1973,786,367,3,3595.46
1974,786,368,2,3608.06
1975,786,347,1,1905.46
1976,786,144,3,3686.77
1977,787,182,2,844.94
1978,787,497,1,2037.61
1979,787,308,3,2771.2
1980,788,297,1,646.69
1981,788,319,1,3265.78
1982,788,416,1,1947.77
1983,788,461,2,821.67
1984,789,373,1,556.57
1985,789,412,3,1139.47
1986,789,112,1,4364.46
1987,790,493,2,3838.93
1988,791,239,1,931.58
1989,791,470,2,2072.05
1990,791,401,2,3107.38
1991,791,274,2,3960.11
1992,792,226,1,1903.52
1993,792,376,2,4154.14
1994,792,148,1,3480.93
1995,793,315,2,1821.28
1996,794,101,3,3168.1
1997,794,347,1,1905.46
1998,794,315,1,1821.28
1999,795,499,2,3607.21
2000,795,256,3,2822.54
2001,795,220,2,3317.48
2002,795,497,2,2037.61
2003,796,177,1,4353.88
2004,797,332,1,771.45
2005,797,459,1,2832.2
2006,797,389,1,1258.16
2007,797,215,3,2525.64
2008,798,284,3,3113.97
2009,798,45,3,1154.75
2010,799,245,2,2692.75
2011,799,281,3,1515.32
2012,799,29,1,4140.34
2013,800,80,1,262.31
2014,801,36,1,4307.36
2015,801,346,2,1523.44
2016,802,321,2,1799.15
2017,802,281,1,1515.32
2018,802,349,2,2697.61
2019,802,475,3,4403.14
2020,803,324,1,1162.87
2021,803,219,1,458.98
2022,803,105,1,1217.91
2023,803,172,1,2413.56
2024,804,64,1,2097.31
2025,804,277,1,660.81
2026,804,183,1,2209.9
2027,804,300,2,1056.92
2028,805,332,2,771.45
2029,805,263,1,1652.98
2030,805,189,2,2132.86
2031,806,43,2,1073.19
2032,807,311,1,2083.21
2033,807,160,1,456.74
2034,808,15,3,4170.08
2035,809,233,2,2609.88
2036,809,426,1,3163.29
2037,810,448,3,2414.09
2038,810,125,3,1995.12
2039,811,107,1,1150.91
2040,812,224,3,3647.12
2041,812,177,3,4353.88
2042,812,307,3,3718.26
2043,813,195,2,500.45
2044,813,314,3,4333.54
2045,813,107,3,1150.91
2046,813,65,2,3049.76
2047,814,252,3,1577.56
2048,815,411,2,4247.59
2049,815,350,2,4350.01
2050,816,292,2,1268.39
2051,816,37,1,1163.13
2052,816,452,3,3244.17
2053,817,22,1,1322.73
2054,817,49,2,4264.68
2055,818,418,2,3162.18
2056,819,84,2,2530.84
2057,819,359,2,3114.51
2058,819,220,1,3317.48
2059,820,228,1,2870.8
2060,820,444,2,1506.97
2061,820,407,1,3036.5
2062,820,449,1,2039.86
2063,821,94,2,402.05
2064,821,144,1,3686.77
2065,821,162,1,3170.91
2066,821,483,2,2778.02
2067,822,345,2,3018.13
2068,822,201,3,792.3
2069,822,161,2,317.23
2070,823,134,2,2239.38
2071,823,271,3,748.67
2072,823,226,2,1903.52
2073,823,262,1,1257.33
2074,824,143,3,2467.2
2075,824,417,2,4016.18
2076,825,426,2,3163.29
2077,825,62,2,1595.44
2078,825,12,3,2782.41
2079,826,162,2,3170.91
2080,826,3,3,1677.12
2081,827,497,2,2037.61
2082,827,291,2,4205.27
2083,828,274,1,3960.11
2084,828,476,1,1690.17
2085,828,171,3,4119.41
2086,828,440,1,558.74
2087,829,393,2,4114.42
2088,829,65,3,3049.76
2089,829,385,2,1559.23
2090,829,230,1,2563.86
2091,830,379,3,4036.88
2092,830,164,1,3559.1
2093,831,300,3,1056.92
2094,831,399,2,212.66
2095,831,111,1,4210.12
2096,831,132,1,657.98
2097,832,295,2,1077.56
2098,832,57,2,2811.97
2099,833,462,1,1761.45
2100,833,3,1,1677.12
2101,833,96,2,2743.96
2102,834,237,3,1823.45
2103,834,282,3,2953.5
2104,834,439,3,3340.18
2105,834,354,3,1353.11
2106,835,147,2,4475.68
2107,836,371,1,1303.24
2108,836,291,2,4205.27
2109,836,238,1,630.17
2110,836,440,3,558.74
2111,837,358,2,2403.81
2112,837,336,1,65.72
2113,837,27,1,3030.0
2114,838,333,3,278.33
2115,838,313,1,224.67
2116,839,150,2,4216.16
2117,840,397,1,687.66
2118,840,125,2,1995.12
2119,841,356,3,2384.68
2120,841,29,3,4140.34
2121,842,163,2,2220.9
2122,842,33,2,2608.33
2123,842,368,2,3608.06
2124,843,7,3,2620.55
2125,843,203,1,4493.03
2126,843,101,3,3168.1
2127,843,209,1,1652.04
2128,844,103,1,2490.53
2129,844,3,1,1677.12
2130,844,58,1,3916.02
2131,844,35,1,1359.42
2132,845,258,1,4081.88
2133,845,471,2,1761.98
2134,845,138,2,451.38
2135,846,105,1,1217.91
2136,846,386,2,3798.71
2137,847,346,3,1523.44
2138,847,296,1,166.08
2139,847,196,3,893.1
2140,847,12,3,2782.41
2141,848,256,1,2822.54
2142,848,371,3,1303.24
2143,848,379,1,4036.88
2144,848,327,2,1665.1
2145,849,437,2,2574.09
2146,850,311,2,2083.21
2147,850,470,3,2072.05
2148,850,147,1,4475.68
2149,851,288,2,576.82
2150,852,144,1,3686.77
2151,852,291,1,4205.27
2152,852,367,1,3595.46
2153,852,427,1,2067.11
2154,853,319,1,3265.78
2155,853,190,3,2533.19
2156,853,391,1,1011.82
2157,854,26,1,4485.84
2158,854,423,1,2917.66
2159,854,335,1,854.1
2160,855,150,2,4216.16
2161,855,201,2,792.3
2162,855,57,3,2811.97
2163,856,277,1,660.81
2164,857,488,3,3384.94
2165,857,269,3,145.62
2166,858,147,2,4475.68
2167,859,32,2,2748.32
2168,860,140,1,4490.94
2169,861,179,2,735.89
2170,862,458,3,1096.82
2171,862,261,1,4256.04
2172,862,175,2,2807.82
2173,862,39,1,4327.51
2174,863,141,3,1519.61
2175,864,245,2,2692.75
2176,864,159,2,3480.05
2177,865,259,1,807.92
2178,865,26,3,4485.84
2179,865,101,3,3168.1
2180,866,53,2,1634.32
2181,867,196,1,893.1
2182,867,145,2,4386.96
2183,867,230,2,2563.86
2184,868,19,3,4337.71
2185,868,47,1,4194.71
2186,868,493,1,3838.93
2187,869,405,2,4020.0
2188,869,467,3,426.75
2189,869,337,3,2090.96
2190,869,53,3,1634.32
2191,870,248,1,938.6
2192,870,360,2,1327.98
2193,871,55,2,2242.36
2194,872,218,1,1161.86
2195,872,410,1,1608.92
2196,872,265,3,4410.08
2197,872,217,3,665.92
2198,873,424,2,1081.04
2199,873,426,3,3163.29
2200,873,198,3,3383.91
2201,873,225,3,4152.33
2202,874,340,1,2069.14
2203,874,102,2,1816.85
2204,875,244,1,1675.44
2205,876,443,3,533.91
2206,876,15,1,4170.08
2207,876,171,2,4119.41
2208,877,131,3,1887.42
2209,877,183,3,2209.9
2210,878,302,2,3353.53
2211,879,168,3,2465.17
2212,879,226,2,1903.52
2213,879,362,1,1624.65
2214,879,77,2,648.4
2215,880,127,3,1031.64
2216,880,297,3,646.69
2217,881,145,2,4386.96
2218,881,82,2,3783.42
2219,882,49,3,4264.68
2220,882,240,2,922.64
2221,883,287,3,1462.86
2222,883,23,2,2321.94
2223,883,35,3,1359.42
2224,884,476,3,1690.17
2225,884,218,2,1161.86
2226,884,220,3,3317.48
2227,885,3,1,1677.12
2228,885,418,1,3162.18
2229,886,404,2,150.04
2230,886,264,1,3909.98
2231,887,462,2,1761.45
2232,887,423,1,2917.66
2233,888,387,3,883.84
2234,888,197,3,2586.62
2235,888,221,1,819.42
2236,888,304,2,3908.72
2237,889,36,3,4307.36
2238,889,327,3,1665.1
2239,889,190,1,2533.19
2240,890,164,3,3559.1
2241,890,65,2,3049.76
2242,891,219,1,458.98
2243,891,55,1,2242.36
2244,891,496,3,4100.09
2245,892,419,1,1528.88
2246,892,98,3,2661.79
2247,892,482,3,2869.91
2248,892,469,2,2739.71
2249,893,454,1,1848.68
2250,893,370,3,994.9
2251,894,392,3,1715.26
2252,894,425,1,1198.33
2253,894,115,2,2897.05
2254,894,285,2,1963.79
2255,895,234,1,1339.53
2256,895,471,1,1761.98
2257,895,383,3,3100.45
2258,895,487,2,1336.98
2259,896,164,3,3559.1
2260,896,66,3,1498.19
2261,897,335,1,854.1
2262,897,259,1,807.92
2263,897,472,3,2740.35
2264,897,200,1,2091.31
2265,898,227,1,3377.17
2266,899,38,1,2556.1
2267,899,25,3,2964.84
2268,900,73,3,3257.63
2269,900,100,2,3288.59
2270,900,152,2,593.53
2271,901,455,1,327.73
2272,901,348,2,1315.49
2273,902,435,2,1757.98
2274,902,421,2,2576.66
2275,902,355,1,3874.37
2276,902,340,3,2069.14
2277,903,479,3,2118.97
2278,903,62,3,1595.44
2279,903,348,2,1315.49
2280,903,297,1,646.69
2281,904,187,2,365.39
2282,904,364,2,2241.64
2283,904,313,2,224.67
2284,904,223,2,2698.78
2285,905,152,3,593.53
2286,905,21,3,3835.03
2287,905,311,2,2083.21
2288,905,313,3,224.67
2289,906,100,2,3288.59
2290,906,148,1,3480.93
2291,907,315,3,1821.28
2292,908,78,2,2350.68
2293,908,83,1,1539.22
2294,908,480,3,443.59
2295,909,350,2,4350.01
2296,909,365,3,1085.61
2297,909,187,1,365.39
2298,909,101,3,3168.1
2299,910,66,1,1498.19
2300,910,429,3,1306.05
2301,911,390,2,1703.55
2302,912,320,1,4223.4
2303,912,361,2,1205.49
2304,913,186,3,268.43
2305,914,245,2,2692.75
2306,914,344,1,1603.14
2307,914,125,1,1995.12
2308,915,253,3,2052.77
2309,915,404,1,150.04
2310,915,328,1,3284.59
2311,916,20,1,2899.3
2312,916,382,1,2520.54
2313,916,360,1,1327.98
2314,917,363,2,2258.97
2315,917,425,1,1198.33
2316,917,466,1,2977.77
2317,917,78,3,2350.68
2318,918,69,2,868.42
2319,919,287,1,1462.86
2320,919,293,3,635.38
2321,919,368,2,3608.06
2322,920,466,3,2977.77
2323,920,173,1,2460.15
2324,920,307,1,3718.26
2325,920,234,2,1339.53
2326,921,260,1,2799.94
2327,921,257,2,3159.46
2328,921,366,2,57.04
2329,922,308,1,2771.2
2330,923,146,3,3481.95
2331,924,242,2,3506.63
2332,924,292,2,1268.39
2333,924,47,1,4194.71
2334,924,419,3,1528.88
2335,925,325,3,3594.36
2336,925,199,1,3459.96
2337,925,437,1,2574.09
2338,925,146,1,3481.95
2339,926,47,2,4194.71
2340,926,483,3,2778.02
2341,927,419,2,1528.88
2342,927,337,2,2090.96
2343,928,75,1,3610.17
2344,928,399,2,212.66
2345,928,266,2,493.24
2346,929,136,3,4376.88
2347,929,440,1,558.74
2348,929,456,3,53.75
2349,930,343,1,267.69
2350,930,66,1,1498.19
2351,930,149,3,2154.07
2352,930,2,3,1212.8
2353,931,11,2,1832.5
2354,931,280,3,729.73
2355,932,45,2,1154.75
2356,933,405,3,4020.0
2357,933,9,1,579.93
2358,933,164,3,3559.1
2359,933,45,2,1154.75
2360,934,107,2,1150.91
2361,934,422,1,2133.83
2362,934,74,2,1973.37
2363,935,374,3,3273.57
2364,935,30,3,3742.45
2365,936,121,2,4153.29
2366,936,164,3,3559.1
2367,937,196,3,893.1
2368,937,307,1,3718.26
2369,938,46,1,3382.11
2370,939,370,1,994.9
2371,940,270,3,1406.93
2372,941,34,2,2302.76
2373,941,284,3,3113.97
2374,942,373,1,556.57
2375,943,438,1,1100.89
2376,943,422,1,2133.83
2377,943,273,3,1277.66
2378,944,172,2,2413.56
2379,944,358,1,2403.81
2380,945,279,3,3105.03
2381,945,451,1,1405.25
2382,945,483,3,2778.02
2383,946,319,3,3265.78
2384,947,26,2,4485.84
2385,947,473,3,1103.54
2386,948,325,2,3594.36
2387,948,228,2,2870.8
2388,949,125,2,1995.12
2389,950,88,1,1630.24
2390,950,274,3,3960.11
2391,950,470,1,2072.05
2392,950,330,1,245.38
2393,951,346,2,1523.44
2394,951,326,3,455.8
2395,952,179,3,735.89
2396,953,400,3,565.47
2397,953,235,2,1545.95
2398,953,458,2,1096.82
2399,954,447,2,3419.0
2400,955,38,1,2556.1
2401,955,425,1,1198.33
2402,956,349,1,2697.61
2403,956,281,3,1515.32
2404,956,485,3,4081.95
2405,957,5,3,3537.86
2406,957,442,2,1420.76
2407,958,477,3,406.28
2408,958,104,3,2381.72
2409,958,310,2,3551.79
2410,958,230,1,2563.86
2411,959,286,3,2970.23
2412,960,383,2,3100.45
2413,961,342,3,1287.6
2414,961,217,1,665.92
2415,962,209,3,1652.04
2416,962,376,1,4154.14
2417,962,443,3,533.91
2418,962,183,1,2209.9
2419,963,416,3,1947.77
2420,963,249,1,3844.8
2421,963,219,3,458.98
2422,963,246,2,803.19
2423,964,204,3,4066.06
2424,964,446,3,4069.49
2425,964,460,3,1747.96
2426,964,65,1,3049.76
2427,965,475,3,4403.14
2428,965,121,3,4153.29
2429,965,222,3,3177.67
2430,965,279,2,3105.03
2431,966,45,3,1154.75
2432,967,451,1,1405.25
2433,967,398,2,3061.39
2434,967,401,2,3107.38
2435,967,328,1,3284.59
2436,968,95,2,1460.11
2437,968,218,2,1161.86
2438,969,264,3,3909.98
2439,969,426,3,3163.29
2440,969,354,3,1353.11
2441,969,6,1,2537.97
2442,970,330,2,245.38
2443,970,204,2,4066.06
2444,970,44,1,2348.44
2445,970,487,1,1336.98
2446,971,238,2,630.17
2447,972,414,3,628.83
2448,972,163,3,2220.9
2449,973,70,2,3168.17
2450,974,319,2,3265.78
2451,974,245,1,2692.75
2452,974,246,2,803.19
2453,975,499,2,3607.21
2454,975,309,2,2435.91
2455,975,429,2,1306.05
2456,976,282,1,2953.5
2457,977,492,1,2207.18
2458,977,380,2,4178.67
2459,977,273,1,1277.66
2460,978,471,3,1761.98
2461,979,64,1,2097.31
2462,979,396,2,3938.76
2463,979,226,2,1903.52
2464,980,283,1,3610.47
2465,980,299,1,2236.93
2466,980,97,3,3525.33
2467,980,293,2,635.38
2468,981,180,3,2902.02
2469,981,411,2,4247.59
2470,981,48,1,1022.62
2471,981,274,3,3960.11
2472,982,431,2,3595.57
2473,983,21,2,3835.03
2474,983,29,1,4140.34
2475,983,447,1,3419.0
2476,983,334,3,3470.41
2477,984,135,3,270.86
2478,984,139,3,1571.51
2479,985,268,2,4352.22
2480,985,486,3,1923.52
2481,986,179,3,735.89
2482,986,328,1,3284.59
2483,986,238,3,630.17
2484,986,26,1,4485.84
2485,987,302,1,3353.53
2486,987,101,1,3168.1
2487,988,375,1,3752.59
2488,989,325,3,3594.36
2489,989,7,3,2620.55
2490,989,33,2,2608.33
2491,990,253,2,2052.77
2492,991,293,1,635.38
2493,991,387,2,883.84
2494,992,77,1,648.4
2495,992,93,1,2774.78
2496,992,83,2,1539.22
2497,993,421,3,2576.66
2498,993,61,3,2178.52
2499,994,197,1,2586.62
2500,995,7,2,2620.55
2501,996,11,1,1832.5
2502,996,482,2,2869.91
2503,997,464,3,608.69
2504,997,198,3,3383.91
2505,998,72,3,4407.76
2506,998,133,2,2798.9
2507,998,360,2,1327.98
2508,998,413,1,4020.48
2509,999,484,2,3514.45
2510,999,406,1,1325.22
2511,999,377,3,3597.78
2512,999,326,2,455.8
2513,1000,453,3,2643.14
2514,1000,401,2,3107.38
2515,1000,354,2,1353.11
2516,1000,48,2,1022.62
2517,1001,462,2,1761.45
2518,1001,209,2,1652.04
2519,1001,348,1,1315.49
2520,1002,278,1,4324.7
2521,1002,463,2,736.49
2522,1002,253,3,2052.77
2523,1002,404,2,150.04
2524,1003,482,2,2869.91
2525,1003,191,2,3708.02
2526,1003,113,3,2679.2
2527,1004,144,2,3686.77
2528,1005,459,3,2832.2
2529,1005,282,2,2953.5
2530,1005,500,2,4429.12
2531,1005,275,3,4251.41
2532,1006,342,2,1287.6
2533,1006,383,3,3100.45
2534,1007,403,3,2366.57
2535,1007,152,3,593.53
2536,1008,339,2,1108.56
2537,1008,482,3,2869.91
2538,1009,323,2,4036.29
2539,1009,82,1,3783.42
2540,1009,438,2,1100.89
2541,1009,214,2,3709.4
2542,1010,266,1,493.24
2543,1010,161,1,317.23
2544,1010,124,3,1712.72
2545,1011,243,1,448.7
2546,1011,187,3,365.39
2547,1011,269,3,145.62
2548,1011,242,2,3506.63
2549,1012,82,3,3783.42
2550,1012,396,2,3938.76
2551,1013,337,3,2090.96
2552,1013,425,2,1198.33
2553,1014,125,3,1995.12
2554,1014,447,2,3419.0
2555,1014,500,3,4429.12
2556,1015,444,2,1506.97
2557,1015,275,1,4251.41
2558,1015,17,3,218.01
2559,1016,164,2,3559.1
2560,1016,410,3,1608.92
2561,1016,31,1,1596.26
2562,1017,273,2,1277.66
2563,1017,138,2,451.38
2564,1018,376,1,4154.14
2565,1018,422,1,2133.83
2566,1019,101,3,3168.1
2567,1019,144,1,3686.77
2568,1019,89,3,3497.61
2569,1019,470,1,2072.05
2570,1020,229,2,1406.29
2571,1020,117,1,2016.28
2572,1020,469,3,2739.71
2573,1020,379,2,4036.88
2574,1021,326,2,455.8
2575,1021,404,3,150.04
2576,1021,473,3,1103.54
2577,1022,124,3,1712.72
2578,1023,33,2,2608.33
2579,1024,172,2,2413.56
2580,1024,287,1,1462.86
2581,1025,20,3,2899.3
2582,1025,347,3,1905.46
2583,1025,68,3,2147.49
2584,1026,154,2,1019.16
2585,1027,337,1,2090.96
2586,1028,160,1,456.74
2587,1029,117,1,2016.28
2588,1029,453,2,2643.14
2589,1029,34,3,2302.76
2590,1030,396,3,3938.76
2591,1030,351,3,4195.09
2592,1030,352,1,1486.56
2593,1031,385,3,1559.23
2594,1031,252,2,1577.56
2595,1032,41,3,567.39
2596,1032,409,3,2540.33
2597,1033,58,1,3916.02
2598,1034,337,3,2090.96
2599,1034,181,1,2982.07
2600,1035,445,2,452.87
2601,1035,86,1,4335.87
2602,1035,206,2,1966.12
2603,1036,77,3,648.4
2604,1036,283,2,3610.47
2605,1036,223,1,2698.78
2606,1037,57,3,2811.97
2607,1037,355,2,3874.37
2608,1037,27,2,3030.0
2609,1038,271,3,748.67
2610,1038,99,3,794.57
2611,1039,179,1,735.89
2612,1039,150,2,4216.16
2613,1039,176,3,1112.6
2614,1040,21,3,3835.03
2615,1040,409,1,2540.33
2616,1040,310,3,3551.79
2617,1040,422,1,2133.83
2618,1041,49,3,4264.68
2619,1041,41,2,567.39
2620,1041,245,2,2692.75
2621,1042,161,1,317.23
2622,1042,387,3,883.84
2623,1042,351,2,4195.09
2624,1043,473,2,1103.54
2625,1044,243,3,448.7
2626,1044,96,1,2743.96
2627,1045,234,2,1339.53
2628,1045,103,2,2490.53
2629,1045,127,1,1031.64
2630,1045,227,1,3377.17
2631,1046,342,2,1287.6
2632,1047,192,3,3715.21
2633,1047,494,3,2790.3
2634,1047,217,1,665.92
2635,1047,369,2,252.44
2636,1048,453,2,2643.14
2637,1048,52,1,952.31
2638,1048,89,3,3497.61
2639,1049,270,3,1406.93
2640,1049,61,2,2178.52
2641,1049,262,2,1257.33
2642,1050,8,3,3324.23
2643,1050,302,1,3353.53
2644,1051,293,2,635.38
2645,1051,120,1,1326.09
2646,1051,43,1,1073.19
2647,1051,309,1,2435.91
2648,1052,487,3,1336.98
2649,1052,38,2,2556.1
2650,1052,224,1,3647.12
2651,1053,172,2,2413.56
2652,1053,17,3,218.01
2653,1053,365,3,1085.61
2654,1054,470,1,2072.05
2655,1054,421,3,2576.66
2656,1055,226,1,1903.52
2657,1055,117,1,2016.28
2658,1055,347,1,1905.46
2659,1055,412,2,1139.47
2660,1056,424,3,1081.04
2661,1056,398,3,3061.39
2662,1057,158,3,2164.95
2663,1058,436,3,2679.82
2664,1058,480,2,443.59
2665,1058,47,3,4194.71
2666,1059,30,2,3742.45
2667,1059,75,3,3610.17
2668,1060,206,2,1966.12
2669,1060,153,1,934.32
2670,1061,284,3,3113.97
2671,1061,90,1,1745.77
2672,1062,127,2,1031.64
2673,1063,242,2,3506.63
2674,1063,186,2,268.43
2675,1064,239,1,931.58
2676,1064,95,1,1460.11
2677,1064,311,3,2083.21
2678,1064,313,2,224.67
2679,1065,303,2,344.31
2680,1065,13,3,765.28
2681,1065,384,2,344.65
2682,1066,459,3,2832.2
2683,1066,44,3,2348.44
2684,1067,332,1,771.45
2685,1067,154,2,1019.16
2686,1068,116,1,2193.35
2687,1068,469,1,2739.71
2688,1068,408,3,1267.68
2689,1069,341,2,2720.45
2690,1069,300,2,1056.92
2691,1070,348,3,1315.49
2692,1071,165,1,3312.69
2693,1072,76,3,3635.22
2694,1072,350,2,4350.01
2695,1072,300,3,1056.92
2696,1072,59,1,1297.19
2697,1073,463,1,736.49
2698,1073,401,2,3107.38
2699,1073,492,1,2207.18
2700,1073,174,1,2301.51
2701,1074,432,2,365.61
2702,1075,351,1,4195.09
2703,1075,315,3,1821.28
2704,1076,375,3,3752.59
2705,1077,118,1,742.94
2706,1077,420,1,3651.38
2707,1077,317,3,4139.7
2708,1077,80,3,262.31
2709,1078,204,1,4066.06
2710,1078,291,2,4205.27
2711,1079,112,2,4364.46
2712,1079,348,1,1315.49
2713,1079,236,1,269.43
2714,1079,223,2,2698.78
2715,1080,290,3,4327.32
2716,1080,264,2,3909.98
2717,1081,1,2,738.76
2718,1081,227,3,3377.17
2719,1081,330,3,245.38
2720,1081,150,3,4216.16
2721,1082,192,1,3715.21
2722,1083,131,2,1887.42
2723,1084,27,1,3030.0
2724,1084,6,1,2537.97
2725,1084,415,1,274.53
2726,1085,381,3,1382.08
2727,1085,414,2,628.83
2728,1085,267,3,2415.44
2729,1085,125,3,1995.12
2730,1086,455,1,327.73
2731,1087,327,1,1665.1
2732,1087,178,1,2382.11
2733,1087,451,3,1405.25
2734,1088,258,2,4081.88
2735,1088,205,1,3809.6
2736,1088,232,1,4488.28
2737,1089,140,1,4490.94
2738,1090,140,3,4490.94
2739,1090,209,3,1652.04
2740,1091,348,1,1315.49
2741,1091,179,3,735.89
2742,1091,153,3,934.32
2743,1091,321,3,1799.15
2744,1092,123,2,2706.67
2745,1092,404,3,150.04
2746,1093,23,1,2321.94
2747,1094,426,3,3163.29
2748,1094,282,1,2953.5
2749,1095,89,2,3497.61
2750,1095,37,1,1163.13
2751,1095,25,1,2964.84
2752,1095,447,1,3419.0
2753,1096,193,3,3317.64
2754,1096,31,2,1596.26
2755,1096,52,1,952.31
2756,1097,2,1,1212.8
2757,1097,51,3,1127.15
2758,1098,186,1,268.43
2759,1098,408,1,1267.68
2760,1099,395,3,896.44
2761,1100,351,1,4195.09
2762,1100,375,3,3752.59
2763,1101,268,3,4352.22
2764,1101,63,2,2084.52
2765,1101,371,1,1303.24
2766,1101,400,2,565.47
2767,1102,122,3,1383.27
2768,1103,333,3,278.33
2769,1104,126,1,3330.17
2770,1104,378,2,741.47
2771,1104,195,3,500.45
2772,1104,308,3,2771.2
2773,1105,332,2,771.45
2774,1105,249,1,3844.8
2775,1105,220,1,3317.48
2776,1106,12,2,2782.41
2777,1107,42,3,3559.52
2778,1107,132,3,657.98
2779,1108,400,1,565.47
2780,1109,468,2,3877.68
2781,1109,5,1,3537.86
2782,1109,234,2,1339.53
2783,1109,59,3,1297.19
2784,1110,447,3,3419.0
2785,1110,407,3,3036.5
2786,1110,15,3,4170.08
2787,1111,54,2,4144.84
2788,1111,93,1,2774.78
2789,1111,111,3,4210.12
2790,1112,42,3,3559.52
2791,1112,392,1,1715.26
2792,1112,57,3,2811.97
2793,1113,409,2,2540.33
2794,1113,330,2,245.38
2795,1113,156,2,2651.9
2796,1114,311,2,2083.21
2797,1114,242,2,3506.63
2798,1114,73,2,3257.63
2799,1114,316,2,2102.99
2800,1115,308,1,2771.2
2801,1116,220,2,3317.48
2802,1116,256,2,2822.54
2803,1116,41,3,567.39
2804,1116,121,3,4153.29
2805,1117,353,3,3425.07
2806,1118,385,1,1559.23
2807,1118,73,3,3257.63
2808,1118,434,2,1134.43
2809,1118,218,2,1161.86
2810,1119,69,3,868.42
2811,1120,392,2,1715.26
2812,1120,425,3,1198.33
2813,1120,196,1,893.1
2814,1120,473,1,1103.54
2815,1121,187,2,365.39
2816,1121,254,1,3343.06
2817,1121,107,1,1150.91
2818,1122,383,1,3100.45
2819,1122,147,3,4475.68
2820,1122,422,1,2133.83
2821,1122,24,1,804.2
2822,1123,342,1,1287.6
2823,1123,195,2,500.45
2824,1123,493,2,3838.93
2825,1124,454,2,1848.68
2826,1124,196,1,893.1
2827,1124,91,3,4306.85
2828,1124,254,1,3343.06
2829,1125,152,3,593.53
2830,1126,37,2,1163.13
2831,1127,399,1,212.66
2832,1127,50,3,2270.55
2833,1127,351,3,4195.09
2834,1127,153,1,934.32
2835,1128,96,1,2743.96
2836,1128,152,1,593.53
2837,1128,262,3,1257.33
2838,1129,273,2,1277.66
2839,1129,378,2,741.47
2840,1129,216,2,469.58
2841,1129,107,1,1150.91
2842,1130,199,3,3459.96
2843,1130,161,3,317.23
2844,1130,194,2,4253.49
2845,1131,475,3,4403.14
2846,1131,12,3,2782.41
2847,1131,111,1,4210.12
2848,1131,194,1,4253.49
2849,1132,143,3,2467.2
2850,1133,250,3,1131.56
2851,1133,350,3,4350.01
2852,1134,206,1,1966.12
2853,1134,374,3,3273.57
2854,1135,392,2,1715.26
2855,1136,383,1,3100.45
2856,1136,488,3,3384.94
2857,1137,339,3,1108.56
2858,1138,248,1,938.6
2859,1138,479,2,2118.97
2860,1139,307,1,3718.26
2861,1139,115,1,2897.05
2862,1139,144,2,3686.77
2863,1140,194,3,4253.49
2864,1141,297,1,646.69
2865,1141,49,3,4264.68
2866,1142,88,2,1630.24
2867,1142,66,2,1498.19
2868,1142,263,1,1652.98
2869,1142,81,3,317.16
2870,1143,11,3,1832.5
2871,1143,45,1,1154.75
2872,1144,357,2,308.92
2873,1144,299,3,2236.93
2874,1144,396,1,3938.76
2875,1144,485,2,4081.95
2876,1145,347,3,1905.46
2877,1145,230,3,2563.86
2878,1145,270,3,1406.93
2879,1146,427,2,2067.11
2880,1146,296,3,166.08
2881,1146,245,3,2692.75
2882,1147,320,1,4223.4
2883,1147,308,1,2771.2
2884,1147,30,1,3742.45
2885,1147,162,2,3170.91
2886,1148,57,2,2811.97
2887,1149,405,3,4020.0
2888,1149,172,3,2413.56
2889,1149,214,1,3709.4
2890,1149,183,3,2209.9
2891,1150,482,1,2869.91
2892,1151,40,3,4039.53
2893,1151,253,3,2052.77
2894,1151,109,2,177.14
2895,1151,324,2,1162.87
2896,1152,49,1,4264.68
2897,1152,209,1,1652.04
2898,1153,306,2,1851.66
2899,1153,237,2,1823.45
2900,1154,419,2,1528.88
2901,1154,92,1,3644.34
2902,1154,382,2,2520.54
2903,1154,444,3,1506.97
2904,1155,312,2,2358.23
2905,1155,211,3,2701.14
2906,1155,112,3,4364.46
2907,1156,46,3,3382.11
2908,1157,270,3,1406.93
2909,1157,437,3,2574.09
2910,1158,201,3,792.3
2911,1159,358,1,2403.81
2912,1159,25,1,2964.84
2913,1160,256,1,2822.54
2914,1161,253,3,2052.77
2915,1161,179,3,735.89
2916,1161,97,1,3525.33
2917,1161,408,1,1267.68
2918,1162,114,2,2879.54
2919,1162,411,1,4247.59
2920,1162,354,1,1353.11
2921,1162,100,1,3288.59
2922,1163,315,2,1821.28
2923,1163,441,3,2520.14
2924,1163,270,1,1406.93
2925,1163,169,1,880.49
2926,1164,353,1,3425.07
2927,1164,309,1,2435.91
2928,1164,428,2,552.35
2929,1165,308,3,2771.2
2930,1165,183,2,2209.9
2931,1166,265,3,4410.08
2932,1166,398,1,3061.39
2933,1166,171,2,4119.41
2934,1167,463,1,736.49
2935,1167,496,3,4100.09
2936,1167,421,3,2576.66
2937,1167,445,3,452.87
2938,1168,79,2,1385.15
2939,1169,376,3,4154.14
2940,1169,112,1,4364.46
2941,1169,310,1,3551.79
2942,1170,398,2,3061.39
2943,1170,493,1,3838.93
2944,1170,457,2,538.16
2945,1171,36,3,4307.36
2946,1171,427,3,2067.11
2947,1171,308,1,2771.2
2948,1172,286,1,2970.23
2949,1172,451,3,1405.25
2950,1172,450,3,1383.82
2951,1173,427,2,2067.11
2952,1173,253,1,2052.77
2953,1173,445,1,452.87
2954,1174,362,2,1624.65
2955,1174,97,1,3525.33
2956,1175,357,3,308.92
2957,1176,120,2,1326.09
2958,1176,293,2,635.38
2959,1176,307,1,3718.26
2960,1176,134,1,2239.38
2961,1177,163,2,2220.9
2962,1177,120,2,1326.09
2963,1177,49,1,4264.68
2964,1178,309,1,2435.91
2965,1179,459,2,2832.2
2966,1180,267,3,2415.44
2967,1180,339,1,1108.56
2968,1180,378,3,741.47
2969,1180,173,3,2460.15
2970,1181,357,3,308.92
2971,1181,339,3,1108.56
2972,1181,157,2,89.74
2973,1181,186,1,268.43
2974,1182,469,3,2739.71
2975,1182,374,3,3273.57
2976,1182,17,3,218.01
2977,1183,360,2,1327.98
2978,1183,56,2,4313.07
2979,1184,169,1,880.49
2980,1184,334,2,3470.41
2981,1185,261,1,4256.04
2982,1185,33,1,2608.33
2983,1185,35,3,1359.42
2984,1185,450,2,1383.82
2985,1186,479,2,2118.97
2986,1186,220,1,3317.48
2987,1187,355,3,3874.37
2988,1187,70,1,3168.17
2989,1187,62,3,1595.44
2990,1187,246,2,803.19
2991,1188,362,1,1624.65
2992,1189,68,3,2147.49
2993,1189,334,1,3470.41
2994,1189,88,3,1630.24
2995,1190,49,3,4264.68
2996,1190,353,3,3425.07
2997,1190,316,1,2102.99
2998,1191,211,3,2701.14
2999,1192,95,1,1460.11
3000,1192,376,2,4154.14
3001,1193,158,1,2164.95
3002,1193,462,3,1761.45
3003,1193,8,1,3324.23
3004,1194,149,2,2154.07
3005,1194,138,3,451.38
3006,1194,87,2,2941.9
3007,1195,343,1,267.69
3008,1195,16,3,1220.76
3009,1196,126,2,3330.17
3010,1196,414,1,628.83
3011,1196,429,3,1306.05
3012,1197,225,3,4152.33
3013,1197,211,1,2701.14
3014,1197,180,1,2902.02
3015,1198,337,2,2090.96
3016,1198,34,1,2302.76
3017,1198,173,3,2460.15
3018,1198,214,3,3709.4
3019,1199,53,2,1634.32
3020,1199,159,1,3480.05
3021,1199,254,3,3343.06
3022,1200,460,1,1747.96
3023,1201,20,3,2899.3
3024,1201,164,1,3559.1
3025,1201,160,2,456.74
3026,1201,426,2,3163.29
3027,1202,351,3,4195.09
3028,1203,261,1,4256.04
3029,1204,441,1,2520.14
3030,1204,39,1,4327.51
3031,1204,342,3,1287.6
3032,1204,462,1,1761.45
3033,1205,197,2,2586.62
3034,1205,164,1,3559.1
3035,1205,316,3,2102.99
3036,1206,19,1,4337.71
3037,1206,325,1,3594.36
3038,1207,196,3,893.1
3039,1207,365,2,1085.61
3040,1207,222,3,3177.67
3041,1207,299,1,2236.93
3042,1208,292,1,1268.39
3043,1208,178,1,2382.11
3044,1209,48,1,1022.62
3045,1209,292,3,1268.39
3046,1209,129,3,3643.71
3047,1209,428,1,552.35
3048,1210,428,3,552.35
3049,1211,402,2,1533.14
3050,1211,407,1,3036.5
3051,1212,335,1,854.1
3052,1212,324,2,1162.87
3053,1212,440,1,558.74
3054,1213,218,3,1161.86
3055,1213,345,1,3018.13
3056,1213,91,2,4306.85
3057,1213,263,2,1652.98
3058,1214,104,2,2381.72
3059,1214,413,3,4020.48
3060,1215,488,2,3384.94
3061,1215,122,1,1383.27
3062,1216,190,3,2533.19
3063,1216,53,3,1634.32
3064,1216,481,2,3003.63
3065,1216,491,2,3649.59
3066,1217,375,2,3752.59
3067,1217,20,2,2899.3
3068,1217,260,2,2799.94
3069,1218,146,3,3481.95
3070,1218,128,3,1116.05
3071,1219,197,3,2586.62
3072,1219,484,1,3514.45
3073,1220,176,2,1112.6
3074,1220,11,1,1832.5
3075,1220,231,2,1032.55
3076,1221,296,2,166.08
3077,1222,499,3,3607.21
3078,1222,389,3,1258.16
3079,1223,312,2,2358.23
3080,1223,140,3,4490.94
3081,1223,451,1,1405.25
3082,1224,292,3,1268.39
3083,1224,219,2,458.98
3084,1225,168,3,2465.17
3085,1225,108,1,612.53
3086,1225,166,2,1643.85
3087,1226,169,1,880.49
3088,1226,23,3,2321.94
3089,1226,133,3,2798.9
3090,1226,235,1,1545.95
3091,1227,20,3,2899.3
3092,1228,141,3,1519.61
3093,1228,70,2,3168.17
3094,1228,282,1,2953.5
3095,1229,146,3,3481.95
3096,1229,379,3,4036.88
3097,1229,374,2,3273.57
3098,1230,265,2,4410.08
3099,1230,493,3,3838.93
3100,1230,223,3,2698.78
3101,1230,221,3,819.42
3102,1231,234,3,1339.53
3103,1231,9,1,579.93
3104,1231,210,2,50.87
3105,1232,447,2,3419.0
3106,1233,44,2,2348.44
3107,1234,465,1,119.9
3108,1234,43,3,1073.19
3109,1234,42,2,3559.52
3110,1234,14,3,3629.44
3111,1235,53,2,1634.32
3112,1235,173,2,2460.15
3113,1235,201,2,792.3
3114,1235,246,3,803.19
3115,1236,1,1,738.76
3116,1236,335,3,854.1
3117,1236,174,3,2301.51
3118,1237,484,2,3514.45
3119,1237,11,2,1832.5
3120,1237,352,3,1486.56
3121,1237,50,2,2270.55
3122,1238,289,3,3285.5
3123,1238,455,1,327.73
3124,1238,371,1,1303.24
3125,1239,356,2,2384.68
3126,1239,107,3,1150.91
3127,1239,497,3,2037.61
3128,1240,295,2,1077.56
3129,1240,265,2,4410.08
3130,1240,168,1,2465.17
3131,1240,10,3,4274.14
3132,1241,401,3,3107.38
3133,1241,210,3,50.87
3134,1241,439,1,3340.18
3135,1242,176,3,1112.6
3136,1242,160,3,456.74
3137,1242,24,2,804.2
3138,1242,70,1,3168.17
3139,1243,37,3,1163.13
3140,1243,242,3,3506.63
3141,1243,426,1,3163.29
3142,1243,360,2,1327.98
3143,1244,64,1,2097.31
3144,1244,154,2,1019.16
3145,1244,491,1,3649.59
3146,1244,18,3,2782.15
3147,1245,276,3,725.1
3148,1245,166,2,1643.85
3149,1246,382,2,2520.54
3150,1246,89,3,3497.61
3151,1246,387,1,883.84
3152,1246,193,3,3317.64
3153,1247,390,3,1703.55
3154,1247,388,2,3188.43
3155,1247,128,3,1116.05
3156,1247,265,1,4410.08
3157,1248,441,3,2520.14
3158,1248,287,2,1462.86
3159,1248,445,1,452.87
3160,1248,27,2,3030.0
3161,1249,114,1,2879.54
3162,1249,10,1,4274.14
3163,1249,369,1,252.44
3164,1250,225,3,4152.33
3165,1250,282,2,2953.5
3166,1251,44,3,2348.44
3167,1251,496,3,4100.09
3168,1251,413,1,4020.48
3169,1252,389,2,1258.16
3170,1253,76,3,3635.22
3171,1253,465,2,119.9
3172,1253,445,2,452.87
3173,1254,269,2,145.62
3174,1254,193,1,3317.64
3175,1254,389,1,1258.16
3176,1255,168,1,2465.17
3177,1255,213,3,3857.96
3178,1255,76,2,3635.22
3179,1255,27,1,3030.0
3180,1256,156,1,2651.9
3181,1256,349,3,2697.61
3182,1256,145,3,4386.96
3183,1257,207,3,1121.22
3184,1257,261,2,4256.04
3185,1257,400,3,565.47
3186,1258,120,3,1326.09
3187,1258,54,1,4144.84
3188,1259,101,2,3168.1
3189,1259,114,2,2879.54
3190,1260,46,3,3382.11
3191,1260,245,1,2692.75
3192,1260,366,2,57.04
3193,1260,432,1,365.61
3194,1261,454,2,1848.68
3195,1262,144,2,3686.77
3196,1262,444,2,1506.97
3197,1262,183,2,2209.9
3198,1263,346,1,1523.44
3199,1263,212,2,79.23
3200,1264,483,2,2778.02
3201,1264,201,3,792.3
3202,1265,357,3,308.92
3203,1265,22,3,1322.73
3204,1265,261,3,4256.04
3205,1266,417,2,4016.18
3206,1266,254,2,3343.06
3207,1266,136,3,4376.88
3208,1266,402,2,1533.14
3209,1267,333,2,278.33
3210,1267,123,3,2706.67
3211,1267,482,3,2869.91
3212,1268,71,1,1294.35
3213,1268,301,2,4168.19
3214,1268,182,3,844.94
3215,1269,404,1,150.04
3216,1269,130,1,2935.63
3217,1269,450,2,1383.82
3218,1269,423,2,2917.66
3219,1270,215,1,2525.64
3220,1270,286,2,2970.23
3221,1270,244,1,1675.44
3222,1270,145,1,4386.96
3223,1271,216,2,469.58
3224,1271,240,3,922.64
3225,1271,182,2,844.94
3226,1271,42,2,3559.52
3227,1272,153,1,934.32
3228,1272,46,2,3382.11
3229,1273,393,1,4114.42
3230,1273,107,1,1150.91
3231,1273,334,3,3470.41
3232,1273,398,3,3061.39
3233,1274,404,1,150.04
3234,1275,293,2,635.38
3235,1276,408,2,1267.68
3236,1277,204,3,4066.06
3237,1277,183,1,2209.9
3238,1277,372,1,1386.26
3239,1278,370,1,994.9
3240,1278,135,3,270.86
3241,1278,176,2,1112.6
3242,1279,188,1,2968.08
3243,1279,126,1,3330.17
3244,1279,176,3,1112.6
3245,1279,489,1,1208.97
3246,1280,221,3,819.42
3247,1280,17,1,218.01
3248,1280,324,1,1162.87
3249,1280,350,2,4350.01
3250,1281,15,1,4170.08
3251,1281,438,1,1100.89
3252,1281,293,1,635.38
3253,1281,378,3,741.47
3254,1282,418,3,3162.18
3255,1282,158,3,2164.95
3256,1283,423,1,2917.66
3257,1283,216,3,469.58
3258,1283,40,3,4039.53
3259,1284,427,3,2067.11
3260,1284,161,1,317.23
3261,1284,42,3,3559.52
3262,1284,45,2,1154.75
3263,1285,384,2,344.65
3264,1285,493,2,3838.93
3265,1286,219,2,458.98
3266,1286,40,2,4039.53
3267,1286,160,2,456.74
3268,1286,374,2,3273.57
3269,1287,262,3,1257.33
3270,1288,262,2,1257.33
3271,1288,250,3,1131.56
3272,1288,343,2,267.69
3273,1288,1,3,738.76
3274,1289,205,2,3809.6
3275,1289,344,3,1603.14
3276,1289,334,1,3470.41
3277,1289,440,3,558.74
3278,1290,380,2,4178.67
3279,1291,189,2,2132.86
3280,1291,207,3,1121.22
3281,1292,9,3,579.93
3282,1292,270,1,1406.93
3283,1292,329,2,4276.4
3284,1293,360,3,1327.98
3285,1293,120,1,1326.09
3286,1294,374,1,3273.57
3287,1295,255,2,2378.53
3288,1295,217,1,665.92
3289,1296,143,3,2467.2
3290,1296,430,1,616.9
3291,1296,247,3,2823.16
3292,1297,90,2,1745.77
3293,1297,469,1,2739.71
3294,1297,80,2,262.31
3295,1297,35,1,1359.42
3296,1298,449,3,2039.86
3297,1298,46,2,3382.11
3298,1299,17,1,218.01
3299,1299,158,1,2164.95
3300,1299,249,3,3844.8
3301,1299,231,3,1032.55
3302,1300,130,2,2935.63
3303,1301,86,2,4335.87
3304,1301,134,2,2239.38
3305,1301,234,1,1339.53
3306,1302,97,2,3525.33
3307,1303,145,3,4386.96
3308,1303,53,3,1634.32
3309,1303,9,1,579.93
3310,1304,401,2,3107.38
3311,1304,259,3,807.92
3312,1305,430,1,616.9
3313,1305,183,3,2209.9
3314,1306,212,2,79.23
3315,1306,159,2,3480.05
3316,1306,474,2,4173.21
3317,1306,444,1,1506.97
3318,1307,47,1,4194.71
3319,1307,497,2,2037.61
3320,1308,259,3,807.92
3321,1309,5,2,3537.86
3322,1309,73,3,3257.63
3323,1310,101,2,3168.1
3324,1310,137,2,3232.62
3325,1310,462,3,1761.45
3326,1311,179,1,735.89
3327,1312,327,1,1665.1
3328,1312,86,2,4335.87
3329,1312,356,3,2384.68
3330,1313,176,3,1112.6
3331,1313,449,1,2039.86
3332,1313,319,3,3265.78
3333,1314,362,1,1624.65
3334,1314,454,1,1848.68
3335,1314,347,3,1905.46
3336,1315,170,1,2134.36
3337,1315,185,2,2389.91
3338,1315,414,2,628.83
3339,1315,266,2,493.24
3340,1316,111,1,4210.12
3341,1316,276,1,725.1
3342,1317,160,3,456.74
3343,1317,273,1,1277.66
3344,1318,375,1,3752.59
3345,1319,492,1,2207.18
3346,1319,273,2,1277.66
3347,1320,97,3,3525.33
3348,1320,133,1,2798.9
3349,1320,66,2,1498.19
3350,1320,361,1,1205.49
3351,1321,353,3,3425.07
3352,1322,295,1,1077.56
3353,1322,238,1,630.17
3354,1322,382,3,2520.54
3355,1323,89,1,3497.61
3356,1324,80,1,262.31
3357,1324,242,2,3506.63
3358,1324,464,1,608.69
3359,1325,152,3,593.53
3360,1326,46,2,3382.11
3361,1326,101,3,3168.1
3362,1326,128,2,1116.05
3363,1326,43,2,1073.19
3364,1327,435,1,1757.98
3365,1327,28,2,2353.96
3366,1328,20,1,2899.3
3367,1328,98,2,2661.79
3368,1329,6,3,2537.97
3369,1329,231,1,1032.55
3370,1329,226,3,1903.52
3371,1330,458,1,1096.82
3372,1331,185,3,2389.91
3373,1331,315,2,1821.28
3374,1331,282,2,2953.5
3375,1331,156,2,2651.9
3376,1332,380,1,4178.67
3377,1332,430,3,616.9
3378,1332,363,2,2258.97
3379,1332,222,2,3177.67
3380,1333,62,3,1595.44
3381,1333,401,1,3107.38
3382,1333,286,3,2970.23
3383,1334,73,2,3257.63
3384,1335,175,2,2807.82
3385,1335,79,2,1385.15
3386,1335,29,3,4140.34
3387,1336,479,3,2118.97
3388,1337,12,2,2782.41
3389,1338,470,3,2072.05
3390,1339,329,1,4276.4
3391,1339,195,1,500.45
3392,1339,354,1,1353.11
3393,1339,316,3,2102.99
3394,1340,82,2,3783.42
3395,1340,341,1,2720.45
3396,1341,208,3,3457.4
3397,1342,214,3,3709.4
3398,1342,423,1,2917.66
3399,1343,352,3,1486.56
3400,1343,43,2,1073.19
3401,1344,476,1,1690.17
3402,1344,327,3,1665.1
3403,1344,206,2,1966.12
3404,1345,489,1,1208.97
3405,1345,75,3,3610.17
3406,1345,16,2,1220.76
3407,1345,271,2,748.67
3408,1346,382,1,2520.54
3409,1347,177,3,4353.88
3410,1348,72,3,4407.76
3411,1348,339,3,1108.56
3412,1349,253,1,2052.77
3413,1349,67,3,882.83
3414,1349,390,3,1703.55
3415,1350,26,1,4485.84
3416,1350,361,1,1205.49
3417,1350,104,1,2381.72
3418,1350,81,3,317.16
3419,1351,468,2,3877.68
3420,1351,433,3,1833.63
3421,1351,137,2,3232.62
3422,1351,287,3,1462.86
3423,1352,131,1,1887.42
3424,1352,413,3,4020.48
3425,1353,481,2,3003.63
3426,1353,63,1,2084.52
3427,1353,75,2,3610.17
3428,1353,313,2,224.67
3429,1354,462,1,1761.45
3430,1354,368,2,3608.06
3431,1355,362,1,1624.65
3432,1356,9,2,579.93
3433,1356,413,3,4020.48
3434,1356,195,1,500.45
3435,1356,23,1,2321.94
3436,1357,135,2,270.86
3437,1357,7,2,2620.55
3438,1358,454,2,1848.68
3439,1358,245,2,2692.75
3440,1358,135,3,270.86
3441,1359,22,1,1322.73
3442,1359,368,2,3608.06
3443,1359,297,1,646.69
3444,1360,224,3,3647.12
3445,1360,201,2,792.3
3446,1360,494,1,2790.3
3447,1361,49,2,4264.68
3448,1362,322,2,846.01
3449,1362,431,1,3595.57
3450,1362,182,1,844.94
3451,1363,272,2,1631.43
3452,1363,261,3,4256.04
3453,1363,475,2,4403.14
3454,1363,262,2,1257.33
3455,1364,357,1,308.92
3456,1364,467,1,426.75
3457,1364,315,1,1821.28
3458,1364,320,2,4223.4
3459,1365,214,3,3709.4
3460,1366,454,1,1848.68
3461,1366,475,3,4403.14
3462,1367,453,1,2643.14
3463,1368,410,3,1608.92
3464,1369,285,1,1963.79
3465,1369,196,2,893.1
3466,1370,426,2,3163.29
3467,1370,302,1,3353.53
3468,1370,142,3,299.37
3469,1370,341,3,2720.45
3470,1371,110,3,3895.87
3471,1372,107,2,1150.91
3472,1373,390,3,1703.55
3473,1374,439,2,3340.18
3474,1374,267,3,2415.44
3475,1374,301,1,4168.19
3476,1375,487,3,1336.98
3477,1375,368,2,3608.06
3478,1376,38,1,2556.1
3479,1376,302,2,3353.53
3480,1376,365,2,1085.61
3481,1377,491,2,3649.59
3482,1378,158,1,2164.95
3483,1378,226,3,1903.52
3484,1379,302,1,3353.53
3485,1379,184,3,2905.79
3486,1380,243,3,448.7
3487,1380,111,2,4210.12
3488,1380,328,3,3284.59
3489,1380,29,1,4140.34
3490,1381,337,2,2090.96
3491,1381,374,2,3273.57
3492,1382,414,3,628.83
3493,1383,443,3,533.91
3494,1383,262,2,1257.33
3495,1383,389,3,1258.16
3496,1384,428,3,552.35
3497,1384,410,3,1608.92
3498,1384,170,1,2134.36
3499,1384,195,3,500.45
3500,1385,189,3,2132.86
3501,1385,397,3,687.66
3502,1386,447,1,3419.0
3503,1386,454,3,1848.68
3504,1387,368,1,3608.06
3505,1387,275,1,4251.41
3506,1388,79,2,1385.15
3507,1388,126,1,3330.17
3508,1389,224,3,3647.12
3509,1390,219,2,458.98
3510,1390,275,3,4251.41
3511,1390,373,2,556.57
3512,1391,465,3,119.9
3513,1391,210,1,50.87
3514,1391,328,3,3284.59
3515,1391,254,2,3343.06
3516,1392,166,1,1643.85
3517,1392,411,2,4247.59
3518,1392,283,2,3610.47
3519,1393,295,3,1077.56
3520,1393,167,2,2209.59
3521,1393,426,2,3163.29
3522,1394,41,2,567.39
3523,1394,119,3,3678.44
3524,1395,42,2,3559.52
3525,1395,481,2,3003.63
3526,1396,351,2,4195.09
3527,1396,404,3,150.04
3528,1396,364,3,2241.64
3529,1397,473,3,1103.54
3530,1397,258,3,4081.88
3531,1398,141,2,1519.61
3532,1398,276,1,725.1
3533,1398,363,3,2258.97
3534,1398,235,1,1545.95
3535,1399,498,3,3532.25
3536,1399,270,1,1406.93
3537,1399,198,2,3383.91
3538,1400,166,3,1643.85
3539,1400,390,3,1703.55
3540,1400,62,1,1595.44
3541,1400,430,3,616.9
3542,1401,218,2,1161.86
3543,1401,132,3,657.98
3544,1401,172,2,2413.56
3545,1401,115,2,2897.05
3546,1402,37,3,1163.13
3547,1402,393,2,4114.42
3548,1402,184,2,2905.79
3549,1403,314,2,4333.54
3550,1404,272,3,1631.43
3551,1404,307,1,3718.26
3552,1404,219,1,458.98
3553,1404,122,3,1383.27
3554,1405,180,3,2902.02
3555,1405,378,1,741.47
3556,1406,428,1,552.35
3557,1407,402,1,1533.14
3558,1407,99,3,794.57
3559,1407,429,2,1306.05
3560,1407,20,3,2899.3
3561,1408,334,2,3470.41
3562,1408,328,1,3284.59
3563,1408,80,1,262.31
3564,1408,89,3,3497.61
3565,1409,389,3,1258.16
3566,1409,278,1,4324.7
3567,1409,406,2,1325.22
3568,1410,246,2,803.19
3569,1410,196,3,893.1
3570,1411,291,3,4205.27
3571,1412,224,1,3647.12
3572,1412,336,1,65.72
3573,1412,356,3,2384.68
3574,1413,141,1,1519.61
3575,1414,101,2,3168.1
3576,1414,466,3,2977.77
3577,1415,37,2,1163.13
3578,1416,225,1,4152.33
3579,1416,383,2,3100.45
3580,1417,205,2,3809.6
3581,1417,383,2,3100.45
3582,1417,249,2,3844.8
3583,1417,54,2,4144.84
3584,1418,451,3,1405.25
3585,1418,9,1,579.93
3586,1418,177,2,4353.88
3587,1418,126,1,3330.17
3588,1419,249,3,3844.8
3589,1419,439,2,3340.18
3590,1419,137,3,3232.62
3591,1419,477,3,406.28
3592,1420,254,1,3343.06
3593,1420,70,3,3168.17
3594,1421,384,3,344.65
3595,1421,106,2,4195.57
3596,1421,203,3,4493.03
3597,1422,55,3,2242.36
3598,1423,364,2,2241.64
3599,1423,272,2,1631.43
3600,1424,379,1,4036.88
3601,1424,321,3,1799.15
3602,1424,474,2,4173.21
3603,1424,350,3,4350.01
3604,1425,88,1,1630.24
3605,1426,497,3,2037.61
3606,1426,165,3,3312.69
3607,1426,370,1,994.9
3608,1427,441,3,2520.14
3609,1427,11,2,1832.5
3610,1428,175,1,2807.82
3611,1428,448,1,2414.09
3612,1428,164,1,3559.1
3613,1428,282,2,2953.5
3614,1429,214,1,3709.4
3615,1429,134,3,2239.38
3616,1430,204,3,4066.06
3617,1430,245,2,2692.75
3618,1430,329,2,4276.4
3619,1431,2,1,1212.8
3620,1431,229,2,1406.29
3621,1431,288,2,576.82
3622,1431,313,1,224.67
3623,1432,311,3,2083.21
3624,1433,234,2,1339.53
3625,1434,190,3,2533.19
3626,1434,36,3,4307.36
3627,1434,79,3,1385.15
3628,1435,154,2,1019.16
3629,1435,50,3,2270.55
3630,1435,407,1,3036.5
3631,1436,106,2,4195.57
3632,1436,345,2,3018.13
3633,1436,52,3,952.31
3634,1437,267,3,2415.44
3635,1437,389,1,1258.16
3636,1438,340,2,2069.14
3637,1438,293,2,635.38
3638,1438,244,2,1675.44
3639,1439,180,3,2902.02
3640,1439,195,1,500.45
3641,1439,400,2,565.47
3642,1439,164,1,3559.1
3643,1440,167,3,2209.59
3644,1440,156,2,2651.9
3645,1440,372,3,1386.26
3646,1441,327,2,1665.1
3647,1441,428,1,552.35
3648,1442,275,1,4251.41
3649,1442,242,2,3506.63
3650,1442,337,2,2090.96
3651,1442,253,3,2052.77
3652,1443,487,3,1336.98
3653,1443,73,1,3257.63
3654,1444,394,1,3605.66
3655,1444,314,2,4333.54
3656,1444,440,2,558.74
3657,1445,153,1,934.32
3658,1445,443,2,533.91
3659,1446,185,2,2389.91
3660,1446,304,2,3908.72
3661,1447,27,3,3030.0
3662,1448,57,1,2811.97
3663,1449,330,2,245.38
3664,1449,130,1,2935.63
3665,1449,237,2,1823.45
3666,1450,124,3,1712.72
3667,1450,340,2,2069.14
3668,1450,37,3,1163.13
3669,1451,69,2,868.42
3670,1451,89,2,3497.61
3671,1451,181,3,2982.07
3672,1451,483,2,2778.02
3673,1452,131,2,1887.42
3674,1452,54,3,4144.84
3675,1452,115,3,2897.05
3676,1452,176,3,1112.6
3677,1453,159,2,3480.05
3678,1453,49,3,4264.68
3679,1453,202,2,2295.88
3680,1453,274,2,3960.11
3681,1454,318,2,2112.93
3682,1454,341,1,2720.45
3683,1455,441,3,2520.14
3684,1455,75,2,3610.17
3685,1456,179,3,735.89
3686,1456,283,3,3610.47
3687,1456,10,3,4274.14
3688,1457,249,2,3844.8
3689,1457,383,2,3100.45
3690,1457,307,2,3718.26
3691,1458,335,2,854.1
3692,1459,23,3,2321.94
3693,1459,80,2,262.31
3694,1459,404,3,150.04
3695,1459,460,3,1747.96
3696,1460,398,1,3061.39
3697,1461,86,3,4335.87
3698,1461,123,3,2706.67
3699,1461,110,3,3895.87
3700,1461,380,2,4178.67
3701,1462,1,1,738.76
3702,1462,154,2,1019.16
3703,1462,10,2,4274.14
3704,1462,239,3,931.58
3705,1463,325,3,3594.36
3706,1463,367,2,3595.46
3707,1463,50,3,2270.55
3708,1463,131,3,1887.42
3709,1464,369,3,252.44
3710,1464,415,1,274.53
3711,1464,413,2,4020.48
3712,1464,421,1,2576.66
3713,1465,366,2,57.04
3714,1465,164,1,3559.1
3715,1465,293,3,635.38
3716,1466,256,2,2822.54
3717,1466,481,2,3003.63
3718,1467,19,1,4337.71
3719,1467,63,3,2084.52
3720,1467,237,2,1823.45
3721,1467,14,1,3629.44
3722,1468,40,2,4039.53
3723,1469,316,3,2102.99
3724,1469,348,1,1315.49
3725,1469,16,1,1220.76
3726,1470,384,2,344.65
3727,1470,19,3,4337.71
3728,1470,482,3,2869.91
3729,1470,197,2,2586.62
3730,1471,251,3,3915.95
3731,1472,359,3,3114.51
3732,1472,306,2,1851.66
3733,1472,92,2,3644.34
3734,1472,484,3,3514.45
3735,1473,204,3,4066.06
3736,1474,57,2,2811.97
3737,1474,384,3,344.65
3738,1475,341,3,2720.45
3739,1475,282,2,2953.5
3740,1476,206,1,1966.12
3741,1476,347,2,1905.46
3742,1476,128,2,1116.05
3743,1476,181,1,2982.07
3744,1477,451,2,1405.25
3745,1477,345,3,3018.13
3746,1477,408,3,1267.68
3747,1478,24,1,804.2
3748,1478,251,1,3915.95
3749,1478,30,3,3742.45
3750,1478,233,3,2609.88
3751,1479,139,1,1571.51
3752,1479,399,1,212.66
3753,1480,411,1,4247.59
3754,1480,177,1,4353.88
3755,1481,39,2,4327.51
3756,1482,25,2,2964.84
3757,1482,310,2,3551.79
3758,1483,253,2,2052.77
3759,1483,326,3,455.8
3760,1484,222,3,3177.67
3761,1484,208,1,3457.4
3762,1485,246,3,803.19
3763,1485,365,3,1085.61
3764,1485,396,2,3938.76
3765,1486,394,3,3605.66
3766,1486,420,2,3651.38
3767,1486,453,3,2643.14
3768,1486,33,1,2608.33
3769,1487,361,3,1205.49
3770,1487,394,1,3605.66
3771,1488,469,2,2739.71
3772,1489,412,3,1139.47
3773,1489,187,2,365.39
3774,1490,288,2,576.82
3775,1490,417,1,4016.18
3776,1490,79,3,1385.15
3777,1491,499,2,3607.21
3778,1491,436,1,2679.82
3779,1492,122,3,1383.27
3780,1492,460,2,1747.96
3781,1492,374,3,3273.57
3782,1492,242,1,3506.63
3783,1493,454,3,1848.68
3784,1493,260,2,2799.94
3785,1494,481,1,3003.63
3786,1494,299,3,2236.93
3787,1494,54,1,4144.84
3788,1494,46,1,3382.11
3789,1495,39,3,4327.51
3790,1495,136,3,4376.88
3791,1496,166,1,1643.85
3792,1496,444,2,1506.97
3793,1497,473,1,1103.54
3794,1498,405,1,4020.0
3795,1498,329,2,4276.4
3796,1498,280,3,729.73
3797,1498,291,2,4205.27
3798,1499,389,2,1258.16
3799,1499,164,3,3559.1
3800,1499,232,3,4488.28
3801,1499,494,2,2790.3
3802,1500,469,1,2739.71
3803,1500,191,2,3708.02
3804,1500,359,3,3114.51
3805,1500,110,2,3895.87
3806,1501,147,1,4475.68
3807,1501,474,3,4173.21
3808,1501,40,1,4039.53
3809,1502,44,2,2348.44
3810,1502,110,1,3895.87
3811,1502,196,3,893.1
3812,1503,352,2,1486.56
3813,1504,30,3,3742.45
3814,1504,106,3,4195.57
3815,1505,354,3,1353.11
3816,1506,228,3,2870.8
3817,1506,429,2,1306.05
3818,1507,400,2,565.47
3819,1507,52,2,952.31
3820,1507,275,1,4251.41
3821,1508,196,1,893.1
3822,1508,344,1,1603.14
3823,1508,69,1,868.42
3824,1509,339,1,1108.56
3825,1509,268,1,4352.22
3826,1509,125,2,1995.12
3827,1510,500,1,4429.12
3828,1510,31,1,1596.26
3829,1510,461,1,821.67
3830,1511,87,2,2941.9
3831,1511,278,1,4324.7
3832,1511,107,1,1150.91
3833,1511,467,1,426.75
3834,1512,450,2,1383.82
3835,1512,399,2,212.66
3836,1512,203,2,4493.03
3837,1512,472,1,2740.35
3838,1513,216,3,469.58
3839,1514,223,1,2698.78
3840,1514,56,2,4313.07
3841,1514,498,2,3532.25
3842,1514,279,1,3105.03
3843,1515,2,3,1212.8
3844,1515,248,2,938.6
3845,1515,216,3,469.58
3846,1516,326,2,455.8
3847,1517,491,2,3649.59
3848,1517,49,1,4264.68
3849,1518,145,3,4386.96
3850,1519,288,1,576.82
3851,1519,26,3,4485.84
3852,1519,337,2,2090.96
3853,1519,154,3,1019.16
3854,1520,23,3,2321.94
3855,1520,116,1,2193.35
3856,1521,433,2,1833.63
3857,1521,153,2,934.32
3858,1521,336,3,65.72
3859,1521,169,2,880.49
3860,1522,153,1,934.32
3861,1522,56,2,4313.07
3862,1522,302,1,3353.53
3863,1522,314,2,4333.54
3864,1523,312,1,2358.23
3865,1523,350,2,4350.01
3866,1524,408,1,1267.68
3867,1524,409,3,2540.33
3868,1524,292,3,1268.39
3869,1525,331,1,2566.44
3870,1525,8,2,3324.23
3871,1525,118,3,742.94
3872,1525,153,1,934.32
3873,1526,350,1,4350.01
3874,1526,28,3,2353.96
3875,1526,64,2,2097.31
3876,1526,283,3,3610.47
3877,1527,97,2,3525.33
3878,1528,297,2,646.69
3879,1528,201,1,792.3
3880,1529,142,2,299.37
3881,1529,90,1,1745.77
3882,1529,61,1,2178.52
3883,1529,492,3,2207.18
3884,1530,327,2,1665.1
3885,1530,462,3,1761.45
3886,1531,400,2,565.47
3887,1531,448,1,2414.09
3888,1532,408,1,1267.68
3889,1532,2,2,1212.8
3890,1532,72,3,4407.76
3891,1532,90,3,1745.77
3892,1533,282,3,2953.5
3893,1534,188,1,2968.08
3894,1534,406,1,1325.22
3895,1534,142,3,299.37
3896,1534,264,1,3909.98
3897,1535,396,3,3938.76
3898,1535,189,1,2132.86
3899,1536,99,3,794.57
3900,1536,350,3,4350.01
3901,1536,430,1,616.9
3902,1537,210,2,50.87
3903,1538,123,1,2706.67
3904,1538,454,2,1848.68
3905,1538,412,2,1139.47
3906,1538,168,2,2465.17
3907,1539,194,3,4253.49
3908,1539,294,3,2795.41
3909,1539,112,2,4364.46
3910,1540,14,1,3629.44
3911,1541,156,1,2651.9
3912,1542,78,3,2350.68
3913,1543,97,3,3525.33
3914,1543,45,2,1154.75
3915,1544,263,3,1652.98
3916,1544,488,3,3384.94
3917,1544,326,2,455.8
3918,1545,478,1,4426.93
3919,1546,414,3,628.83
3920,1546,389,2,1258.16
3921,1546,442,1,1420.76
3922,1547,476,2,1690.17
3923,1547,253,3,2052.77
3924,1547,42,1,3559.52
3925,1547,439,1,3340.18
3926,1548,177,2,4353.88
3927,1549,465,2,119.9
3928,1549,30,1,3742.45
3929,1549,458,1,1096.82
3930,1549,294,2,2795.41
3931,1550,3,2,1677.12
3932,1550,169,2,880.49
3933,1550,48,3,1022.62
3934,1550,494,1,2790.3
3935,1551,107,2,1150.91
3936,1551,123,3,2706.67
3937,1551,230,2,2563.86
3938,1552,388,3,3188.43
3939,1553,392,2,1715.26
3940,1553,427,3,2067.11
3941,1553,207,2,1121.22
3942,1553,235,1,1545.95
3943,1554,199,2,3459.96
3944,1555,159,3,3480.05
3945,1555,167,3,2209.59
3946,1556,347,1,1905.46
3947,1556,326,1,455.8
3948,1556,343,3,267.69
3949,1556,432,2,365.61
3950,1557,23,1,2321.94
3951,1557,117,1,2016.28
3952,1558,298,3,3218.49
3953,1558,406,3,1325.22
3954,1558,216,3,469.58
3955,1559,171,2,4119.41
3956,1559,468,2,3877.68
3957,1559,387,1,883.84
3958,1559,256,1,2822.54
3959,1560,278,3,4324.7
3960,1560,144,1,3686.77
3961,1560,460,3,1747.96
3962,1561,359,3,3114.51
3963,1561,448,1,2414.09
3964,1561,225,1,4152.33
3965,1562,177,2,4353.88
3966,1563,439,2,3340.18
3967,1564,84,2,2530.84
3968,1564,248,3,938.6
3969,1564,27,3,3030.0
3970,1565,419,2,1528.88
3971,1565,297,2,646.69
3972,1565,368,2,3608.06
3973,1566,54,1,4144.84
3974,1567,248,3,938.6
3975,1568,201,2,792.3
3976,1568,158,2,2164.95
3977,1568,452,3,3244.17
3978,1568,231,3,1032.55
3979,1569,215,1,2525.64
3980,1569,175,3,2807.82
3981,1569,237,3,1823.45
3982,1570,78,3,2350.68
3983,1570,86,1,4335.87
3984,1570,199,2,3459.96
3985,1570,350,3,4350.01
3986,1571,138,1,451.38
3987,1571,483,1,2778.02
3988,1571,349,3,2697.61
3989,1572,312,3,2358.23
3990,1573,490,3,802.4
3991,1573,351,2,4195.09
3992,1573,195,3,500.45
3993,1574,6,3,2537.97
3994,1574,432,3,365.61
3995,1574,223,3,2698.78
3996,1574,195,3,500.45
3997,1575,473,3,1103.54
3998,1575,444,3,1506.97
3999,1576,35,2,1359.42
4000,1576,112,3,4364.46
4001,1576,266,2,493.24
4002,1576,68,1,2147.49
4003,1577,453,2,2643.14
4004,1577,226,3,1903.52
4005,1577,456,2,53.75
4006,1577,234,2,1339.53
4007,1578,388,3,3188.43
4008,1579,292,2,1268.39
4009,1579,290,1,4327.32
4010,1580,115,1,2897.05
4011,1580,255,3,2378.53
4012,1580,240,2,922.64
4013,1580,302,1,3353.53
4014,1581,29,2,4140.34
4015,1582,184,1,2905.79
4016,1582,64,3,2097.31
4017,1583,89,1,3497.61
4018,1583,96,2,2743.96
4019,1583,339,3,1108.56
4020,1583,407,3,3036.5
4021,1584,148,1,3480.93
4022,1584,104,1,2381.72
4023,1585,351,1,4195.09
4024,1585,483,1,2778.02
4025,1586,111,3,4210.12
4026,1586,316,1,2102.99
4027,1587,144,2,3686.77
4028,1587,195,3,500.45
4029,1587,12,1,2782.41
4030,1588,290,1,4327.32
4031,1588,499,3,3607.21
4032,1588,133,1,2798.9
4033,1588,363,2,2258.97
4034,1589,336,2,65.72
4035,1589,67,2,882.83
4036,1589,98,3,2661.79
4037,1590,166,2,1643.85
4038,1590,399,1,212.66
4039,1590,72,1,4407.76
4040,1590,307,3,3718.26
4041,1591,125,1,1995.12
4042,1591,247,1,2823.16
4043,1591,367,2,3595.46
4044,1592,130,3,2935.63
4045,1592,272,2,1631.43
4046,1592,454,2,1848.68
4047,1593,400,1,565.47
4048,1593,485,1,4081.95
4049,1593,175,3,2807.82
4050,1593,126,3,3330.17
4051,1594,132,1,657.98
4052,1595,180,1,2902.02
4053,1595,494,3,2790.3
4054,1595,160,1,456.74
4055,1596,127,2,1031.64
4056,1596,499,2,3607.21
4057,1596,228,1,2870.8
4058,1597,171,2,4119.41
4059,1597,410,3,1608.92
4060,1597,16,2,1220.76
4061,1598,279,1,3105.03
4062,1598,204,1,4066.06
4063,1598,15,1,4170.08
4064,1598,348,3,1315.49
4065,1599,87,1,2941.9
4066,1599,63,1,2084.52
4067,1600,18,3,2782.15
4068,1600,462,3,1761.45
4069,1600,461,2,821.67
4070,1600,48,3,1022.62
4071,1601,494,3,2790.3
4072,1601,213,3,3857.96
4073,1601,473,3,1103.54
4074,1601,107,1,1150.91
4075,1602,290,1,4327.32
4076,1602,269,3,145.62
4077,1602,398,2,3061.39
4078,1602,248,1,938.6
4079,1603,129,1,3643.71
4080,1604,291,2,4205.27
4081,1604,186,1,268.43
4082,1604,409,3,2540.33
4083,1605,243,3,448.7
4084,1606,159,1,3480.05
4085,1606,154,1,1019.16
4086,1606,59,1,1297.19
4087,1606,219,1,458.98
4088,1607,242,1,3506.63
4089,1608,166,1,1643.85
4090,1609,92,3,3644.34
4091,1610,160,1,456.74
4092,1610,174,1,2301.51
4093,1610,351,1,4195.09
4094,1610,41,3,567.39
4095,1611,375,3,3752.59
4096,1611,361,1,1205.49
4097,1612,371,2,1303.24
4098,1613,153,2,934.32
4099,1613,188,1,2968.08
4100,1613,485,2,4081.95
4101,1614,272,1,1631.43
4102,1614,256,3,2822.54
4103,1614,318,3,2112.93
4104,1615,29,2,4140.34
4105,1616,213,2,3857.96
4106,1616,68,3,2147.49
4107,1616,448,3,2414.09
4108,1616,239,1,931.58
4109,1617,183,1,2209.9
4110,1618,349,2,2697.61
4111,1618,293,1,635.38
4112,1618,230,1,2563.86
4113,1618,130,1,2935.63
4114,1619,29,2,4140.34
4115,1619,247,2,2823.16
4116,1619,274,3,3960.11
4117,1619,466,3,2977.77
4118,1620,104,3,2381.72
4119,1620,7,2,2620.55
4120,1621,73,3,3257.63
4121,1621,462,1,1761.45
4122,1621,122,2,1383.27
4123,1621,353,3,3425.07
4124,1622,219,1,458.98
4125,1623,443,2,533.91
4126,1624,229,1,1406.29
4127,1624,305,1,3907.15
4128,1624,79,2,1385.15
4129,1625,39,3,4327.51
4130,1625,138,2,451.38
4131,1625,380,3,4178.67
4132,1625,340,3,2069.14
4133,1626,318,3,2112.93
4134,1627,4,3,1818.67
4135,1627,49,1,4264.68
4136,1627,187,3,365.39
4137,1627,23,2,2321.94
4138,1628,312,3,2358.23
4139,1628,434,1,1134.43
4140,1628,500,1,4429.12
4141,1628,248,3,938.6
4142,1629,180,3,2902.02
4143,1629,38,1,2556.1
4144,1630,62,3,1595.44
4145,1631,282,3,2953.5
4146,1631,371,2,1303.24
4147,1632,122,3,1383.27
4148,1632,117,1,2016.28
4149,1633,431,3,3595.57
4150,1633,2,3,1212.8
4151,1633,426,1,3163.29
4152,1633,138,2,451.38
4153,1634,259,1,807.92
4154,1634,83,2,1539.22
4155,1634,304,3,3908.72
4156,1635,469,1,2739.71
4157,1635,166,1,1643.85
4158,1635,416,2,1947.77
4159,1636,411,3,4247.59
4160,1636,310,2,3551.79
4161,1637,145,3,4386.96
4162,1638,499,2,3607.21
4163,1638,10,2,4274.14
4164,1639,155,2,1982.02
4165,1639,357,1,308.92
4166,1639,440,2,558.74
4167,1639,57,3,2811.97
4168,1640,424,1,1081.04
4169,1640,122,2,1383.27
4170,1640,299,1,2236.93
4171,1640,211,2,2701.14
4172,1641,265,3,4410.08
4173,1642,355,1,3874.37
4174,1642,36,2,4307.36
4175,1643,373,3,556.57
4176,1643,231,2,1032.55
4177,1643,121,3,4153.29
4178,1643,389,2,1258.16
4179,1644,88,2,1630.24
4180,1644,452,1,3244.17
4181,1644,385,3,1559.23
4182,1644,133,2,2798.9
4183,1645,323,2,4036.29
4184,1645,453,2,2643.14
4185,1646,266,2,493.24
4186,1646,254,2,3343.06
4187,1646,85,2,138.27
4188,1646,310,1,3551.79
4189,1647,463,3,736.49
4190,1647,208,2,3457.4
4191,1647,386,1,3798.71
4192,1648,428,1,552.35
4193,1649,391,1,1011.82
4194,1650,476,1,1690.17
4195,1650,274,3,3960.11
4196,1650,332,2,771.45
4197,1651,151,3,237.73
4198,1651,242,2,3506.63
4199,1652,321,1,1799.15
4200,1653,291,2,4205.27
4201,1654,308,1,2771.2
4202,1655,358,2,2403.81
4203,1655,182,2,844.94
4204,1655,248,1,938.6
4205,1655,117,2,2016.28
4206,1656,208,3,3457.4
4207,1656,196,3,893.1
4208,1657,65,2,3049.76
4209,1657,188,3,2968.08
4210,1658,473,1,1103.54
4211,1658,17,2,218.01
4212,1659,28,1,2353.96
4213,1659,305,3,3907.15
4214,1660,473,1,1103.54
4215,1660,426,1,3163.29
4216,1660,323,3,4036.29
4217,1661,76,1,3635.22
4218,1661,239,3,931.58
4219,1661,124,1,1712.72
4220,1662,95,2,1460.11
4221,1662,420,1,3651.38
4222,1662,94,2,402.05
4223,1662,203,2,4493.03
4224,1663,216,1,469.58
4225,1663,293,1,635.38
4226,1663,497,3,2037.61
4227,1664,268,2,4352.22
4228,1665,471,1,1761.98
4229,1665,313,1,224.67
4230,1666,313,2,224.67
4231,1666,271,2,748.67
4232,1666,378,2,741.47
4233,1667,81,3,317.16
4234,1667,295,3,1077.56
4235,1668,428,3,552.35
4236,1668,407,2,3036.5
4237,1669,351,2,4195.09
4238,1669,213,2,3857.96
4239,1669,467,1,426.75
4240,1669,356,2,2384.68
4241,1670,442,1,1420.76
4242,1670,305,1,3907.15
4243,1671,221,1,819.42
4244,1671,394,3,3605.66
4245,1672,239,1,931.58
4246,1672,374,2,3273.57
4247,1672,400,2,565.47
4248,1673,22,3,1322.73
4249,1674,74,3,1973.37
4250,1674,310,1,3551.79
4251,1675,361,3,1205.49
4252,1676,222,2,3177.67
4253,1677,209,3,1652.04
4254,1677,35,2,1359.42
4255,1677,443,2,533.91
4256,1677,431,1,3595.57
4257,1678,258,3,4081.88
4258,1678,251,3,3915.95
4259,1678,128,2,1116.05
4260,1678,432,2,365.61
4261,1679,338,3,3643.17
4262,1679,481,2,3003.63
4263,1679,27,1,3030.0
4264,1680,64,3,2097.31
4265,1680,206,2,1966.12
4266,1681,371,3,1303.24
4267,1681,362,1,1624.65
4268,1682,227,2,3377.17
4269,1682,487,3,1336.98
4270,1682,187,1,365.39
4271,1682,416,3,1947.77
4272,1683,157,1,89.74
4273,1683,490,3,802.4
4274,1684,301,1,4168.19
4275,1684,10,3,4274.14
4276,1684,142,3,299.37
4277,1684,164,3,3559.1
4278,1685,406,2,1325.22
4279,1685,353,1,3425.07
4280,1686,286,2,2970.23
4281,1686,356,1,2384.68
4282,1686,114,1,2879.54
4283,1686,172,3,2413.56
4284,1687,457,1,538.16
4285,1688,11,2,1832.5
4286,1688,479,1,2118.97
4287,1689,175,3,2807.82
4288,1689,128,1,1116.05
4289,1689,323,1,4036.29
4290,1690,118,2,742.94
4291,1690,217,1,665.92
4292,1691,79,2,1385.15
4293,1691,151,2,237.73
4294,1692,325,3,3594.36
4295,1693,98,2,2661.79
4296,1693,366,1,57.04
4297,1693,420,1,3651.38
4298,1694,118,1,742.94
4299,1694,178,2,2382.11
4300,1695,205,1,3809.6
4301,1696,128,1,1116.05
4302,1696,421,2,2576.66
4303,1697,420,1,3651.38
4304,1698,363,2,2258.97
4305,1698,46,2,3382.11
4306,1698,188,3,2968.08
4307,1698,485,2,4081.95
4308,1699,412,3,1139.47
4309,1700,325,2,3594.36
4310,1700,358,1,2403.81
4311,1700,27,1,3030.0
4312,1701,485,2,4081.95
4313,1701,175,1,2807.82
4314,1701,202,1,2295.88
4315,1702,191,2,3708.02
4316,1702,417,1,4016.18
4317,1703,165,3,3312.69
4318,1703,120,1,1326.09
4319,1704,395,1,896.44
4320,1704,265,1,4410.08
4321,1704,39,3,4327.51
4322,1704,301,2,4168.19
4323,1705,179,3,735.89
4324,1706,374,2,3273.57
4325,1706,353,3,3425.07
4326,1707,477,1,406.28
4327,1707,391,3,1011.82
4328,1707,499,3,3607.21
4329,1708,57,2,2811.97
4330,1708,171,2,4119.41
4331,1708,355,2,3874.37
4332,1708,255,1,2378.53
4333,1709,222,3,3177.67
4334,1709,409,3,2540.33
4335,1709,119,3,3678.44
4336,1709,89,1,3497.61
4337,1710,210,2,50.87
4338,1710,126,1,3330.17
4339,1710,9,3,579.93
4340,1711,69,3,868.42
4341,1711,433,3,1833.63
4342,1711,437,3,2574.09
4343,1711,39,3,4327.51
4344,1712,457,2,538.16
4345,1712,486,1,1923.52
4346,1712,367,2,3595.46
4347,1713,5,1,3537.86
4348,1713,448,2,2414.09
4349,1714,482,2,2869.91
4350,1714,38,1,2556.1
4351,1714,161,1,317.23
4352,1714,22,2,1322.73
4353,1715,257,3,3159.46
4354,1715,415,2,274.53
4355,1715,184,3,2905.79
4356,1715,342,2,1287.6
4357,1716,450,3,1383.82
4358,1716,40,1,4039.53
4359,1716,157,3,89.74
4360,1716,98,2,2661.79
4361,1717,468,3,3877.68
4362,1718,382,3,2520.54
4363,1719,56,1,4313.07
4364,1720,470,2,2072.05
4365,1721,376,3,4154.14
4366,1721,50,1,2270.55
4367,1721,435,3,1757.98
4368,1721,26,1,4485.84
4369,1722,426,3,3163.29
4370,1722,263,1,1652.98
4371,1722,269,3,145.62
4372,1722,257,3,3159.46
4373,1723,20,2,2899.3
4374,1723,144,3,3686.77
4375,1724,198,1,3383.91
4376,1725,209,3,1652.04
4377,1726,363,1,2258.97
4378,1726,275,3,4251.41
4379,1726,376,3,4154.14
4380,1726,181,2,2982.07
4381,1727,477,3,406.28
4382,1727,306,1,1851.66
4383,1727,24,3,804.2
4384,1727,180,3,2902.02
4385,1728,172,3,2413.56
4386,1728,205,1,3809.6
4387,1728,389,2,1258.16
4388,1728,286,2,2970.23
4389,1729,269,1,145.62
4390,1729,18,2,2782.15
4391,1730,366,1,57.04
4392,1730,250,1,1131.56
4393,1731,345,3,3018.13
4394,1732,230,1,2563.86
4395,1732,80,2,262.31
4396,1732,324,1,1162.87
4397,1733,216,2,469.58
4398,1733,145,3,4386.96
4399,1733,10,1,4274.14
4400,1734,492,3,2207.18
4401,1735,26,2,4485.84
4402,1735,394,3,3605.66
4403,1736,488,3,3384.94
4404,1736,453,3,2643.14
4405,1736,267,3,2415.44
4406,1736,390,3,1703.55
4407,1737,53,2,1634.32
4408,1737,329,2,4276.4
4409,1737,131,3,1887.42
4410,1738,211,1,2701.14
4411,1738,237,2,1823.45
4412,1739,247,2,2823.16
4413,1739,135,2,270.86
4414,1739,289,3,3285.5
4415,1739,19,3,4337.71
4416,1740,231,3,1032.55
4417,1740,191,2,3708.02
4418,1740,36,2,4307.36
4419,1740,445,1,452.87
4420,1741,218,2,1161.86
4421,1742,221,3,819.42
4422,1742,24,3,804.2
4423,1742,180,2,2902.02
4424,1743,107,1,1150.91
4425,1743,156,3,2651.9
4426,1743,128,1,1116.05
4427,1743,475,3,4403.14
4428,1744,108,1,612.53
4429,1744,302,3,3353.53
4430,1744,478,1,4426.93
4431,1744,76,1,3635.22
4432,1745,271,2,748.67
4433,1745,428,2,552.35
4434,1745,493,2,3838.93
4435,1746,123,2,2706.67
4436,1746,395,3,896.44
4437,1747,247,3,2823.16
4438,1747,407,1,3036.5
4439,1747,124,1,1712.72
4440,1747,10,2,4274.14
4441,1748,353,3,3425.07
4442,1748,286,1,2970.23
4443,1748,247,2,2823.16
4444,1748,56,1,4313.07
4445,1749,145,3,4386.96
4446,1749,281,1,1515.32
4447,1749,247,1,2823.16
4448,1750,74,2,1973.37
4449,1751,71,2,1294.35
4450,1752,173,3,2460.15
4451,1752,165,1,3312.69
4452,1752,13,2,765.28
4453,1753,303,3,344.31
4454,1753,17,3,218.01
4455,1753,260,1,2799.94
4456,1754,291,2,4205.27
4457,1754,434,2,1134.43
4458,1755,122,1,1383.27
4459,1755,267,2,2415.44
4460,1755,262,2,1257.33
4461,1755,245,1,2692.75
4462,1756,110,2,3895.87
4463,1756,7,1,2620.55
4464,1756,104,3,2381.72
4465,1756,409,1,2540.33
4466,1757,15,1,4170.08
4467,1758,150,1,4216.16
4468,1759,81,3,317.16
4469,1759,315,1,1821.28
4470,1759,158,1,2164.95
4471,1760,355,1,3874.37
4472,1760,499,2,3607.21
4473,1760,366,3,57.04
4474,1760,143,3,2467.2
4475,1761,161,2,317.23
4476,1761,139,1,1571.51
4477,1761,212,3,79.23
4478,1761,387,3,883.84
4479,1762,355,3,3874.37
4480,1762,100,3,3288.59
4481,1762,184,2,2905.79
4482,1762,52,1,952.31
4483,1763,173,2,2460.15
4484,1763,80,2,262.31
4485,1764,29,1,4140.34
4486,1764,3,1,1677.12
4487,1764,85,1,138.27
4488,1764,66,1,1498.19
4489,1765,20,3,2899.3
4490,1765,191,2,3708.02
4491,1765,196,2,893.1
4492,1766,95,2,1460.11
4493,1767,338,2,3643.17
4494,1768,423,2,2917.66
4495,1769,473,3,1103.54
4496,1770,396,3,3938.76
4497,1770,442,1,1420.76
4498,1771,36,2,4307.36
4499,1771,212,1,79.23
4500,1771,207,3,1121.22
4501,1772,436,1,2679.82
4502,1773,297,2,646.69
4503,1773,66,3,1498.19
4504,1774,395,3,896.44
4505,1774,142,3,299.37
4506,1774,249,1,3844.8
4507,1775,410,2,1608.92
4508,1775,100,1,3288.59
4509,1775,214,2,3709.4
4510,1775,43,2,1073.19
4511,1776,425,2,1198.33
4512,1776,283,2,3610.47
4513,1776,415,2,274.53
4514,1777,8,1,3324.23
4515,1777,75,2,3610.17
4516,1778,129,3,3643.71
4517,1778,275,2,4251.41
4518,1779,371,1,1303.24
4519,1779,37,2,1163.13
4520,1780,237,2,1823.45
4521,1780,40,2,4039.53
4522,1781,116,1,2193.35
4523,1782,468,3,3877.68
4524,1783,357,1,308.92
4525,1784,348,1,1315.49
4526,1784,195,2,500.45
4527,1784,324,1,1162.87
4528,1784,301,3,4168.19
4529,1785,343,2,267.69
4530,1785,294,1,2795.41
4531,1786,44,1,2348.44
4532,1786,13,3,765.28
4533,1786,136,3,4376.88
4534,1786,233,3,2609.88
4535,1787,426,1,3163.29
4536,1788,376,2,4154.14
4537,1788,162,3,3170.91
4538,1789,455,3,327.73
4539,1789,156,2,2651.9
4540,1790,287,1,1462.86
4541,1790,283,2,3610.47
4542,1790,343,1,267.69
4543,1790,398,1,3061.39
4544,1791,135,2,270.86
4545,1791,41,1,567.39
4546,1792,387,3,883.84
4547,1792,36,1,4307.36
4548,1793,484,3,3514.45
4549,1794,160,1,456.74
4550,1795,472,3,2740.35
4551,1795,44,1,2348.44
4552,1795,358,1,2403.81
4553,1796,326,3,455.8
4554,1796,60,3,620.69
4555,1796,228,1,2870.8
4556,1797,160,3,456.74
4557,1797,231,2,1032.55
4558,1797,20,2,2899.3
4559,1798,294,3,2795.41
4560,1799,406,2,1325.22
4561,1799,25,2,2964.84
4562,1799,414,1,628.83
4563,1800,339,2,1108.56
4564,1800,419,3,1528.88
4565,1800,258,1,4081.88
4566,1801,12,1,2782.41
4567,1802,135,2,270.86
4568,1803,140,1,4490.94
4569,1803,162,2,3170.91
4570,1803,243,2,448.7
4571,1803,65,3,3049.76
4572,1804,308,2,2771.2
4573,1804,138,3,451.38
4574,1804,405,2,4020.0
4575,1804,28,1,2353.96
4576,1805,110,2,3895.87
4577,1805,440,2,558.74
4578,1806,317,3,4139.7
4579,1806,322,3,846.01
4580,1806,298,2,3218.49
4581,1807,310,1,3551.79
4582,1808,312,3,2358.23
4583,1808,55,1,2242.36
4584,1809,383,1,3100.45
4585,1809,497,1,2037.61
4586,1809,315,3,1821.28
4587,1809,148,2,3480.93
4588,1810,37,2,1163.13
4589,1810,3,1,1677.12
4590,1810,427,1,2067.11
4591,1811,219,2,458.98
4592,1811,389,2,1258.16
4593,1812,482,3,2869.91
4594,1812,34,3,2302.76
4595,1813,179,2,735.89
4596,1814,124,1,1712.72
4597,1814,45,1,1154.75
4598,1814,351,1,4195.09
4599,1814,429,3,1306.05
4600,1815,330,1,245.38
4601,1815,171,1,4119.41
4602,1815,152,2,593.53
4603,1815,209,1,1652.04
4604,1816,20,1,2899.3
4605,1816,199,1,3459.96
4606,1816,477,2,406.28
4607,1816,148,2,3480.93
4608,1817,487,2,1336.98
4609,1817,267,3,2415.44
4610,1817,205,2,3809.6
4611,1818,397,3,687.66
4612,1818,326,3,455.8
4613,1818,299,2,2236.93
4614,1818,418,3,3162.18
4615,1819,265,1,4410.08
4616,1819,36,3,4307.36
4617,1819,240,1,922.64
4618,1820,414,2,628.83
4619,1820,55,2,2242.36
4620,1820,13,1,765.28
4621,1820,28,1,2353.96
4622,1821,249,1,3844.8
4623,1821,487,3,1336.98
4624,1821,490,2,802.4
4625,1821,392,2,1715.26
4626,1822,305,1,3907.15
4627,1822,102,1,1816.85
4628,1822,415,2,274.53
4629,1823,57,1,2811.97
4630,1824,55,2,2242.36
4631,1824,294,1,2795.41
4632,1824,361,1,1205.49
4633,1824,389,2,1258.16
4634,1825,88,1,1630.24
4635,1826,147,2,4475.68
4636,1826,151,2,237.73
4637,1826,45,3,1154.75
4638,1827,230,1,2563.86
4639,1827,144,3,3686.77
4640,1827,117,3,2016.28
4641,1827,119,3,3678.44
4642,1828,340,2,2069.14
4643,1828,290,3,4327.32
4644,1828,374,2,3273.57
4645,1829,482,3,2869.91
4646,1829,83,1,1539.22
4647,1829,118,2,742.94
4648,1830,420,1,3651.38
4649,1831,185,1,2389.91
4650,1831,125,1,1995.12
4651,1832,317,3,4139.7
4652,1832,356,3,2384.68
4653,1832,409,1,2540.33
4654,1833,321,3,1799.15
4655,1833,207,2,1121.22
4656,1833,179,3,735.89
4657,1833,110,1,3895.87
4658,1834,332,1,771.45
4659,1834,426,2,3163.29
4660,1834,234,1,1339.53
4661,1834,121,3,4153.29
4662,1835,391,1,1011.82
4663,1835,219,2,458.98
4664,1835,356,3,2384.68
4665,1836,368,1,3608.06
4666,1836,371,3,1303.24
4667,1836,78,3,2350.68
4668,1836,476,2,1690.17
4669,1837,440,1,558.74
4670,1837,169,3,880.49
4671,1837,497,1,2037.61
4672,1837,339,2,1108.56
4673,1838,284,2,3113.97
4674,1838,233,3,2609.88
4675,1838,340,1,2069.14
4676,1838,48,1,1022.62
4677,1839,296,1,166.08
4678,1839,103,2,2490.53
4679,1839,406,3,1325.22
4680,1840,226,1,1903.52
4681,1840,480,2,443.59
4682,1840,18,2,2782.15
4683,1840,221,3,819.42
4684,1841,245,1,2692.75
4685,1842,237,1,1823.45
4686,1842,312,3,2358.23
4687,1842,65,1,3049.76
4688,1843,70,3,3168.17
4689,1843,174,3,2301.51
4690,1843,13,3,765.28
4691,1843,202,3,2295.88
4692,1844,479,2,2118.97
4693,1844,449,2,2039.86
4694,1845,155,3,1982.02
4695,1845,206,3,1966.12
4696,1845,107,3,1150.91
4697,1845,420,3,3651.38
4698,1846,8,3,3324.23
4699,1846,53,3,1634.32
4700,1846,481,3,3003.63
4701,1846,152,2,593.53
4702,1847,249,1,3844.8
4703,1847,3,3,1677.12
4704,1847,434,3,1134.43
4705,1848,129,1,3643.71
4706,1848,339,2,1108.56
4707,1849,371,3,1303.24
4708,1850,204,1,4066.06
4709,1850,489,2,1208.97
4710,1850,383,2,3100.45
4711,1850,299,1,2236.93
4712,1851,169,1,880.49
4713,1852,200,1,2091.31
4714,1852,28,1,2353.96
4715,1853,402,1,1533.14
4716,1854,43,2,1073.19
4717,1855,38,3,2556.1
4718,1855,213,2,3857.96
4719,1855,37,1,1163.13
4720,1855,434,3,1134.43
4721,1856,404,3,150.04
4722,1856,130,3,2935.63
4723,1856,496,3,4100.09
4724,1857,72,1,4407.76
4725,1858,1,3,738.76
4726,1858,25,3,2964.84
4727,1859,336,1,65.72
4728,1859,392,3,1715.26
4729,1860,341,3,2720.45
4730,1860,498,3,3532.25
4731,1860,193,1,3317.64
4732,1861,245,1,2692.75
4733,1861,66,1,1498.19
4734,1861,101,1,3168.1
4735,1861,346,2,1523.44
4736,1862,271,3,748.67
4737,1862,64,2,2097.31
4738,1862,253,3,2052.77
4739,1863,322,2,846.01
4740,1863,212,2,79.23
4741,1864,36,1,4307.36
4742,1864,311,3,2083.21
4743,1864,71,3,1294.35
4744,1864,65,1,3049.76
4745,1865,11,1,1832.5
4746,1865,211,1,2701.14
4747,1866,421,2,2576.66
4748,1866,148,1,3480.93
4749,1866,63,3,2084.52
4750,1866,247,3,2823.16
4751,1867,425,1,1198.33
4752,1867,15,1,4170.08
4753,1868,135,3,270.86
4754,1868,392,2,1715.26
4755,1868,60,3,620.69
4756,1868,354,1,1353.11
4757,1869,260,3,2799.94
4758,1869,97,3,3525.33
4759,1869,163,3,2220.9
4760,1869,468,1,3877.68
4761,1870,434,1,1134.43
4762,1870,237,1,1823.45
4763,1870,223,1,2698.78
4764,1870,141,1,1519.61
4765,1871,366,3,57.04
4766,1872,338,2,3643.17
4767,1872,92,1,3644.34
4768,1873,454,3,1848.68
4769,1873,455,2,327.73
4770,1874,467,3,426.75
4771,1874,53,1,1634.32
4772,1874,90,2,1745.77
4773,1874,195,3,500.45
4774,1875,310,3,3551.79
4775,1875,434,2,1134.43
4776,1875,320,1,4223.4
4777,1876,161,3,317.23
4778,1876,95,2,1460.11
4779,1877,133,3,2798.9
4780,1877,155,2,1982.02
4781,1877,351,1,4195.09
4782,1878,393,2,4114.42
4783,1878,361,3,1205.49
4784,1878,374,1,3273.57
4785,1878,278,1,4324.7
4786,1879,159,1,3480.05
4787,1880,24,2,804.2
4788,1880,219,1,458.98
4789,1881,165,3,3312.69
4790,1882,246,2,803.19
4791,1882,44,3,2348.44
4792,1882,431,2,3595.57
4793,1882,171,3,4119.41
4794,1883,395,3,896.44
4795,1884,358,2,2403.81
4796,1884,456,3,53.75
4797,1884,86,2,4335.87
4798,1884,400,3,565.47
4799,1885,88,2,1630.24
4800,1886,353,1,3425.07
4801,1887,366,3,57.04
4802,1888,489,2,1208.97
4803,1888,200,1,2091.31
4804,1888,121,1,4153.29
4805,1889,92,2,3644.34
4806,1889,454,2,1848.68
4807,1889,371,3,1303.24
4808,1889,495,1,113.2
4809,1890,75,2,3610.17
4810,1890,98,3,2661.79
4811,1891,38,1,2556.1
4812,1891,275,1,4251.41
4813,1891,408,3,1267.68
4814,1892,177,3,4353.88
4815,1892,337,3,2090.96
4816,1892,318,2,2112.93
4817,1893,395,3,896.44
4818,1893,117,1,2016.28
4819,1893,370,3,994.9
4820,1893,234,2,1339.53
4821,1894,437,2,2574.09
4822,1894,297,1,646.69
4823,1894,162,3,3170.91
4824,1894,391,3,1011.82
4825,1895,131,2,1887.42
4826,1895,369,2,252.44
4827,1896,38,1,2556.1
4828,1897,346,2,1523.44
4829,1897,111,1,4210.12
4830,1897,201,1,792.3
4831,1897,494,3,2790.3
4832,1898,76,3,3635.22
4833,1898,493,2,3838.93
4834,1898,182,2,844.94
4835,1898,202,1,2295.88
4836,1899,83,2,1539.22
4837,1900,374,1,3273.57
4838,1900,436,1,2679.82
4839,1900,83,1,1539.22
4840,1901,279,1,3105.03
4841,1902,204,1,4066.06
4842,1902,490,3,802.4
4843,1902,128,3,1116.05
4844,1903,296,1,166.08
4845,1903,494,3,2790.3
4846,1904,327,3,1665.1
4847,1904,287,2,1462.86
4848,1904,72,1,4407.76
4849,1905,410,1,1608.92
4850,1905,57,2,2811.97
4851,1906,43,3,1073.19
4852,1906,88,2,1630.24
4853,1907,367,2,3595.46
4854,1907,219,2,458.98
4855,1908,77,2,648.4
4856,1908,95,1,1460.11
4857,1908,2,1,1212.8
4858,1909,316,2,2102.99
4859,1910,282,2,2953.5
4860,1911,279,2,3105.03
4861,1911,241,3,2382.9
4862,1912,224,3,3647.12
4863,1913,251,3,3915.95
4864,1913,314,2,4333.54
4865,1914,323,2,4036.29
4866,1914,203,1,4493.03
4867,1915,320,3,4223.4
4868,1915,375,2,3752.59
4869,1916,170,3,2134.36
4870,1916,47,1,4194.71
4871,1916,351,1,4195.09
4872,1917,454,3,1848.68
4873,1917,42,1,3559.52
4874,1917,17,3,218.01
4875,1918,353,2,3425.07
4876,1918,276,3,725.1
4877,1918,394,1,3605.66
4878,1919,220,1,3317.48
4879,1919,450,1,1383.82
4880,1920,7,1,2620.55
4881,1921,6,1,2537.97
4882,1921,232,2,4488.28
4883,1921,69,1,868.42
4884,1921,67,1,882.83
4885,1922,2,1,1212.8
4886,1922,362,3,1624.65
4887,1923,350,3,4350.01
4888,1923,73,2,3257.63
4889,1923,450,1,1383.82
4890,1924,170,1,2134.36
4891,1924,414,2,628.83
4892,1924,105,3,1217.91
4893,1924,295,1,1077.56
4894,1925,443,3,533.91
4895,1926,447,2,3419.0
4896,1927,114,2,2879.54
4897,1927,64,3,2097.31
4898,1927,217,2,665.92
4899,1927,431,3,3595.57
4900,1928,373,1,556.57
4901,1928,347,1,1905.46
4902,1928,157,1,89.74
4903,1928,5,2,3537.86
4904,1929,143,1,2467.2
4905,1929,466,1,2977.77
4906,1929,130,2,2935.63
4907,1930,224,2,3647.12
4908,1931,298,1,3218.49
4909,1931,238,3,630.17
4910,1931,3,3,1677.12
4911,1932,149,2,2154.07
4912,1932,404,3,150.04
4913,1932,377,1,3597.78
4914,1933,169,3,880.49
4915,1934,251,2,3915.95
4916,1935,74,2,1973.37
4917,1935,298,3,3218.49
4918,1935,485,1,4081.95
4919,1936,301,1,4168.19
4920,1937,50,1,2270.55
4921,1937,61,2,2178.52
4922,1937,184,1,2905.79
4923,1938,316,1,2102.99
4924,1938,294,3,2795.41
4925,1938,362,3,1624.65
4926,1938,213,1,3857.96
4927,1939,169,1,880.49
4928,1940,191,1,3708.02
4929,1940,82,3,3783.42
4930,1940,358,1,2403.81
4931,1941,339,3,1108.56
4932,1941,407,1,3036.5
4933,1942,258,1,4081.88
4934,1942,429,2,1306.05
4935,1942,281,3,1515.32
4936,1943,326,2,455.8
4937,1943,156,3,2651.9
4938,1943,121,1,4153.29
4939,1943,180,3,2902.02
4940,1944,255,2,2378.53
4941,1944,208,3,3457.4
4942,1944,90,3,1745.77
4943,1945,306,1,1851.66
4944,1945,187,1,365.39
4945,1946,60,2,620.69
4946,1947,419,2,1528.88
4947,1947,167,3,2209.59
4948,1948,428,3,552.35
4949,1948,93,3,2774.78
4950,1948,238,3,630.17
4951,1948,229,3,1406.29
4952,1949,206,1,1966.12
4953,1949,21,1,3835.03
4954,1950,142,1,299.37
4955,1950,273,1,1277.66
4956,1950,301,2,4168.19
4957,1950,10,2,4274.14
4958,1951,362,3,1624.65
4959,1952,61,1,2178.52
4960,1952,429,2,1306.05
4961,1952,279,1,3105.03
4962,1952,222,1,3177.67
4963,1953,189,3,2132.86
4964,1953,491,2,3649.59
4965,1954,339,3,1108.56
4966,1954,375,1,3752.59
4967,1954,187,1,365.39
4968,1955,378,3,741.47
4969,1955,407,2,3036.5
4970,1955,181,2,2982.07
4971,1956,228,3,2870.8
4972,1956,254,1,3343.06
4973,1956,307,1,3718.26
4974,1957,403,3,2366.57
4975,1957,230,3,2563.86
4976,1958,10,2,4274.14
4977,1958,363,2,2258.97
4978,1959,211,2,2701.14
4979,1959,498,2,3532.25
4980,1959,74,3,1973.37
4981,1959,227,1,3377.17
4982,1960,200,1,2091.31
4983,1961,496,2,4100.09
4984,1961,272,1,1631.43
4985,1961,293,1,635.38
4986,1962,338,1,3643.17
4987,1962,476,1,1690.17
4988,1962,494,1,2790.3
4989,1963,104,3,2381.72
4990,1963,195,3,500.45
4991,1964,32,1,2748.32
4992,1964,4,2,1818.67
4993,1964,469,2,2739.71
4994,1964,264,2,3909.98
4995,1965,67,3,882.83
4996,1966,4,2,1818.67
4997,1966,352,2,1486.56
4998,1967,463,3,736.49
4999,1967,55,1,2242.36
5000,1967,380,3,4178.67
5001,1967,60,3,620.69
5002,1968,296,3,166.08
5003,1968,453,1,2643.14
5004,1968,441,2,2520.14
5005,1968,433,1,1833.63
5006,1969,357,1,308.92
5007,1969,202,1,2295.88
5008,1969,479,1,2118.97
5009,1970,384,3,344.65
5010,1970,277,2,660.81
5011,1970,452,1,3244.17
5012,1970,266,3,493.24
5013,1971,376,3,4154.14
5014,1971,330,3,245.38
5015,1971,494,3,2790.3
5016,1972,263,2,1652.98
5017,1972,334,1,3470.41
5018,1972,54,3,4144.84
5019,1972,280,2,729.73
5020,1973,357,3,308.92
5021,1973,125,1,1995.12
5022,1973,27,3,3030.0
5023,1973,365,1,1085.61
5024,1974,122,3,1383.27
5025,1974,255,3,2378.53
5026,1974,301,3,4168.19
5027,1974,146,3,3481.95
5028,1975,401,2,3107.38
5029,1975,142,3,299.37
5030,1975,161,3,317.23
5031,1976,446,2,4069.49
5032,1976,410,1,1608.92
5033,1976,159,1,3480.05
5034,1977,207,1,1121.22
5035,1977,298,3,3218.49
5036,1977,464,2,608.69
5037,1977,425,1,1198.33
5038,1978,328,2,3284.59
5039,1978,395,3,896.44
5040,1978,475,1,4403.14
5041,1978,176,2,1112.6
5042,1979,426,3,3163.29
5043,1979,182,2,844.94
5044,1979,291,1,4205.27
5045,1979,56,3,4313.07
5046,1980,128,3,1116.05
5047,1980,175,3,2807.82
5048,1980,297,1,646.69
5049,1981,489,3,1208.97
5050,1981,321,3,1799.15
5051,1981,327,3,1665.1
5052,1982,237,3,1823.45
5053,1983,187,2,365.39
5054,1983,260,3,2799.94
5055,1983,438,1,1100.89
5056,1983,161,3,317.23
5057,1984,169,3,880.49
5058,1984,214,1,3709.4
5059,1984,341,2,2720.45
5060,1984,409,2,2540.33
5061,1985,422,3,2133.83
5062,1985,112,1,4364.46
5063,1985,157,2,89.74
5064,1986,30,3,3742.45
5065,1986,227,3,3377.17
5066,1987,413,3,4020.48
5067,1988,239,3,931.58
5068,1988,491,3,3649.59
5069,1988,199,1,3459.96
5070,1988,49,2,4264.68
5071,1989,329,3,4276.4
5072,1990,252,3,1577.56
5073,1991,199,1,3459.96
5074,1991,299,1,2236.93
5075,1992,102,3,1816.85
5076,1992,367,3,3595.46
5077,1993,145,1,4386.96
5078,1993,7,2,2620.55
5079,1993,121,3,4153.29
5080,1994,67,2,882.83
5081,1994,489,3,1208.97
5082,1994,284,1,3113.97
5083,1995,115,1,2897.05
5084,1995,45,3,1154.75
5085,1996,162,1,3170.91
5086,1996,101,2,3168.1
5087,1996,82,3,3783.42
5088,1996,235,3,1545.95
5089,1997,415,3,274.53
5090,1997,61,2,2178.52
5091,1997,146,1,3481.95
5092,1998,305,1,3907.15
5093,1998,354,1,1353.11
5094,1998,28,1,2353.96
5095,1999,138,2,451.38
5096,1999,247,1,2823.16
5097,2000,218,2,1161.86
5098,2000,406,1,1325.22
5099,2000,314,3,4333.54
5100,2001,364,2,2241.64
5101,2001,183,2,2209.9
5102,2002,356,1,2384.68
5103,2002,232,1,4488.28
5104,2002,22,1,1322.73
5105,2003,59,1,1297.19
5106,2003,241,2,2382.9
5107,2003,129,2,3643.71
5108,2003,38,2,2556.1
5109,2004,289,2,3285.5
5110,2004,141,2,1519.61
5111,2004,410,1,1608.92
5112,2005,56,3,4313.07
5113,2005,283,1,3610.47
5114,2006,490,3,802.4
5115,2007,245,3,2692.75
5116,2007,347,1,1905.46
5117,2008,167,2,2209.59
5118,2008,16,1,1220.76
5119,2008,225,1,4152.33
5120,2008,377,1,3597.78
5121,2009,465,3,119.9
5122,2009,278,1,4324.7
5123,2010,187,2,365.39
5124,2011,146,3,3481.95
5125,2011,215,2,2525.64
5126,2011,286,1,2970.23
5127,2012,480,2,443.59
5128,2013,190,2,2533.19
5129,2013,166,3,1643.85
5130,2013,416,2,1947.77
5131,2014,65,2,3049.76
5132,2015,362,2,1624.65
5133,2015,171,1,4119.41
5134,2016,256,3,2822.54
5135,2016,250,3,1131.56
5136,2016,394,2,3605.66
5137,2016,276,1,725.1
5138,2017,331,2,2566.44
5139,2017,71,2,1294.35
5140,2018,296,3,166.08
5141,2018,371,1,1303.24
5142,2019,348,1,1315.49
5143,2019,422,1,2133.83
5144,2019,211,3,2701.14
5145,2020,356,1,2384.68
5146,2020,380,2,4178.67
5147,2021,370,1,994.9
5148,2021,339,2,1108.56
5149,2021,420,3,3651.38
5150,2021,428,1,552.35
5151,2022,485,1,4081.95
5152,2022,352,1,1486.56
5153,2023,289,2,3285.5
5154,2024,486,1,1923.52
5155,2024,173,2,2460.15
5156,2024,347,1,1905.46
5157,2025,396,3,3938.76
5158,2025,311,2,2083.21
5159,2025,20,1,2899.3
5160,2025,222,3,3177.67
5161,2026,490,2,802.4
5162,2027,89,1,3497.61
5163,2028,107,3,1150.91
5164,2029,130,3,2935.63
5165,2029,159,1,3480.05
5166,2030,224,1,3647.12
5167,2030,307,1,3718.26
5168,2030,244,2,1675.44
5169,2030,458,1,1096.82
5170,2031,283,3,3610.47
5171,2032,352,3,1486.56
5172,2032,122,1,1383.27
5173,2033,380,3,4178.67
5174,2034,296,2,166.08
5175,2034,471,3,1761.98
5176,2035,58,2,3916.02
5177,2035,2,1,1212.8
5178,2036,246,1,803.19
5179,2037,89,2,3497.61
5180,2037,471,1,1761.98
5181,2038,460,3,1747.96
5182,2039,453,3,2643.14
5183,2039,75,1,3610.17
5184,2040,228,2,2870.8
5185,2040,384,1,344.65
5186,2040,144,2,3686.77
5187,2040,94,2,402.05
5188,2041,252,3,1577.56
5189,2041,377,2,3597.78
5190,2041,278,1,4324.7
5191,2042,32,1,2748.32
5192,2042,205,1,3809.6
5193,2043,355,3,3874.37
5194,2043,339,3,1108.56
5195,2044,492,1,2207.18
5196,2045,216,3,469.58
5197,2045,500,3,4429.12
5198,2046,462,2,1761.45
5199,2047,213,2,3857.96
5200,2047,361,3,1205.49
5201,2047,215,3,2525.64
5202,2048,71,2,1294.35
5203,2048,380,2,4178.67
5204,2048,452,2,3244.17
5205,2049,433,3,1833.63
5206,2050,420,3,3651.38
5207,2050,355,2,3874.37
5208,2050,421,2,2576.66
5209,2050,10,2,4274.14
5210,2051,356,2,2384.68
5211,2051,322,2,846.01
5212,2052,186,1,268.43
5213,2052,237,2,1823.45
5214,2053,356,3,2384.68
5215,2053,129,3,3643.71
5216,2053,241,2,2382.9
5217,2053,254,1,3343.06
5218,2054,2,3,1212.8
5219,2054,415,2,274.53
5220,2054,357,2,308.92
5221,2054,358,2,2403.81
5222,2055,240,1,922.64
5223,2055,235,2,1545.95
5224,2055,398,1,3061.39
5225,2055,445,1,452.87
5226,2056,489,2,1208.97
5227,2056,472,1,2740.35
5228,2056,79,2,1385.15
5229,2056,280,3,729.73
5230,2057,408,3,1267.68
5231,2058,263,1,1652.98
5232,2058,408,2,1267.68
5233,2059,363,3,2258.97
5234,2060,132,1,657.98
5235,2060,62,2,1595.44
5236,2060,225,1,4152.33
5237,2060,14,2,3629.44
5238,2061,331,3,2566.44
5239,2062,18,3,2782.15
5240,2062,172,2,2413.56
5241,2062,199,3,3459.96
5242,2062,374,3,3273.57
5243,2063,407,1,3036.5
5244,2064,354,3,1353.11
5245,2065,194,3,4253.49
5246,2065,157,2,89.74
5247,2065,242,3,3506.63
5248,2065,497,1,2037.61
5249,2066,239,3,931.58
5250,2066,299,1,2236.93
5251,2067,451,1,1405.25
5252,2068,69,2,868.42
5253,2068,286,1,2970.23
5254,2068,351,2,4195.09
5255,2069,43,1,1073.19
5256,2069,430,1,616.9
5257,2069,205,3,3809.6
5258,2070,316,3,2102.99
5259,2071,285,2,1963.79
5260,2071,11,1,1832.5
5261,2071,268,3,4352.22
5262,2072,242,1,3506.63
5263,2073,249,2,3844.8
5264,2073,447,1,3419.0
5265,2073,460,1,1747.96
5266,2073,53,2,1634.32
5267,2074,333,1,278.33
5268,2074,53,2,1634.32
5269,2074,371,2,1303.24
5270,2074,486,1,1923.52
5271,2075,116,3,2193.35
5272,2075,218,3,1161.86
5273,2075,500,2,4429.12
5274,2076,306,1,1851.66
5275,2076,195,3,500.45
5276,2076,232,2,4488.28
5277,2076,359,2,3114.51
5278,2077,343,1,267.69
5279,2078,499,1,3607.21
5280,2078,35,3,1359.42
5281,2078,47,1,4194.71
5282,2079,347,2,1905.46
5283,2080,418,1,3162.18
5284,2081,285,3,1963.79
5285,2081,378,1,741.47
5286,2081,186,1,268.43
5287,2081,15,2,4170.08
5288,2082,77,2,648.4
5289,2083,290,3,4327.32
5290,2083,243,3,448.7
5291,2083,84,1,2530.84
5292,2084,17,1,218.01
5293,2084,42,3,3559.52
5294,2085,318,2,2112.93
5295,2085,462,2,1761.45
5296,2086,138,3,451.38
5297,2086,332,3,771.45
5298,2086,236,3,269.43
5299,2086,346,2,1523.44
5300,2087,445,2,452.87
5301,2087,307,2,3718.26
5302,2088,384,1,344.65
5303,2088,159,2,3480.05
5304,2088,131,1,1887.42
5305,2088,426,2,3163.29
5306,2089,343,1,267.69
5307,2089,333,2,278.33
5308,2089,85,1,138.27
5309,2090,146,3,3481.95
5310,2090,58,1,3916.02
5311,2090,179,2,735.89
5312,2090,399,2,212.66
5313,2091,482,3,2869.91
5314,2092,48,1,1022.62
5315,2092,462,1,1761.45
5316,2092,460,2,1747.96
5317,2093,445,2,452.87
5318,2093,228,2,2870.8
5319,2094,195,3,500.45
5320,2094,274,2,3960.11
5321,2094,59,1,1297.19
5322,2094,381,3,1382.08
5323,2095,176,1,1112.6
5324,2095,255,2,2378.53
5325,2095,393,2,4114.42
5326,2096,410,2,1608.92
5327,2097,316,3,2102.99
5328,2097,371,3,1303.24
5329,2097,201,1,792.3
5330,2098,140,1,4490.94
5331,2098,302,3,3353.53
5332,2098,314,1,4333.54
5333,2099,490,2,802.4
5334,2099,420,3,3651.38
5335,2100,88,3,1630.24
5336,2100,146,2,3481.95
5337,2100,377,2,3597.78
5338,2100,24,2,804.2
5339,2101,170,3,2134.36
5340,2101,14,3,3629.44
5341,2101,290,3,4327.32
5342,2102,108,1,612.53
5343,2102,94,2,402.05
5344,2102,133,1,2798.9
5345,2102,192,2,3715.21
5346,2103,50,1,2270.55
5347,2104,355,1,3874.37
5348,2105,410,1,1608.92
5349,2105,355,3,3874.37
5350,2105,442,2,1420.76
5351,2106,347,3,1905.46
5352,2106,218,3,1161.86
5353,2106,460,3,1747.96
5354,2106,262,3,1257.33
5355,2107,306,1,1851.66
5356,2107,114,1,2879.54
5357,2107,420,1,3651.38
5358,2108,424,1,1081.04
5359,2108,296,3,166.08
5360,2108,211,3,2701.14
5361,2109,27,3,3030.0
5362,2109,420,2,3651.38
5363,2110,334,3,3470.41
5364,2110,141,3,1519.61
5365,2111,450,1,1383.82
5366,2112,76,2,3635.22
5367,2112,337,2,2090.96
5368,2113,178,2,2382.11
5369,2113,316,3,2102.99
5370,2114,5,2,3537.86
5371,2114,172,2,2413.56
5372,2115,422,3,2133.83
5373,2115,295,2,1077.56
5374,2116,368,3,3608.06
5375,2117,496,2,4100.09
5376,2117,33,2,2608.33
5377,2118,312,2,2358.23
5378,2118,374,2,3273.57
5379,2118,277,2,660.81
5380,2119,3,1,1677.12
5381,2119,151,2,237.73
5382,2119,90,1,1745.77
5383,2119,299,2,2236.93
5384,2120,350,1,4350.01
5385,2120,243,1,448.7
5386,2120,407,2,3036.5
5387,2121,41,2,567.39
5388,2121,235,3,1545.95
5389,2121,94,1,402.05
5390,2121,256,2,2822.54
5391,2122,410,1,1608.92
5392,2122,74,2,1973.37
5393,2122,319,2,3265.78
5394,2123,318,3,2112.93
5395,2123,471,3,1761.98
5396,2123,258,2,4081.88
5397,2123,266,3,493.24
5398,2124,482,2,2869.91
5399,2124,241,2,2382.9
5400,2124,170,3,2134.36
5401,2124,151,2,237.73
5402,2125,389,1,1258.16
5403,2125,151,2,237.73
5404,2125,495,1,113.2
5405,2125,36,1,4307.36
5406,2126,370,3,994.9
5407,2126,480,3,443.59
5408,2127,213,1,3857.96
5409,2127,456,3,53.75
5410,2128,493,1,3838.93
5411,2128,309,3,2435.91
5412,2128,223,2,2698.78
5413,2129,340,3,2069.14
5414,2129,33,1,2608.33
5415,2129,358,2,2403.81
5416,2130,459,1,2832.2
5417,2130,128,1,1116.05
5418,2130,265,1,4410.08
5419,2130,309,2,2435.91
5420,2131,404,3,150.04
5421,2131,151,1,237.73
5422,2131,246,2,803.19
5423,2132,209,1,1652.04
5424,2132,61,2,2178.52
5425,2132,472,2,2740.35
5426,2133,70,1,3168.17
5427,2133,362,1,1624.65
5428,2133,68,2,2147.49
5429,2133,360,1,1327.98
5430,2134,172,1,2413.56
5431,2134,315,2,1821.28
5432,2134,130,1,2935.63
5433,2134,266,1,493.24
5434,2135,18,2,2782.15
5435,2135,68,3,2147.49
5436,2135,362,2,1624.65
5437,2135,67,1,882.83
5438,2136,28,2,2353.96
5439,2136,110,3,3895.87
5440,2137,414,3,628.83
5441,2137,454,3,1848.68
5442,2138,35,3,1359.42
5443,2138,275,1,4251.41
5444,2138,212,2,79.23
5445,2138,326,2,455.8
5446,2139,447,1,3419.0
5447,2139,448,1,2414.09
5448,2139,181,1,2982.07
5449,2139,215,1,2525.64
5450,2140,108,3,612.53
5451,2141,252,3,1577.56
5452,2142,286,2,2970.23
5453,2142,463,3,736.49
5454,2143,464,2,608.69
5455,2144,40,2,4039.53
5456,2144,164,2,3559.1
5457,2144,357,3,308.92
5458,2144,452,3,3244.17
5459,2145,263,1,1652.98
5460,2145,206,2,1966.12
5461,2145,193,2,3317.64
5462,2146,363,1,2258.97
5463,2146,427,3,2067.11
5464,2146,152,1,593.53
5465,2147,322,3,846.01
5466,2147,438,3,1100.89
5467,2148,174,1,2301.51
5468,2148,72,1,4407.76
5469,2149,222,2,3177.67
5470,2149,300,3,1056.92
5471,2149,22,2,1322.73
5472,2149,467,2,426.75
5473,2150,90,1,1745.77
5474,2150,275,3,4251.41
5475,2150,257,3,3159.46
5476,2151,230,2,2563.86
5477,2151,453,1,2643.14
5478,2151,19,1,4337.71
5479,2152,41,1,567.39
5480,2152,343,3,267.69
5481,2153,418,3,3162.18
5482,2153,316,3,2102.99
5483,2154,47,1,4194.71
5484,2154,406,1,1325.22
5485,2154,376,3,4154.14
5486,2154,387,1,883.84
5487,2155,107,2,1150.91
5488,2156,268,2,4352.22
5489,2156,224,3,3647.12
5490,2156,151,2,237.73
5491,2156,65,3,3049.76
5492,2157,70,3,3168.17
5493,2157,219,3,458.98
5494,2157,484,2,3514.45
5495,2157,278,1,4324.7
5496,2158,74,2,1973.37
5497,2158,271,1,748.67
5498,2158,237,3,1823.45
5499,2158,379,1,4036.88
5500,2159,4,2,1818.67
5501,2159,259,2,807.92
5502,2160,426,2,3163.29
5503,2160,138,1,451.38
5504,2161,209,1,1652.04
5505,2162,422,2,2133.83
5506,2162,114,3,2879.54
5507,2163,417,3,4016.18
5508,2163,446,3,4069.49
5509,2163,387,2,883.84
5510,2164,125,1,1995.12
5511,2164,176,1,1112.6
5512,2164,457,3,538.16
5513,2164,218,1,1161.86
5514,2165,256,1,2822.54
5515,2165,330,1,245.38
5516,2165,366,2,57.04
5517,2165,393,2,4114.42
5518,2166,174,2,2301.51
5519,2166,272,3,1631.43
5520,2167,112,2,4364.46
5521,2167,32,1,2748.32
5522,2167,483,3,2778.02
5523,2167,65,3,3049.76
5524,2168,88,2,1630.24
5525,2168,282,2,2953.5
5526,2169,160,3,456.74
5527,2170,404,1,150.04
5528,2170,131,3,1887.42
5529,2171,170,2,2134.36
5530,2171,176,2,1112.6
5531,2172,267,3,2415.44
5532,2172,310,3,3551.79
5533,2172,372,1,1386.26
5534,2172,405,3,4020.0
5535,2173,457,1,538.16
5536,2173,469,2,2739.71
5537,2173,235,1,1545.95
5538,2173,333,1,278.33
5539,2174,245,1,2692.75
5540,2174,498,2,3532.25
5541,2174,286,3,2970.23
5542,2174,276,2,725.1
5543,2175,205,2,3809.6
5544,2175,446,1,4069.49
5545,2175,331,3,2566.44
5546,2176,431,2,3595.57
5547,2176,403,3,2366.57
5548,2176,448,1,2414.09
5549,2176,176,2,1112.6
5550,2177,264,2,3909.98
5551,2177,344,3,1603.14
5552,2177,475,3,4403.14
5553,2178,256,1,2822.54
5554,2178,383,3,3100.45
5555,2178,117,1,2016.28
5556,2178,107,3,1150.91
5557,2179,494,3,2790.3
5558,2180,146,3,3481.95
5559,2180,279,2,3105.03
5560,2181,274,3,3960.11
5561,2181,239,2,931.58
5562,2181,471,1,1761.98
5563,2182,338,2,3643.17
5564,2183,123,3,2706.67
5565,2183,347,2,1905.46
5566,2184,299,3,2236.93
5567,2184,431,2,3595.57
5568,2184,304,1,3908.72
5569,2185,141,1,1519.61
5570,2185,17,3,218.01
5571,2185,250,3,1131.56
5572,2185,212,3,79.23
5573,2186,106,1,4195.57
5574,2186,31,3,1596.26
5575,2186,44,1,2348.44
5576,2187,441,1,2520.14
5577,2187,490,3,802.4
5578,2188,356,1,2384.68
5579,2189,370,3,994.9
5580,2189,485,2,4081.95
5581,2190,444,2,1506.97
5582,2191,279,1,3105.03
5583,2191,115,2,2897.05
5584,2192,282,3,2953.5
5585,2192,320,1,4223.4
5586,2192,28,1,2353.96
5587,2192,165,3,3312.69
5588,2193,485,1,4081.95
5589,2194,420,2,3651.38
5590,2194,112,2,4364.46
5591,2194,106,1,4195.57
5592,2195,207,1,1121.22
5593,2195,235,3,1545.95
5594,2195,11,3,1832.5
5595,2196,252,2,1577.56
5596,2196,85,1,138.27
5597,2196,262,2,1257.33
5598,2196,393,2,4114.42
5599,2197,312,3,2358.23
5600,2197,221,2,819.42
5601,2197,338,2,3643.17
5602,2198,181,2,2982.07
5603,2198,492,3,2207.18
5604,2198,254,2,3343.06
5605,2199,500,2,4429.12
5606,2199,189,2,2132.86
5607,2199,14,3,3629.44
5608,2200,353,2,3425.07
5609,2200,323,1,4036.29
5610,2201,227,1,3377.17
5611,2202,264,2,3909.98
5612,2202,187,1,365.39
5613,2202,449,3,2039.86
5614,2203,320,1,4223.4
5615,2203,177,3,4353.88
5616,2204,68,3,2147.49
5617,2204,379,2,4036.88
5618,2204,437,1,2574.09
5619,2205,483,2,2778.02
5620,2206,397,1,687.66
5621,2206,389,2,1258.16
5622,2207,50,3,2270.55
5623,2207,448,3,2414.09
5624,2207,35,3,1359.42
5625,2208,48,2,1022.62
5626,2208,154,2,1019.16
5627,2209,364,1,2241.64
5628,2209,152,1,593.53
5629,2209,164,1,3559.1
5630,2210,405,3,4020.0
5631,2211,243,2,448.7
5632,2211,323,3,4036.29
5633,2212,238,3,630.17
5634,2212,104,3,2381.72
5635,2212,14,3,3629.44
5636,2213,154,1,1019.16
5637,2213,487,1,1336.98
5638,2214,350,1,4350.01
5639,2214,440,3,558.74
5640,2214,124,1,1712.72
5641,2215,378,2,741.47
5642,2215,146,1,3481.95
5643,2216,299,2,2236.93
5644,2216,103,1,2490.53
5645,2217,330,1,245.38
5646,2217,428,3,552.35
5647,2217,407,2,3036.5
5648,2218,91,3,4306.85
5649,2219,422,3,2133.83
5650,2220,186,3,268.43
5651,2221,182,3,844.94
5652,2221,245,2,2692.75
5653,2222,363,1,2258.97
5654,2223,474,3,4173.21
5655,2223,419,2,1528.88
5656,2223,245,1,2692.75
5657,2224,410,3,1608.92
5658,2224,467,1,426.75
5659,2225,167,2,2209.59
5660,2225,155,1,1982.02
5661,2226,284,3,3113.97
5662,2227,489,1,1208.97
5663,2228,410,3,1608.92
5664,2228,155,3,1982.02
5665,2229,135,3,270.86
5666,2229,411,3,4247.59
5667,2230,243,1,448.7
5668,2230,36,3,4307.36
5669,2230,104,3,2381.72
5670,2231,355,2,3874.37
5671,2231,91,3,4306.85
5672,2231,457,2,538.16
5673,2231,237,1,1823.45
5674,2232,253,2,2052.77
5675,2232,123,1,2706.67
5676,2233,394,1,3605.66
5677,2234,14,1,3629.44
5678,2234,396,3,3938.76
5679,2235,453,3,2643.14
5680,2236,258,1,4081.88
5681,2236,43,1,1073.19
5682,2237,149,3,2154.07
5683,2238,287,3,1462.86
5684,2238,18,3,2782.15
5685,2238,84,3,2530.84
5686,2239,285,3,1963.79
5687,2240,297,2,646.69
5688,2241,155,1,1982.02
5689,2241,415,1,274.53
5690,2241,185,3,2389.91
5691,2241,81,1,317.16
5692,2242,263,1,1652.98
5693,2243,344,1,1603.14
5694,2244,165,3,3312.69
5695,2244,201,3,792.3
5696,2245,49,1,4264.68
5697,2245,227,1,3377.17
5698,2246,452,2,3244.17
5699,2246,442,1,1420.76
5700,2246,321,2,1799.15
5701,2246,205,3,3809.6
5702,2247,467,2,426.75
5703,2248,6,3,2537.97
5704,2249,354,3,1353.11
5705,2249,281,1,1515.32
5706,2250,455,3,327.73
5707,2251,149,1,2154.07
5708,2251,19,1,4337.71
5709,2251,165,1,3312.69
5710,2251,417,3,4016.18
5711,2252,401,1,3107.38
5712,2252,82,1,3783.42
5713,2253,488,3,3384.94
5714,2253,410,2,1608.92
5715,2253,135,2,270.86
5716,2254,491,2,3649.59
5717,2255,132,3,657.98
5718,2256,395,3,896.44
5719,2256,201,2,792.3
5720,2256,177,2,4353.88
5721,2256,30,2,3742.45
5722,2257,184,3,2905.79
5723,2257,363,2,2258.97
5724,2258,116,2,2193.35
5725,2258,39,3,4327.51
5726,2259,61,1,2178.52
5727,2259,202,1,2295.88
5728,2260,492,1,2207.18
5729,2260,329,1,4276.4
5730,2260,258,3,4081.88
5731,2260,373,3,556.57
5732,2261,162,3,3170.91
5733,2262,500,1,4429.12
5734,2262,434,3,1134.43
5735,2262,498,3,3532.25
5736,2262,16,2,1220.76
5737,2263,31,2,1596.26
5738,2263,218,2,1161.86
5739,2264,7,2,2620.55
5740,2265,207,2,1121.22
5741,2265,468,2,3877.68
5742,2265,306,3,1851.66
5743,2266,441,1,2520.14
5744,2266,367,1,3595.46
5745,2267,354,1,1353.11
5746,2267,237,1,1823.45
5747,2268,56,3,4313.07
5748,2268,381,1,1382.08
5749,2268,349,1,2697.61
5750,2268,163,3,2220.9
5751,2269,444,3,1506.97
5752,2269,468,1,3877.68
5753,2269,34,3,2302.76
5754,2269,141,2,1519.61
5755,2270,128,1,1116.05
5756,2270,94,2,402.05
5757,2271,433,2,1833.63
5758,2271,16,2,1220.76
5759,2272,151,3,237.73
5760,2272,147,3,4475.68
5761,2272,452,3,3244.17
5762,2272,357,3,308.92
5763,2273,320,3,4223.4
5764,2273,449,1,2039.86
5765,2274,240,3,922.64
5766,2274,172,3,2413.56
5767,2275,431,3,3595.57
5768,2276,96,2,2743.96
5769,2276,73,3,3257.63
5770,2276,269,3,145.62
5771,2276,436,1,2679.82
5772,2277,282,3,2953.5
5773,2277,485,2,4081.95
5774,2277,173,2,2460.15
5775,2278,446,3,4069.49
5776,2278,58,1,3916.02
5777,2278,109,3,177.14
5778,2279,401,2,3107.38
5779,2279,13,3,765.28
5780,2279,494,1,2790.3
5781,2279,110,1,3895.87
5782,2280,254,1,3343.06
5783,2280,278,3,4324.7
5784,2280,288,3,576.82
5785,2280,466,2,2977.77
5786,2281,203,3,4493.03
5787,2281,450,3,1383.82
5788,2282,75,1,3610.17
5789,2282,488,3,3384.94
5790,2283,17,2,218.01
5791,2284,211,2,2701.14
5792,2284,131,2,1887.42
5793,2285,212,2,79.23
5794,2285,216,3,469.58
5795,2285,461,2,821.67
5796,2286,484,2,3514.45
5797,2286,365,1,1085.61
5798,2286,137,2,3232.62
5799,2286,51,1,1127.15
5800,2287,20,1,2899.3
5801,2287,205,1,3809.6
5802,2288,171,3,4119.41
5803,2288,177,2,4353.88
5804,2288,456,2,53.75
5805,2288,87,2,2941.9
5806,2289,63,2,2084.52
5807,2290,263,3,1652.98
5808,2290,155,1,1982.02
5809,2290,3,1,1677.12
5810,2291,130,2,2935.63
5811,2291,410,2,1608.92
5812,2291,41,1,567.39
5813,2292,362,2,1624.65
5814,2293,360,1,1327.98
5815,2293,195,1,500.45
5816,2294,276,2,725.1
5817,2294,196,2,893.1
5818,2294,61,1,2178.52
5819,2294,53,1,1634.32
5820,2295,39,1,4327.51
5821,2295,46,2,3382.11
5822,2295,265,3,4410.08
5823,2295,312,3,2358.23
5824,2296,401,2,3107.38
5825,2297,174,2,2301.51
5826,2297,364,2,2241.64
5827,2297,323,2,4036.29
5828,2298,90,3,1745.77
5829,2298,380,1,4178.67
5830,2298,204,2,4066.06
5831,2299,474,1,4173.21
5832,2299,435,2,1757.98
5833,2299,483,2,2778.02
5834,2300,137,1,3232.62
5835,2301,149,3,2154.07
5836,2301,450,2,1383.82
5837,2302,144,3,3686.77
5838,2302,174,2,2301.51
5839,2302,434,3,1134.43
5840,2303,404,1,150.04
5841,2303,218,1,1161.86
5842,2303,15,1,4170.08
5843,2303,5,1,3537.86
5844,2304,330,1,245.38
5845,2304,71,1,1294.35
5846,2304,78,3,2350.68
5847,2304,255,2,2378.53
5848,2305,465,3,119.9
5849,2305,137,1,3232.62
5850,2305,352,3,1486.56
5851,2305,65,3,3049.76
5852,2306,381,2,1382.08
5853,2306,447,3,3419.0
5854,2306,412,1,1139.47
5855,2306,107,3,1150.91
5856,2307,337,1,2090.96
5857,2307,403,3,2366.57
5858,2307,448,2,2414.09
5859,2308,11,2,1832.5
5860,2308,405,1,4020.0
5861,2308,300,3,1056.92
5862,2308,100,3,3288.59
5863,2309,209,3,1652.04
5864,2310,17,1,218.01
5865,2310,279,1,3105.03
5866,2310,59,2,1297.19
5867,2311,439,1,3340.18
5868,2311,457,1,538.16
5869,2311,386,2,3798.71
5870,2312,288,3,576.82
5871,2312,140,2,4490.94
5872,2312,97,2,3525.33
5873,2313,8,3,3324.23
5874,2314,89,3,3497.61
5875,2314,415,2,274.53
5876,2314,250,3,1131.56
5877,2314,476,3,1690.17
5878,2315,449,2,2039.86
5879,2315,364,1,2241.64
5880,2315,64,3,2097.31
5881,2316,131,3,1887.42
5882,2316,146,2,3481.95
5883,2316,314,2,4333.54
5884,2317,151,1,237.73
5885,2317,71,3,1294.35
5886,2317,428,3,552.35
5887,2318,432,2,365.61
5888,2318,357,2,308.92
5889,2318,358,1,2403.81
5890,2318,497,2,2037.61
5891,2319,87,1,2941.9
5892,2319,257,1,3159.46
5893,2319,4,2,1818.67
5894,2320,332,2,771.45
5895,2321,139,2,1571.51
5896,2321,157,3,89.74
5897,2322,357,3,308.92
5898,2322,385,1,1559.23
5899,2322,164,1,3559.1
5900,2323,346,2,1523.44
5901,2323,61,3,2178.52
5902,2323,418,1,3162.18
5903,2324,422,2,2133.83
5904,2324,84,2,2530.84
5905,2325,368,3,3608.06
5906,2325,47,1,4194.71
5907,2325,352,1,1486.56
5908,2325,490,1,802.4
5909,2326,7,1,2620.55
5910,2326,239,1,931.58
5911,2326,285,3,1963.79
5912,2326,495,3,113.2
5913,2327,326,2,455.8
5914,2327,336,2,65.72
5915,2327,173,1,2460.15
5916,2328,21,2,3835.03
5917,2328,439,3,3340.18
5918,2329,287,3,1462.86
5919,2329,145,2,4386.96
5920,2329,47,1,4194.71
5921,2330,161,2,317.23
5922,2330,366,1,57.04
5923,2331,328,2,3284.59
5924,2331,110,1,3895.87
5925,2332,366,3,57.04
5926,2332,184,2,2905.79
5927,2332,441,3,2520.14
5928,2332,208,3,3457.4
5929,2333,338,1,3643.17
5930,2334,471,1,1761.98
5931,2335,454,3,1848.68
5932,2335,167,2,2209.59
5933,2335,194,3,4253.49
5934,2335,141,2,1519.61
5935,2336,424,1,1081.04
5936,2337,266,3,493.24
5937,2337,287,3,1462.86
5938,2337,67,1,882.83
5939,2338,492,3,2207.18
5940,2338,20,3,2899.3
5941,2338,346,2,1523.44
5942,2338,456,1,53.75
5943,2339,250,3,1131.56
5944,2340,60,2,620.69
5945,2341,39,2,4327.51
5946,2342,132,3,657.98
5947,2342,131,1,1887.42
5948,2342,196,1,893.1
5949,2342,365,3,1085.61
5950,2343,31,3,1596.26
5951,2343,389,2,1258.16
5952,2344,410,3,1608.92
5953,2344,156,2,2651.9
5954,2344,89,2,3497.61
5955,2345,492,3,2207.18
5956,2345,375,3,3752.59
5957,2346,497,1,2037.61
5958,2346,364,2,2241.64
5959,2346,95,3,1460.11
5960,2347,497,3,2037.61
5961,2347,150,2,4216.16
5962,2347,287,2,1462.86
5963,2347,346,1,1523.44
5964,2348,241,3,2382.9
5965,2349,324,1,1162.87
5966,2350,125,1,1995.12
5967,2350,89,1,3497.61
5968,2350,172,1,2413.56
5969,2351,282,1,2953.5
5970,2352,208,3,3457.4
5971,2352,248,3,938.6
5972,2353,315,2,1821.28
5973,2354,211,3,2701.14
5974,2354,373,2,556.57
5975,2354,10,2,4274.14
5976,2354,76,3,3635.22
5977,2355,282,3,2953.5
5978,2355,111,3,4210.12
5979,2356,236,2,269.43
5980,2356,33,2,2608.33
5981,2356,210,3,50.87
5982,2357,500,3,4429.12
5983,2357,56,1,4313.07
5984,2358,97,3,3525.33
5985,2359,5,3,3537.86
5986,2359,426,1,3163.29
5987,2359,388,2,3188.43
5988,2359,384,1,344.65
5989,2360,250,1,1131.56
5990,2360,267,3,2415.44
5991,2361,471,2,1761.98
5992,2361,366,3,57.04
5993,2361,361,1,1205.49
5994,2361,392,1,1715.26
5995,2362,256,3,2822.54
5996,2363,293,3,635.38
5997,2364,140,2,4490.94
5998,2364,259,3,807.92
5999,2365,345,3,3018.13
6000,2365,356,2,2384.68
6001,2366,370,2,994.9
6002,2366,156,3,2651.9
6003,2366,277,1,660.81
6004,2366,226,3,1903.52
6005,2367,178,2,2382.11
6006,2367,31,3,1596.26
6007,2367,437,2,2574.09
6008,2367,244,2,1675.44
6009,2368,163,2,2220.9
6010,2368,227,2,3377.17
6011,2368,69,2,868.42
6012,2368,219,3,458.98
6013,2369,46,3,3382.11
6014,2369,396,1,3938.76
6015,2369,307,3,3718.26
6016,2370,229,3,1406.29
6017,2371,256,2,2822.54
6018,2371,245,1,2692.75
6019,2371,296,1,166.08
6020,2372,158,1,2164.95
6021,2372,171,1,4119.41
6022,2373,96,2,2743.96
6023,2374,204,1,4066.06
6024,2374,314,1,4333.54
6025,2375,65,3,3049.76
6026,2375,433,2,1833.63
6027,2376,177,2,4353.88
6028,2376,88,2,1630.24
6029,2376,488,1,3384.94
6030,2377,6,3,2537.97
6031,2377,314,1,4333.54
6032,2378,386,1,3798.71
6033,2378,397,3,687.66
6034,2378,420,2,3651.38
6035,2378,133,1,2798.9
6036,2379,45,2,1154.75
6037,2379,222,1,3177.67
6038,2379,264,3,3909.98
6039,2380,140,2,4490.94
6040,2380,239,3,931.58
6041,2381,189,3,2132.86
6042,2381,63,3,2084.52
6043,2381,65,1,3049.76
6044,2381,176,2,1112.6
6045,2382,32,3,2748.32
6046,2383,431,1,3595.57
6047,2383,430,2,616.9
6048,2383,451,3,1405.25
6049,2384,308,1,2771.2
6050,2384,477,2,406.28
6051,2384,107,2,1150.91
6052,2384,100,1,3288.59
6053,2385,133,1,2798.9
6054,2385,67,3,882.83
6055,2386,357,3,308.92
6056,2386,205,1,3809.6
6057,2386,82,2,3783.42
6058,2387,459,1,2832.2
6059,2387,403,2,2366.57
6060,2388,96,3,2743.96
6061,2388,173,1,2460.15
6062,2389,19,1,4337.71
6063,2390,368,3,3608.06
6064,2390,242,3,3506.63
6065,2391,4,3,1818.67
6066,2392,73,2,3257.63
6067,2392,336,1,65.72
6068,2392,107,1,1150.91
6069,2393,6,1,2537.97
6070,2393,137,1,3232.62
6071,2393,102,3,1816.85
6072,2393,98,1,2661.79
6073,2394,274,2,3960.11
6074,2394,144,2,3686.77
6075,2395,66,2,1498.19
6076,2396,457,1,538.16
6077,2396,281,2,1515.32
6078,2396,321,2,1799.15
6079,2396,473,1,1103.54
6080,2397,52,3,952.31
6081,2397,304,3,3908.72
6082,2397,269,3,145.62
6083,2397,411,2,4247.59
6084,2398,245,2,2692.75
6085,2399,277,3,660.81
6086,2399,9,2,579.93
6087,2399,458,2,1096.82
6088,2399,335,2,854.1
6089,2400,158,3,2164.95
6090,2400,155,1,1982.02
6091,2400,373,1,556.57
6092,2401,251,3,3915.95
6093,2401,341,1,2720.45
6094,2401,357,2,308.92
6095,2402,223,1,2698.78
6096,2402,149,2,2154.07
6097,2403,366,3,57.04
6098,2403,75,2,3610.17
6099,2404,332,3,771.45
6100,2404,497,2,2037.61
6101,2405,316,3,2102.99
6102,2405,105,1,1217.91
6103,2405,135,3,270.86
6104,2406,326,3,455.8
6105,2406,412,1,1139.47
6106,2407,309,3,2435.91
6107,2407,234,3,1339.53
6108,2408,468,3,3877.68
6109,2408,470,1,2072.05
6110,2408,347,3,1905.46
6111,2408,345,1,3018.13
6112,2409,356,2,2384.68
6113,2410,122,1,1383.27
6114,2411,305,3,3907.15
6115,2412,388,3,3188.43
6116,2412,298,2,3218.49
6117,2412,423,2,2917.66
6118,2413,400,3,565.47
6119,2413,42,3,3559.52
6120,2413,349,1,2697.61
6121,2414,170,2,2134.36
6122,2414,6,2,2537.97
6123,2415,449,3,2039.86
6124,2415,467,2,426.75
6125,2415,378,3,741.47
6126,2415,333,3,278.33
6127,2416,207,3,1121.22
6128,2417,115,2,2897.05
6129,2417,153,1,934.32
6130,2417,254,2,3343.06
6131,2417,214,3,3709.4
6132,2418,127,2,1031.64
6133,2418,73,3,3257.63
6134,2418,287,3,1462.86
6135,2418,299,1,2236.93
6136,2419,119,3,3678.44
6137,2420,95,2,1460.11
6138,2420,159,2,3480.05
6139,2420,76,1,3635.22
6140,2421,53,2,1634.32
6141,2421,167,3,2209.59
6142,2422,124,2,1712.72
6143,2422,465,1,119.9
6144,2422,347,3,1905.46
6145,2422,227,3,3377.17
6146,2423,117,3,2016.28
6147,2423,306,2,1851.66
6148,2423,310,3,3551.79
6149,2423,132,2,657.98
6150,2424,103,3,2490.53
6151,2425,165,2,3312.69
6152,2425,404,2,150.04
6153,2425,381,2,1382.08
6154,2426,399,1,212.66
6155,2426,340,1,2069.14
6156,2426,335,2,854.1
6157,2426,189,1,2132.86
6158,2427,112,3,4364.46
6159,2427,17,1,218.01
6160,2427,28,1,2353.96
6161,2427,77,3,648.4
6162,2428,377,2,3597.78
6163,2428,414,1,628.83
6164,2429,344,3,1603.14
6165,2429,193,1,3317.64
6166,2429,114,2,2879.54
6167,2429,350,3,4350.01
6168,2430,337,3,2090.96
6169,2430,407,3,3036.5
6170,2430,237,1,1823.45
6171,2430,105,1,1217.91
6172,2431,146,3,3481.95
6173,2431,471,2,1761.98
6174,2432,289,1,3285.5
6175,2432,110,2,3895.87
6176,2432,307,3,3718.26
6177,2433,3,1,1677.12
6178,2433,409,1,2540.33
6179,2433,50,3,2270.55
6180,2433,298,1,3218.49
6181,2434,281,2,1515.32
6182,2434,266,3,493.24
6183,2434,221,3,819.42
6184,2435,383,2,3100.45
6185,2436,500,3,4429.12
6186,2436,440,1,558.74
6187,2437,159,2,3480.05
6188,2437,156,3,2651.9
6189,2437,474,3,4173.21
6190,2437,387,3,883.84
6191,2438,341,3,2720.45
6192,2438,241,2,2382.9
6193,2439,323,1,4036.29
6194,2439,481,2,3003.63
6195,2439,144,2,3686.77
6196,2440,403,3,2366.57
6197,2441,307,1,3718.26
6198,2442,50,3,2270.55
6199,2442,471,3,1761.98
6200,2442,213,3,3857.96
6201,2442,150,2,4216.16
6202,2443,8,2,3324.23
6203,2444,385,1,1559.23
6204,2444,252,3,1577.56
6205,2444,418,2,3162.18
6206,2445,223,2,2698.78
6207,2445,493,2,3838.93
6208,2445,295,2,1077.56
6209,2445,428,1,552.35
6210,2446,277,3,660.81
6211,2446,226,1,1903.52
6212,2447,67,3,882.83
6213,2447,257,1,3159.46
6214,2447,484,3,3514.45
6215,2448,200,1,2091.31
6216,2448,224,3,3647.12
6217,2448,177,1,4353.88
6218,2449,278,3,4324.7
6219,2449,410,2,1608.92
6220,2449,458,2,1096.82
6221,2449,156,1,2651.9
6222,2450,228,1,2870.8
6223,2450,141,2,1519.61
6224,2451,23,2,2321.94
6225,2451,311,3,2083.21
6226,2451,420,2,3651.38
6227,2452,258,2,4081.88
6228,2452,21,1,3835.03
6229,2453,30,1,3742.45
6230,2453,77,3,648.4
6231,2453,123,3,2706.67
6232,2454,144,3,3686.77
6233,2454,202,1,2295.88
6234,2454,411,2,4247.59
6235,2454,312,1,2358.23
6236,2455,397,2,687.66
6237,2455,448,2,2414.09
6238,2455,119,3,3678.44
6239,2456,305,1,3907.15
6240,2456,169,1,880.49
6241,2456,91,3,4306.85
6242,2456,58,2,3916.02
6243,2457,17,2,218.01
6244,2457,422,1,2133.83
6245,2457,121,1,4153.29
6246,2457,259,3,807.92
6247,2458,108,2,612.53
6248,2459,215,2,2525.64
6249,2459,319,2,3265.78
6250,2459,149,1,2154.07
6251,2460,301,1,4168.19
6252,2460,411,2,4247.59
6253,2460,31,2,1596.26
6254,2461,226,2,1903.52
6255,2461,142,3,299.37
6256,2461,236,3,269.43
6257,2462,337,3,2090.96
6258,2463,219,1,458.98
6259,2464,91,2,4306.85
6260,2464,60,1,620.69
6261,2465,373,3,556.57
6262,2465,295,2,1077.56
6263,2466,180,2,2902.02
6264,2466,283,3,3610.47
6265,2466,404,3,150.04
6266,2467,327,3,1665.1
6267,2468,22,2,1322.73
6268,2469,161,3,317.23
6269,2470,111,1,4210.12
6270,2470,191,3,3708.02
6271,2471,366,1,57.04
6272,2471,367,1,3595.46
6273,2471,339,1,1108.56
6274,2471,206,3,1966.12
6275,2472,162,1,3170.91
6276,2472,384,1,344.65
6277,2472,1,3,738.76
6278,2473,403,1,2366.57
6279,2473,438,3,1100.89
6280,2473,247,1,2823.16
6281,2474,449,1,2039.86
6282,2475,95,2,1460.11
6283,2476,439,3,3340.18
6284,2476,239,1,931.58
6285,2476,49,2,4264.68
6286,2477,198,3,3383.91
6287,2478,307,2,3718.26
6288,2479,98,2,2661.79
6289,2480,19,2,4337.71
6290,2480,450,1,1383.82
6291,2480,183,3,2209.9
6292,2481,344,3,1603.14
6293,2482,427,3,2067.11
6294,2482,476,2,1690.17
6295,2483,42,3,3559.52
6296,2483,257,2,3159.46
6297,2483,222,1,3177.67
6298,2483,408,2,1267.68
6299,2484,275,1,4251.41
6300,2485,313,3,224.67
6301,2485,486,1,1923.52
6302,2485,76,3,3635.22
6303,2486,385,3,1559.23
6304,2486,428,3,552.35
6305,2487,9,3,579.93
6306,2487,252,1,1577.56
6307,2487,471,3,1761.98
6308,2488,43,1,1073.19
6309,2488,79,1,1385.15
6310,2488,493,1,3838.93
6311,2488,303,1,344.31
6312,2489,144,2,3686.77
6313,2489,296,1,166.08
6314,2490,22,2,1322.73
6315,2490,289,1,3285.5
6316,2491,484,1,3514.45
6317,2492,447,2,3419.0
6318,2492,347,2,1905.46
6319,2492,38,2,2556.1
6320,2492,480,3,443.59
6321,2493,198,2,3383.91
6322,2493,80,2,262.31
6323,2493,367,3,3595.46
6324,2494,199,2,3459.96
6325,2495,35,3,1359.42
6326,2496,464,3,608.69
6327,2496,213,1,3857.96
6328,2497,333,1,278.33
6329,2498,199,3,3459.96
6330,2499,483,2,2778.02
6331,2499,38,2,2556.1
6332,2499,220,3,3317.48
6333,2500,87,1,2941.9
6334,2501,284,2,3113.97
6335,2502,426,3,3163.29
6336,2503,278,1,4324.7
6337,2504,342,3,1287.6
6338,2505,443,3,533.91
6339,2505,343,3,267.69
6340,2506,448,3,2414.09
6341,2506,348,3,1315.49
6342,2507,101,1,3168.1
6343,2507,31,2,1596.26
6344,2508,299,3,2236.93
6345,2508,448,2,2414.09
6346,2508,382,3,2520.54
6347,2509,31,1,1596.26
6348,2509,220,1,3317.48
6349,2510,405,2,4020.0
6350,2511,308,3,2771.2
6351,2511,221,3,819.42
6352,2511,285,3,1963.79
6353,2512,434,1,1134.43
6354,2513,325,2,3594.36
6355,2513,56,3,4313.07
6356,2513,293,1,635.38
6357,2513,391,2,1011.82
6358,2514,16,1,1220.76
6359,2514,177,1,4353.88
6360,2514,84,1,2530.84
6361,2515,432,1,365.61
6362,2516,4,2,1818.67
6363,2516,266,1,493.24
6364,2516,63,3,2084.52
6365,2516,208,3,3457.4
6366,2517,130,2,2935.63
6367,2518,430,3,616.9
6368,2518,22,1,1322.73
6369,2518,449,3,2039.86
6370,2518,278,3,4324.7
6371,2519,465,3,119.9
6372,2519,53,1,1634.32
6373,2519,132,2,657.98
6374,2519,20,2,2899.3
6375,2520,135,2,270.86
6376,2520,144,1,3686.77
6377,2520,290,2,4327.32
6378,2521,303,3,344.31
6379,2522,425,3,1198.33
6380,2522,466,1,2977.77
6381,2522,467,2,426.75
6382,2523,355,2,3874.37
6383,2523,484,2,3514.45
6384,2524,204,3,4066.06
6385,2524,222,1,3177.67
6386,2524,305,3,3907.15
6387,2525,293,2,635.38
6388,2525,335,2,854.1
6389,2525,21,1,3835.03
6390,2526,41,3,567.39
6391,2526,157,3,89.74
6392,2526,74,3,1973.37
6393,2527,149,3,2154.07
6394,2528,233,3,2609.88
6395,2528,477,2,406.28
6396,2528,441,2,2520.14
6397,2529,162,1,3170.91
6398,2529,435,3,1757.98
6399,2530,233,2,2609.88
6400,2530,208,3,3457.4
6401,2530,386,1,3798.71
6402,2531,100,2,3288.59
6403,2531,23,2,2321.94
6404,2531,50,2,2270.55
6405,2532,269,2,145.62
6406,2532,323,1,4036.29
6407,2533,151,3,237.73
6408,2533,345,2,3018.13
6409,2533,365,3,1085.61
6410,2533,193,1,3317.64
6411,2534,495,3,113.2
6412,2534,401,2,3107.38
6413,2535,312,2,2358.23
6414,2535,413,2,4020.48
6415,2536,62,2,1595.44
6416,2537,71,2,1294.35
6417,2537,394,2,3605.66
6418,2537,369,1,252.44
6419,2537,277,1,660.81
6420,2538,306,2,1851.66
6421,2538,268,2,4352.22
6422,2538,66,3,1498.19
6423,2539,248,2,938.6
6424,2539,334,2,3470.41
6425,2539,24,2,804.2
6426,2539,64,1,2097.31
6427,2540,382,2,2520.54
6428,2540,252,1,1577.56
6429,2540,421,1,2576.66
6430,2540,351,1,4195.09
6431,2541,421,1,2576.66
6432,2541,479,1,2118.97
6433,2541,255,1,2378.53
6434,2542,166,2,1643.85
6435,2542,76,1,3635.22
6436,2543,175,2,2807.82
6437,2543,78,3,2350.68
6438,2544,426,2,3163.29
6439,2544,18,3,2782.15
6440,2544,1,3,738.76
6441,2544,267,3,2415.44
6442,2545,308,1,2771.2
6443,2545,200,2,2091.31
6444,2545,450,1,1383.82
6445,2546,186,1,268.43
6446,2547,396,3,3938.76
6447,2547,77,2,648.4
6448,2547,5,3,3537.86
6449,2548,170,1,2134.36
6450,2548,102,1,1816.85
6451,2549,264,2,3909.98
6452,2550,471,2,1761.98
6453,2550,212,3,79.23
6454,2550,9,3,579.93
6455,2551,148,1,3480.93
6456,2551,340,1,2069.14
6457,2552,65,3,3049.76
6458,2552,372,3,1386.26
6459,2553,4,3,1818.67
6460,2554,453,1,2643.14
6461,2555,470,3,2072.05
6462,2555,133,1,2798.9
6463,2555,456,3,53.75
6464,2556,406,2,1325.22
6465,2557,144,1,3686.77
6466,2558,263,1,1652.98
6467,2558,114,3,2879.54
6468,2558,136,3,4376.88
6469,2558,356,2,2384.68
6470,2559,303,3,344.31
6471,2559,391,2,1011.82
6472,2559,279,1,3105.03
6473,2559,78,1,2350.68
6474,2560,476,1,1690.17
6475,2561,477,1,406.28
6476,2561,272,1,1631.43
6477,2561,76,2,3635.22
6478,2561,117,3,2016.28
6479,2562,258,1,4081.88
6480,2563,492,1,2207.18
6481,2564,78,2,2350.68
6482,2564,442,2,1420.76
6483,2564,160,2,456.74
6484,2564,84,3,2530.84
6485,2565,416,2,1947.77
6486,2565,112,3,4364.46
6487,2565,348,2,1315.49
6488,2565,171,2,4119.41
6489,2566,398,2,3061.39
6490,2566,484,1,3514.45
6491,2566,446,2,4069.49
6492,2567,393,2,4114.42
6493,2567,360,3,1327.98
6494,2568,101,2,3168.1
6495,2568,384,3,344.65
6496,2569,162,2,3170.91
6497,2569,160,3,456.74
6498,2570,66,2,1498.19
6499,2570,328,1,3284.59
6500,2571,60,2,620.69
6501,2571,35,3,1359.42
6502,2571,461,3,821.67
6503,2572,284,2,3113.97
6504,2572,13,1,765.28
6505,2573,129,2,3643.71
6506,2573,173,1,2460.15
6507,2574,262,2,1257.33
6508,2574,493,1,3838.93
6509,2575,135,2,270.86
6510,2576,243,2,448.7
6511,2576,223,3,2698.78
6512,2576,195,1,500.45
6513,2576,469,3,2739.71
6514,2577,277,2,660.81
6515,2577,280,2,729.73
6516,2578,362,3,1624.65
6517,2578,357,2,308.92
6518,2578,424,1,1081.04
6519,2579,29,2,4140.34
6520,2579,321,2,1799.15
6521,2580,37,1,1163.13
6522,2580,351,3,4195.09
6523,2581,285,1,1963.79
6524,2581,185,2,2389.91
6525,2581,310,3,3551.79
6526,2581,98,1,2661.79
6527,2582,66,1,1498.19
6528,2582,49,2,4264.68
6529,2582,337,2,2090.96
6530,2582,336,3,65.72
6531,2583,132,2,657.98
6532,2584,2,1,1212.8
6533,2584,326,1,455.8
6534,2585,42,2,3559.52
6535,2585,143,1,2467.2
6536,2585,473,3,1103.54
6537,2585,147,3,4475.68
6538,2586,477,2,406.28
6539,2586,157,2,89.74
6540,2586,181,2,2982.07
6541,2586,363,1,2258.97
6542,2587,36,3,4307.36
6543,2587,305,2,3907.15
6544,2588,416,1,1947.77
6545,2589,117,2,2016.28
6546,2589,420,3,3651.38
6547,2589,125,2,1995.12
6548,2590,319,3,3265.78
6549,2590,222,2,3177.67
6550,2591,48,1,1022.62
6551,2592,383,1,3100.45
6552,2593,116,3,2193.35
6553,2593,151,3,237.73
6554,2593,155,2,1982.02
6555,2594,379,3,4036.88
6556,2594,365,2,1085.61
6557,2594,278,3,4324.7
6558,2595,321,3,1799.15
6559,2595,36,3,4307.36
6560,2595,376,1,4154.14
6561,2595,272,2,1631.43
6562,2596,28,1,2353.96
6563,2596,486,1,1923.52
6564,2596,364,2,2241.64
6565,2596,477,3,406.28
6566,2597,256,2,2822.54
6567,2597,311,1,2083.21
6568,2598,224,1,3647.12
6569,2598,471,2,1761.98
6570,2598,113,2,2679.2
6571,2598,264,3,3909.98
6572,2599,488,1,3384.94
6573,2600,61,1,2178.52
6574,2600,83,1,1539.22
6575,2601,446,2,4069.49
6576,2601,309,2,2435.91
6577,2602,476,2,1690.17
6578,2603,149,2,2154.07
6579,2604,352,2,1486.56
6580,2604,61,3,2178.52
6581,2605,409,3,2540.33
6582,2605,203,2,4493.03
6583,2606,236,2,269.43
6584,2606,242,2,3506.63
6585,2606,371,1,1303.24
6586,2607,10,2,4274.14
6587,2607,114,2,2879.54
6588,2607,207,2,1121.22
6589,2607,198,1,3383.91
6590,2608,345,2,3018.13
6591,2609,493,3,3838.93
6592,2609,368,1,3608.06
6593,2609,72,1,4407.76
6594,2609,83,1,1539.22
6595,2610,62,1,1595.44
6596,2610,298,3,3218.49
6597,2611,443,2,533.91
6598,2611,491,3,3649.59
6599,2611,276,2,725.1
6600,2611,85,2,138.27
6601,2612,219,3,458.98
6602,2612,134,1,2239.38
6603,2613,102,1,1816.85
6604,2613,436,2,2679.82
6605,2614,330,2,245.38
6606,2614,301,3,4168.19
6607,2614,430,1,616.9
6608,2615,461,2,821.67
6609,2616,338,2,3643.17
6610,2616,495,3,113.2
6611,2616,204,2,4066.06
6612,2616,17,1,218.01
6613,2617,94,1,402.05
6614,2618,335,1,854.1
6615,2618,469,2,2739.71
6616,2618,136,3,4376.88
6617,2619,297,1,646.69
6618,2619,450,1,1383.82
6619,2619,288,3,576.82
6620,2620,441,2,2520.14
6621,2620,409,1,2540.33
6622,2620,222,1,3177.67
6623,2621,93,2,2774.78
6624,2621,61,3,2178.52
6625,2621,15,1,4170.08
6626,2622,286,3,2970.23
6627,2622,350,1,4350.01
6628,2622,46,2,3382.11
6629,2622,243,3,448.7
6630,2623,405,2,4020.0
6631,2623,193,3,3317.64
6632,2624,43,3,1073.19
6633,2625,373,2,556.57
6634,2625,174,3,2301.51
6635,2625,297,3,646.69
6636,2625,180,3,2902.02
6637,2626,294,1,2795.41
6638,2626,478,1,4426.93
6639,2626,133,3,2798.9
6640,2627,256,1,2822.54
6641,2627,294,1,2795.41
6642,2628,391,2,1011.82
6643,2628,437,1,2574.09
6644,2629,173,2,2460.15
6645,2629,296,2,166.08
6646,2629,255,2,2378.53
6647,2629,91,2,4306.85
6648,2630,244,1,1675.44
6649,2630,250,2,1131.56
6650,2630,188,3,2968.08
6651,2630,291,2,4205.27
6652,2631,107,2,1150.91
6653,2632,249,2,3844.8
6654,2633,300,2,1056.92
6655,2634,397,3,687.66
6656,2634,417,1,4016.18
6657,2635,92,2,3644.34
6658,2635,222,1,3177.67
6659,2635,403,1,2366.57
6660,2636,312,1,2358.23
6661,2636,311,3,2083.21
6662,2637,435,1,1757.98
6663,2637,208,1,3457.4
6664,2637,59,1,1297.19
6665,2637,187,1,365.39
6666,2638,115,3,2897.05
6667,2639,172,2,2413.56
6668,2640,158,2,2164.95
6669,2641,384,2,344.65
6670,2641,102,2,1816.85
6671,2642,317,2,4139.7
6672,2642,81,3,317.16
6673,2642,389,3,1258.16
6674,2642,39,1,4327.51
6675,2643,2,3,1212.8
6676,2644,50,2,2270.55
6677,2644,410,2,1608.92
6678,2644,479,3,2118.97
6679,2644,197,3,2586.62
6680,2645,160,3,456.74
6681,2646,176,2,1112.6
6682,2647,272,1,1631.43
6683,2647,339,2,1108.56
6684,2648,314,2,4333.54
6685,2648,481,3,3003.63
6686,2648,294,1,2795.41
6687,2648,196,2,893.1
6688,2649,93,2,2774.78
6689,2649,19,1,4337.71
6690,2649,300,1,1056.92
6691,2649,346,1,1523.44
6692,2650,235,2,1545.95
6693,2650,93,2,2774.78
6694,2651,346,1,1523.44
6695,2651,89,2,3497.61
6696,2652,291,2,4205.27
6697,2652,290,2,4327.32
6698,2652,225,3,4152.33
6699,2652,82,2,3783.42
6700,2653,341,3,2720.45
6701,2654,186,2,268.43
6702,2654,469,3,2739.71
6703,2654,350,1,4350.01
6704,2655,394,2,3605.66
6705,2655,449,2,2039.86
6706,2656,61,1,2178.52
6707,2657,158,1,2164.95
6708,2657,348,2,1315.49
6709,2657,317,3,4139.7
6710,2658,106,3,4195.57
6711,2658,321,2,1799.15
6712,2658,414,1,628.83
6713,2658,94,3,402.05
6714,2659,261,3,4256.04
6715,2659,175,3,2807.82
6716,2659,209,3,1652.04
6717,2659,283,3,3610.47
6718,2660,387,3,883.84
6719,2660,33,2,2608.33
6720,2660,18,3,2782.15
6721,2660,476,3,1690.17
6722,2661,103,2,2490.53
6723,2661,483,2,2778.02
6724,2661,178,3,2382.11
6725,2661,257,2,3159.46
6726,2662,486,1,1923.52
6727,2662,357,2,308.92
6728,2663,140,1,4490.94
6729,2663,453,1,2643.14
6730,2663,255,2,2378.53
6731,2664,77,2,648.4
6732,2664,251,2,3915.95
6733,2665,454,2,1848.68
6734,2665,411,3,4247.59
6735,2665,392,2,1715.26
6736,2665,448,2,2414.09
6737,2666,266,3,493.24
6738,2666,228,2,2870.8
6739,2666,336,2,65.72
6740,2667,420,2,3651.38
6741,2667,299,2,2236.93
6742,2667,325,3,3594.36
6743,2668,179,2,735.89
6744,2669,141,2,1519.61
6745,2669,438,2,1100.89
6746,2670,332,3,771.45
6747,2670,19,1,4337.71
6748,2670,368,2,3608.06
6749,2671,397,2,687.66
6750,2672,227,1,3377.17
6751,2672,254,3,3343.06
6752,2673,287,3,1462.86
6753,2674,348,3,1315.49
6754,2674,426,3,3163.29
6755,2674,383,2,3100.45
6756,2675,450,3,1383.82
6757,2675,117,2,2016.28
6758,2675,329,2,4276.4
6759,2676,122,2,1383.27
6760,2677,144,1,3686.77
6761,2677,284,2,3113.97
6762,2677,444,3,1506.97
6763,2678,192,1,3715.21
6764,2679,102,3,1816.85
6765,2679,374,2,3273.57
6766,2680,298,3,3218.49
6767,2680,97,1,3525.33
6768,2680,96,1,2743.96
6769,2680,370,2,994.9
6770,2681,156,1,2651.9
6771,2681,500,3,4429.12
6772,2681,380,2,4178.67
6773,2681,269,1,145.62
6774,2682,114,2,2879.54
6775,2682,235,1,1545.95
6776,2682,108,2,612.53
6777,2682,29,1,4140.34
6778,2683,112,2,4364.46
6779,2683,91,1,4306.85
6780,2683,416,2,1947.77
6781,2683,362,1,1624.65
6782,2684,411,3,4247.59
6783,2685,209,3,1652.04
6784,2685,185,1,2389.91
6785,2686,324,1,1162.87
6786,2686,298,2,3218.49
6787,2686,222,2,3177.67
6788,2686,106,2,4195.57
6789,2687,332,3,771.45
6790,2687,219,2,458.98
6791,2687,137,2,3232.62
6792,2688,127,1,1031.64
6793,2689,463,1,736.49
6794,2689,249,3,3844.8
6795,2690,136,1,4376.88
6796,2690,58,1,3916.02
6797,2690,172,3,2413.56
6798,2690,305,3,3907.15
6799,2691,419,1,1528.88
6800,2691,418,1,3162.18
6801,2691,36,1,4307.36
6802,2692,322,2,846.01
6803,2692,251,1,3915.95
6804,2693,412,3,1139.47
6805,2693,274,2,3960.11
6806,2693,57,1,2811.97
6807,2693,350,2,4350.01
6808,2694,266,2,493.24
6809,2694,135,2,270.86
6810,2694,304,3,3908.72
6811,2695,104,1,2381.72
6812,2695,266,2,493.24
6813,2695,101,1,3168.1
6814,2695,121,2,4153.29
6815,2696,111,2,4210.12
6816,2696,456,3,53.75
6817,2696,165,2,3312.69
6818,2697,362,3,1624.65
6819,2697,485,3,4081.95
6820,2697,243,1,448.7
6821,2698,12,2,2782.41
6822,2698,485,3,4081.95
6823,2698,414,3,628.83
6824,2699,210,1,50.87
6825,2699,17,2,218.01
6826,2700,372,2,1386.26
6827,2701,172,1,2413.56
6828,2701,222,2,3177.67
6829,2701,388,1,3188.43
6830,2701,241,3,2382.9
6831,2702,483,1,2778.02
6832,2703,123,3,2706.67
6833,2703,453,2,2643.14
6834,2704,442,1,1420.76
6835,2705,66,1,1498.19
6836,2706,237,3,1823.45
6837,2706,130,3,2935.63
6838,2706,187,3,365.39
6839,2706,307,2,3718.26
6840,2707,359,3,3114.51
6841,2708,466,1,2977.77
6842,2708,468,2,3877.68
6843,2709,479,2,2118.97
6844,2709,257,3,3159.46
6845,2709,229,3,1406.29
6846,2709,5,1,3537.86
6847,2710,297,3,646.69
6848,2710,34,2,2302.76
6849,2710,389,3,1258.16
6850,2710,23,2,2321.94
6851,2711,454,1,1848.68
6852,2712,137,2,3232.62
6853,2712,21,3,3835.03
6854,2712,254,1,3343.06
6855,2712,19,3,4337.71
6856,2713,226,2,1903.52
6857,2713,272,3,1631.43
6858,2713,375,1,3752.59
6859,2714,117,2,2016.28
6860,2715,237,2,1823.45
6861,2715,110,3,3895.87
6862,2715,222,2,3177.67
6863,2716,445,2,452.87
6864,2717,318,1,2112.93
6865,2717,67,3,882.83
6866,2717,246,1,803.19
6867,2718,97,1,3525.33
6868,2719,284,1,3113.97
6869,2719,445,3,452.87
6870,2719,420,2,3651.38
6871,2719,260,2,2799.94
6872,2720,379,1,4036.88
6873,2720,486,2,1923.52
6874,2721,382,3,2520.54
6875,2721,266,3,493.24
6876,2721,167,2,2209.59
6877,2721,383,2,3100.45
6878,2722,456,3,53.75
6879,2722,22,3,1322.73
6880,2722,283,3,3610.47
6881,2723,381,1,1382.08
6882,2723,301,1,4168.19
6883,2723,111,1,4210.12
6884,2724,237,3,1823.45
6885,2725,224,3,3647.12
6886,2725,3,2,1677.12
6887,2725,433,1,1833.63
6888,2726,318,1,2112.93
6889,2726,320,3,4223.4
6890,2726,400,2,565.47
6891,2726,28,1,2353.96
6892,2727,427,3,2067.11
6893,2727,467,1,426.75
6894,2728,311,3,2083.21
6895,2728,486,3,1923.52
6896,2729,196,3,893.1
6897,2729,101,1,3168.1
6898,2729,113,1,2679.2
6899,2729,11,2,1832.5
6900,2730,181,1,2982.07
6901,2730,136,1,4376.88
6902,2730,497,2,2037.61
6903,2730,2,3,1212.8
6904,2731,412,2,1139.47
6905,2732,413,1,4020.48
6906,2732,407,1,3036.5
6907,2732,431,3,3595.57
6908,2733,107,1,1150.91
6909,2733,474,1,4173.21
6910,2733,84,3,2530.84
6911,2733,14,3,3629.44
6912,2734,111,2,4210.12
6913,2734,48,1,1022.62
6914,2734,286,1,2970.23
6915,2735,66,3,1498.19
6916,2735,103,3,2490.53
6917,2735,41,1,567.39
6918,2736,389,3,1258.16
6919,2737,478,1,4426.93
6920,2737,265,2,4410.08
6921,2737,65,3,3049.76
6922,2737,414,1,628.83
6923,2738,291,1,4205.27
6924,2739,466,2,2977.77
6925,2740,272,2,1631.43
6926,2740,148,1,3480.93
6927,2740,363,3,2258.97
6928,2741,228,2,2870.8
6929,2741,388,3,3188.43
6930,2741,423,2,2917.66
6931,2742,301,3,4168.19
6932,2742,416,3,1947.77
6933,2743,139,3,1571.51
6934,2743,426,2,3163.29
6935,2744,122,1,1383.27
6936,2744,270,2,1406.93
6937,2744,425,1,1198.33
6938,2745,249,3,3844.8
6939,2745,75,1,3610.17
6940,2746,224,2,3647.12
6941,2746,478,1,4426.93
6942,2747,445,3,452.87
6943,2747,490,2,802.4
6944,2747,51,1,1127.15
6945,2748,187,3,365.39
6946,2748,332,2,771.45
6947,2748,240,3,922.64
6948,2749,173,2,2460.15
6949,2750,125,1,1995.12
6950,2751,295,2,1077.56
6951,2752,433,3,1833.63
6952,2752,156,3,2651.9
6953,2752,135,2,270.86
6954,2753,53,1,1634.32
6955,2753,346,3,1523.44
6956,2753,410,2,1608.92
6957,2753,174,3,2301.51
6958,2754,300,3,1056.92
6959,2754,379,2,4036.88
6960,2754,59,3,1297.19
6961,2755,262,3,1257.33
6962,2756,336,2,65.72
6963,2756,131,2,1887.42
6964,2757,22,2,1322.73
6965,2757,122,1,1383.27
6966,2757,470,2,2072.05
6967,2758,305,2,3907.15
6968,2758,477,3,406.28
6969,2758,185,3,2389.91
6970,2758,178,1,2382.11
6971,2759,441,3,2520.14
6972,2759,171,1,4119.41
6973,2759,261,1,4256.04
6974,2760,340,2,2069.14
6975,2760,79,2,1385.15
6976,2761,154,2,1019.16
6977,2761,229,3,1406.29
6978,2761,394,2,3605.66
6979,2762,140,1,4490.94
6980,2762,191,2,3708.02
6981,2762,295,2,1077.56
6982,2762,448,3,2414.09
6983,2763,65,1,3049.76
6984,2764,76,3,3635.22
6985,2764,436,1,2679.82
6986,2764,148,2,3480.93
6987,2764,378,3,741.47
6988,2765,316,1,2102.99
6989,2765,20,3,2899.3
6990,2765,9,2,579.93
6991,2765,253,2,2052.77
6992,2766,308,2,2771.2
6993,2766,146,3,3481.95
6994,2766,281,3,1515.32
6995,2767,237,3,1823.45
6996,2767,459,1,2832.2
6997,2767,136,2,4376.88
6998,2767,473,2,1103.54
6999,2768,102,3,1816.85
7000,2768,348,2,1315.49
7001,2769,338,1,3643.17
7002,2769,433,2,1833.63
7003,2769,251,2,3915.95
7004,2769,61,3,2178.52
7005,2770,176,1,1112.6
7006,2770,462,1,1761.45
7007,2771,221,3,819.42
7008,2771,229,1,1406.29
7009,2771,135,2,270.86
7010,2771,320,2,4223.4
7011,2772,401,1,3107.38
7012,2773,252,3,1577.56
7013,2773,76,2,3635.22
7014,2774,185,2,2389.91
7015,2774,102,2,1816.85
7016,2774,413,1,4020.48
7017,2774,33,3,2608.33
7018,2775,142,2,299.37
7019,2775,53,3,1634.32
7020,2776,29,2,4140.34
7021,2777,492,3,2207.18
7022,2777,187,1,365.39
7023,2777,173,2,2460.15
7024,2778,183,2,2209.9
7025,2778,319,2,3265.78
7026,2778,494,2,2790.3
7027,2779,491,2,3649.59
7028,2779,63,3,2084.52
7029,2780,105,3,1217.91
7030,2780,191,2,3708.02
7031,2781,213,3,3857.96
7032,2781,261,2,4256.04
7033,2781,28,1,2353.96
7034,2781,287,2,1462.86
7035,2782,16,3,1220.76
7036,2783,389,1,1258.16
7037,2783,368,1,3608.06
7038,2783,27,2,3030.0
7039,2783,151,1,237.73
7040,2784,467,2,426.75
7041,2784,169,3,880.49
7042,2784,349,2,2697.61
7043,2785,48,3,1022.62
7044,2785,321,3,1799.15
7045,2786,299,3,2236.93
7046,2786,119,2,3678.44
7047,2786,115,1,2897.05
7048,2786,201,3,792.3
7049,2787,446,3,4069.49
7050,2787,36,3,4307.36
7051,2788,19,3,4337.71
7052,2788,269,3,145.62
7053,2788,295,3,1077.56
7054,2788,490,2,802.4
7055,2789,46,1,3382.11
7056,2790,191,3,3708.02
7057,2790,405,1,4020.0
7058,2790,391,3,1011.82
7059,2791,48,1,1022.62
7060,2792,431,1,3595.57
7061,2792,105,1,1217.91
7062,2792,89,2,3497.61
7063,2793,25,3,2964.84
7064,2793,17,1,218.01
7065,2793,313,3,224.67
7066,2794,363,3,2258.97
7067,2794,112,2,4364.46
7068,2795,256,1,2822.54
7069,2795,301,1,4168.19
7070,2796,341,3,2720.45
7071,2797,279,3,3105.03
7072,2797,287,2,1462.86
7073,2798,484,1,3514.45
7074,2798,336,3,65.72
7075,2799,271,2,748.67
7076,2799,153,2,934.32
7077,2800,386,2,3798.71
7078,2801,222,2,3177.67
7079,2801,207,1,1121.22
7080,2801,128,3,1116.05
7081,2801,383,1,3100.45
7082,2802,154,3,1019.16
7083,2802,263,1,1652.98
7084,2803,151,3,237.73
7085,2803,96,2,2743.96
7086,2804,150,3,4216.16
7087,2804,247,2,2823.16
7088,2804,143,2,2467.2
7089,2804,77,2,648.4
7090,2805,132,2,657.98
7091,2806,393,1,4114.42
7092,2806,351,2,4195.09
7093,2807,209,3,1652.04
7094,2807,123,2,2706.67
7095,2807,227,3,3377.17
7096,2807,305,1,3907.15
7097,2808,228,2,2870.8
7098,2808,423,3,2917.66
7099,2808,438,3,1100.89
7100,2808,155,1,1982.02
7101,2809,199,3,3459.96
7102,2809,270,1,1406.93
7103,2809,229,2,1406.29
7104,2810,197,1,2586.62
7105,2810,418,3,3162.18
7106,2810,313,3,224.67
7107,2811,128,2,1116.05
7108,2811,48,2,1022.62
7109,2811,415,2,274.53
7110,2812,160,3,456.74
7111,2812,335,2,854.1
7112,2812,74,1,1973.37
7113,2812,101,1,3168.1
7114,2813,406,1,1325.22
7115,2813,407,3,3036.5
7116,2813,299,3,2236.93
7117,2813,389,2,1258.16
7118,2814,393,2,4114.42
7119,2814,490,2,802.4
7120,2814,302,2,3353.53
7121,2815,491,1,3649.59
7122,2816,430,3,616.9
7123,2816,72,1,4407.76
7124,2817,341,3,2720.45
7125,2817,396,3,3938.76
7126,2818,137,3,3232.62
7127,2818,197,2,2586.62
7128,2819,96,1,2743.96
7129,2819,463,1,736.49
7130,2820,107,3,1150.91
7131,2820,118,2,742.94
7132,2820,249,1,3844.8
7133,2820,362,2,1624.65
7134,2821,105,3,1217.91
7135,2822,252,3,1577.56
7136,2822,471,2,1761.98
7137,2822,155,2,1982.02
7138,2822,362,3,1624.65
7139,2823,27,2,3030.0
7140,2823,476,2,1690.17
7141,2824,300,2,1056.92
7142,2824,198,3,3383.91
7143,2824,352,2,1486.56
7144,2825,334,2,3470.41
7145,2825,420,2,3651.38
7146,2825,342,3,1287.6
7147,2825,470,2,2072.05
7148,2826,28,2,2353.96
7149,2827,35,1,1359.42
7150,2827,436,2,2679.82
7151,2827,377,3,3597.78
7152,2828,334,2,3470.41
7153,2828,218,3,1161.86
7154,2828,134,2,2239.38
7155,2828,328,1,3284.59
7156,2829,469,1,2739.71
7157,2829,115,2,2897.05
7158,2829,85,2,138.27
7159,2829,240,1,922.64
7160,2830,493,1,3838.93
7161,2830,223,2,2698.78
7162,2830,182,2,844.94
7163,2831,22,2,1322.73
7164,2831,32,1,2748.32
7165,2832,351,3,4195.09
7166,2833,227,1,3377.17
7167,2833,129,2,3643.71
7168,2833,234,1,1339.53
7169,2833,367,1,3595.46
7170,2834,167,3,2209.59
7171,2834,43,3,1073.19
7172,2835,293,3,635.38
7173,2836,344,1,1603.14
7174,2836,484,2,3514.45
7175,2836,337,2,2090.96
7176,2837,322,1,846.01
7177,2837,52,2,952.31
7178,2837,121,3,4153.29
7179,2838,26,3,4485.84
7180,2838,279,2,3105.03
7181,2838,45,1,1154.75
7182,2839,427,3,2067.11
7183,2839,96,3,2743.96
7184,2840,461,1,821.67
7185,2840,217,1,665.92
7186,2840,211,2,2701.14
7187,2840,364,3,2241.64
7188,2841,400,2,565.47
7189,2842,107,3,1150.91
7190,2842,105,1,1217.91
7191,2843,206,1,1966.12
7192,2844,378,2,741.47
7193,2845,20,2,2899.3
7194,2846,65,1,3049.76
7195,2846,309,3,2435.91
7196,2847,179,3,735.89
7197,2847,236,2,269.43
7198,2847,461,3,821.67
7199,2848,186,2,268.43
7200,2848,317,1,4139.7
7201,2848,307,2,3718.26
7202,2848,11,1,1832.5
7203,2849,180,3,2902.02
7204,2849,316,2,2102.99
7205,2850,491,1,3649.59
7206,2851,111,3,4210.12
7207,2851,163,1,2220.9
7208,2851,463,1,736.49
7209,2852,483,3,2778.02
7210,2852,445,2,452.87
7211,2852,4,2,1818.67
7212,2853,64,2,2097.31
7213,2853,114,1,2879.54
7214,2853,21,1,3835.03
7215,2854,460,1,1747.96
7216,2854,456,1,53.75
7217,2855,282,2,2953.5
7218,2855,301,1,4168.19
7219,2855,234,2,1339.53
7220,2855,148,1,3480.93
7221,2856,229,1,1406.29
7222,2856,123,1,2706.67
7223,2856,495,2,113.2
7224,2857,43,1,1073.19
7225,2857,313,2,224.67
7226,2858,128,1,1116.05
7227,2858,410,2,1608.92
7228,2858,45,2,1154.75
7229,2859,180,1,2902.02
7230,2859,204,1,4066.06
7231,2859,439,1,3340.18
7232,2859,23,2,2321.94
7233,2860,464,2,608.69
7234,2861,174,2,2301.51
7235,2861,262,1,1257.33
7236,2861,12,2,2782.41
7237,2862,167,2,2209.59
7238,2862,170,2,2134.36
7239,2862,174,1,2301.51
7240,2862,77,1,648.4
7241,2863,208,2,3457.4
7242,2863,323,3,4036.29
7243,2864,74,2,1973.37
7244,2865,58,2,3916.02
7245,2865,4,3,1818.67
7246,2865,456,3,53.75
7247,2866,282,3,2953.5
7248,2866,250,1,1131.56
7249,2866,22,2,1322.73
7250,2866,219,2,458.98
7251,2867,396,1,3938.76
7252,2868,43,3,1073.19
7253,2868,358,1,2403.81
7254,2869,233,1,2609.88
7255,2869,446,1,4069.49
7256,2869,353,1,3425.07
7257,2869,307,2,3718.26
7258,2870,295,1,1077.56
7259,2870,412,3,1139.47
7260,2871,9,2,579.93
7261,2871,323,2,4036.29
7262,2872,376,2,4154.14
7263,2872,299,1,2236.93
7264,2872,359,2,3114.51
7265,2873,243,2,448.7
7266,2873,419,3,1528.88
7267,2873,29,2,4140.34
7268,2874,75,1,3610.17
7269,2874,441,3,2520.14
7270,2875,17,2,218.01
7271,2875,76,1,3635.22
7272,2876,350,3,4350.01
7273,2876,136,2,4376.88
7274,2876,212,3,79.23
7275,2876,384,3,344.65
7276,2877,379,1,4036.88
7277,2877,57,1,2811.97
7278,2877,294,3,2795.41
7279,2878,156,1,2651.9
7280,2879,166,3,1643.85
7281,2880,279,2,3105.03
7282,2880,259,1,807.92
7283,2880,17,1,218.01
7284,2881,98,2,2661.79
7285,2881,146,2,3481.95
7286,2882,115,1,2897.05
7287,2882,214,1,3709.4
7288,2883,162,2,3170.91
7289,2884,359,2,3114.51
7290,2884,155,3,1982.02
7291,2884,100,1,3288.59
7292,2885,296,3,166.08
7293,2886,62,2,1595.44
7294,2886,208,1,3457.4
7295,2886,395,2,896.44
7296,2887,17,1,218.01
7297,2887,328,2,3284.59
7298,2887,332,1,771.45
7299,2887,76,3,3635.22
7300,2888,226,1,1903.52
7301,2888,32,2,2748.32
7302,2888,57,3,2811.97
7303,2889,283,3,3610.47
7304,2889,461,1,821.67
7305,2890,472,3,2740.35
7306,2890,467,3,426.75
7307,2891,48,3,1022.62
7308,2891,230,2,2563.86
7309,2891,329,2,4276.4
7310,2891,431,3,3595.57
7311,2892,233,2,2609.88
7312,2893,192,1,3715.21
7313,2893,19,2,4337.71
7314,2893,182,3,844.94
7315,2893,310,1,3551.79
7316,2894,16,3,1220.76
7317,2894,391,1,1011.82
7318,2895,352,2,1486.56
7319,2896,457,1,538.16
7320,2896,423,2,2917.66
7321,2896,302,3,3353.53
7322,2897,127,3,1031.64
7323,2897,368,1,3608.06
7324,2898,302,2,3353.53
7325,2898,109,3,177.14
7326,2898,456,2,53.75
7327,2898,193,1,3317.64
7328,2899,371,2,1303.24
7329,2899,154,2,1019.16
7330,2899,23,3,2321.94
7331,2900,476,1,1690.17
7332,2900,446,3,4069.49
7333,2900,182,2,844.94
7334,2901,477,2,406.28
7335,2901,431,2,3595.57
7336,2902,340,2,2069.14
7337,2903,443,2,533.91
7338,2903,189,2,2132.86
7339,2903,4,1,1818.67
7340,2903,296,1,166.08
7341,2904,276,2,725.1
7342,2904,451,1,1405.25
7343,2904,332,3,771.45
7344,2904,165,3,3312.69
7345,2905,231,3,1032.55
7346,2905,57,3,2811.97
7347,2906,211,1,2701.14
7348,2906,14,3,3629.44
7349,2907,404,1,150.04
7350,2907,379,1,4036.88
7351,2907,420,3,3651.38
7352,2907,492,2,2207.18
7353,2908,379,1,4036.88
7354,2909,311,1,2083.21
7355,2910,430,1,616.9
7356,2910,2,3,1212.8
7357,2910,301,2,4168.19
7358,2910,333,3,278.33
7359,2911,418,3,3162.18
7360,2912,335,2,854.1
7361,2913,26,1,4485.84
7362,2914,256,2,2822.54
7363,2914,354,3,1353.11
7364,2915,271,2,748.67
7365,2915,13,3,765.28
7366,2916,239,2,931.58
7367,2916,422,1,2133.83
7368,2916,252,1,1577.56
7369,2916,436,2,2679.82
7370,2917,69,1,868.42
7371,2917,358,1,2403.81
7372,2917,198,1,3383.91
7373,2917,260,3,2799.94
7374,2918,219,3,458.98
7375,2918,332,3,771.45
7376,2918,336,2,65.72
7377,2919,223,2,2698.78
7378,2919,15,2,4170.08
7379,2919,494,1,2790.3
7380,2920,493,2,3838.93
7381,2920,305,3,3907.15
7382,2920,186,3,268.43
7383,2921,304,1,3908.72
7384,2922,19,1,4337.71
7385,2922,182,1,844.94
7386,2923,206,3,1966.12
7387,2923,123,3,2706.67
7388,2923,439,3,3340.18
7389,2924,409,3,2540.33
7390,2924,145,3,4386.96
7391,2924,375,1,3752.59
7392,2924,272,2,1631.43
7393,2925,25,2,2964.84
7394,2926,55,3,2242.36
7395,2926,218,2,1161.86
7396,2926,240,3,922.64
7397,2927,328,3,3284.59
7398,2927,243,1,448.7
7399,2927,97,3,3525.33
7400,2927,186,1,268.43
7401,2928,251,3,3915.95
7402,2929,135,2,270.86
7403,2929,261,2,4256.04
7404,2929,231,2,1032.55
7405,2929,484,3,3514.45
7406,2930,192,3,3715.21
7407,2930,443,3,533.91
7408,2931,336,1,65.72
7409,2931,282,3,2953.5
7410,2931,158,1,2164.95
7411,2932,198,3,3383.91
7412,2932,310,2,3551.79
7413,2932,297,1,646.69
7414,2933,180,1,2902.02
7415,2933,75,1,3610.17
7416,2934,32,2,2748.32
7417,2934,357,2,308.92
7418,2935,328,2,3284.59
7419,2935,296,2,166.08
7420,2935,64,1,2097.31
7421,2935,77,3,648.4
7422,2936,292,2,1268.39
7423,2937,108,1,612.53
7424,2937,190,3,2533.19
7425,2938,109,3,177.14
7426,2939,126,3,3330.17
7427,2940,286,3,2970.23
7428,2940,111,2,4210.12
7429,2940,21,3,3835.03
7430,2940,165,1,3312.69
7431,2941,192,2,3715.21
7432,2941,119,1,3678.44
7433,2941,121,2,4153.29
7434,2941,169,3,880.49
7435,2942,28,3,2353.96
7436,2942,70,3,3168.17
7437,2943,398,2,3061.39
7438,2943,282,2,2953.5
7439,2943,490,2,802.4
7440,2944,59,1,1297.19
7441,2945,207,3,1121.22
7442,2945,303,3,344.31
7443,2946,149,2,2154.07
7444,2946,382,1,2520.54
7445,2947,119,1,3678.44
7446,2947,293,1,635.38
7447,2947,499,3,3607.21
7448,2947,85,1,138.27
7449,2948,226,3,1903.52
7450,2949,262,1,1257.33
7451,2949,221,1,819.42
7452,2949,172,3,2413.56
7453,2949,464,3,608.69
7454,2950,352,2,1486.56
7455,2950,370,2,994.9
7456,2950,416,3,1947.77
7457,2951,162,2,3170.91
7458,2952,355,2,3874.37
7459,2952,339,3,1108.56
7460,2952,254,1,3343.06
7461,2952,372,2,1386.26
7462,2953,105,1,1217.91
7463,2953,38,3,2556.1
7464,2953,469,2,2739.71
7465,2954,155,2,1982.02
7466,2954,329,1,4276.4
7467,2955,127,3,1031.64
7468,2955,258,1,4081.88
7469,2955,474,1,4173.21
7470,2956,254,3,3343.06
7471,2956,181,1,2982.07
7472,2956,17,2,218.01
7473,2957,26,2,4485.84
7474,2957,317,3,4139.7
7475,2958,376,1,4154.14
7476,2959,303,2,344.31
7477,2959,360,3,1327.98
7478,2959,438,2,1100.89
7479,2959,192,2,3715.21
7480,2960,452,2,3244.17
7481,2960,314,1,4333.54
7482,2961,296,2,166.08
7483,2961,52,3,952.31
7484,2962,456,1,53.75
7485,2962,424,3,1081.04
7486,2962,405,3,4020.0
7487,2962,236,2,269.43
7488,2963,9,2,579.93
7489,2963,205,1,3809.6
7490,2963,294,3,2795.41
7491,2964,137,1,3232.62
7492,2964,411,3,4247.59
7493,2964,55,1,2242.36
7494,2965,154,1,1019.16
7495,2966,400,2,565.47
7496,2966,384,3,344.65
7497,2966,304,1,3908.72
7498,2966,243,2,448.7
7499,2967,431,1,3595.57
7500,2967,300,1,1056.92
7501,2967,77,1,648.4
7502,2968,259,3,807.92
7503,2969,313,3,224.67
7504,2969,458,1,1096.82
7505,2969,481,1,3003.63
7506,2969,319,1,3265.78
7507,2970,190,2,2533.19
7508,2970,230,1,2563.86
7509,2971,408,3,1267.68
7510,2971,258,1,4081.88
7511,2971,455,1,327.73
7512,2972,167,3,2209.59
7513,2973,20,2,2899.3
7514,2973,438,2,1100.89
7515,2973,97,2,3525.33
7516,2973,154,1,1019.16
7517,2974,446,2,4069.49
7518,2975,431,3,3595.57
7519,2975,478,1,4426.93
7520,2975,450,2,1383.82
7521,2976,155,2,1982.02
7522,2976,427,2,2067.11
7523,2977,214,1,3709.4
7524,2977,84,1,2530.84
7525,2977,2,1,1212.8
7526,2978,364,2,2241.64
7527,2978,129,3,3643.71
7528,2978,407,3,3036.5
7529,2979,74,1,1973.37
7530,2979,340,3,2069.14
7531,2980,3,1,1677.12
7532,2980,251,2,3915.95
7533,2980,429,1,1306.05
7534,2981,118,2,742.94
7535,2981,142,1,299.37
7536,2981,198,3,3383.91
7537,2982,427,2,2067.11
7538,2982,475,3,4403.14
7539,2982,133,1,2798.9
7540,2983,214,1,3709.4
7541,2984,475,3,4403.14
7542,2984,293,1,635.38
7543,2985,227,3,3377.17
7544,2986,56,2,4313.07
7545,2986,201,1,792.3
7546,2986,98,1,2661.79
7547,2987,324,1,1162.87
7548,2987,391,3,1011.82
7549,2987,378,1,741.47
7550,2988,468,1,3877.68
7551,2989,150,1,4216.16
7552,2989,325,2,3594.36
7553,2990,205,3,3809.6
7554,2990,35,1,1359.42
7555,2990,197,3,2586.62
7556,2991,224,1,3647.12
7557,2991,130,3,2935.63
7558,2991,341,3,2720.45
7559,2992,139,1,1571.51
7560,2992,63,3,2084.52
7561,2992,99,1,794.57
7562,2993,201,1,792.3
7563,2993,185,1,2389.91
7564,2993,375,3,3752.59
7565,2993,412,2,1139.47
7566,2994,169,2,880.49
7567,2995,283,3,3610.47
7568,2995,60,3,620.69
7569,2995,225,1,4152.33
7570,2996,373,1,556.57
7571,2996,243,3,448.7
7572,2996,281,1,1515.32
7573,2997,91,2,4306.85
7574,2997,378,3,741.47
7575,2997,412,1,1139.47
7576,2998,44,3,2348.44
7577,2998,417,1,4016.18
7578,2999,334,2,3470.41
7579,3000,293,3,635.38
7580,3000,299,2,2236.93
7581,3001,149,1,2154.07
7582,3002,4,1,1818.67
7583,3002,385,3,1559.23
7584,3002,44,2,2348.44
7585,3003,462,3,1761.45
7586,3003,296,1,166.08
7587,3003,298,2,3218.49
7588,3003,98,1,2661.79
7589,3004,165,1,3312.69
7590,3004,79,1,1385.15
7591,3004,3,3,1677.12
7592,3004,464,1,608.69
7593,3005,231,2,1032.55
7594,3006,78,1,2350.68
7595,3007,360,3,1327.98
7596,3007,158,3,2164.95
7597,3007,224,3,3647.12
7598,3008,207,3,1121.22
7599,3008,187,1,365.39
7600,3008,320,3,4223.4
7601,3008,153,3,934.32
7602,3009,238,3,630.17
7603,3009,96,1,2743.96
7604,3010,339,2,1108.56
7605,3010,198,3,3383.91
7606,3011,487,1,1336.98
7607,3011,311,2,2083.21
7608,3011,488,2,3384.94
7609,3012,356,1,2384.68
7610,3012,328,2,3284.59
7611,3012,296,1,166.08
7612,3013,369,3,252.44
7613,3013,59,3,1297.19
7614,3014,457,1,538.16
7615,3015,98,1,2661.79
7616,3016,452,1,3244.17
7617,3016,71,2,1294.35
7618,3016,112,2,4364.46
7619,3017,455,1,327.73
7620,3017,494,2,2790.3
7621,3018,279,3,3105.03
7622,3018,129,1,3643.71
7623,3019,76,3,3635.22
7624,3019,452,3,3244.17
7625,3020,203,2,4493.03
7626,3020,90,2,1745.77
7627,3020,483,1,2778.02
7628,3021,400,1,565.47
7629,3021,81,1,317.16
7630,3022,127,2,1031.64
7631,3022,480,1,443.59
7632,3022,428,1,552.35
7633,3023,226,2,1903.52
7634,3023,410,2,1608.92
7635,3023,21,2,3835.03
7636,3023,417,1,4016.18
7637,3024,396,3,3938.76
7638,3024,69,1,868.42
7639,3024,317,3,4139.7
7640,3025,328,2,3284.59
7641,3025,362,3,1624.65
7642,3025,466,2,2977.77
7643,3025,461,2,821.67
7644,3026,27,3,3030.0
7645,3026,498,2,3532.25
7646,3026,277,2,660.81
7647,3027,39,2,4327.51
7648,3027,21,3,3835.03
7649,3028,92,3,3644.34
7650,3028,407,1,3036.5
7651,3028,150,1,4216.16
7652,3029,427,3,2067.11
7653,3029,112,1,4364.46
7654,3030,438,3,1100.89
7655,3030,38,3,2556.1
7656,3030,10,3,4274.14
7657,3031,495,2,113.2
7658,3031,470,1,2072.05
7659,3031,75,2,3610.17
7660,3031,146,2,3481.95
7661,3032,222,2,3177.67
7662,3032,178,1,2382.11
7663,3033,382,3,2520.54
7664,3033,416,3,1947.77
7665,3033,342,1,1287.6
7666,3033,273,3,1277.66
7667,3034,249,2,3844.8
7668,3034,433,3,1833.63
7669,3035,298,2,3218.49
7670,3035,283,3,3610.47
7671,3036,113,3,2679.2
7672,3036,285,1,1963.79
7673,3037,408,3,1267.68
7674,3037,476,3,1690.17
7675,3038,465,3,119.9
7676,3038,196,1,893.1
7677,3039,398,2,3061.39
7678,3039,428,3,552.35
7679,3040,265,3,4410.08
7680,3040,11,1,1832.5
7681,3040,245,2,2692.75
7682,3040,453,1,2643.14
7683,3041,181,2,2982.07
7684,3041,463,3,736.49
7685,3042,41,3,567.39
7686,3042,267,3,2415.44
7687,3043,297,1,646.69
7688,3043,121,3,4153.29
7689,3043,37,2,1163.13
7690,3044,346,3,1523.44
7691,3044,42,1,3559.52
7692,3045,128,2,1116.05
7693,3045,160,3,456.74
7694,3045,363,1,2258.97
7695,3046,4,3,1818.67
7696,3046,418,1,3162.18
7697,3046,241,2,2382.9
7698,3047,192,3,3715.21
7699,3047,4,2,1818.67
7700,3047,371,3,1303.24
7701,3047,286,2,2970.23
7702,3048,102,2,1816.85
7703,3048,401,3,3107.38
7704,3048,178,2,2382.11
7705,3048,234,3,1339.53
7706,3049,65,3,3049.76
7707,3049,394,1,3605.66
7708,3049,37,2,1163.13
7709,3049,122,3,1383.27
7710,3050,38,2,2556.1
7711,3050,313,3,224.67
7712,3050,400,2,565.47
7713,3051,143,1,2467.2
7714,3051,384,2,344.65
7715,3051,88,3,1630.24
7716,3052,173,1,2460.15
7717,3052,52,3,952.31
7718,3052,101,1,3168.1
7719,3053,314,2,4333.54
7720,3053,35,1,1359.42
7721,3053,180,3,2902.02
7722,3054,107,1,1150.91
7723,3054,338,3,3643.17
7724,3054,353,3,3425.07
7725,3054,182,1,844.94
7726,3055,306,2,1851.66
7727,3056,159,1,3480.05
7728,3056,176,2,1112.6
7729,3056,55,1,2242.36
7730,3056,345,2,3018.13
7731,3057,376,2,4154.14
7732,3057,310,3,3551.79
7733,3057,6,1,2537.97
7734,3058,34,2,2302.76
7735,3058,252,1,1577.56
7736,3058,122,1,1383.27
7737,3059,134,2,2239.38
7738,3059,69,3,868.42
7739,3060,432,2,365.61
7740,3060,258,1,4081.88
7741,3060,403,3,2366.57
7742,3060,415,1,274.53
7743,3061,111,3,4210.12
7744,3061,325,1,3594.36
7745,3062,265,2,4410.08
7746,3062,42,1,3559.52
7747,3063,181,2,2982.07
7748,3063,484,3,3514.45
7749,3064,380,2,4178.67
7750,3064,350,1,4350.01
7751,3064,437,1,2574.09
7752,3064,384,1,344.65
7753,3065,226,2,1903.52
7754,3065,384,3,344.65
7755,3066,126,1,3330.17
7756,3066,388,1,3188.43
7757,3066,439,1,3340.18
7758,3066,255,2,2378.53
7759,3067,123,1,2706.67
7760,3067,54,3,4144.84
7761,3068,83,2,1539.22
7762,3068,499,3,3607.21
7763,3068,124,2,1712.72
7764,3068,28,3,2353.96
7765,3069,345,1,3018.13
7766,3069,426,1,3163.29
7767,3069,14,3,3629.44
7768,3070,261,1,4256.04
7769,3071,361,2,1205.49
7770,3071,214,3,3709.4
7771,3072,367,1,3595.46
7772,3072,48,1,1022.62
7773,3072,347,1,1905.46
7774,3073,257,1,3159.46
7775,3074,39,1,4327.51
7776,3074,362,3,1624.65
7777,3074,130,1,2935.63
7778,3075,24,2,804.2
7779,3075,69,1,868.42
7780,3075,266,2,493.24
7781,3075,135,3,270.86
7782,3076,273,3,1277.66
7783,3076,229,1,1406.29
7784,3076,329,1,4276.4
7785,3076,406,1,1325.22
7786,3077,291,2,4205.27
7787,3077,311,1,2083.21
7788,3077,294,1,2795.41
7789,3078,493,2,3838.93
7790,3078,11,1,1832.5
7791,3079,341,1,2720.45
7792,3079,254,3,3343.06
7793,3079,131,1,1887.42
7794,3080,157,1,89.74
7795,3080,67,2,882.83
7796,3080,54,2,4144.84
7797,3081,446,1,4069.49
7798,3082,151,2,237.73
7799,3083,34,1,2302.76
7800,3084,57,1,2811.97
7801,3084,103,2,2490.53
7802,3084,63,2,2084.52
7803,3085,492,3,2207.18
7804,3085,382,2,2520.54
7805,3085,234,1,1339.53
7806,3086,370,2,994.9
7807,3087,351,1,4195.09
7808,3087,349,3,2697.61
7809,3088,306,2,1851.66
7810,3088,492,2,2207.18
7811,3089,67,2,882.83
7812,3089,337,1,2090.96
7813,3089,44,3,2348.44
7814,3089,251,3,3915.95
7815,3090,367,2,3595.46
7816,3090,284,2,3113.97
7817,3090,464,2,608.69
7818,3090,435,2,1757.98
7819,3091,470,1,2072.05
7820,3091,190,3,2533.19
7821,3091,443,2,533.91
7822,3091,33,2,2608.33
7823,3092,66,1,1498.19
7824,3093,273,3,1277.66
7825,3094,315,3,1821.28
7826,3094,234,3,1339.53
7827,3095,22,3,1322.73
7828,3095,143,2,2467.2
7829,3096,20,2,2899.3
7830,3096,141,1,1519.61
7831,3097,164,3,3559.1
7832,3097,175,2,2807.82
7833,3097,379,3,4036.88
7834,3098,331,3,2566.44
7835,3099,425,1,1198.33
7836,3099,371,3,1303.24
7837,3099,115,3,2897.05
7838,3099,144,3,3686.77
7839,3100,256,3,2822.54
7840,3101,399,1,212.66
7841,3101,160,1,456.74
7842,3101,373,3,556.57
7843,3101,347,3,1905.46
7844,3102,179,2,735.89
7845,3103,262,1,1257.33
7846,3103,170,3,2134.36
7847,3103,318,1,2112.93
7848,3104,123,3,2706.67
7849,3104,339,1,1108.56
7850,3104,201,1,792.3
7851,3105,462,2,1761.45
7852,3105,143,3,2467.2
7853,3105,424,1,1081.04
7854,3106,299,2,2236.93
7855,3106,94,1,402.05
7856,3107,129,2,3643.71
7857,3107,16,1,1220.76
7858,3107,483,3,2778.02
7859,3108,434,2,1134.43
7860,3108,216,1,469.58
7861,3108,459,1,2832.2
7862,3109,379,2,4036.88
7863,3110,394,2,3605.66
7864,3111,235,3,1545.95
7865,3111,287,2,1462.86
7866,3112,29,2,4140.34
7867,3112,352,2,1486.56
7868,3113,369,1,252.44
7869,3113,173,3,2460.15
7870,3113,387,2,883.84
7871,3114,145,1,4386.96
7872,3114,480,2,443.59
7873,3114,389,3,1258.16
7874,3115,234,3,1339.53
7875,3115,240,3,922.64
7876,3115,358,3,2403.81
7877,3115,496,3,4100.09
7878,3116,330,3,245.38
7879,3116,367,1,3595.46
7880,3117,391,1,1011.82
7881,3118,234,1,1339.53
7882,3119,474,2,4173.21
7883,3120,394,3,3605.66
7884,3121,254,1,3343.06
7885,3121,390,1,1703.55
7886,3121,497,1,2037.61
7887,3122,207,2,1121.22
7888,3122,55,2,2242.36
7889,3122,353,3,3425.07
7890,3123,276,2,725.1
7891,3123,355,1,3874.37
7892,3123,8,1,3324.23
7893,3123,457,3,538.16
7894,3124,283,2,3610.47
7895,3124,219,1,458.98
7896,3124,210,3,50.87
7897,3125,132,2,657.98
7898,3125,487,1,1336.98
7899,3125,140,2,4490.94
7900,3125,77,2,648.4
7901,3126,31,3,1596.26
7902,3126,357,2,308.92
7903,3126,133,2,2798.9
7904,3126,289,1,3285.5
7905,3127,413,1,4020.48
7906,3128,258,2,4081.88
7907,3129,399,1,212.66
7908,3129,8,2,3324.23
7909,3129,119,2,3678.44
7910,3129,125,1,1995.12
7911,3130,338,1,3643.17
7912,3130,151,2,237.73
7913,3130,115,1,2897.05
7914,3131,158,2,2164.95
7915,3131,431,3,3595.57
7916,3132,396,2,3938.76
7917,3132,272,3,1631.43
7918,3132,290,2,4327.32
7919,3132,315,3,1821.28
7920,3133,387,1,883.84
7921,3134,134,1,2239.38
7922,3135,412,2,1139.47
7923,3136,320,3,4223.4
7924,3136,305,3,3907.15
7925,3136,450,3,1383.82
7926,3136,380,1,4178.67
7927,3137,207,1,1121.22
7928,3137,431,2,3595.57
7929,3137,294,2,2795.41
7930,3138,145,3,4386.96
7931,3139,54,3,4144.84
7932,3140,31,3,1596.26
7933,3140,48,2,1022.62
7934,3141,126,1,3330.17
7935,3141,70,2,3168.17
7936,3141,127,2,1031.64
7937,3142,418,1,3162.18
7938,3142,191,1,3708.02
7939,3142,50,2,2270.55
7940,3142,262,2,1257.33
7941,3143,460,2,1747.96
7942,3144,12,1,2782.41
7943,3145,124,2,1712.72
7944,3145,463,2,736.49
7945,3145,389,1,1258.16
7946,3146,182,2,844.94
7947,3146,455,3,327.73
7948,3147,152,3,593.53
7949,3147,15,2,4170.08
7950,3147,498,1,3532.25
7951,3147,417,2,4016.18
7952,3148,162,3,3170.91
7953,3148,47,3,4194.71
7954,3149,106,1,4195.57
7955,3149,64,2,2097.31
7956,3150,56,1,4313.07
7957,3150,327,3,1665.1
7958,3150,35,1,1359.42
7959,3151,15,1,4170.08
7960,3151,195,2,500.45
7961,3152,127,3,1031.64
7962,3153,333,1,278.33
7963,3153,299,2,2236.93
7964,3153,105,1,1217.91
7965,3153,28,1,2353.96
7966,3154,346,2,1523.44
7967,3155,84,2,2530.84
7968,3155,332,2,771.45
7969,3155,443,3,533.91
7970,3156,384,2,344.65
7971,3156,387,1,883.84
7972,3157,343,2,267.69
7973,3157,70,1,3168.17
7974,3157,162,1,3170.91
7975,3158,56,3,4313.07
7976,3158,494,3,2790.3
7977,3158,351,3,4195.09
7978,3158,161,3,317.23
7979,3159,139,2,1571.51
7980,3159,377,3,3597.78
7981,3159,73,1,3257.63
7982,3160,436,2,2679.82
7983,3160,424,1,1081.04
7984,3160,169,2,880.49
7985,3161,275,2,4251.41
7986,3161,498,3,3532.25
7987,3161,79,1,1385.15
7988,3162,31,2,1596.26
7989,3162,274,3,3960.11
7990,3162,55,3,2242.36
7991,3163,496,1,4100.09
7992,3163,17,1,218.01
7993,3163,94,1,402.05
7994,3164,285,1,1963.79
7995,3164,190,2,2533.19
7996,3164,304,3,3908.72
7997,3165,356,1,2384.68
7998,3166,449,3,2039.86
7999,3166,331,3,2566.44
8000,3166,88,1,1630.24
8001,3167,15,2,4170.08
8002,3167,475,2,4403.14
8003,3167,413,1,4020.48
8004,3168,367,3,3595.46
8005,3168,341,3,2720.45
8006,3168,261,3,4256.04
8007,3168,46,2,3382.11
8008,3169,185,2,2389.91
8009,3169,133,1,2798.9
8010,3170,93,3,2774.78
8011,3170,144,2,3686.77
8012,3170,361,2,1205.49
8013,3171,248,2,938.6
8014,3171,130,3,2935.63
8015,3171,147,2,4475.68
8016,3171,399,2,212.66
8017,3172,18,2,2782.15
8018,3172,157,2,89.74
8019,3173,25,2,2964.84
8020,3174,198,3,3383.91
8021,3175,200,3,2091.31
8022,3175,153,2,934.32
8023,3176,492,3,2207.18
8024,3176,380,2,4178.67
8025,3177,413,1,4020.48
8026,3177,187,2,365.39
8027,3177,411,2,4247.59
8028,3178,403,3,2366.57
8029,3178,454,2,1848.68
8030,3179,335,1,854.1
8031,3179,412,3,1139.47
8032,3179,195,1,500.45
8033,3180,63,2,2084.52
8034,3180,12,1,2782.41
8035,3181,81,2,317.16
8036,3181,441,3,2520.14
8037,3181,185,1,2389.91
8038,3181,130,3,2935.63
8039,3182,23,1,2321.94
8040,3182,48,3,1022.62
8041,3182,387,3,883.84
8042,3182,223,1,2698.78
8043,3183,432,3,365.61
8044,3183,324,2,1162.87
8045,3184,16,2,1220.76
8046,3184,226,1,1903.52
8047,3184,289,2,3285.5
8048,3184,74,3,1973.37
8049,3185,362,2,1624.65
8050,3186,104,2,2381.72
8051,3186,64,1,2097.31
8052,3186,352,1,1486.56
8053,3187,191,3,3708.02
8054,3187,31,1,1596.26
8055,3188,127,3,1031.64
8056,3188,346,3,1523.44
8057,3188,325,3,3594.36
8058,3189,486,1,1923.52
8059,3189,137,2,3232.62
8060,3189,481,3,3003.63
8061,3190,80,1,262.31
8062,3190,352,2,1486.56
8063,3190,474,1,4173.21
8064,3191,303,2,344.31
8065,3191,467,3,426.75
8066,3191,136,2,4376.88
8067,3191,292,2,1268.39
8068,3192,310,2,3551.79
8069,3192,358,3,2403.81
8070,3192,384,3,344.65
8071,3193,432,3,365.61
8072,3193,234,1,1339.53
8073,3193,376,1,4154.14
8074,3194,372,3,1386.26
8075,3194,99,2,794.57
8076,3194,56,3,4313.07
8077,3194,253,3,2052.77
8078,3195,225,1,4152.33
8079,3195,374,3,3273.57
8080,3196,68,1,2147.49
8081,3196,436,3,2679.82
8082,3197,462,1,1761.45
8083,3197,13,3,765.28
8084,3197,83,1,1539.22
8085,3198,442,2,1420.76
8086,3198,341,2,2720.45
8087,3198,469,1,2739.71
8088,3198,67,2,882.83
8089,3199,471,1,1761.98
8090,3199,418,3,3162.18
8091,3199,139,2,1571.51
8092,3199,364,1,2241.64
8093,3200,373,2,556.57
8094,3200,473,3,1103.54
8095,3200,200,2,2091.31
8096,3201,42,1,3559.52
8097,3202,119,1,3678.44
8098,3202,259,1,807.92
8099,3202,41,2,567.39
8100,3202,490,1,802.4
8101,3203,363,1,2258.97
8102,3203,446,3,4069.49
8103,3204,20,3,2899.3
8104,3204,245,2,2692.75
8105,3205,301,3,4168.19
8106,3205,183,3,2209.9
8107,3205,87,1,2941.9
8108,3206,400,2,565.47
8109,3206,477,2,406.28
8110,3206,461,2,821.67
8111,3206,216,1,469.58
8112,3207,320,2,4223.4
8113,3207,108,3,612.53
8114,3208,112,1,4364.46
8115,3208,467,3,426.75
8116,3208,386,2,3798.71
8117,3209,375,1,3752.59
8118,3209,404,3,150.04
8119,3210,267,2,2415.44
8120,3210,494,3,2790.3
8121,3210,111,3,4210.12
8122,3210,312,1,2358.23
8123,3211,423,2,2917.66
8124,3212,22,1,1322.73
8125,3213,195,2,500.45
8126,3213,1,2,738.76
8127,3214,35,1,1359.42
8128,3214,132,3,657.98
8129,3215,489,2,1208.97
8130,3215,357,3,308.92
8131,3215,268,3,4352.22
8132,3216,498,2,3532.25
8133,3216,405,1,4020.0
8134,3216,475,2,4403.14
8135,3216,426,1,3163.29
8136,3217,463,1,736.49
8137,3217,183,1,2209.9
8138,3217,244,1,1675.44
8139,3218,93,3,2774.78
8140,3218,3,3,1677.12
8141,3218,287,1,1462.86
8142,3219,285,2,1963.79
8143,3220,16,3,1220.76
8144,3220,341,2,2720.45
8145,3221,244,3,1675.44
8146,3222,431,2,3595.57
8147,3222,120,2,1326.09
8148,3223,54,3,4144.84
8149,3223,67,2,882.83
8150,3224,456,2,53.75
8151,3224,485,1,4081.95
8152,3225,265,1,4410.08
8153,3225,175,3,2807.82
8154,3225,27,3,3030.0
8155,3226,343,3,267.69
8156,3226,468,3,3877.68
8157,3226,192,1,3715.21
8158,3226,311,3,2083.21
8159,3227,211,3,2701.14
8160,3227,279,1,3105.03
8161,3228,312,1,2358.23
8162,3229,78,3,2350.68
8163,3229,89,3,3497.61
8164,3229,15,2,4170.08
8165,3229,288,1,576.82
8166,3230,484,1,3514.45
8167,3230,386,3,3798.71
8168,3231,178,3,2382.11
8169,3231,93,3,2774.78
8170,3231,126,3,3330.17
8171,3232,292,1,1268.39
8172,3232,212,1,79.23
8173,3232,396,1,3938.76
8174,3233,39,2,4327.51
8175,3233,417,3,4016.18
8176,3234,485,2,4081.95
8177,3234,180,2,2902.02
8178,3234,59,3,1297.19
8179,3234,236,1,269.43
8180,3235,86,1,4335.87
8181,3235,101,3,3168.1
8182,3236,407,2,3036.5
8183,3237,454,3,1848.68
8184,3238,481,2,3003.63
8185,3238,35,1,1359.42
8186,3238,239,1,931.58
8187,3239,63,1,2084.52
8188,3239,485,1,4081.95
8189,3239,114,2,2879.54
8190,3240,253,3,2052.77
8191,3240,333,2,278.33
8192,3240,179,2,735.89
8193,3240,265,2,4410.08
8194,3241,487,2,1336.98
8195,3241,3,3,1677.12
8196,3241,301,1,4168.19
8197,3242,172,3,2413.56
8198,3242,23,2,2321.94
8199,3242,152,1,593.53
8200,3243,201,3,792.3
8201,3243,212,2,79.23
8202,3244,66,2,1498.19
8203,3244,229,2,1406.29
8204,3244,92,1,3644.34
8205,3244,257,3,3159.46
8206,3245,148,3,3480.93
8207,3246,21,1,3835.03
8208,3246,158,3,2164.95
8209,3247,392,1,1715.26
8210,3247,340,3,2069.14
8211,3247,166,3,1643.85
8212,3248,465,1,119.9
8213,3248,206,2,1966.12
8214,3248,75,2,3610.17
8215,3249,340,2,2069.14
8216,3249,100,3,3288.59
8217,3249,476,1,1690.17
8218,3250,55,3,2242.36
8219,3250,218,2,1161.86
8220,3250,402,2,1533.14
8221,3251,496,3,4100.09
8222,3251,18,3,2782.15
8223,3251,227,3,3377.17
8224,3252,289,3,3285.5
8225,3252,262,2,1257.33
8226,3252,377,3,3597.78
8227,3252,427,2,2067.11
8228,3253,139,1,1571.51
8229,3253,318,1,2112.93
8230,3253,39,2,4327.51
8231,3253,491,3,3649.59
8232,3254,235,2,1545.95
8233,3254,329,1,4276.4
8234,3254,78,3,2350.68
8235,3254,220,2,3317.48
8236,3255,335,2,854.1
8237,3255,297,3,646.69
8238,3256,111,1,4210.12
8239,3256,233,1,2609.88
8240,3256,243,1,448.7
8241,3257,295,1,1077.56
8242,3257,109,2,177.14
8243,3257,450,3,1383.82
8244,3258,183,3,2209.9
8245,3258,347,3,1905.46
8246,3258,344,1,1603.14
8247,3259,127,3,1031.64
8248,3259,480,1,443.59
8249,3259,225,2,4152.33
8250,3260,2,3,1212.8
8251,3260,150,3,4216.16
8252,3260,21,1,3835.03
8253,3260,248,2,938.6
8254,3261,35,2,1359.42
8255,3261,411,2,4247.59
8256,3261,261,2,4256.04
8257,3262,222,3,3177.67
8258,3262,461,3,821.67
8259,3263,388,1,3188.43
8260,3263,26,3,4485.84
8261,3264,241,1,2382.9
8262,3264,488,2,3384.94
8263,3265,61,2,2178.52
8264,3265,73,1,3257.63
8265,3265,187,1,365.39
8266,3265,200,1,2091.31
8267,3266,3,3,1677.12
8268,3266,14,2,3629.44
8269,3267,338,2,3643.17
8270,3267,260,3,2799.94
8271,3267,442,1,1420.76
8272,3267,295,2,1077.56
8273,3268,73,2,3257.63
8274,3268,362,1,1624.65
8275,3269,398,1,3061.39
8276,3269,199,1,3459.96
8277,3269,195,3,500.45
8278,3270,449,2,2039.86
8279,3271,416,3,1947.77
8280,3271,276,3,725.1
8281,3271,109,1,177.14
8282,3271,209,3,1652.04
8283,3272,16,2,1220.76
8284,3272,104,1,2381.72
8285,3273,421,2,2576.66
8286,3273,327,2,1665.1
8287,3274,65,3,3049.76
8288,3274,302,2,3353.53
8289,3275,375,3,3752.59
8290,3275,480,3,443.59
8291,3275,275,3,4251.41
8292,3275,137,2,3232.62
8293,3276,418,2,3162.18
8294,3276,495,1,113.2
8295,3276,15,2,4170.08
8296,3276,378,1,741.47
8297,3277,256,2,2822.54
8298,3278,51,1,1127.15
8299,3278,426,1,3163.29
8300,3278,143,2,2467.2
8301,3278,404,1,150.04
8302,3279,402,2,1533.14
8303,3280,374,3,3273.57
8304,3281,159,1,3480.05
8305,3281,457,2,538.16
8306,3281,487,3,1336.98
8307,3281,146,2,3481.95
8308,3282,339,3,1108.56
8309,3283,123,2,2706.67
8310,3283,258,2,4081.88
8311,3283,467,1,426.75
8312,3283,360,1,1327.98
8313,3284,457,2,538.16
8314,3284,245,2,2692.75
8315,3284,363,1,2258.97
8316,3285,131,3,1887.42
8317,3285,498,2,3532.25
8318,3285,192,2,3715.21
8319,3286,269,1,145.62
8320,3287,390,2,1703.55
8321,3287,277,2,660.81
8322,3287,371,1,1303.24
8323,3288,88,2,1630.24
8324,3288,251,1,3915.95
8325,3288,260,3,2799.94
8326,3289,129,1,3643.71
8327,3290,89,2,3497.61
8328,3290,215,3,2525.64
8329,3290,107,3,1150.91
8330,3290,363,1,2258.97
8331,3291,325,1,3594.36
8332,3292,105,1,1217.91
8333,3292,366,3,57.04
8334,3293,63,3,2084.52
8335,3293,161,1,317.23
8336,3294,237,3,1823.45
8337,3295,109,1,177.14
8338,3296,149,3,2154.07
8339,3297,486,2,1923.52
8340,3297,262,2,1257.33
8341,3297,133,2,2798.9
8342,3298,37,3,1163.13
8343,3298,187,2,365.39
8344,3298,425,1,1198.33
8345,3298,424,3,1081.04
8346,3299,333,1,278.33
8347,3299,357,2,308.92
8348,3299,195,2,500.45
8349,3299,200,2,2091.31
8350,3300,296,1,166.08
8351,3300,44,2,2348.44
8352,3301,190,2,2533.19
8353,3301,226,2,1903.52
8354,3301,335,3,854.1
8355,3302,385,2,1559.23
8356,3302,418,2,3162.18
8357,3302,205,3,3809.6
8358,3302,478,2,4426.93
8359,3303,206,2,1966.12
8360,3303,441,1,2520.14
8361,3303,129,3,3643.71
8362,3303,247,2,2823.16
8363,3304,5,3,3537.86
8364,3304,257,3,3159.46
8365,3305,436,3,2679.82
8366,3305,329,2,4276.4
8367,3305,72,2,4407.76
8368,3306,451,1,1405.25
8369,3306,165,1,3312.69
8370,3306,475,2,4403.14
8371,3307,32,3,2748.32
8372,3307,148,3,3480.93
8373,3307,294,3,2795.41
8374,3308,271,3,748.67
8375,3308,69,2,868.42
8376,3308,304,1,3908.72
8377,3308,286,2,2970.23
8378,3309,154,1,1019.16
8379,3309,380,1,4178.67
8380,3309,142,1,299.37
8381,3310,40,2,4039.53
8382,3310,352,3,1486.56
8383,3310,359,1,3114.51
8384,3310,284,2,3113.97
8385,3311,305,3,3907.15
8386,3311,424,2,1081.04
8387,3312,331,2,2566.44
8388,3312,270,3,1406.93
8389,3313,18,2,2782.15
8390,3313,32,1,2748.32
8391,3313,195,2,500.45
8392,3314,441,3,2520.14
8393,3314,492,1,2207.18
8394,3314,222,1,3177.67
8395,3314,104,1,2381.72
8396,3315,132,1,657.98
8397,3316,100,1,3288.59
8398,3317,291,1,4205.27
8399,3317,421,1,2576.66
8400,3318,460,1,1747.96
8401,3319,472,1,2740.35
8402,3320,343,2,267.69
8403,3320,11,2,1832.5
8404,3320,206,3,1966.12
8405,3321,176,2,1112.6
8406,3321,268,2,4352.22
8407,3321,256,1,2822.54
8408,3322,183,2,2209.9
8409,3322,79,1,1385.15
8410,3322,292,2,1268.39
8411,3323,142,1,299.37
8412,3324,312,2,2358.23
8413,3324,235,2,1545.95
8414,3324,480,3,443.59
8415,3324,130,3,2935.63
8416,3325,163,2,2220.9
8417,3325,38,3,2556.1
8418,3326,333,2,278.33
8419,3326,257,3,3159.46
8420,3327,337,1,2090.96
8421,3328,179,2,735.89
8422,3328,497,3,2037.61
8423,3328,204,2,4066.06
8424,3329,337,3,2090.96
8425,3329,105,3,1217.91
8426,3330,364,3,2241.64
8427,3330,454,2,1848.68
8428,3330,382,3,2520.54
8429,3331,35,3,1359.42
8430,3331,238,1,630.17
8431,3331,335,2,854.1
8432,3332,463,3,736.49
8433,3332,24,3,804.2
8434,3332,355,3,3874.37
8435,3332,63,3,2084.52
8436,3333,397,3,687.66
8437,3334,67,3,882.83
8438,3334,136,2,4376.88
8439,3334,441,3,2520.14
8440,3334,218,2,1161.86
8441,3335,361,1,1205.49
8442,3335,486,2,1923.52
8443,3335,87,3,2941.9
8444,3335,304,3,3908.72
8445,3336,71,2,1294.35
8446,3336,221,1,819.42
8447,3336,269,2,145.62
8448,3337,98,3,2661.79
8449,3337,223,3,2698.78
8450,3337,247,1,2823.16
8451,3337,290,1,4327.32
8452,3338,68,3,2147.49
8453,3339,417,1,4016.18
8454,3339,40,3,4039.53
8455,3339,311,3,2083.21
8456,3339,389,2,1258.16
8457,3340,429,1,1306.05
8458,3340,5,3,3537.86
8459,3341,82,1,3783.42
8460,3341,52,2,952.31
8461,3341,469,3,2739.71
8462,3341,66,1,1498.19
8463,3342,325,2,3594.36
8464,3343,375,1,3752.59
8465,3343,408,2,1267.68
8466,3343,196,3,893.1
8467,3344,214,1,3709.4
8468,3344,353,1,3425.07
8469,3344,94,1,402.05
8470,3345,173,3,2460.15
8471,3345,218,1,1161.86
8472,3345,209,3,1652.04
8473,3345,112,1,4364.46
8474,3346,19,2,4337.71
8475,3346,268,1,4352.22
8476,3346,80,3,262.31
8477,3347,197,2,2586.62
8478,3347,66,1,1498.19
8479,3348,489,2,1208.97
8480,3349,121,1,4153.29
8481,3350,161,3,317.23
8482,3350,484,2,3514.45
8483,3350,438,1,1100.89
8484,3350,305,3,3907.15
8485,3351,458,1,1096.82
8486,3351,82,2,3783.42
8487,3351,32,3,2748.32
8488,3352,98,2,2661.79
8489,3352,386,1,3798.71
8490,3352,486,2,1923.52
8491,3353,189,3,2132.86
8492,3353,8,3,3324.23
8493,3353,390,1,1703.55
8494,3354,483,3,2778.02
8495,3354,95,1,1460.11
8496,3355,13,1,765.28
8497,3355,72,2,4407.76
8498,3355,136,1,4376.88
8499,3355,139,1,1571.51
8500,3356,465,3,119.9
8501,3357,240,2,922.64
8502,3358,343,3,267.69
8503,3359,121,2,4153.29
8504,3359,347,3,1905.46
8505,3360,481,1,3003.63
8506,3360,476,2,1690.17
8507,3361,323,2,4036.29
8508,3361,330,2,245.38
8509,3361,113,2,2679.2
8510,3361,251,2,3915.95
8511,3362,204,2,4066.06
8512,3362,34,2,2302.76
8513,3362,225,2,4152.33
8514,3362,66,1,1498.19
8515,3363,165,1,3312.69
8516,3363,159,2,3480.05
8517,3363,286,2,2970.23
8518,3364,93,2,2774.78
8519,3365,220,3,3317.48
8520,3365,55,1,2242.36
8521,3365,174,3,2301.51
8522,3365,457,1,538.16
8523,3366,311,1,2083.21
8524,3366,137,2,3232.62
8525,3367,427,1,2067.11
8526,3368,178,1,2382.11
8527,3369,107,2,1150.91
8528,3370,326,3,455.8
8529,3370,128,1,1116.05
8530,3371,81,3,317.16
8531,3371,242,3,3506.63
8532,3371,317,3,4139.7
8533,3371,438,3,1100.89
8534,3372,259,2,807.92
8535,3372,93,2,2774.78
8536,3372,457,2,538.16
8537,3373,111,3,4210.12
8538,3373,361,1,1205.49
8539,3374,309,3,2435.91
8540,3374,443,1,533.91
8541,3375,231,1,1032.55
8542,3375,471,3,1761.98
8543,3376,76,2,3635.22
8544,3377,307,3,3718.26
8545,3377,125,2,1995.12
8546,3377,291,2,4205.27
8547,3378,342,2,1287.6
8548,3378,472,1,2740.35
8549,3378,45,1,1154.75
8550,3378,486,3,1923.52
8551,3379,216,3,469.58
8552,3380,91,3,4306.85
8553,3380,18,2,2782.15
8554,3381,307,1,3718.26
8555,3381,46,3,3382.11
8556,3381,24,2,804.2
8557,3382,98,1,2661.79
8558,3382,202,2,2295.88
8559,3382,129,2,3643.71
8560,3383,129,1,3643.71
8561,3383,108,3,612.53
8562,3383,422,3,2133.83
8563,3384,302,1,3353.53
8564,3384,48,3,1022.62
8565,3384,130,3,2935.63
8566,3384,76,1,3635.22
8567,3385,238,3,630.17
8568,3386,85,2,138.27
8569,3386,471,2,1761.98
8570,3387,164,2,3559.1
8571,3387,81,3,317.16
8572,3388,434,3,1134.43
8573,3389,472,2,2740.35
8574,3389,280,1,729.73
8575,3389,164,1,3559.1
8576,3389,343,3,267.69
8577,3390,97,2,3525.33
8578,3390,277,1,660.81
8579,3391,8,1,3324.23
8580,3392,461,1,821.67
8581,3393,109,2,177.14
8582,3393,325,3,3594.36
8583,3393,500,3,4429.12
8584,3393,72,2,4407.76
8585,3394,478,2,4426.93
8586,3394,229,2,1406.29
8587,3394,453,2,2643.14
8588,3394,170,3,2134.36
8589,3395,62,3,1595.44
8590,3395,246,2,803.19
8591,3395,85,2,138.27
8592,3395,284,3,3113.97
8593,3396,124,2,1712.72
8594,3397,412,1,1139.47
8595,3397,216,1,469.58
8596,3397,327,1,1665.1
8597,3398,420,3,3651.38
8598,3398,194,3,4253.49
8599,3398,182,2,844.94
8600,3399,481,1,3003.63
8601,3399,422,2,2133.83
8602,3399,395,2,896.44
8603,3400,377,2,3597.78
8604,3400,103,2,2490.53
8605,3400,171,2,4119.41
8606,3400,62,1,1595.44
8607,3401,499,3,3607.21
8608,3401,388,2,3188.43
8609,3401,35,1,1359.42
8610,3402,203,2,4493.03
8611,3402,292,3,1268.39
8612,3402,346,3,1523.44
8613,3402,198,2,3383.91
8614,3403,168,1,2465.17
8615,3403,405,3,4020.0
8616,3403,211,1,2701.14
8617,3403,7,3,2620.55
8618,3404,230,2,2563.86
8619,3404,381,1,1382.08
8620,3405,292,2,1268.39
8621,3405,432,3,365.61
8622,3406,265,1,4410.08
8623,3406,132,1,657.98
8624,3406,327,1,1665.1
8625,3407,95,1,1460.11
8626,3407,498,2,3532.25
8627,3408,375,2,3752.59
8628,3409,181,3,2982.07
8629,3409,246,3,803.19
8630,3409,470,2,2072.05
8631,3410,233,1,2609.88
8632,3410,329,1,4276.4
8633,3411,204,1,4066.06
8634,3411,212,2,79.23
8635,3411,24,1,804.2
8636,3411,140,2,4490.94
8637,3412,110,3,3895.87
8638,3412,30,2,3742.45
8639,3412,95,1,1460.11
8640,3413,113,2,2679.2
8641,3414,92,3,3644.34
8642,3414,303,1,344.31
8643,3415,9,3,579.93
8644,3416,186,1,268.43
8645,3416,327,2,1665.1
8646,3417,311,1,2083.21
8647,3417,79,3,1385.15
8648,3418,17,3,218.01
8649,3418,45,3,1154.75
8650,3418,367,2,3595.46
8651,3419,460,1,1747.96
8652,3419,69,2,868.42
8653,3419,286,2,2970.23
8654,3419,134,3,2239.38
8655,3420,102,3,1816.85
8656,3420,309,2,2435.91
8657,3420,28,3,2353.96
8658,3421,338,2,3643.17
8659,3421,337,2,2090.96
8660,3422,235,1,1545.95
8661,3422,352,2,1486.56
8662,3422,320,3,4223.4
8663,3422,13,1,765.28
8664,3423,156,2,2651.9
8665,3423,205,2,3809.6
8666,3423,221,3,819.42
8667,3424,353,2,3425.07
8668,3424,288,3,576.82
8669,3424,114,1,2879.54
8670,3425,108,3,612.53
8671,3425,266,1,493.24
8672,3425,210,3,50.87
8673,3426,464,3,608.69
8674,3426,374,2,3273.57
8675,3426,9,2,579.93
8676,3427,172,3,2413.56
8677,3427,404,2,150.04
8678,3428,293,1,635.38
8679,3428,245,2,2692.75
8680,3429,290,1,4327.32
8681,3429,385,1,1559.23
8682,3429,436,2,2679.82
8683,3429,75,2,3610.17
8684,3430,250,3,1131.56
8685,3430,126,2,3330.17
8686,3431,472,3,2740.35
8687,3431,277,3,660.81
8688,3431,420,1,3651.38
8689,3431,368,2,3608.06
8690,3432,373,3,556.57
8691,3433,240,3,922.64
8692,3433,91,3,4306.85
8693,3433,99,1,794.57
8694,3434,327,2,1665.1
8695,3434,129,2,3643.71
8696,3434,449,2,2039.86
8697,3435,24,2,804.2
8698,3436,480,2,443.59
8699,3437,45,3,1154.75
8700,3437,280,2,729.73
8701,3437,25,1,2964.84
8702,3437,194,3,4253.49
8703,3438,388,3,3188.43
8704,3438,379,3,4036.88
8705,3438,383,2,3100.45
8706,3438,267,3,2415.44
8707,3439,140,2,4490.94
8708,3439,498,3,3532.25
8709,3440,456,1,53.75
8710,3440,10,3,4274.14
8711,3440,387,3,883.84
8712,3441,43,2,1073.19
8713,3441,267,3,2415.44
8714,3441,491,3,3649.59
8715,3442,214,1,3709.4
8716,3442,410,3,1608.92
8717,3442,45,2,1154.75
8718,3443,25,3,2964.84
8719,3443,436,1,2679.82
8720,3443,288,3,576.82
8721,3444,445,3,452.87
8722,3444,52,1,952.31
8723,3445,63,2,2084.52
8724,3446,138,2,451.38
8725,3446,241,3,2382.9
8726,3447,412,1,1139.47
8727,3448,253,2,2052.77
8728,3448,495,3,113.2
8729,3449,324,3,1162.87
8730,3449,497,3,2037.61
8731,3450,47,3,4194.71
8732,3451,82,1,3783.42
8733,3451,477,1,406.28
8734,3452,111,2,4210.12
8735,3452,50,1,2270.55
8736,3452,257,1,3159.46
8737,3452,392,1,1715.26
8738,3453,124,1,1712.72
8739,3453,297,2,646.69
8740,3454,111,1,4210.12
8741,3454,38,1,2556.1
8742,3455,327,3,1665.1
8743,3455,390,1,1703.55
8744,3455,352,2,1486.56
8745,3455,112,1,4364.46
8746,3456,41,2,567.39
8747,3456,86,1,4335.87
8748,3457,126,3,3330.17
8749,3457,63,3,2084.52
8750,3458,248,1,938.6
8751,3458,96,1,2743.96
8752,3458,18,3,2782.15
8753,3458,427,2,2067.11
8754,3459,460,1,1747.96
8755,3460,340,2,2069.14
8756,3461,326,3,455.8
8757,3461,164,3,3559.1
8758,3461,205,3,3809.6
8759,3461,463,1,736.49
8760,3462,358,1,2403.81
8761,3463,336,3,65.72
8762,3464,488,2,3384.94
8763,3465,445,1,452.87
8764,3465,176,1,1112.6
8765,3465,432,2,365.61
8766,3465,492,2,2207.18
8767,3466,132,3,657.98
8768,3466,112,2,4364.46
8769,3467,191,1,3708.02
8770,3468,146,2,3481.95
8771,3468,369,2,252.44
8772,3468,253,3,2052.77
8773,3469,59,2,1297.19
8774,3470,460,3,1747.96
8775,3471,6,3,2537.97
8776,3471,69,1,868.42
8777,3471,248,1,938.6
8778,3471,73,2,3257.63
8779,3472,24,3,804.2
8780,3473,337,3,2090.96
8781,3473,376,3,4154.14
8782,3474,441,3,2520.14
8783,3475,145,3,4386.96
8784,3475,322,3,846.01
8785,3476,92,1,3644.34
8786,3477,58,3,3916.02
8787,3477,195,3,500.45
8788,3478,13,2,765.28
8789,3479,92,3,3644.34
8790,3479,136,1,4376.88
8791,3480,72,3,4407.76
8792,3480,350,2,4350.01
8793,3481,365,2,1085.61
8794,3481,231,1,1032.55
8795,3482,76,1,3635.22
8796,3482,336,1,65.72
8797,3482,445,1,452.87
8798,3483,58,2,3916.02
8799,3483,51,2,1127.15
8800,3484,372,3,1386.26
8801,3484,149,3,2154.07
8802,3484,85,1,138.27
8803,3485,456,2,53.75
8804,3485,198,3,3383.91
8805,3486,52,3,952.31
8806,3487,206,2,1966.12
8807,3488,58,2,3916.02
8808,3489,407,2,3036.5
8809,3489,425,3,1198.33
8810,3489,380,1,4178.67
8811,3489,275,3,4251.41
8812,3490,92,2,3644.34
8813,3491,171,1,4119.41
8814,3492,448,2,2414.09
8815,3492,132,2,657.98
8816,3492,387,1,883.84
8817,3492,87,1,2941.9
8818,3493,88,3,1630.24
8819,3493,21,3,3835.03
8820,3494,43,2,1073.19
8821,3494,248,1,938.6
8822,3494,352,3,1486.56
8823,3495,145,3,4386.96
8824,3496,185,1,2389.91
8825,3497,312,3,2358.23
8826,3498,400,3,565.47
8827,3498,39,2,4327.51
8828,3498,32,1,2748.32
8829,3499,166,3,1643.85
8830,3499,408,2,1267.68
8831,3499,164,3,3559.1
8832,3499,2,2,1212.8
8833,3500,281,2,1515.32
8834,3500,150,2,4216.16
8835,3501,32,3,2748.32
8836,3501,120,2,1326.09
8837,3501,401,2,3107.38
8838,3501,255,2,2378.53
8839,3502,26,3,4485.84
8840,3502,376,3,4154.14
8841,3502,4,1,1818.67
8842,3502,287,1,1462.86
8843,3503,202,1,2295.88
8844,3503,140,2,4490.94
8845,3503,338,3,3643.17
8846,3503,151,1,237.73
8847,3504,168,1,2465.17
8848,3504,368,1,3608.06
8849,3504,459,2,2832.2
8850,3505,227,2,3377.17
8851,3505,86,3,4335.87
8852,3506,125,3,1995.12
8853,3506,477,1,406.28
8854,3506,372,3,1386.26
8855,3506,71,1,1294.35
8856,3507,434,3,1134.43
8857,3508,67,2,882.83
8858,3508,6,1,2537.97
8859,3509,385,1,1559.23
8860,3510,424,1,1081.04
8861,3511,15,1,4170.08
8862,3511,219,2,458.98
8863,3511,459,3,2832.2
8864,3512,38,3,2556.1
8865,3513,187,1,365.39
8866,3514,156,2,2651.9
8867,3514,22,2,1322.73
8868,3515,34,3,2302.76
8869,3516,327,2,1665.1
8870,3516,366,1,57.04
8871,3516,426,3,3163.29
8872,3516,140,1,4490.94
8873,3517,26,3,4485.84
8874,3517,343,2,267.69
8875,3517,202,2,2295.88
8876,3517,140,3,4490.94
8877,3518,468,1,3877.68
8878,3518,262,3,1257.33
8879,3518,285,3,1963.79
8880,3518,208,1,3457.4
8881,3519,458,2,1096.82
8882,3519,490,1,802.4
8883,3520,378,2,741.47
8884,3520,339,3,1108.56
8885,3520,310,2,3551.79
8886,3520,13,3,765.28
8887,3521,482,1,2869.91
8888,3522,296,1,166.08
8889,3523,52,2,952.31
8890,3524,358,3,2403.81
8891,3524,209,2,1652.04
8892,3524,256,2,2822.54
8893,3525,214,2,3709.4
8894,3525,462,1,1761.45
8895,3525,37,2,1163.13
8896,3525,300,3,1056.92
8897,3526,378,1,741.47
8898,3526,15,3,4170.08
8899,3526,50,1,2270.55
8900,3526,248,1,938.6
8901,3527,217,2,665.92
8902,3527,157,2,89.74
8903,3527,170,1,2134.36
8904,3527,39,1,4327.51
8905,3528,341,3,2720.45
8906,3528,106,1,4195.57
8907,3529,361,1,1205.49
8908,3529,180,2,2902.02
8909,3529,491,2,3649.59
8910,3530,226,3,1903.52
8911,3530,236,1,269.43
8912,3531,442,1,1420.76
8913,3531,98,1,2661.79
8914,3531,374,3,3273.57
8915,3532,326,3,455.8
8916,3532,302,1,3353.53
8917,3532,330,3,245.38
8918,3533,269,2,145.62
8919,3533,289,1,3285.5
8920,3533,285,2,1963.79
8921,3534,90,3,1745.77
8922,3534,235,3,1545.95
8923,3534,491,1,3649.59
8924,3534,88,1,1630.24
8925,3535,359,3,3114.51
8926,3535,242,3,3506.63
8927,3535,457,1,538.16
8928,3536,359,2,3114.51
8929,3536,462,1,1761.45
8930,3537,295,2,1077.56
8931,3537,258,3,4081.88
8932,3538,101,3,3168.1
8933,3538,366,2,57.04
8934,3538,311,2,2083.21
8935,3538,410,2,1608.92
8936,3539,137,2,3232.62
8937,3539,70,1,3168.17
8938,3539,347,3,1905.46
8939,3540,164,2,3559.1
8940,3540,371,3,1303.24
8941,3541,68,3,2147.49
8942,3541,364,1,2241.64
8943,3541,123,3,2706.67
8944,3542,339,1,1108.56
8945,3542,233,2,2609.88
8946,3542,208,1,3457.4
8947,3542,86,2,4335.87
8948,3543,426,2,3163.29
8949,3543,121,1,4153.29
8950,3544,323,1,4036.29
8951,3544,81,2,317.16
8952,3544,29,2,4140.34
8953,3544,437,1,2574.09
8954,3545,139,1,1571.51
8955,3545,400,1,565.47
8956,3546,354,1,1353.11
8957,3546,450,2,1383.82
8958,3546,69,2,868.42
8959,3547,131,3,1887.42
8960,3547,452,2,3244.17
8961,3548,498,2,3532.25
8962,3548,448,1,2414.09
8963,3549,88,3,1630.24
8964,3549,410,2,1608.92
8965,3549,445,1,452.87
8966,3549,271,1,748.67
8967,3550,187,1,365.39
8968,3550,236,2,269.43
8969,3551,137,3,3232.62
8970,3551,187,1,365.39
8971,3551,186,3,268.43
8972,3552,105,2,1217.91
8973,3552,139,1,1571.51
8974,3552,447,1,3419.0
8975,3553,54,2,4144.84
8976,3554,136,2,4376.88
8977,3554,456,2,53.75
8978,3554,295,3,1077.56
8979,3555,245,1,2692.75
8980,3555,329,1,4276.4
8981,3555,148,3,3480.93
8982,3556,92,2,3644.34
8983,3556,439,2,3340.18
8984,3556,321,1,1799.15
8985,3557,461,2,821.67
8986,3558,83,3,1539.22
8987,3559,63,2,2084.52
8988,3560,386,3,3798.71
8989,3560,252,1,1577.56
8990,3560,329,2,4276.4
8991,3561,148,3,3480.93
8992,3561,92,2,3644.34
8993,3561,301,1,4168.19
8994,3561,306,2,1851.66
8995,3562,373,3,556.57
8996,3562,105,3,1217.91
8997,3562,166,3,1643.85
8998,3562,110,3,3895.87
8999,3563,192,1,3715.21
9000,3563,392,2,1715.26
9001,3563,331,1,2566.44
9002,3563,292,1,1268.39
9003,3564,238,2,630.17
9004,3565,134,2,2239.38
9005,3566,409,3,2540.33
9006,3567,439,2,3340.18
9007,3567,143,3,2467.2
9008,3568,470,1,2072.05
9009,3568,352,1,1486.56
9010,3569,491,3,3649.59
9011,3569,239,1,931.58
9012,3569,417,2,4016.18
9013,3570,379,1,4036.88
9014,3570,101,3,3168.1
9015,3570,40,3,4039.53
9016,3571,72,2,4407.76
9017,3572,154,3,1019.16
9018,3572,463,2,736.49
9019,3572,487,3,1336.98
9020,3572,123,3,2706.67
9021,3573,482,3,2869.91
9022,3573,87,1,2941.9
9023,3573,158,3,2164.95
9024,3573,106,1,4195.57
9025,3574,324,2,1162.87
9026,3574,213,2,3857.96
9027,3574,7,3,2620.55
9028,3575,59,3,1297.19
9029,3575,372,3,1386.26
9030,3575,14,2,3629.44
9031,3575,194,1,4253.49
9032,3576,468,1,3877.68
9033,3576,159,1,3480.05
9034,3576,311,3,2083.21
9035,3576,53,2,1634.32
9036,3577,198,2,3383.91
9037,3578,218,1,1161.86
9038,3579,225,3,4152.33
9039,3579,43,1,1073.19
9040,3579,180,1,2902.02
9041,3580,462,1,1761.45
9042,3581,2,1,1212.8
9043,3581,72,1,4407.76
9044,3581,373,2,556.57
9045,3582,1,2,738.76
9046,3583,96,2,2743.96
9047,3584,286,3,2970.23
9048,3584,476,3,1690.17
9049,3585,405,1,4020.0
9050,3585,493,3,3838.93
9051,3585,441,1,2520.14
9052,3585,262,1,1257.33
9053,3586,31,2,1596.26
9054,3586,284,1,3113.97
9055,3587,383,3,3100.45
9056,3587,360,2,1327.98
9057,3587,316,1,2102.99
9058,3588,19,3,4337.71
9059,3588,436,2,2679.82
9060,3588,237,2,1823.45
9061,3589,259,1,807.92
9062,3589,449,1,2039.86
9063,3589,134,3,2239.38
9064,3589,84,1,2530.84
9065,3590,44,2,2348.44
9066,3590,143,1,2467.2
9067,3590,430,2,616.9
9068,3591,8,2,3324.23
9069,3591,329,1,4276.4
9070,3591,244,1,1675.44
9071,3591,115,3,2897.05
9072,3592,35,2,1359.42
9073,3592,368,1,3608.06
9074,3592,182,3,844.94
9075,3592,297,3,646.69
9076,3593,379,3,4036.88
9077,3593,307,2,3718.26
9078,3593,363,2,2258.97
9079,3594,338,2,3643.17
9080,3594,241,1,2382.9
9081,3594,358,2,2403.81
9082,3595,304,1,3908.72
9083,3595,118,2,742.94
9084,3596,256,2,2822.54
9085,3596,245,3,2692.75
9086,3596,295,3,1077.56
9087,3597,200,2,2091.31
9088,3597,228,1,2870.8
9089,3598,160,1,456.74
9090,3598,369,2,252.44
9091,3598,321,3,1799.15
9092,3598,52,1,952.31
9093,3599,374,1,3273.57
9094,3599,345,2,3018.13
9095,3599,275,1,4251.41
9096,3600,419,3,1528.88
9097,3600,434,1,1134.43
9098,3600,118,1,742.94
9099,3601,499,3,3607.21
9100,3601,414,1,628.83
9101,3601,223,1,2698.78
9102,3602,393,2,4114.42
9103,3602,283,3,3610.47
9104,3602,324,3,1162.87
9105,3603,218,3,1161.86
9106,3603,367,2,3595.46
9107,3603,8,1,3324.23
9108,3603,438,2,1100.89
9109,3604,347,2,1905.46
9110,3604,240,1,922.64
9111,3604,465,2,119.9
9112,3605,433,1,1833.63
9113,3605,42,1,3559.52
9114,3605,409,1,2540.33
9115,3606,257,2,3159.46
9116,3607,200,3,2091.31
9117,3607,85,1,138.27
9118,3608,160,1,456.74
9119,3608,430,3,616.9
9120,3608,336,1,65.72
9121,3608,147,1,4475.68
9122,3609,177,1,4353.88
9123,3609,299,3,2236.93
9124,3609,151,2,237.73
9125,3610,165,2,3312.69
9126,3610,208,1,3457.4
9127,3611,81,3,317.16
9128,3611,411,1,4247.59
9129,3611,142,2,299.37
9130,3612,392,2,1715.26
9131,3612,374,1,3273.57
9132,3612,484,2,3514.45
9133,3612,303,3,344.31
9134,3613,472,2,2740.35
9135,3613,350,2,4350.01
9136,3613,475,1,4403.14
9137,3613,186,2,268.43
9138,3614,287,3,1462.86
9139,3614,416,2,1947.77
9140,3614,384,3,344.65
9141,3615,170,1,2134.36
9142,3615,39,1,4327.51
9143,3616,481,3,3003.63
9144,3616,419,2,1528.88
9145,3616,382,2,2520.54
9146,3617,407,1,3036.5
9147,3617,304,1,3908.72
9148,3617,433,3,1833.63
9149,3617,328,2,3284.59
9150,3618,396,1,3938.76
9151,3618,87,2,2941.9
9152,3618,437,3,2574.09
9153,3619,319,3,3265.78
9154,3619,141,3,1519.61
9155,3620,168,3,2465.17
9156,3620,450,2,1383.82
9157,3620,83,2,1539.22
9158,3620,108,2,612.53
9159,3621,73,1,3257.63
9160,3622,341,2,2720.45
9161,3622,265,2,4410.08
9162,3623,225,1,4152.33
9163,3624,287,2,1462.86
9164,3625,176,3,1112.6
9165,3626,482,1,2869.91
9166,3627,74,3,1973.37
9167,3627,213,2,3857.96
9168,3627,289,2,3285.5
9169,3628,114,3,2879.54
9170,3628,429,2,1306.05
9171,3628,356,1,2384.68
9172,3629,346,3,1523.44
9173,3629,483,2,2778.02
9174,3630,362,3,1624.65
9175,3630,127,2,1031.64
9176,3630,171,2,4119.41
9177,3630,83,1,1539.22
9178,3631,67,3,882.83
9179,3631,371,1,1303.24
9180,3631,223,1,2698.78
9181,3632,31,1,1596.26
9182,3632,262,1,1257.33
9183,3632,182,2,844.94
9184,3633,105,2,1217.91
9185,3633,135,1,270.86
9186,3634,270,3,1406.93
9187,3635,270,1,1406.93
9188,3635,254,3,3343.06
9189,3635,97,1,3525.33
9190,3635,230,3,2563.86
9191,3636,462,1,1761.45
9192,3636,179,3,735.89
9193,3636,309,1,2435.91
9194,3636,458,3,1096.82
9195,3637,147,1,4475.68
9196,3638,247,1,2823.16
9197,3639,25,3,2964.84
9198,3639,126,3,3330.17
9199,3639,104,1,2381.72
9200,3639,425,1,1198.33
9201,3640,150,3,4216.16
9202,3640,145,3,4386.96
9203,3640,45,2,1154.75
9204,3641,215,2,2525.64
9205,3641,335,1,854.1
9206,3642,347,3,1905.46
9207,3642,9,3,579.93
9208,3643,45,2,1154.75
9209,3643,114,3,2879.54
9210,3644,375,1,3752.59
9211,3645,17,3,218.01
9212,3646,477,2,406.28
9213,3646,213,3,3857.96
9214,3647,256,2,2822.54
9215,3647,482,2,2869.91
9216,3647,235,1,1545.95
9217,3647,401,2,3107.38
9218,3648,392,2,1715.26
9219,3648,489,2,1208.97
9220,3648,234,2,1339.53
9221,3649,153,1,934.32
9222,3649,170,1,2134.36
9223,3649,317,2,4139.7
9224,3650,315,2,1821.28
9225,3651,104,3,2381.72
9226,3651,184,3,2905.79
9227,3651,396,1,3938.76
9228,3652,462,1,1761.45
9229,3653,196,1,893.1
9230,3653,320,3,4223.4
9231,3654,191,1,3708.02
9232,3654,106,3,4195.57
9233,3654,121,3,4153.29
9234,3655,99,1,794.57
9235,3655,354,1,1353.11
9236,3656,106,2,4195.57
9237,3657,160,3,456.74
9238,3658,173,1,2460.15
9239,3658,383,2,3100.45
9240,3658,403,1,2366.57
9241,3659,193,1,3317.64
9242,3659,129,2,3643.71
9243,3660,410,2,1608.92
9244,3660,408,1,1267.68
9245,3661,226,2,1903.52
9246,3661,145,3,4386.96
9247,3661,368,1,3608.06
9248,3661,55,3,2242.36
9249,3662,157,2,89.74
9250,3662,418,2,3162.18
9251,3662,260,1,2799.94
9252,3663,478,2,4426.93
9253,3664,288,2,576.82
9254,3664,126,3,3330.17
9255,3664,377,1,3597.78
9256,3665,357,3,308.92
9257,3665,450,2,1383.82
9258,3665,428,1,552.35
9259,3665,457,1,538.16
9260,3666,299,1,2236.93
9261,3666,145,2,4386.96
9262,3667,423,1,2917.66
9263,3667,245,2,2692.75
9264,3667,471,1,1761.98
9265,3668,81,1,317.16
9266,3669,260,2,2799.94
9267,3669,318,2,2112.93
9268,3669,106,1,4195.57
9269,3670,192,1,3715.21
9270,3670,280,3,729.73
9271,3671,272,3,1631.43
9272,3671,393,1,4114.42
9273,3671,287,3,1462.86
9274,3672,426,1,3163.29
9275,3672,309,2,2435.91
9276,3672,184,3,2905.79
9277,3673,320,3,4223.4
9278,3673,299,3,2236.93
9279,3673,35,3,1359.42
9280,3674,161,2,317.23
9281,3674,429,3,1306.05
9282,3674,419,2,1528.88
9283,3675,222,2,3177.67
9284,3675,129,1,3643.71
9285,3675,393,1,4114.42
9286,3676,16,2,1220.76
9287,3677,496,2,4100.09
9288,3678,156,1,2651.9
9289,3678,447,3,3419.0
9290,3679,254,2,3343.06
9291,3679,276,2,725.1
9292,3679,188,1,2968.08
9293,3679,170,1,2134.36
9294,3680,391,2,1011.82
9295,3680,250,1,1131.56
9296,3680,307,1,3718.26
9297,3680,352,3,1486.56
9298,3681,193,1,3317.64
9299,3681,232,3,4488.28
9300,3681,481,3,3003.63
9301,3682,217,1,665.92
9302,3682,251,3,3915.95
9303,3683,463,1,736.49
9304,3683,23,3,2321.94
9305,3683,381,3,1382.08
9306,3684,30,3,3742.45
9307,3685,342,2,1287.6
9308,3685,40,3,4039.53
9309,3685,237,1,1823.45
9310,3686,124,2,1712.72
9311,3686,139,1,1571.51
9312,3686,359,3,3114.51
9313,3686,436,1,2679.82
9314,3687,212,1,79.23
9315,3688,340,1,2069.14
9316,3688,153,3,934.32
9317,3689,301,3,4168.19
9318,3689,317,3,4139.7
9319,3689,66,1,1498.19
9320,3689,411,2,4247.59
9321,3690,180,1,2902.02
9322,3690,247,2,2823.16
9323,3690,166,2,1643.85
9324,3691,332,3,771.45
9325,3691,92,3,3644.34
9326,3691,368,3,3608.06
9327,3692,446,3,4069.49
9328,3692,65,2,3049.76
9329,3693,352,1,1486.56
9330,3693,461,2,821.67
9331,3693,258,3,4081.88
9332,3693,174,1,2301.51
9333,3694,465,3,119.9
9334,3694,453,1,2643.14
9335,3694,201,2,792.3
9336,3694,267,2,2415.44
9337,3695,57,2,2811.97
9338,3695,355,3,3874.37
9339,3695,167,2,2209.59
9340,3695,187,1,365.39
9341,3696,213,2,3857.96
9342,3696,287,1,1462.86
9343,3696,299,3,2236.93
9344,3696,457,1,538.16
9345,3697,479,2,2118.97
9346,3697,383,2,3100.45
9347,3697,123,3,2706.67
9348,3697,199,1,3459.96
9349,3698,292,2,1268.39
9350,3698,452,1,3244.17
9351,3698,190,3,2533.19
9352,3699,60,1,620.69
9353,3699,443,1,533.91
9354,3699,465,3,119.9
9355,3699,37,2,1163.13
9356,3700,97,2,3525.33
9357,3700,96,1,2743.96
9358,3700,68,3,2147.49
9359,3700,134,1,2239.38
9360,3701,203,1,4493.03
9361,3701,311,3,2083.21
9362,3701,207,1,1121.22
9363,3702,486,1,1923.52
9364,3703,463,3,736.49
9365,3703,291,2,4205.27
9366,3703,231,3,1032.55
9367,3703,433,3,1833.63
9368,3704,297,3,646.69
9369,3704,249,2,3844.8
9370,3704,284,3,3113.97
9371,3704,156,3,2651.9
9372,3705,379,2,4036.88
9373,3705,102,1,1816.85
9374,3705,44,1,2348.44
9375,3705,293,2,635.38
9376,3706,254,1,3343.06
9377,3706,322,2,846.01
9378,3707,200,1,2091.31
9379,3707,293,1,635.38
9380,3708,417,1,4016.18
9381,3708,289,2,3285.5
9382,3708,375,2,3752.59
9383,3709,121,1,4153.29
9384,3709,3,1,1677.12
9385,3710,145,3,4386.96
9386,3710,208,1,3457.4
9387,3710,301,1,4168.19
9388,3710,470,2,2072.05
9389,3711,105,3,1217.91
9390,3711,499,1,3607.21
9391,3711,56,3,4313.07
9392,3711,386,3,3798.71
9393,3712,125,1,1995.12
9394,3712,239,3,931.58
9395,3712,350,2,4350.01
9396,3712,334,3,3470.41
9397,3713,116,1,2193.35
9398,3713,416,2,1947.77
9399,3713,199,1,3459.96
9400,3714,99,2,794.57
9401,3714,7,1,2620.55
9402,3715,214,3,3709.4
9403,3715,241,3,2382.9
9404,3715,106,2,4195.57
9405,3716,233,3,2609.88
9406,3716,192,2,3715.21
9407,3716,201,1,792.3
9408,3716,318,3,2112.93
9409,3717,410,2,1608.92
9410,3717,34,1,2302.76
9411,3717,1,3,738.76
9412,3718,112,3,4364.46
9413,3719,241,1,2382.9
9414,3719,105,1,1217.91
9415,3720,158,3,2164.95
9416,3720,393,1,4114.42
9417,3721,156,1,2651.9
9418,3721,443,3,533.91
9419,3721,356,2,2384.68
9420,3721,196,1,893.1
9421,3722,403,2,2366.57
9422,3722,175,1,2807.82
9423,3723,286,3,2970.23
9424,3724,7,1,2620.55
9425,3724,495,3,113.2
9426,3725,352,2,1486.56
9427,3726,259,1,807.92
9428,3726,342,3,1287.6
9429,3726,212,1,79.23
9430,3727,103,3,2490.53
9431,3727,471,1,1761.98
9432,3727,333,3,278.33
9433,3728,49,3,4264.68
9434,3729,258,1,4081.88
9435,3729,391,2,1011.82
9436,3730,408,1,1267.68
9437,3730,309,3,2435.91
9438,3730,16,2,1220.76
9439,3730,415,2,274.53
9440,3731,202,3,2295.88
9441,3731,118,3,742.94
9442,3731,201,2,792.3
9443,3731,334,2,3470.41
9444,3732,260,3,2799.94
9445,3732,38,1,2556.1
9446,3733,213,2,3857.96
9447,3733,488,3,3384.94
9448,3734,173,1,2460.15
9449,3734,6,3,2537.97
9450,3734,99,2,794.57
9451,3735,368,1,3608.06
9452,3736,16,2,1220.76
9453,3736,427,2,2067.11
9454,3736,116,1,2193.35
9455,3737,325,3,3594.36
9456,3737,353,3,3425.07
9457,3737,102,1,1816.85
9458,3738,80,2,262.31
9459,3738,364,3,2241.64
9460,3739,65,2,3049.76
9461,3739,433,3,1833.63
9462,3739,353,2,3425.07
9463,3740,232,3,4488.28
9464,3740,426,2,3163.29
9465,3740,51,1,1127.15
9466,3740,299,3,2236.93
9467,3741,28,2,2353.96
9468,3741,190,3,2533.19
9469,3742,285,1,1963.79
9470,3742,32,1,2748.32
9471,3742,234,3,1339.53
9472,3742,405,2,4020.0
9473,3743,78,3,2350.68
9474,3743,146,2,3481.95
9475,3743,435,3,1757.98
9476,3744,257,2,3159.46
9477,3745,410,3,1608.92
9478,3745,371,3,1303.24
9479,3746,260,1,2799.94
9480,3746,258,1,4081.88
9481,3747,168,1,2465.17
9482,3748,301,2,4168.19
9483,3748,240,2,922.64
9484,3748,227,2,3377.17
9485,3749,126,2,3330.17
9486,3750,210,2,50.87
9487,3751,212,3,79.23
9488,3751,430,1,616.9
9489,3751,178,1,2382.11
9490,3751,71,3,1294.35
9491,3752,56,2,4313.07
9492,3752,430,3,616.9
9493,3752,291,2,4205.27
9494,3752,336,3,65.72
9495,3753,456,1,53.75
9496,3754,288,3,576.82
9497,3754,439,2,3340.18
9498,3754,135,1,270.86
9499,3755,380,2,4178.67
9500,3755,440,2,558.74
9501,3755,164,2,3559.1
9502,3756,40,3,4039.53
9503,3756,370,3,994.9
9504,3756,452,2,3244.17
9505,3756,122,2,1383.27
9506,3757,9,1,579.93
9507,3757,398,3,3061.39
9508,3757,378,3,741.47
9509,3758,358,2,2403.81
9510,3759,369,2,252.44
9511,3759,205,3,3809.6
9512,3759,382,1,2520.54
9513,3760,485,3,4081.95
9514,3760,107,3,1150.91
9515,3761,492,3,2207.18
9516,3761,480,1,443.59
9517,3761,388,2,3188.43
9518,3762,473,1,1103.54
9519,3763,45,2,1154.75
9520,3763,79,1,1385.15
9521,3763,327,2,1665.1
9522,3764,55,3,2242.36
9523,3764,288,1,576.82
9524,3764,397,2,687.66
9525,3764,168,1,2465.17
9526,3765,274,1,3960.11
9527,3765,22,1,1322.73
9528,3765,480,3,443.59
9529,3765,225,1,4152.33
9530,3766,463,1,736.49
9531,3767,282,3,2953.5
9532,3767,482,1,2869.91
9533,3768,81,1,317.16
9534,3769,203,1,4493.03
9535,3769,437,2,2574.09
9536,3769,245,1,2692.75
9537,3769,220,1,3317.48
9538,3770,332,1,771.45
9539,3770,228,2,2870.8
9540,3771,258,2,4081.88
9541,3771,115,2,2897.05
9542,3771,459,2,2832.2
9543,3772,1,3,738.76
9544,3772,236,3,269.43
9545,3772,328,3,3284.59
9546,3772,52,1,952.31
9547,3773,208,2,3457.4
9548,3773,338,2,3643.17
9549,3773,439,2,3340.18
9550,3774,302,2,3353.53
9551,3774,209,2,1652.04
9552,3775,163,2,2220.9
9553,3776,420,1,3651.38
9554,3776,231,1,1032.55
9555,3776,104,2,2381.72
9556,3776,308,2,2771.2
9557,3777,303,3,344.31
9558,3778,139,3,1571.51
9559,3778,218,3,1161.86
9560,3778,458,3,1096.82
9561,3779,383,3,3100.45
9562,3779,496,1,4100.09
9563,3779,124,2,1712.72
9564,3779,368,3,3608.06
9565,3780,274,1,3960.11
9566,3780,64,2,2097.31
9567,3780,30,1,3742.45
9568,3780,436,1,2679.82
9569,3781,496,1,4100.09
9570,3781,302,2,3353.53
9571,3782,66,3,1498.19
9572,3782,162,1,3170.91
9573,3782,140,3,4490.94
9574,3782,254,1,3343.06
9575,3783,265,1,4410.08
9576,3783,27,1,3030.0
9577,3783,157,2,89.74
9578,3784,63,2,2084.52
9579,3784,426,3,3163.29
9580,3784,162,1,3170.91
9581,3784,312,1,2358.23
9582,3785,37,3,1163.13
9583,3786,495,1,113.2
9584,3787,108,2,612.53
9585,3787,266,2,493.24
9586,3787,260,2,2799.94
9587,3787,481,2,3003.63
9588,3788,323,3,4036.29
9589,3788,159,2,3480.05
9590,3789,125,3,1995.12
9591,3789,433,1,1833.63
9592,3789,206,3,1966.12
9593,3790,284,3,3113.97
9594,3791,54,3,4144.84
9595,3791,108,3,612.53
9596,3791,55,2,2242.36
9597,3792,255,1,2378.53
9598,3792,35,1,1359.42
9599,3792,269,1,145.62
9600,3792,113,1,2679.2
9601,3793,151,3,237.73
9602,3793,65,3,3049.76
9603,3793,478,3,4426.93
9604,3794,336,1,65.72
9605,3794,406,2,1325.22
9606,3794,364,3,2241.64
9607,3795,54,1,4144.84
9608,3796,101,2,3168.1
9609,3797,441,3,2520.14
9610,3797,383,2,3100.45
9611,3797,8,1,3324.23
9612,3798,33,2,2608.33
9613,3798,423,3,2917.66
9614,3798,93,2,2774.78
9615,3799,374,3,3273.57
9616,3800,390,1,1703.55
9617,3800,396,1,3938.76
9618,3801,348,2,1315.49
9619,3801,215,1,2525.64
9620,3801,240,3,922.64
9621,3801,200,2,2091.31
9622,3802,431,3,3595.57
9623,3802,373,3,556.57
9624,3803,459,1,2832.2
9625,3803,429,2,1306.05
9626,3803,37,1,1163.13
9627,3804,289,2,3285.5
9628,3804,314,3,4333.54
9629,3805,274,2,3960.11
9630,3805,237,2,1823.45
9631,3806,11,1,1832.5
9632,3806,271,3,748.67
9633,3807,209,1,1652.04
9634,3807,123,3,2706.67
9635,3808,325,3,3594.36
9636,3808,320,2,4223.4
9637,3809,93,2,2774.78
9638,3810,125,1,1995.12
9639,3810,262,2,1257.33
9640,3810,86,1,4335.87
9641,3810,450,2,1383.82
9642,3811,287,2,1462.86
9643,3811,41,1,567.39
9644,3811,283,1,3610.47
9645,3812,423,1,2917.66
9646,3812,444,1,1506.97
9647,3813,261,2,4256.04
9648,3813,213,2,3857.96
9649,3813,29,2,4140.34
9650,3813,175,2,2807.82
9651,3814,37,3,1163.13
9652,3814,304,3,3908.72
9653,3814,70,3,3168.17
9654,3814,361,3,1205.49
9655,3815,391,1,1011.82
9656,3815,18,1,2782.15
9657,3816,272,2,1631.43
9658,3816,497,2,2037.61
9659,3817,139,3,1571.51
9660,3817,18,1,2782.15
9661,3817,184,1,2905.79
9662,3817,258,3,4081.88
9663,3818,108,2,612.53
9664,3819,194,2,4253.49
9665,3820,272,3,1631.43
9666,3820,247,1,2823.16
9667,3820,57,2,2811.97
9668,3820,305,3,3907.15
9669,3821,340,2,2069.14
9670,3821,476,2,1690.17
9671,3821,90,2,1745.77
9672,3821,194,1,4253.49
9673,3822,473,2,1103.54
9674,3822,208,3,3457.4
9675,3823,245,2,2692.75
9676,3823,486,1,1923.52
9677,3823,133,3,2798.9
9678,3823,358,3,2403.81
9679,3824,162,2,3170.91
9680,3824,118,1,742.94
9681,3824,232,2,4488.28
9682,3825,369,2,252.44
9683,3825,154,3,1019.16
9684,3825,498,3,3532.25
9685,3825,414,3,628.83
9686,3826,439,1,3340.18
9687,3826,166,3,1643.85
9688,3827,336,3,65.72
9689,3827,432,1,365.61
9690,3827,486,3,1923.52
9691,3827,310,1,3551.79
9692,3828,486,1,1923.52
9693,3828,54,1,4144.84
9694,3828,391,2,1011.82
9695,3829,244,1,1675.44
9696,3829,458,3,1096.82
9697,3829,128,2,1116.05
9698,3829,404,1,150.04
9699,3830,236,3,269.43
9700,3830,220,2,3317.48
9701,3830,147,2,4475.68
9702,3831,333,2,278.33
9703,3832,339,2,1108.56
9704,3833,497,3,2037.61
9705,3834,259,1,807.92
9706,3834,377,1,3597.78
9707,3835,133,2,2798.9
9708,3835,223,3,2698.78
9709,3836,91,2,4306.85
9710,3837,261,1,4256.04
9711,3837,488,1,3384.94
9712,3837,220,3,3317.48
9713,3838,383,2,3100.45
9714,3838,382,2,2520.54
9715,3838,461,1,821.67
9716,3839,438,3,1100.89
9717,3839,106,3,4195.57
9718,3840,126,3,3330.17
9719,3840,154,2,1019.16
9720,3841,143,2,2467.2
9721,3841,394,2,3605.66
9722,3842,174,1,2301.51
9723,3843,443,2,533.91
9724,3843,451,3,1405.25
9725,3843,448,2,2414.09
9726,3844,207,3,1121.22
9727,3844,99,3,794.57
9728,3845,422,3,2133.83
9729,3846,412,2,1139.47
9730,3846,86,3,4335.87
9731,3847,238,2,630.17
9732,3847,46,1,3382.11
9733,3848,396,3,3938.76
9734,3848,83,3,1539.22
9735,3848,367,3,3595.46
9736,3848,476,2,1690.17
9737,3849,491,2,3649.59
9738,3849,377,3,3597.78
9739,3849,129,1,3643.71
9740,3849,247,1,2823.16
9741,3850,13,2,765.28
9742,3850,108,3,612.53
9743,3850,351,2,4195.09
9744,3850,285,2,1963.79
9745,3851,386,2,3798.71
9746,3851,446,3,4069.49
9747,3851,356,1,2384.68
9748,3851,95,3,1460.11
9749,3852,471,3,1761.98
9750,3852,63,1,2084.52
9751,3853,371,2,1303.24
9752,3853,293,1,635.38
9753,3854,478,3,4426.93
9754,3854,493,1,3838.93
9755,3855,262,3,1257.33
9756,3855,386,1,3798.71
9757,3856,95,3,1460.11
9758,3856,179,2,735.89
9759,3856,124,3,1712.72
9760,3856,351,1,4195.09
9761,3857,141,2,1519.61
9762,3857,175,1,2807.82
9763,3857,189,3,2132.86
9764,3858,163,3,2220.9
9765,3858,276,1,725.1
9766,3859,134,1,2239.38
9767,3860,456,1,53.75
9768,3861,206,1,1966.12
9769,3861,116,1,2193.35
9770,3861,15,3,4170.08
9771,3862,221,1,819.42
9772,3862,244,2,1675.44
9773,3863,446,2,4069.49
9774,3863,314,2,4333.54
9775,3863,5,3,3537.86
9776,3864,185,3,2389.91
9777,3864,227,3,3377.17
9778,3864,52,3,952.31
9779,3864,219,2,458.98
9780,3865,48,1,1022.62
9781,3865,100,3,3288.59
9782,3866,31,1,1596.26
9783,3866,269,3,145.62
9784,3866,214,2,3709.4
9785,3867,198,3,3383.91
9786,3867,150,1,4216.16
9787,3867,492,2,2207.18
9788,3868,198,3,3383.91
9789,3868,26,3,4485.84
9790,3868,351,1,4195.09
9791,3868,349,1,2697.61
9792,3869,296,1,166.08
9793,3870,279,3,3105.03
9794,3870,225,3,4152.33
9795,3870,91,3,4306.85
9796,3871,203,3,4493.03
9797,3871,240,1,922.64
9798,3871,478,2,4426.93
9799,3872,40,1,4039.53
9800,3872,204,1,4066.06
9801,3873,437,3,2574.09
9802,3874,199,2,3459.96
9803,3874,22,1,1322.73
9804,3874,53,3,1634.32
9805,3875,496,1,4100.09
9806,3875,457,1,538.16
9807,3875,78,1,2350.68
9808,3875,264,3,3909.98
9809,3876,160,2,456.74
9810,3876,312,3,2358.23
9811,3876,26,2,4485.84
9812,3876,264,2,3909.98
9813,3877,324,1,1162.87
9814,3878,414,3,628.83
9815,3878,123,3,2706.67
9816,3878,131,1,1887.42
9817,3878,437,3,2574.09
9818,3879,118,1,742.94
9819,3880,366,3,57.04
9820,3881,199,2,3459.96
9821,3882,394,2,3605.66
9822,3882,193,1,3317.64
9823,3883,269,2,145.62
9824,3883,141,2,1519.61
9825,3884,38,1,2556.1
9826,3884,149,3,2154.07
9827,3884,385,3,1559.23
9828,3885,233,2,2609.88
9829,3885,316,1,2102.99
9830,3885,468,1,3877.68
9831,3886,39,1,4327.51
9832,3886,392,3,1715.26
9833,3886,429,1,1306.05
9834,3887,270,1,1406.93
9835,3887,219,2,458.98
9836,3887,41,3,567.39
9837,3888,383,1,3100.45
9838,3888,23,1,2321.94
9839,3888,379,2,4036.88
9840,3888,338,1,3643.17
9841,3889,215,3,2525.64
9842,3889,303,1,344.31
9843,3889,10,2,4274.14
9844,3890,314,1,4333.54
9845,3890,338,3,3643.17
9846,3890,172,3,2413.56
9847,3891,466,3,2977.77
9848,3892,457,2,538.16
9849,3892,421,2,2576.66
9850,3892,69,1,868.42
9851,3892,462,1,1761.45
9852,3893,200,3,2091.31
9853,3893,321,2,1799.15
9854,3893,252,2,1577.56
9855,3893,280,2,729.73
9856,3894,435,1,1757.98
9857,3894,424,1,1081.04
9858,3895,179,3,735.89
9859,3895,29,2,4140.34
9860,3895,448,1,2414.09
9861,3895,91,1,4306.85
9862,3896,178,3,2382.11
9863,3896,137,2,3232.62
9864,3897,236,1,269.43
9865,3898,329,1,4276.4
9866,3899,388,2,3188.43
9867,3899,88,1,1630.24
9868,3899,316,1,2102.99
9869,3899,265,1,4410.08
9870,3900,178,3,2382.11
9871,3901,431,2,3595.57
9872,3902,228,2,2870.8
9873,3902,49,1,4264.68
9874,3902,130,1,2935.63
9875,3902,277,3,660.81
9876,3903,398,2,3061.39
9877,3903,63,1,2084.52
9878,3904,234,2,1339.53
9879,3904,295,2,1077.56
9880,3904,390,2,1703.55
9881,3905,88,3,1630.24
9882,3906,150,3,4216.16
9883,3906,386,1,3798.71
9884,3907,3,1,1677.12
9885,3907,421,3,2576.66
9886,3908,183,3,2209.9
9887,3909,25,3,2964.84
9888,3909,261,3,4256.04
9889,3910,72,2,4407.76
9890,3910,57,2,2811.97
9891,3910,433,3,1833.63
9892,3911,62,1,1595.44
9893,3912,311,1,2083.21
9894,3912,221,2,819.42
9895,3912,86,1,4335.87
9896,3912,172,2,2413.56
9897,3913,365,2,1085.61
9898,3913,70,3,3168.17
9899,3914,119,3,3678.44
9900,3915,123,3,2706.67
9901,3915,28,1,2353.96
9902,3915,127,2,1031.64
9903,3916,380,1,4178.67
9904,3917,129,1,3643.71
9905,3917,308,1,2771.2
9906,3917,204,3,4066.06
9907,3917,417,1,4016.18
9908,3918,152,3,593.53
9909,3918,25,1,2964.84
9910,3918,389,2,1258.16
9911,3919,182,3,844.94
9912,3919,132,3,657.98
9913,3919,108,2,612.53
9914,3919,306,1,1851.66
9915,3920,378,1,741.47
9916,3920,269,1,145.62
9917,3920,10,1,4274.14
9918,3921,328,2,3284.59
9919,3921,131,3,1887.42
9920,3921,421,2,2576.66
9921,3921,50,3,2270.55
9922,3922,425,3,1198.33
9923,3922,66,3,1498.19
9924,3923,264,2,3909.98
9925,3924,171,1,4119.41
9926,3925,480,2,443.59
9927,3925,344,3,1603.14
9928,3925,262,1,1257.33
9929,3926,300,2,1056.92
9930,3926,15,1,4170.08
9931,3926,429,3,1306.05
9932,3927,467,2,426.75
9933,3927,109,2,177.14
9934,3928,54,3,4144.84
9935,3928,31,1,1596.26
9936,3929,130,3,2935.63
9937,3929,148,3,3480.93
9938,3929,132,1,657.98
9939,3929,241,3,2382.9
9940,3930,355,1,3874.37
9941,3931,64,3,2097.31
9942,3931,249,1,3844.8
9943,3931,482,1,2869.91
9944,3931,129,1,3643.71
9945,3932,183,3,2209.9
9946,3932,202,3,2295.88
9947,3932,271,3,748.67
9948,3933,469,2,2739.71
9949,3933,486,2,1923.52
9950,3933,272,3,1631.43
9951,3934,387,2,883.84
9952,3934,107,3,1150.91
9953,3934,246,2,803.19
9954,3934,151,2,237.73
9955,3935,485,1,4081.95
9956,3935,3,2,1677.12
9957,3935,227,2,3377.17
9958,3935,70,3,3168.17
9959,3936,393,2,4114.42
9960,3937,135,3,270.86
9961,3937,54,1,4144.84
9962,3937,76,3,3635.22
9963,3937,4,1,1818.67
9964,3938,224,3,3647.12
9965,3938,265,1,4410.08
9966,3939,183,1,2209.9
9967,3939,431,3,3595.57
9968,3940,3,3,1677.12
9969,3940,157,1,89.74
9970,3940,111,2,4210.12
9971,3941,206,1,1966.12
9972,3942,203,3,4493.03
9973,3942,312,2,2358.23
9974,3943,499,3,3607.21
9975,3943,226,2,1903.52
9976,3943,192,2,3715.21
9977,3943,68,3,2147.49
9978,3944,485,1,4081.95
9979,3944,287,1,1462.86
9980,3944,479,3,2118.97
9981,3945,219,1,458.98
9982,3946,241,2,2382.9
9983,3946,268,1,4352.22
9984,3946,36,2,4307.36
9985,3946,236,3,269.43
9986,3947,128,2,1116.05
9987,3948,250,2,1131.56
9988,3948,198,1,3383.91
9989,3949,388,1,3188.43
9990,3949,314,1,4333.54
9991,3950,490,2,802.4
9992,3950,320,1,4223.4
9993,3951,70,2,3168.17
9994,3951,380,1,4178.67
9995,3951,358,3,2403.81
9996,3952,97,3,3525.33
9997,3952,93,2,2774.78
9998,3952,308,1,2771.2
9999,3953,361,1,1205.49
10000,3953,443,1,533.91
10001,3953,16,2,1220.76
10002,3954,428,2,552.35
10003,3954,369,2,252.44
10004,3954,156,3,2651.9
10005,3954,234,2,1339.53
10006,3955,345,3,3018.13
10007,3955,446,2,4069.49
10008,3956,19,3,4337.71
10009,3956,142,1,299.37
10010,3956,390,3,1703.55
10011,3956,302,2,3353.53
10012,3957,274,2,3960.11
10013,3957,35,2,1359.42
10014,3957,309,2,2435.91
10015,3957,159,3,3480.05
10016,3958,485,2,4081.95
10017,3958,231,1,1032.55
10018,3958,120,1,1326.09
10019,3958,313,3,224.67
10020,3959,396,2,3938.76
10021,3959,352,1,1486.56
10022,3960,241,2,2382.9
10023,3960,106,3,4195.57
10024,3960,466,3,2977.77
10025,3961,473,1,1103.54
10026,3962,151,1,237.73
10027,3963,495,3,113.2
10028,3963,453,3,2643.14
10029,3963,161,2,317.23
10030,3963,220,1,3317.48
10031,3964,243,3,448.7
10032,3965,413,3,4020.48
10033,3965,54,3,4144.84
10034,3966,339,3,1108.56
10035,3966,233,3,2609.88
10036,3966,411,2,4247.59
10037,3966,35,3,1359.42
10038,3967,199,2,3459.96
10039,3968,93,2,2774.78
10040,3968,119,1,3678.44
10041,3968,211,1,2701.14
10042,3968,127,1,1031.64
10043,3969,276,2,725.1
10044,3969,440,3,558.74
10045,3969,170,3,2134.36
10046,3970,231,1,1032.55
10047,3970,478,2,4426.93
10048,3970,468,2,3877.68
10049,3970,57,2,2811.97
10050,3971,282,1,2953.5
10051,3971,426,3,3163.29
10052,3972,431,3,3595.57
10053,3972,395,1,896.44
10054,3973,435,3,1757.98
10055,3973,252,3,1577.56
10056,3974,467,2,426.75
10057,3974,333,3,278.33
10058,3974,85,3,138.27
10059,3975,320,2,4223.4
10060,3976,327,3,1665.1
10061,3977,52,2,952.31
10062,3977,369,3,252.44
10063,3977,357,3,308.92
10064,3978,449,2,2039.86
10065,3978,189,3,2132.86
10066,3978,99,1,794.57
10067,3979,362,2,1624.65
10068,3980,234,2,1339.53
10069,3980,461,1,821.67
10070,3981,272,2,1631.43
10071,3982,290,2,4327.32
10072,3982,207,1,1121.22
10073,3982,498,2,3532.25
10074,3983,223,3,2698.78
10075,3984,131,1,1887.42
10076,3984,281,2,1515.32
10077,3984,364,3,2241.64
10078,3985,2,3,1212.8
10079,3985,3,3,1677.12
10080,3985,31,2,1596.26
10081,3986,402,2,1533.14
10082,3987,211,1,2701.14
10083,3987,24,1,804.2
10084,3987,77,1,648.4
10085,3988,160,2,456.74
10086,3988,497,3,2037.61
10087,3988,398,2,3061.39
10088,3988,21,1,3835.03
10089,3989,269,3,145.62
10090,3989,380,3,4178.67
10091,3989,83,3,1539.22
10092,3989,91,3,4306.85
10093,3990,384,1,344.65
10094,3990,406,2,1325.22
10095,3990,157,1,89.74
10096,3991,133,2,2798.9
10097,3991,302,3,3353.53
10098,3991,365,3,1085.61
10099,3992,459,2,2832.2
10100,3992,443,1,533.91
10101,3993,354,2,1353.11
10102,3993,100,3,3288.59
10103,3993,416,2,1947.77
10104,3993,211,2,2701.14
10105,3994,376,2,4154.14
10106,3994,482,3,2869.91
10107,3994,188,3,2968.08
10108,3994,261,3,4256.04
10109,3995,489,2,1208.97
10110,3995,342,1,1287.6
10111,3996,430,3,616.9
10112,3997,97,3,3525.33
10113,3997,499,3,3607.21
10114,3997,301,1,4168.19
10115,3998,332,1,771.45
10116,3998,366,2,57.04
10117,3998,303,3,344.31
10118,3999,236,1,269.43
10119,3999,62,3,1595.44
10120,3999,286,2,2970.23
10121,3999,166,1,1643.85
10122,4000,244,2,1675.44
10123,4001,359,2,3114.51
10124,4001,11,1,1832.5
10125,4002,180,1,2902.02
10126,4002,194,1,4253.49
10127,4003,62,1,1595.44
10128,4003,103,2,2490.53
10129,4003,461,3,821.67
10130,4004,434,1,1134.43
10131,4004,254,2,3343.06
10132,4004,239,1,931.58
10133,4004,181,2,2982.07
10134,4005,80,2,262.31
10135,4006,53,3,1634.32
10136,4006,225,2,4152.33
10137,4006,221,1,819.42
10138,4006,110,2,3895.87
10139,4007,92,1,3644.34
10140,4007,357,3,308.92
10141,4007,235,3,1545.95
10142,4008,353,2,3425.07
10143,4009,263,3,1652.98
10144,4009,281,1,1515.32
10145,4010,466,2,2977.77
10146,4010,369,1,252.44
10147,4010,209,1,1652.04
10148,4010,237,2,1823.45
10149,4011,74,3,1973.37
10150,4012,160,1,456.74
10151,4012,127,2,1031.64
10152,4012,487,3,1336.98
10153,4013,295,2,1077.56
10154,4013,35,3,1359.42
10155,4014,216,2,469.58
10156,4014,140,1,4490.94
10157,4014,454,2,1848.68
10158,4015,28,2,2353.96
10159,4015,423,3,2917.66
10160,4015,145,1,4386.96
10161,4015,197,3,2586.62
10162,4016,350,1,4350.01
10163,4017,318,1,2112.93
10164,4017,11,2,1832.5
10165,4017,201,3,792.3
10166,4017,356,3,2384.68
10167,4018,17,1,218.01
10168,4018,340,2,2069.14
10169,4018,417,1,4016.18
10170,4019,132,3,657.98
10171,4019,16,3,1220.76
10172,4020,116,1,2193.35
10173,4020,48,3,1022.62
10174,4020,443,1,533.91
10175,4020,70,3,3168.17
10176,4021,197,2,2586.62
10177,4021,225,2,4152.33
10178,4021,223,3,2698.78
10179,4021,208,1,3457.4
10180,4022,120,1,1326.09
10181,4022,377,2,3597.78
10182,4022,326,1,455.8
10183,4023,355,2,3874.37
10184,4024,114,3,2879.54
10185,4024,172,1,2413.56
10186,4024,115,3,2897.05
10187,4025,468,3,3877.68
10188,4025,38,1,2556.1
10189,4025,239,2,931.58
10190,4025,282,3,2953.5
10191,4026,123,3,2706.67
10192,4027,489,2,1208.97
10193,4028,115,2,2897.05
10194,4028,96,3,2743.96
10195,4028,60,3,620.69
10196,4028,194,3,4253.49
10197,4029,152,2,593.53
10198,4029,183,1,2209.9
10199,4029,171,2,4119.41
10200,4029,427,1,2067.11
10201,4030,62,1,1595.44
10202,4030,16,3,1220.76
10203,4030,226,2,1903.52
10204,4031,255,1,2378.53
10205,4031,5,3,3537.86
10206,4031,187,2,365.39
10207,4032,288,2,576.82
10208,4033,456,1,53.75
10209,4033,409,1,2540.33
10210,4033,137,1,3232.62
10211,4033,149,2,2154.07
10212,4034,336,2,65.72
10213,4034,89,3,3497.61
10214,4034,478,2,4426.93
10215,4034,479,3,2118.97
10216,4035,448,1,2414.09
10217,4035,205,2,3809.6
10218,4036,13,1,765.28
10219,4036,18,2,2782.15
10220,4036,197,3,2586.62
10221,4036,332,2,771.45
10222,4037,188,1,2968.08
10223,4038,410,2,1608.92
10224,4038,390,3,1703.55
10225,4038,488,2,3384.94
10226,4038,301,1,4168.19
10227,4039,244,3,1675.44
10228,4039,450,2,1383.82
10229,4040,112,1,4364.46
10230,4040,35,2,1359.42
10231,4040,428,1,552.35
10232,4041,392,2,1715.26
10233,4041,445,3,452.87
10234,4041,129,3,3643.71
10235,4042,343,1,267.69
10236,4043,217,1,665.92
10237,4043,353,2,3425.07
10238,4043,82,2,3783.42
10239,4043,58,1,3916.02
10240,4044,142,2,299.37
10241,4044,350,1,4350.01
10242,4044,193,3,3317.64
10243,4044,40,2,4039.53
10244,4045,128,1,1116.05
10245,4045,78,1,2350.68
10246,4045,416,3,1947.77
10247,4046,463,2,736.49
10248,4046,450,1,1383.82
10249,4046,397,3,687.66
10250,4047,2,1,1212.8
10251,4048,271,1,748.67
10252,4048,354,3,1353.11
10253,4048,56,3,4313.07
10254,4049,38,2,2556.1
10255,4049,316,1,2102.99
10256,4049,286,3,2970.23
10257,4049,275,3,4251.41
10258,4050,127,2,1031.64
10259,4050,230,3,2563.86
10260,4050,394,3,3605.66
10261,4051,415,1,274.53
10262,4052,264,3,3909.98
10263,4052,57,1,2811.97
10264,4052,250,1,1131.56
10265,4052,387,3,883.84
10266,4053,267,1,2415.44
10267,4054,264,3,3909.98
10268,4054,278,3,4324.7
10269,4054,413,1,4020.48
10270,4055,437,3,2574.09
10271,4055,336,1,65.72
10272,4055,466,3,2977.77
10273,4056,138,1,451.38
10274,4057,111,3,4210.12
10275,4057,145,1,4386.96
10276,4058,18,3,2782.15
10277,4058,284,1,3113.97
10278,4058,430,3,616.9
10279,4059,174,2,2301.51
10280,4060,175,3,2807.82
10281,4060,491,3,3649.59
10282,4061,415,3,274.53
10283,4061,411,1,4247.59
10284,4061,303,1,344.31
10285,4061,20,1,2899.3
10286,4062,50,2,2270.55
10287,4063,292,1,1268.39
10288,4063,156,3,2651.9
10289,4063,215,1,2525.64
10290,4063,12,1,2782.41
10291,4064,464,2,608.69
10292,4064,221,2,819.42
10293,4064,493,2,3838.93
10294,4065,259,1,807.92
10295,4065,59,3,1297.19
10296,4066,290,1,4327.32
10297,4066,269,2,145.62
10298,4066,443,1,533.91
10299,4067,235,2,1545.95
10300,4068,300,3,1056.92
10301,4068,462,2,1761.45
10302,4068,354,3,1353.11
10303,4069,434,1,1134.43
10304,4070,3,1,1677.12
10305,4070,442,1,1420.76
10306,4070,297,1,646.69
10307,4070,77,1,648.4
10308,4071,382,2,2520.54
10309,4071,222,3,3177.67
10310,4071,190,2,2533.19
10311,4072,367,2,3595.46
10312,4072,462,2,1761.45
10313,4072,447,2,3419.0
10314,4072,62,2,1595.44
10315,4073,109,1,177.14
10316,4074,295,1,1077.56
10317,4074,320,2,4223.4
10318,4074,177,1,4353.88
10319,4075,149,2,2154.07
10320,4075,333,2,278.33
10321,4075,52,1,952.31
10322,4075,204,3,4066.06
10323,4076,74,3,1973.37
10324,4076,449,2,2039.86
10325,4076,371,1,1303.24
10326,4076,362,1,1624.65
10327,4077,434,1,1134.43
10328,4077,116,2,2193.35
10329,4078,139,3,1571.51
10330,4078,458,3,1096.82
10331,4079,198,1,3383.91
10332,4079,131,2,1887.42
10333,4079,49,1,4264.68
10334,4079,470,1,2072.05
10335,4080,418,2,3162.18
10336,4080,430,2,616.9
10337,4080,478,2,4426.93
10338,4081,279,3,3105.03
10339,4081,204,3,4066.06
10340,4081,61,1,2178.52
10341,4082,438,3,1100.89
10342,4082,259,1,807.92
10343,4082,103,2,2490.53
10344,4083,266,1,493.24
10345,4084,139,2,1571.51
10346,4084,325,1,3594.36
10347,4084,418,3,3162.18
10348,4085,264,3,3909.98
10349,4085,272,3,1631.43
10350,4085,181,1,2982.07
10351,4085,290,3,4327.32
10352,4086,8,3,3324.23
10353,4086,222,2,3177.67
10354,4087,196,1,893.1
10355,4087,314,2,4333.54
10356,4087,101,3,3168.1
10357,4088,415,2,274.53
10358,4088,73,3,3257.63
10359,4088,488,1,3384.94
10360,4088,235,1,1545.95
10361,4089,213,1,3857.96
10362,4089,276,1,725.1
10363,4090,241,1,2382.9
10364,4090,175,2,2807.82
10365,4091,273,1,1277.66
10366,4092,495,2,113.2
10367,4092,174,3,2301.51
10368,4092,326,3,455.8
10369,4093,83,1,1539.22
10370,4094,46,2,3382.11
10371,4095,42,2,3559.52
10372,4095,348,1,1315.49
10373,4095,499,3,3607.21
10374,4095,14,2,3629.44
10375,4096,445,1,452.87
10376,4096,469,3,2739.71
10377,4096,10,2,4274.14
10378,4097,137,2,3232.62
10379,4097,233,3,2609.88
10380,4097,115,1,2897.05
10381,4098,49,3,4264.68
10382,4098,451,2,1405.25
10383,4098,430,3,616.9
10384,4099,319,1,3265.78
10385,4099,38,3,2556.1
10386,4100,96,1,2743.96
10387,4100,487,3,1336.98
10388,4101,424,3,1081.04
10389,4102,430,2,616.9
10390,4102,340,3,2069.14
10391,4102,384,3,344.65
10392,4102,219,1,458.98
10393,4103,217,3,665.92
10394,4103,328,2,3284.59
10395,4103,250,2,1131.56
10396,4103,492,2,2207.18
10397,4104,385,3,1559.23
10398,4104,27,1,3030.0
10399,4105,339,1,1108.56
10400,4106,1,3,738.76
10401,4106,283,2,3610.47
10402,4106,118,1,742.94
10403,4107,434,1,1134.43
10404,4107,286,1,2970.23
10405,4107,89,3,3497.61
10406,4107,202,3,2295.88
10407,4108,241,3,2382.9
10408,4108,365,2,1085.61
10409,4108,244,3,1675.44
10410,4108,403,1,2366.57
10411,4109,444,3,1506.97
10412,4109,478,2,4426.93
10413,4110,69,1,868.42
10414,4110,167,3,2209.59
10415,4111,482,1,2869.91
10416,4111,316,1,2102.99
10417,4112,66,2,1498.19
10418,4112,185,2,2389.91
10419,4112,454,2,1848.68
10420,4113,234,2,1339.53
10421,4113,130,2,2935.63
10422,4114,25,3,2964.84
10423,4114,85,3,138.27
10424,4114,55,3,2242.36
10425,4115,96,2,2743.96
10426,4115,48,3,1022.62
10427,4115,52,2,952.31
10428,4116,18,1,2782.15
10429,4116,117,3,2016.28
10430,4116,365,1,1085.61
10431,4116,194,3,4253.49
10432,4117,365,3,1085.61
10433,4117,393,3,4114.42
10434,4117,274,2,3960.11
10435,4117,251,1,3915.95
10436,4118,389,3,1258.16
10437,4119,237,3,1823.45
10438,4119,170,3,2134.36
10439,4119,461,3,821.67
10440,4120,189,3,2132.86
10441,4120,340,3,2069.14
10442,4121,229,1,1406.29
10443,4121,386,2,3798.71
10444,4121,244,3,1675.44
10445,4122,350,1,4350.01
10446,4122,302,3,3353.53
10447,4123,124,3,1712.72
10448,4123,67,1,882.83
10449,4123,331,1,2566.44
10450,4124,159,2,3480.05
10451,4124,209,3,1652.04
10452,4124,42,3,3559.52
10453,4125,304,3,3908.72
10454,4125,487,2,1336.98
10455,4125,149,3,2154.07
10456,4125,211,2,2701.14
10457,4126,267,3,2415.44
10458,4127,111,1,4210.12
10459,4127,368,1,3608.06
10460,4127,213,3,3857.96
10461,4127,383,2,3100.45
10462,4128,400,3,565.47
10463,4128,327,1,1665.1
10464,4128,168,3,2465.17
10465,4129,59,3,1297.19
10466,4130,384,1,344.65
10467,4130,225,3,4152.33
10468,4130,89,2,3497.61
10469,4131,45,3,1154.75
10470,4132,236,2,269.43
10471,4132,110,3,3895.87
10472,4132,254,2,3343.06
10473,4133,206,1,1966.12
10474,4133,346,3,1523.44
10475,4134,453,3,2643.14
10476,4134,426,3,3163.29
10477,4134,181,2,2982.07
10478,4134,150,3,4216.16
10479,4135,292,3,1268.39
10480,4135,44,3,2348.44
10481,4135,363,3,2258.97
10482,4135,246,1,803.19
10483,4136,11,3,1832.5
10484,4136,23,3,2321.94
10485,4137,12,1,2782.41
10486,4138,381,2,1382.08
10487,4139,259,2,807.92
10488,4139,419,3,1528.88
10489,4140,306,2,1851.66
10490,4140,30,1,3742.45
10491,4140,203,2,4493.03
10492,4140,94,2,402.05
10493,4141,301,2,4168.19
10494,4141,175,3,2807.82
10495,4141,56,1,4313.07
10496,4142,228,3,2870.8
10497,4142,51,1,1127.15
10498,4142,324,3,1162.87
10499,4142,358,3,2403.81
10500,4143,1,3,738.76
10501,4144,324,3,1162.87
10502,4144,482,3,2869.91
10503,4144,181,2,2982.07
10504,4145,140,3,4490.94
10505,4145,81,1,317.16
10506,4146,440,2,558.74
10507,4146,345,3,3018.13
10508,4146,461,3,821.67
10509,4146,329,3,4276.4
10510,4147,217,1,665.92
10511,4147,179,3,735.89
10512,4147,361,2,1205.49
10513,4147,338,3,3643.17
10514,4148,437,2,2574.09
10515,4148,23,1,2321.94
10516,4149,64,3,2097.31
10517,4149,301,2,4168.19
10518,4149,238,1,630.17
10519,4149,80,1,262.31
10520,4150,443,2,533.91
10521,4150,466,1,2977.77
10522,4151,168,2,2465.17
10523,4151,119,2,3678.44
10524,4152,346,2,1523.44
10525,4152,230,2,2563.86
10526,4152,349,2,2697.61
10527,4153,129,3,3643.71
10528,4153,463,1,736.49
10529,4154,410,3,1608.92
10530,4154,427,2,2067.11
10531,4154,394,2,3605.66
10532,4154,172,1,2413.56
10533,4155,341,1,2720.45
10534,4155,36,2,4307.36
10535,4156,307,2,3718.26
10536,4156,48,2,1022.62
10537,4156,132,1,657.98
10538,4156,1,3,738.76
10539,4157,445,1,452.87
10540,4157,262,2,1257.33
10541,4158,482,3,2869.91
10542,4159,247,2,2823.16
10543,4160,202,3,2295.88
10544,4160,455,2,327.73
10545,4160,363,3,2258.97
10546,4160,212,2,79.23
10547,4161,78,3,2350.68
10548,4161,407,1,3036.5
10549,4161,433,2,1833.63
10550,4161,460,1,1747.96
10551,4162,149,1,2154.07
10552,4162,394,2,3605.66
10553,4163,217,1,665.92
10554,4163,257,3,3159.46
10555,4163,337,1,2090.96
10556,4163,415,1,274.53
10557,4164,179,1,735.89
10558,4164,388,2,3188.43
10559,4165,367,2,3595.46
10560,4165,74,2,1973.37
10561,4165,453,3,2643.14
10562,4166,373,2,556.57
10563,4166,377,1,3597.78
10564,4166,456,2,53.75
10565,4166,195,3,500.45
10566,4167,243,3,448.7
10567,4168,383,1,3100.45
10568,4169,91,3,4306.85
10569,4169,268,3,4352.22
10570,4169,353,2,3425.07
10571,4169,115,2,2897.05
10572,4170,138,3,451.38
10573,4170,486,3,1923.52
10574,4170,372,1,1386.26
10575,4170,213,1,3857.96
10576,4171,46,3,3382.11
10577,4171,134,3,2239.38
10578,4171,313,1,224.67
10579,4171,358,3,2403.81
10580,4172,344,3,1603.14
10581,4172,478,2,4426.93
10582,4172,122,1,1383.27
10583,4172,55,2,2242.36
10584,4173,202,2,2295.88
10585,4173,358,1,2403.81
10586,4173,153,3,934.32
10587,4174,299,2,2236.93
10588,4175,323,3,4036.29
10589,4176,202,1,2295.88
10590,4176,456,1,53.75
10591,4176,206,1,1966.12
10592,4177,103,1,2490.53
10593,4177,200,1,2091.31
10594,4177,75,2,3610.17
10595,4177,365,3,1085.61
10596,4178,200,2,2091.31
10597,4179,229,3,1406.29
10598,4180,446,3,4069.49
10599,4180,380,3,4178.67
10600,4180,495,1,113.2
10601,4180,492,2,2207.18
10602,4181,47,1,4194.71
10603,4182,392,1,1715.26
10604,4182,443,3,533.91
10605,4182,457,3,538.16
10606,4183,384,3,344.65
10607,4183,324,2,1162.87
10608,4183,344,2,1603.14
10609,4183,127,1,1031.64
10610,4184,473,3,1103.54
10611,4184,322,2,846.01
10612,4184,455,3,327.73
10613,4184,84,3,2530.84
10614,4185,226,1,1903.52
10615,4185,236,2,269.43
10616,4185,241,2,2382.9
10617,4185,357,2,308.92
10618,4186,243,1,448.7
10619,4187,356,3,2384.68
10620,4187,301,2,4168.19
10621,4188,167,2,2209.59
10622,4189,499,2,3607.21
10623,4189,421,1,2576.66
10624,4190,337,1,2090.96
10625,4191,112,3,4364.46
10626,4191,398,1,3061.39
10627,4192,66,3,1498.19
10628,4192,201,3,792.3
10629,4193,242,2,3506.63
10630,4193,418,2,3162.18
10631,4194,81,1,317.16
10632,4195,223,3,2698.78
10633,4195,389,3,1258.16
10634,4196,39,2,4327.51
10635,4196,185,1,2389.91
10636,4196,256,3,2822.54
10637,4197,380,1,4178.67
10638,4197,312,3,2358.23
10639,4198,89,3,3497.61
10640,4198,359,2,3114.51
10641,4198,321,1,1799.15
10642,4199,408,1,1267.68
10643,4199,212,2,79.23
10644,4199,386,2,3798.71
10645,4200,173,1,2460.15
10646,4200,286,1,2970.23
10647,4200,308,1,2771.2
10648,4201,186,3,268.43
10649,4201,453,3,2643.14
10650,4201,67,2,882.83
10651,4202,343,2,267.69
10652,4202,14,1,3629.44
10653,4202,446,1,4069.49
10654,4202,460,3,1747.96
10655,4203,394,3,3605.66
10656,4203,76,3,3635.22
10657,4204,312,1,2358.23
10658,4204,476,1,1690.17
10659,4205,487,2,1336.98
10660,4205,74,3,1973.37
10661,4205,279,3,3105.03
10662,4206,54,1,4144.84
10663,4206,192,2,3715.21
10664,4206,372,3,1386.26
10665,4206,458,3,1096.82
10666,4207,154,2,1019.16
10667,4207,249,3,3844.8
10668,4207,483,3,2778.02
10669,4207,81,2,317.16
10670,4208,137,2,3232.62
10671,4208,212,2,79.23
10672,4208,142,1,299.37
10673,4208,347,2,1905.46
10674,4209,460,1,1747.96
10675,4209,267,1,2415.44
10676,4210,473,1,1103.54
10677,4211,372,3,1386.26
10678,4211,351,3,4195.09
10679,4211,26,1,4485.84
10680,4212,162,2,3170.91
10681,4212,207,1,1121.22
10682,4212,379,3,4036.88
10683,4212,159,3,3480.05
10684,4213,278,1,4324.7
10685,4213,57,2,2811.97
10686,4213,334,3,3470.41
10687,4214,56,1,4313.07
10688,4215,250,2,1131.56
10689,4215,305,2,3907.15
10690,4215,252,2,1577.56
10691,4215,412,2,1139.47
10692,4216,302,1,3353.53
10693,4217,273,3,1277.66
10694,4217,416,2,1947.77
10695,4217,396,2,3938.76
10696,4217,374,1,3273.57
10697,4218,403,2,2366.57
10698,4218,325,1,3594.36
10699,4218,152,1,593.53
10700,4218,199,1,3459.96
10701,4219,419,2,1528.88
10702,4219,228,3,2870.8
10703,4219,227,3,3377.17
10704,4220,499,2,3607.21
10705,4220,118,3,742.94
10706,4220,102,1,1816.85
10707,4220,488,1,3384.94
10708,4221,471,1,1761.98
10709,4221,457,3,538.16
10710,4221,88,1,1630.24
10711,4221,258,2,4081.88
10712,4222,93,1,2774.78
10713,4223,149,3,2154.07
10714,4223,106,2,4195.57
10715,4223,282,1,2953.5
10716,4223,454,2,1848.68
10717,4224,26,1,4485.84
10718,4224,166,1,1643.85
10719,4224,494,3,2790.3
10720,4225,5,3,3537.86
10721,4225,164,1,3559.1
10722,4225,466,2,2977.77
10723,4226,67,3,882.83
10724,4226,385,2,1559.23
10725,4226,214,3,3709.4
10726,4226,14,3,3629.44
10727,4227,84,2,2530.84
10728,4227,305,3,3907.15
10729,4227,39,2,4327.51
10730,4227,139,2,1571.51
10731,4228,500,2,4429.12
10732,4228,497,2,2037.61
10733,4229,293,3,635.38
10734,4230,298,3,3218.49
10735,4230,59,1,1297.19
10736,4230,311,2,2083.21
10737,4231,249,2,3844.8
10738,4231,369,2,252.44
10739,4231,119,2,3678.44
10740,4232,315,3,1821.28
10741,4232,226,3,1903.52
10742,4233,269,2,145.62
10743,4233,231,3,1032.55
10744,4233,413,3,4020.48
10745,4234,463,2,736.49
10746,4234,336,2,65.72
10747,4234,447,1,3419.0
10748,4235,58,3,3916.02
10749,4235,410,3,1608.92
10750,4236,492,3,2207.18
10751,4236,135,3,270.86
10752,4236,136,2,4376.88
10753,4237,471,2,1761.98
10754,4238,433,2,1833.63
10755,4238,290,1,4327.32
10756,4239,246,2,803.19
10757,4239,129,2,3643.71
10758,4239,245,2,2692.75
10759,4240,225,1,4152.33
10760,4240,328,1,3284.59
10761,4241,114,2,2879.54
10762,4241,260,3,2799.94
10763,4242,228,1,2870.8
10764,4242,190,3,2533.19
10765,4242,197,1,2586.62
10766,4242,463,3,736.49
10767,4243,171,3,4119.41
10768,4243,192,3,3715.21
10769,4243,253,1,2052.77
10770,4243,304,1,3908.72
10771,4244,417,1,4016.18
10772,4244,305,3,3907.15
10773,4245,471,1,1761.98
10774,4246,302,2,3353.53
10775,4246,7,2,2620.55
10776,4246,164,3,3559.1
10777,4247,225,1,4152.33
10778,4248,165,1,3312.69
10779,4248,282,2,2953.5
10780,4248,187,3,365.39
10781,4248,146,3,3481.95
10782,4249,293,1,635.38
10783,4250,156,2,2651.9
10784,4250,474,2,4173.21
10785,4250,95,1,1460.11
10786,4251,53,1,1634.32
10787,4251,69,1,868.42
10788,4251,97,1,3525.33
10789,4251,313,2,224.67
10790,4252,122,1,1383.27
10791,4252,104,3,2381.72
10792,4252,191,2,3708.02
10793,4253,161,3,317.23
10794,4253,478,3,4426.93
10795,4253,465,3,119.9
10796,4253,421,1,2576.66
10797,4254,416,3,1947.77
10798,4254,81,3,317.16
10799,4254,258,1,4081.88
10800,4254,96,3,2743.96
10801,4255,470,3,2072.05
10802,4255,1,2,738.76
10803,4255,269,3,145.62
10804,4255,251,2,3915.95
10805,4256,259,1,807.92
10806,4256,334,3,3470.41
10807,4256,441,2,2520.14
10808,4256,283,1,3610.47
10809,4257,437,1,2574.09
10810,4257,481,3,3003.63
10811,4257,218,2,1161.86
10812,4257,127,2,1031.64
10813,4258,298,3,3218.49
10814,4258,329,3,4276.4
10815,4259,445,2,452.87
10816,4259,224,2,3647.12
10817,4260,292,2,1268.39
10818,4261,258,2,4081.88
10819,4261,415,1,274.53
10820,4261,167,1,2209.59
10821,4261,477,3,406.28
10822,4262,143,1,2467.2
10823,4262,187,2,365.39
10824,4262,339,3,1108.56
10825,4263,308,1,2771.2
10826,4263,205,3,3809.6
10827,4264,352,1,1486.56
10828,4265,476,2,1690.17
10829,4266,364,3,2241.64
10830,4266,94,1,402.05
10831,4267,183,1,2209.9
10832,4267,76,2,3635.22
10833,4267,230,2,2563.86
10834,4267,265,2,4410.08
10835,4268,9,3,579.93
10836,4268,171,2,4119.41
10837,4269,378,2,741.47
10838,4270,256,2,2822.54
10839,4270,62,2,1595.44
10840,4270,35,1,1359.42
10841,4270,235,3,1545.95
10842,4271,85,2,138.27
10843,4271,143,3,2467.2
10844,4271,411,1,4247.59
10845,4271,327,3,1665.1
10846,4272,344,2,1603.14
10847,4272,18,1,2782.15
10848,4272,260,2,2799.94
10849,4272,257,2,3159.46
10850,4273,392,3,1715.26
10851,4273,103,1,2490.53
10852,4273,354,2,1353.11
10853,4274,380,2,4178.67
10854,4274,201,3,792.3
10855,4275,73,3,3257.63
10856,4275,224,2,3647.12
10857,4275,268,1,4352.22
10858,4275,112,2,4364.46
10859,4276,179,1,735.89
10860,4277,437,2,2574.09
10861,4277,24,3,804.2
10862,4278,230,1,2563.86
10863,4278,94,3,402.05
10864,4278,34,1,2302.76
10865,4278,400,2,565.47
10866,4279,281,1,1515.32
10867,4279,125,1,1995.12
10868,4279,284,2,3113.97
10869,4279,231,3,1032.55
10870,4280,115,3,2897.05
10871,4280,231,1,1032.55
10872,4280,292,1,1268.39
10873,4281,492,1,2207.18
10874,4281,372,2,1386.26
10875,4281,294,1,2795.41
10876,4282,243,2,448.7
10877,4282,53,1,1634.32
10878,4283,446,2,4069.49
10879,4284,290,3,4327.32
10880,4284,19,2,4337.71
10881,4285,18,3,2782.15
10882,4285,209,2,1652.04
10883,4286,441,3,2520.14
10884,4286,218,1,1161.86
10885,4287,227,2,3377.17
10886,4287,83,2,1539.22
10887,4287,102,2,1816.85
10888,4287,275,3,4251.41
10889,4288,24,2,804.2
10890,4288,479,2,2118.97
10891,4288,205,2,3809.6
10892,4288,244,3,1675.44
10893,4289,230,3,2563.86
10894,4289,402,2,1533.14
10895,4289,125,2,1995.12
10896,4290,416,1,1947.77
10897,4291,484,3,3514.45
10898,4291,382,3,2520.54
10899,4291,388,2,3188.43
10900,4292,461,1,821.67
10901,4292,338,2,3643.17
10902,4292,67,1,882.83
10903,4292,182,1,844.94
10904,4293,353,3,3425.07
10905,4293,423,3,2917.66
10906,4293,412,3,1139.47
10907,4294,14,3,3629.44
10908,4295,413,2,4020.48
10909,4295,167,1,2209.59
10910,4295,271,1,748.67
10911,4296,249,2,3844.8
10912,4296,258,2,4081.88
10913,4296,150,3,4216.16
10914,4297,24,1,804.2
10915,4297,270,1,1406.93
10916,4298,482,2,2869.91
10917,4298,59,1,1297.19
10918,4298,9,2,579.93
10919,4299,405,2,4020.0
10920,4300,297,2,646.69
10921,4300,126,2,3330.17
10922,4300,60,1,620.69
10923,4301,220,3,3317.48
10924,4302,45,2,1154.75
10925,4303,323,2,4036.29
10926,4303,196,1,893.1
10927,4303,497,1,2037.61
10928,4304,9,2,579.93
10929,4304,361,3,1205.49
10930,4304,142,3,299.37
10931,4305,24,2,804.2
10932,4305,22,2,1322.73
10933,4305,447,3,3419.0
10934,4306,18,3,2782.15
10935,4306,486,3,1923.52
10936,4306,329,1,4276.4
10937,4307,321,1,1799.15
10938,4307,245,2,2692.75
10939,4308,475,3,4403.14
10940,4309,159,3,3480.05
10941,4309,311,1,2083.21
10942,4309,405,2,4020.0
10943,4309,158,2,2164.95
10944,4310,379,3,4036.88
10945,4310,357,3,308.92
10946,4310,437,1,2574.09
10947,4311,404,2,150.04
10948,4311,336,1,65.72
10949,4312,207,2,1121.22
10950,4312,150,1,4216.16
10951,4313,156,2,2651.9
10952,4313,186,3,268.43
10953,4314,249,1,3844.8
10954,4315,121,1,4153.29
10955,4315,179,2,735.89
10956,4316,134,3,2239.38
10957,4316,140,3,4490.94
10958,4317,206,3,1966.12
10959,4317,360,1,1327.98
10960,4317,127,1,1031.64
10961,4317,344,3,1603.14
10962,4318,134,2,2239.38
10963,4319,303,3,344.31
10964,4319,465,3,119.9
10965,4320,140,3,4490.94
10966,4321,254,2,3343.06
10967,4321,324,1,1162.87
10968,4321,85,2,138.27
10969,4321,432,1,365.61
10970,4322,57,3,2811.97
10971,4322,379,3,4036.88
10972,4322,225,3,4152.33
10973,4322,27,2,3030.0
10974,4323,38,1,2556.1
10975,4323,255,3,2378.53
10976,4324,455,2,327.73
10977,4325,492,1,2207.18
10978,4325,274,1,3960.11
10979,4325,467,1,426.75
10980,4325,288,1,576.82
10981,4326,195,3,500.45
10982,4326,309,1,2435.91
10983,4326,56,3,4313.07
10984,4327,187,1,365.39
10985,4328,196,2,893.1
10986,4329,134,2,2239.38
10987,4329,475,1,4403.14
10988,4329,210,2,50.87
10989,4330,119,2,3678.44
10990,4330,58,1,3916.02
10991,4330,80,2,262.31
10992,4330,444,1,1506.97
10993,4331,226,3,1903.52
10994,4331,207,3,1121.22
10995,4332,203,1,4493.03
10996,4332,89,3,3497.61
10997,4332,395,2,896.44
10998,4332,444,2,1506.97
10999,4333,251,1,3915.95
11000,4333,144,3,3686.77
11001,4333,187,1,365.39
11002,4334,62,3,1595.44
11003,4334,239,1,931.58
11004,4334,463,1,736.49
11005,4334,119,2,3678.44
11006,4335,49,2,4264.68
11007,4335,478,1,4426.93
11008,4335,218,2,1161.86
11009,4335,19,1,4337.71
11010,4336,428,2,552.35
11011,4336,466,2,2977.77
11012,4336,395,1,896.44
11013,4337,171,2,4119.41
11014,4337,19,1,4337.71
11015,4337,435,2,1757.98
11016,4337,136,1,4376.88
11017,4338,134,3,2239.38
11018,4338,146,3,3481.95
11019,4338,496,3,4100.09
11020,4338,177,3,4353.88
11021,4339,307,2,3718.26
11022,4339,463,3,736.49
11023,4340,373,1,556.57
11024,4340,189,3,2132.86
11025,4340,132,3,657.98
11026,4341,428,1,552.35
11027,4342,286,3,2970.23
11028,4342,23,2,2321.94
11029,4342,131,2,1887.42
11030,4342,305,1,3907.15
11031,4343,309,1,2435.91
11032,4344,228,3,2870.8
11033,4344,127,2,1031.64
11034,4345,377,1,3597.78
11035,4345,85,2,138.27
11036,4345,160,3,456.74
11037,4346,2,2,1212.8
11038,4346,361,3,1205.49
11039,4346,411,3,4247.59
11040,4346,249,1,3844.8
11041,4347,224,2,3647.12
11042,4347,134,1,2239.38
11043,4347,433,1,1833.63
11044,4348,356,1,2384.68
11045,4348,64,2,2097.31
11046,4348,98,1,2661.79
11047,4348,181,2,2982.07
11048,4349,175,3,2807.82
11049,4349,198,1,3383.91
11050,4349,45,1,1154.75
11051,4350,369,1,252.44
11052,4350,79,3,1385.15
11053,4350,426,2,3163.29
11054,4350,46,1,3382.11
11055,4351,177,1,4353.88
11056,4351,38,3,2556.1
11057,4351,432,3,365.61
11058,4352,140,3,4490.94
11059,4352,477,2,406.28
11060,4352,68,1,2147.49
11061,4353,174,3,2301.51
11062,4353,4,3,1818.67
11063,4353,189,3,2132.86
11064,4353,206,1,1966.12
11065,4354,332,1,771.45
11066,4354,449,3,2039.86
11067,4354,270,1,1406.93
11068,4355,81,2,317.16
11069,4355,242,1,3506.63
11070,4355,37,1,1163.13
11071,4355,78,2,2350.68
11072,4356,355,3,3874.37
11073,4357,337,1,2090.96
11074,4357,317,2,4139.7
11075,4358,376,1,4154.14
11076,4359,209,1,1652.04
11077,4359,241,2,2382.9
11078,4360,125,2,1995.12
11079,4360,80,1,262.31
11080,4361,229,2,1406.29
11081,4361,469,2,2739.71
11082,4361,370,2,994.9
11083,4361,220,3,3317.48
11084,4362,467,3,426.75
11085,4362,260,1,2799.94
11086,4362,407,3,3036.5
11087,4363,391,2,1011.82
11088,4363,198,3,3383.91
11089,4363,276,3,725.1
11090,4364,386,1,3798.71
11091,4364,151,3,237.73
11092,4364,299,2,2236.93
11093,4364,352,2,1486.56
11094,4365,404,1,150.04
11095,4365,38,2,2556.1
11096,4366,178,1,2382.11
11097,4366,327,3,1665.1
11098,4366,454,2,1848.68
11099,4366,254,2,3343.06
11100,4367,364,1,2241.64
11101,4367,418,3,3162.18
11102,4367,310,2,3551.79
11103,4368,208,2,3457.4
11104,4368,333,2,278.33
11105,4369,391,1,1011.82
11106,4369,96,1,2743.96
11107,4370,204,1,4066.06
11108,4371,448,2,2414.09
11109,4371,55,2,2242.36
11110,4372,175,1,2807.82
11111,4373,22,3,1322.73
11112,4373,469,3,2739.71
11113,4373,107,3,1150.91
11114,4374,97,1,3525.33
11115,4374,103,3,2490.53
11116,4375,408,3,1267.68
11117,4375,499,1,3607.21
11118,4375,341,3,2720.45
11119,4376,54,2,4144.84
11120,4377,144,1,3686.77
11121,4377,277,1,660.81
11122,4377,419,2,1528.88
11123,4377,6,1,2537.97
11124,4378,445,1,452.87
11125,4379,257,3,3159.46
11126,4379,271,3,748.67
11127,4380,489,1,1208.97
11128,4380,100,2,3288.59
11129,4380,37,2,1163.13
11130,4381,289,3,3285.5
11131,4381,248,1,938.6
11132,4382,249,1,3844.8
11133,4382,126,2,3330.17
11134,4382,134,3,2239.38
11135,4383,12,3,2782.41
11136,4384,397,2,687.66
11137,4384,219,1,458.98
11138,4384,7,1,2620.55
11139,4384,257,3,3159.46
11140,4385,181,1,2982.07
11141,4385,31,1,1596.26
11142,4385,149,2,2154.07
11143,4385,204,3,4066.06
11144,4386,415,2,274.53
11145,4386,74,2,1973.37
11146,4387,75,2,3610.17
11147,4387,478,1,4426.93
11148,4388,445,2,452.87
11149,4388,491,3,3649.59
11150,4389,483,1,2778.02
11151,4390,23,1,2321.94
11152,4390,490,1,802.4
11153,4390,213,1,3857.96
11154,4391,17,2,218.01
11155,4391,40,3,4039.53
11156,4391,166,3,1643.85
11157,4392,473,1,1103.54
11158,4392,334,3,3470.41
11159,4392,10,3,4274.14
11160,4392,203,3,4493.03
11161,4393,20,3,2899.3
11162,4394,329,2,4276.4
11163,4394,182,3,844.94
11164,4394,95,2,1460.11
11165,4394,445,2,452.87
11166,4395,26,2,4485.84
11167,4395,274,3,3960.11
11168,4395,110,1,3895.87
11169,4396,286,1,2970.23
11170,4396,477,1,406.28
11171,4396,415,2,274.53
11172,4396,345,1,3018.13
11173,4397,489,1,1208.97
11174,4397,116,3,2193.35
11175,4397,242,3,3506.63
11176,4397,101,2,3168.1
11177,4398,473,2,1103.54
11178,4399,297,1,646.69
11179,4399,10,3,4274.14
11180,4400,309,1,2435.91
11181,4401,468,1,3877.68
11182,4402,433,3,1833.63
11183,4402,405,2,4020.0
11184,4402,379,1,4036.88
11185,4403,408,3,1267.68
11186,4403,21,1,3835.03
11187,4403,247,3,2823.16
11188,4403,4,2,1818.67
11189,4404,147,3,4475.68
11190,4404,263,2,1652.98
11191,4404,423,3,2917.66
11192,4404,168,3,2465.17
11193,4405,33,1,2608.33
11194,4405,119,2,3678.44
11195,4406,273,2,1277.66
11196,4406,61,1,2178.52
11197,4407,306,1,1851.66
11198,4407,402,1,1533.14
11199,4408,295,3,1077.56
11200,4408,233,3,2609.88
11201,4409,494,2,2790.3
11202,4409,395,2,896.44
11203,4410,58,2,3916.02
11204,4411,282,2,2953.5
11205,4411,351,2,4195.09
11206,4412,150,1,4216.16
11207,4412,121,3,4153.29
11208,4412,329,3,4276.4
11209,4413,404,2,150.04
11210,4413,160,2,456.74
11211,4413,185,3,2389.91
11212,4413,308,1,2771.2
11213,4414,244,3,1675.44
11214,4415,378,2,741.47
11215,4415,139,1,1571.51
11216,4416,211,1,2701.14
11217,4416,307,2,3718.26
11218,4416,428,2,552.35
11219,4416,268,2,4352.22
11220,4417,332,2,771.45
11221,4417,9,3,579.93
11222,4417,144,1,3686.77
11223,4418,185,3,2389.91
11224,4418,20,2,2899.3
11225,4418,7,3,2620.55
11226,4418,448,2,2414.09
11227,4419,316,3,2102.99
11228,4420,375,1,3752.59
11229,4421,228,1,2870.8
11230,4422,323,1,4036.29
11231,4423,393,3,4114.42
11232,4423,186,3,268.43
11233,4424,145,1,4386.96
11234,4425,122,2,1383.27
11235,4425,57,3,2811.97
11236,4426,298,1,3218.49
11237,4426,216,1,469.58
11238,4426,136,1,4376.88
11239,4426,10,2,4274.14
11240,4427,16,3,1220.76
11241,4427,47,1,4194.71
11242,4427,454,1,1848.68
11243,4427,317,2,4139.7
11244,4428,4,2,1818.67
11245,4428,435,1,1757.98
11246,4429,415,2,274.53
11247,4429,498,1,3532.25
11248,4430,40,3,4039.53
11249,4430,199,2,3459.96
11250,4431,390,2,1703.55
11251,4431,198,1,3383.91
11252,4432,60,1,620.69
11253,4432,195,2,500.45
11254,4433,463,3,736.49
11255,4434,98,1,2661.79
11256,4434,54,1,4144.84
11257,4435,44,3,2348.44
11258,4435,354,3,1353.11
11259,4435,230,2,2563.86
11260,4435,62,2,1595.44
11261,4436,472,2,2740.35
11262,4436,379,1,4036.88
11263,4436,129,3,3643.71
11264,4436,24,3,804.2
11265,4437,15,3,4170.08
11266,4437,284,3,3113.97
11267,4437,38,1,2556.1
11268,4438,431,2,3595.57
11269,4439,395,1,896.44
11270,4439,226,3,1903.52
11271,4439,409,2,2540.33
11272,4439,415,1,274.53
11273,4440,116,1,2193.35
11274,4440,187,2,365.39
11275,4440,307,2,3718.26
11276,4440,189,1,2132.86
11277,4441,94,1,402.05
11278,4441,136,3,4376.88
11279,4441,57,1,2811.97
11280,4442,361,3,1205.49
11281,4442,96,2,2743.96
11282,4443,51,2,1127.15
11283,4443,28,3,2353.96
11284,4443,204,2,4066.06
11285,4443,213,1,3857.96
11286,4444,151,1,237.73
11287,4444,298,1,3218.49
11288,4445,453,2,2643.14
11289,4445,229,2,1406.29
11290,4445,226,1,1903.52
11291,4446,297,2,646.69
11292,4446,23,1,2321.94
11293,4446,189,2,2132.86
11294,4447,99,3,794.57
11295,4447,78,2,2350.68
11296,4447,66,3,1498.19
11297,4448,356,2,2384.68
11298,4448,406,1,1325.22
11299,4448,347,2,1905.46
11300,4448,394,1,3605.66
11301,4449,270,3,1406.93
11302,4449,238,3,630.17
11303,4449,484,3,3514.45
11304,4450,206,3,1966.12
11305,4451,51,1,1127.15
11306,4451,245,2,2692.75
11307,4452,48,1,1022.62
11308,4453,84,1,2530.84
11309,4453,371,1,1303.24
11310,4453,135,2,270.86
11311,4454,187,2,365.39
11312,4454,455,2,327.73
11313,4454,157,1,89.74
11314,4455,469,3,2739.71
11315,4456,228,3,2870.8
11316,4456,39,2,4327.51
11317,4457,48,1,1022.62
11318,4457,294,3,2795.41
11319,4457,457,2,538.16
11320,4458,306,2,1851.66
11321,4458,165,3,3312.69
11322,4458,159,1,3480.05
11323,4458,464,3,608.69
11324,4459,244,1,1675.44
11325,4459,380,1,4178.67
11326,4459,417,2,4016.18
11327,4460,458,1,1096.82
11328,4461,478,2,4426.93
11329,4462,453,1,2643.14
11330,4462,465,2,119.9
11331,4462,46,1,3382.11
11332,4462,237,1,1823.45
11333,4463,59,1,1297.19
11334,4464,232,3,4488.28
11335,4464,110,1,3895.87
11336,4465,341,3,2720.45
11337,4466,233,1,2609.88
11338,4467,481,1,3003.63
11339,4468,241,2,2382.9
11340,4468,301,2,4168.19
11341,4468,195,2,500.45
11342,4469,16,1,1220.76
11343,4470,341,3,2720.45
11344,4471,149,2,2154.07
11345,4471,439,3,3340.18
11346,4471,67,1,882.83
11347,4472,284,2,3113.97
11348,4472,420,1,3651.38
11349,4472,492,1,2207.18
11350,4472,77,2,648.4
11351,4473,106,3,4195.57
11352,4473,139,1,1571.51
11353,4473,391,2,1011.82
11354,4474,429,1,1306.05
11355,4475,450,2,1383.82
11356,4475,243,3,448.7
11357,4475,163,2,2220.9
11358,4476,74,3,1973.37
11359,4476,141,1,1519.61
11360,4476,466,1,2977.77
11361,4476,386,1,3798.71
11362,4477,330,2,245.38
11363,4478,65,1,3049.76
11364,4478,381,2,1382.08
11365,4478,38,3,2556.1
11366,4479,205,3,3809.6
11367,4479,29,3,4140.34
11368,4479,115,2,2897.05
11369,4480,322,3,846.01
11370,4481,315,2,1821.28
11371,4481,77,3,648.4
11372,4481,122,2,1383.27
11373,4482,164,2,3559.1
11374,4482,76,2,3635.22
11375,4482,34,2,2302.76
11376,4482,433,2,1833.63
11377,4483,97,1,3525.33
11378,4483,390,1,1703.55
11379,4483,474,2,4173.21
11380,4484,298,1,3218.49
11381,4484,406,2,1325.22
11382,4484,162,1,3170.91
11383,4485,331,1,2566.44
11384,4485,421,1,2576.66
11385,4485,148,3,3480.93
11386,4486,244,3,1675.44
11387,4486,476,1,1690.17
11388,4487,329,2,4276.4
11389,4487,346,3,1523.44
11390,4488,381,3,1382.08
11391,4488,454,1,1848.68
11392,4488,405,3,4020.0
11393,4488,124,1,1712.72
11394,4489,279,1,3105.03
11395,4489,307,3,3718.26
11396,4489,435,2,1757.98
11397,4489,351,3,4195.09
11398,4490,296,2,166.08
11399,4490,428,2,552.35
11400,4490,351,3,4195.09
11401,4490,384,2,344.65
11402,4491,58,3,3916.02
11403,4492,8,1,3324.23
11404,4492,141,3,1519.61
11405,4493,325,2,3594.36
11406,4493,440,3,558.74
11407,4493,496,2,4100.09
11408,4494,157,1,89.74
11409,4494,429,2,1306.05
11410,4494,256,3,2822.54
11411,4494,124,1,1712.72
11412,4495,336,3,65.72
11413,4495,425,2,1198.33
11414,4495,335,1,854.1
11415,4496,389,1,1258.16
11416,4496,309,3,2435.91
11417,4496,245,2,2692.75
11418,4496,18,3,2782.15
11419,4497,80,2,262.31
11420,4497,429,1,1306.05
11421,4497,487,1,1336.98
11422,4498,409,2,2540.33
11423,4498,442,1,1420.76
11424,4498,164,3,3559.1
11425,4498,25,1,2964.84
11426,4499,10,1,4274.14
11427,4499,43,3,1073.19
11428,4499,467,2,426.75
11429,4499,383,3,3100.45
11430,4500,286,2,2970.23
11431,4500,294,3,2795.41
11432,4500,357,1,308.92
11433,4500,230,3,2563.86
11434,4501,87,2,2941.9
11435,4501,290,3,4327.32
11436,4501,11,3,1832.5
11437,4502,17,2,218.01
11438,4502,307,3,3718.26
11439,4502,180,1,2902.02
11440,4503,272,2,1631.43
11441,4504,374,3,3273.57
11442,4504,79,1,1385.15
11443,4504,200,2,2091.31
11444,4504,204,1,4066.06
11445,4505,148,2,3480.93
11446,4505,40,3,4039.53
11447,4506,47,3,4194.71
11448,4507,442,3,1420.76
11449,4507,138,3,451.38
11450,4507,19,3,4337.71
11451,4508,91,3,4306.85
11452,4508,379,3,4036.88
11453,4508,250,1,1131.56
11454,4508,263,3,1652.98
11455,4509,202,3,2295.88
11456,4510,46,1,3382.11
11457,4510,391,1,1011.82
11458,4511,236,3,269.43
11459,4512,309,3,2435.91
11460,4512,72,1,4407.76
11461,4512,450,1,1383.82
11462,4513,124,1,1712.72
11463,4513,490,1,802.4
11464,4514,200,1,2091.31
11465,4514,249,2,3844.8
11466,4514,256,1,2822.54
11467,4515,266,2,493.24
11468,4515,436,2,2679.82
11469,4516,218,1,1161.86
11470,4517,359,2,3114.51
11471,4517,60,1,620.69
11472,4517,491,1,3649.59
11473,4517,495,2,113.2
11474,4518,255,3,2378.53
11475,4518,335,2,854.1
11476,4519,74,2,1973.37
11477,4519,104,3,2381.72
11478,4520,120,2,1326.09
11479,4520,359,1,3114.51
11480,4520,251,1,3915.95
11481,4520,442,3,1420.76
11482,4521,370,3,994.9
11483,4521,78,2,2350.68
11484,4521,7,1,2620.55
11485,4522,225,3,4152.33
11486,4523,459,2,2832.2
11487,4523,247,1,2823.16
11488,4524,333,1,278.33
11489,4524,261,3,4256.04
11490,4524,234,3,1339.53
11491,4525,74,3,1973.37
11492,4525,176,2,1112.6
11493,4525,26,3,4485.84
11494,4526,340,2,2069.14
11495,4526,492,1,2207.18
11496,4527,443,3,533.91
11497,4528,184,3,2905.79
11498,4528,353,3,3425.07
11499,4528,435,3,1757.98
11500,4529,254,3,3343.06
11501,4529,312,3,2358.23
11502,4529,410,1,1608.92
11503,4529,496,2,4100.09
11504,4530,344,2,1603.14
11505,4530,402,1,1533.14
11506,4530,94,2,402.05
11507,4531,233,3,2609.88
11508,4531,77,3,648.4
11509,4531,114,3,2879.54
11510,4532,217,3,665.92
11511,4533,66,3,1498.19
11512,4534,44,2,2348.44
11513,4534,123,1,2706.67
11514,4535,338,3,3643.17
11515,4536,123,3,2706.67
11516,4537,26,1,4485.84
11517,4537,55,2,2242.36
11518,4538,97,3,3525.33
11519,4538,191,1,3708.02
11520,4538,485,1,4081.95
11521,4539,208,2,3457.4
11522,4539,499,3,3607.21
11523,4539,296,2,166.08
11524,4540,88,1,1630.24
11525,4541,422,1,2133.83
11526,4541,374,1,3273.57
11527,4542,439,1,3340.18
11528,4542,88,3,1630.24
11529,4543,403,2,2366.57
11530,4543,128,3,1116.05
11531,4543,269,2,145.62
11532,4543,386,1,3798.71
11533,4544,107,1,1150.91
11534,4544,300,1,1056.92
11535,4544,426,2,3163.29
11536,4545,270,2,1406.93
11537,4546,491,3,3649.59
11538,4546,266,1,493.24
11539,4546,106,1,4195.57
11540,4546,246,1,803.19
11541,4547,218,3,1161.86
11542,4548,72,3,4407.76
11543,4548,193,1,3317.64
11544,4549,317,3,4139.7
11545,4550,229,2,1406.29
11546,4550,35,1,1359.42
11547,4551,39,2,4327.51
11548,4551,474,3,4173.21
11549,4552,139,3,1571.51
11550,4552,366,3,57.04
11551,4552,307,1,3718.26
11552,4553,102,2,1816.85
11553,4554,333,3,278.33
11554,4554,225,1,4152.33
11555,4554,455,3,327.73
11556,4555,50,1,2270.55
11557,4556,229,3,1406.29
11558,4556,32,2,2748.32
11559,4557,203,2,4493.03
11560,4557,87,2,2941.9
11561,4557,157,2,89.74
11562,4558,226,2,1903.52
11563,4559,8,2,3324.23
11564,4560,471,2,1761.98
11565,4560,183,3,2209.9
11566,4561,438,2,1100.89
11567,4561,105,3,1217.91
11568,4562,342,1,1287.6
11569,4563,342,3,1287.6
11570,4564,290,3,4327.32
11571,4564,334,1,3470.41
11572,4565,30,1,3742.45
11573,4565,413,3,4020.48
11574,4565,477,3,406.28
11575,4566,252,3,1577.56
11576,4566,247,1,2823.16
11577,4566,303,2,344.31
11578,4567,377,1,3597.78
11579,4567,182,2,844.94
11580,4567,113,2,2679.2
11581,4567,238,2,630.17
11582,4568,165,1,3312.69
11583,4569,381,2,1382.08
11584,4569,18,1,2782.15
11585,4570,211,2,2701.14
11586,4570,214,1,3709.4
11587,4570,349,3,2697.61
11588,4570,457,3,538.16
11589,4571,110,1,3895.87
11590,4571,392,1,1715.26
11591,4571,464,3,608.69
11592,4571,120,1,1326.09
11593,4572,357,3,308.92
11594,4572,48,2,1022.62
11595,4572,54,2,4144.84
11596,4572,494,3,2790.3
11597,4573,14,1,3629.44
11598,4573,305,2,3907.15
11599,4574,372,1,1386.26
11600,4574,59,2,1297.19
11601,4575,118,2,742.94
11602,4576,319,1,3265.78
11603,4576,40,1,4039.53
11604,4576,498,2,3532.25
11605,4576,239,3,931.58
11606,4577,15,1,4170.08
11607,4577,213,3,3857.96
11608,4578,451,1,1405.25
11609,4578,27,2,3030.0
11610,4579,265,2,4410.08
11611,4579,67,1,882.83
11612,4579,24,1,804.2
11613,4580,94,3,402.05
11614,4580,425,2,1198.33
11615,4580,139,1,1571.51
11616,4580,230,2,2563.86
11617,4581,287,1,1462.86
11618,4581,139,1,1571.51
11619,4581,478,2,4426.93
11620,4581,245,2,2692.75
11621,4582,394,2,3605.66
11622,4583,428,3,552.35
11623,4583,69,3,868.42
11624,4583,295,1,1077.56
11625,4584,367,2,3595.46
11626,4584,457,2,538.16
11627,4584,113,3,2679.2
11628,4585,67,1,882.83
11629,4586,82,3,3783.42
11630,4586,465,1,119.9
11631,4586,460,3,1747.96
11632,4586,383,2,3100.45
11633,4587,281,3,1515.32
11634,4587,417,1,4016.18
11635,4587,339,1,1108.56
11636,4587,497,2,2037.61
11637,4588,6,1,2537.97
11638,4588,472,3,2740.35
11639,4588,276,3,725.1
11640,4589,277,3,660.81
11641,4589,441,2,2520.14
11642,4589,410,2,1608.92
11643,4589,481,2,3003.63
11644,4590,168,3,2465.17
11645,4590,488,3,3384.94
11646,4590,361,3,1205.49
11647,4590,229,3,1406.29
11648,4591,423,3,2917.66
11649,4592,135,2,270.86
11650,4592,151,2,237.73
11651,4592,95,1,1460.11
11652,4592,18,3,2782.15
11653,4593,463,2,736.49
11654,4593,44,3,2348.44
11655,4593,499,3,3607.21
11656,4594,215,2,2525.64
11657,4594,248,1,938.6
11658,4594,409,3,2540.33
11659,4595,25,3,2964.84
11660,4595,60,2,620.69
11661,4596,410,3,1608.92
11662,4596,162,3,3170.91
11663,4596,308,1,2771.2
11664,4596,377,1,3597.78
11665,4597,37,1,1163.13
11666,4598,443,2,533.91
11667,4598,322,1,846.01
11668,4598,41,2,567.39
11669,4599,199,3,3459.96
11670,4600,10,2,4274.14
11671,4600,293,2,635.38
11672,4600,37,2,1163.13
11673,4600,432,2,365.61
11674,4601,266,1,493.24
11675,4601,132,1,657.98
11676,4601,3,1,1677.12
11677,4602,20,3,2899.3
11678,4602,12,2,2782.41
11679,4602,150,2,4216.16
11680,4603,129,2,3643.71
11681,4603,320,3,4223.4
11682,4603,237,1,1823.45
11683,4604,375,2,3752.59
11684,4604,496,2,4100.09
11685,4604,275,1,4251.41
11686,4605,209,3,1652.04
11687,4605,10,3,4274.14
11688,4605,145,3,4386.96
11689,4606,441,2,2520.14
11690,4606,145,2,4386.96
11691,4607,162,2,3170.91
11692,4607,228,1,2870.8
11693,4608,495,1,113.2
11694,4609,357,2,308.92
11695,4610,379,3,4036.88
11696,4610,41,1,567.39
11697,4610,46,1,3382.11
11698,4611,406,2,1325.22
11699,4612,91,2,4306.85
11700,4612,349,1,2697.61
11701,4612,337,3,2090.96
11702,4613,189,3,2132.86
11703,4614,309,1,2435.91
11704,4614,12,1,2782.41
11705,4614,158,2,2164.95
11706,4615,225,1,4152.33
11707,4616,132,3,657.98
11708,4616,37,2,1163.13
11709,4616,324,2,1162.87
11710,4616,222,2,3177.67
11711,4617,450,1,1383.82
11712,4617,97,3,3525.33
11713,4617,420,1,3651.38
11714,4617,395,3,896.44
11715,4618,398,1,3061.39
11716,4618,422,3,2133.83
11717,4619,63,2,2084.52
11718,4619,299,2,2236.93
11719,4620,30,2,3742.45
11720,4620,84,1,2530.84
11721,4620,186,2,268.43
11722,4620,158,3,2164.95
11723,4621,472,2,2740.35
11724,4621,150,3,4216.16
11725,4621,143,2,2467.2
11726,4622,188,3,2968.08
11727,4622,390,3,1703.55
11728,4622,486,3,1923.52
11729,4623,129,2,3643.71
11730,4623,350,1,4350.01
11731,4624,95,1,1460.11
11732,4624,261,1,4256.04
11733,4625,443,3,533.91
11734,4625,228,1,2870.8
11735,4626,483,3,2778.02
11736,4626,382,2,2520.54
11737,4626,350,2,4350.01
11738,4627,400,2,565.47
11739,4627,297,3,646.69
11740,4628,295,2,1077.56
11741,4628,48,2,1022.62
11742,4628,368,3,3608.06
11743,4629,11,3,1832.5
11744,4629,456,3,53.75
11745,4629,3,2,1677.12
11746,4630,174,3,2301.51
11747,4630,436,2,2679.82
11748,4630,390,2,1703.55
11749,4630,443,1,533.91
11750,4631,330,2,245.38
11751,4631,384,3,344.65
11752,4632,287,2,1462.86
11753,4632,10,1,4274.14
11754,4632,330,2,245.38
11755,4632,491,2,3649.59
11756,4633,215,3,2525.64
11757,4633,412,2,1139.47
11758,4633,131,1,1887.42
11759,4633,438,2,1100.89
11760,4634,165,1,3312.69
11761,4635,439,1,3340.18
11762,4635,76,3,3635.22
11763,4635,180,1,2902.02
11764,4636,63,3,2084.52
11765,4636,217,3,665.92
11766,4636,65,2,3049.76
11767,4636,434,2,1134.43
11768,4637,223,2,2698.78
11769,4637,414,3,628.83
11770,4637,235,2,1545.95
11771,4637,222,1,3177.67
11772,4638,302,1,3353.53
11773,4639,458,1,1096.82
11774,4639,187,2,365.39
11775,4640,65,3,3049.76
11776,4640,176,3,1112.6
11777,4640,296,3,166.08
11778,4641,58,2,3916.02
11779,4641,230,3,2563.86
11780,4642,433,3,1833.63
11781,4642,476,2,1690.17
11782,4642,434,2,1134.43
11783,4642,8,2,3324.23
11784,4643,295,3,1077.56
11785,4643,60,2,620.69
11786,4643,14,3,3629.44
11787,4644,376,3,4154.14
11788,4644,403,3,2366.57
11789,4644,109,3,177.14
11790,4644,408,3,1267.68
11791,4645,249,2,3844.8
11792,4645,24,2,804.2
11793,4645,339,2,1108.56
11794,4645,156,2,2651.9
11795,4646,140,1,4490.94
11796,4647,413,2,4020.48
11797,4647,231,1,1032.55
11798,4647,434,1,1134.43
11799,4648,488,3,3384.94
11800,4648,384,1,344.65
11801,4648,10,2,4274.14
11802,4649,493,3,3838.93
11803,4649,145,2,4386.96
11804,4649,132,1,657.98
11805,4650,235,1,1545.95
11806,4650,416,2,1947.77
11807,4650,166,2,1643.85
11808,4651,252,2,1577.56
11809,4651,133,3,2798.9
11810,4652,183,2,2209.9
11811,4652,173,3,2460.15
11812,4652,376,3,4154.14
11813,4653,200,3,2091.31
11814,4653,483,2,2778.02
11815,4653,427,1,2067.11
11816,4653,482,1,2869.91
11817,4654,354,1,1353.11
11818,4654,140,1,4490.94
11819,4654,498,3,3532.25
11820,4655,14,2,3629.44
11821,4655,290,1,4327.32
11822,4655,461,1,821.67
11823,4656,83,2,1539.22
11824,4656,241,1,2382.9
11825,4656,476,3,1690.17
11826,4656,376,3,4154.14
11827,4657,244,3,1675.44
11828,4657,200,2,2091.31
11829,4658,31,3,1596.26
11830,4658,485,2,4081.95
11831,4658,368,1,3608.06
11832,4658,285,3,1963.79
11833,4659,419,2,1528.88
11834,4659,207,2,1121.22
11835,4659,12,3,2782.41
11836,4659,121,3,4153.29
11837,4660,404,3,150.04
11838,4661,399,2,212.66
11839,4661,238,3,630.17
11840,4662,136,3,4376.88
11841,4662,277,3,660.81
11842,4662,89,2,3497.61
11843,4663,355,1,3874.37
11844,4663,185,1,2389.91
11845,4664,309,1,2435.91
11846,4664,426,2,3163.29
11847,4664,204,2,4066.06
11848,4664,411,1,4247.59
11849,4665,254,3,3343.06
11850,4665,446,3,4069.49
11851,4665,400,2,565.47
11852,4665,240,1,922.64
11853,4666,252,2,1577.56
11854,4666,55,3,2242.36
11855,4666,216,1,469.58
11856,4667,200,1,2091.31
11857,4668,298,3,3218.49
11858,4668,171,2,4119.41
11859,4668,12,1,2782.41
11860,4668,438,2,1100.89
11861,4669,177,1,4353.88
11862,4669,19,2,4337.71
11863,4670,179,2,735.89
11864,4671,272,3,1631.43
11865,4671,32,1,2748.32
11866,4671,246,1,803.19
11867,4671,320,1,4223.4
11868,4672,343,1,267.69
11869,4672,24,1,804.2
11870,4672,11,1,1832.5
11871,4672,269,3,145.62
11872,4673,423,1,2917.66
11873,4673,378,1,741.47
11874,4673,297,1,646.69
11875,4674,154,2,1019.16
11876,4674,119,3,3678.44
11877,4674,92,3,3644.34
11878,4674,426,1,3163.29
11879,4675,320,3,4223.4
11880,4675,145,1,4386.96
11881,4675,51,1,1127.15
11882,4676,345,3,3018.13
11883,4676,296,3,166.08
11884,4676,328,1,3284.59
11885,4676,181,1,2982.07
11886,4677,294,2,2795.41
11887,4677,434,2,1134.43
11888,4678,21,1,3835.03
11889,4678,127,3,1031.64
11890,4678,35,1,1359.42
11891,4679,307,2,3718.26
11892,4679,464,2,608.69
11893,4679,49,3,4264.68
11894,4679,135,2,270.86
11895,4680,43,3,1073.19
11896,4681,15,1,4170.08
11897,4681,415,1,274.53
11898,4682,189,3,2132.86
11899,4683,222,2,3177.67
11900,4683,349,1,2697.61
11901,4683,331,1,2566.44
11902,4683,297,3,646.69
11903,4684,424,3,1081.04
11904,4684,97,1,3525.33
11905,4684,286,3,2970.23
11906,4685,183,3,2209.9
11907,4685,451,2,1405.25
11908,4685,442,1,1420.76
11909,4685,347,3,1905.46
11910,4686,198,3,3383.91
11911,4686,125,2,1995.12
11912,4686,243,1,448.7
11913,4687,322,2,846.01
11914,4687,282,1,2953.5
11915,4687,323,3,4036.29
11916,4688,5,3,3537.86
11917,4688,418,1,3162.18
11918,4689,244,1,1675.44
11919,4689,405,2,4020.0
11920,4689,70,3,3168.17
11921,4689,351,1,4195.09
11922,4690,206,1,1966.12
11923,4691,24,2,804.2
11924,4691,486,2,1923.52
11925,4691,431,1,3595.57
11926,4692,218,3,1161.86
11927,4692,228,3,2870.8
11928,4693,143,3,2467.2
11929,4693,442,3,1420.76
11930,4694,346,3,1523.44
11931,4694,397,1,687.66
11932,4694,360,3,1327.98
11933,4695,74,3,1973.37
11934,4695,203,2,4493.03
11935,4695,489,3,1208.97
11936,4695,286,2,2970.23
11937,4696,376,3,4154.14
11938,4696,262,3,1257.33
11939,4697,441,1,2520.14
11940,4697,305,3,3907.15
11941,4697,41,2,567.39
11942,4698,85,2,138.27
11943,4698,260,2,2799.94
11944,4698,250,3,1131.56
11945,4698,246,2,803.19
11946,4699,27,2,3030.0
11947,4700,227,2,3377.17
11948,4701,306,3,1851.66
11949,4701,194,2,4253.49
11950,4702,94,2,402.05
11951,4702,428,1,552.35
11952,4702,384,3,344.65
11953,4703,249,3,3844.8
11954,4703,113,3,2679.2
11955,4703,39,1,4327.51
11956,4704,10,1,4274.14
11957,4704,147,2,4475.68
11958,4705,361,1,1205.49
11959,4706,413,1,4020.48
11960,4706,53,3,1634.32
11961,4706,291,2,4205.27
11962,4706,36,1,4307.36
11963,4707,234,1,1339.53
11964,4707,29,2,4140.34
11965,4708,225,1,4152.33
11966,4708,271,2,748.67
11967,4708,473,3,1103.54
11968,4709,114,1,2879.54
11969,4709,410,1,1608.92
11970,4709,184,3,2905.79
11971,4709,163,1,2220.9
11972,4710,108,3,612.53
11973,4710,463,1,736.49
11974,4710,33,1,2608.33
11975,4711,369,2,252.44
11976,4712,190,1,2533.19
11977,4712,203,1,4493.03
11978,4712,227,1,3377.17
11979,4713,30,3,3742.45
11980,4713,356,3,2384.68
11981,4713,24,1,804.2
11982,4713,371,3,1303.24
11983,4714,141,2,1519.61
11984,4714,291,2,4205.27
11985,4714,98,2,2661.79
11986,4714,48,1,1022.62
11987,4715,120,1,1326.09
11988,4715,4,3,1818.67
11989,4715,95,3,1460.11
11990,4715,484,2,3514.45
11991,4716,233,1,2609.88
11992,4716,110,3,3895.87
11993,4717,416,1,1947.77
11994,4717,325,1,3594.36
11995,4717,338,1,3643.17
11996,4717,23,3,2321.94
11997,4718,290,1,4327.32
11998,4718,88,1,1630.24
11999,4718,212,3,79.23
12000,4719,471,1,1761.98
12001,4719,443,3,533.91
12002,4720,8,1,3324.23
12003,4720,1,1,738.76
12004,4720,213,3,3857.96
12005,4721,172,3,2413.56
12006,4721,139,2,1571.51
12007,4721,434,2,1134.43
12008,4721,355,1,3874.37
12009,4722,469,2,2739.71
12010,4722,333,1,278.33
12011,4723,128,3,1116.05
12012,4723,175,1,2807.82
12013,4723,278,2,4324.7
12014,4724,43,3,1073.19
12015,4724,33,1,2608.33
12016,4724,425,1,1198.33
12017,4724,286,2,2970.23
12018,4725,27,2,3030.0
12019,4725,43,3,1073.19
12020,4725,458,1,1096.82
12021,4726,363,1,2258.97
12022,4727,313,3,224.67
12023,4727,496,2,4100.09
12024,4727,467,1,426.75
12025,4728,247,3,2823.16
12026,4728,208,1,3457.4
12027,4729,408,2,1267.68
12028,4729,475,2,4403.14
12029,4729,388,3,3188.43
12030,4730,214,2,3709.4
12031,4730,26,3,4485.84
12032,4730,434,2,1134.43
12033,4730,168,2,2465.17
12034,4731,163,2,2220.9
12035,4731,242,1,3506.63
12036,4732,87,2,2941.9
12037,4732,92,2,3644.34
12038,4732,159,1,3480.05
12039,4733,303,3,344.31
12040,4733,449,3,2039.86
12041,4733,135,3,270.86
12042,4733,340,2,2069.14
12043,4734,400,3,565.47
12044,4735,173,1,2460.15
12045,4735,437,3,2574.09
12046,4735,133,3,2798.9
12047,4735,451,1,1405.25
12048,4736,398,1,3061.39
12049,4736,256,2,2822.54
12050,4736,56,3,4313.07
12051,4736,407,3,3036.5
12052,4737,196,1,893.1
12053,4738,494,1,2790.3
12054,4738,285,3,1963.79
12055,4738,11,2,1832.5
12056,4739,182,1,844.94
12057,4739,467,3,426.75
12058,4739,251,1,3915.95
12059,4740,252,2,1577.56
12060,4740,378,1,741.47
12061,4740,281,2,1515.32
12062,4740,196,2,893.1
12063,4741,47,2,4194.71
12064,4741,462,3,1761.45
12065,4741,154,1,1019.16
12066,4742,393,2,4114.42
12067,4742,75,2,3610.17
12068,4742,384,3,344.65
12069,4743,272,3,1631.43
12070,4744,359,2,3114.51
12071,4745,34,2,2302.76
12072,4746,117,2,2016.28
12073,4747,395,3,896.44
12074,4747,452,2,3244.17
12075,4747,91,3,4306.85
12076,4747,211,2,2701.14
12077,4748,151,1,237.73
12078,4749,33,3,2608.33
12079,4749,211,3,2701.14
12080,4749,372,3,1386.26
12081,4750,151,1,237.73
12082,4751,228,2,2870.8
12083,4752,225,3,4152.33
12084,4753,23,2,2321.94
12085,4754,462,2,1761.45
12086,4755,219,3,458.98
12087,4755,185,2,2389.91
12088,4756,344,1,1603.14
12089,4756,478,3,4426.93
12090,4757,201,3,792.3
12091,4757,211,1,2701.14
12092,4757,378,2,741.47
12093,4757,54,2,4144.84
12094,4758,444,2,1506.97
12095,4759,166,1,1643.85
12096,4760,408,2,1267.68
12097,4761,8,2,3324.23
12098,4761,42,2,3559.52
12099,4761,353,1,3425.07
12100,4761,426,3,3163.29
12101,4762,3,2,1677.12
12102,4763,284,2,3113.97
12103,4763,129,2,3643.71
12104,4763,92,2,3644.34
12105,4763,260,2,2799.94
12106,4764,53,2,1634.32
12107,4764,272,2,1631.43
12108,4764,321,1,1799.15
12109,4764,220,2,3317.48
12110,4765,250,3,1131.56
12111,4765,68,3,2147.49
12112,4765,353,1,3425.07
12113,4765,48,1,1022.62
12114,4766,154,1,1019.16
12115,4766,301,2,4168.19
12116,4767,6,3,2537.97
12117,4767,487,3,1336.98
12118,4768,57,1,2811.97
12119,4768,186,2,268.43
12120,4769,382,3,2520.54
12121,4769,187,2,365.39
12122,4770,101,2,3168.1
12123,4770,217,2,665.92
12124,4771,459,3,2832.2
12125,4772,88,3,1630.24
12126,4773,177,3,4353.88
12127,4774,414,2,628.83
12128,4774,147,3,4475.68
12129,4774,353,2,3425.07
12130,4775,47,1,4194.71
12131,4776,176,2,1112.6
12132,4776,387,1,883.84
12133,4777,273,1,1277.66
12134,4778,50,3,2270.55
12135,4778,381,3,1382.08
12136,4778,8,1,3324.23
12137,4778,441,1,2520.14
12138,4779,252,1,1577.56
12139,4779,422,1,2133.83
12140,4779,337,2,2090.96
12141,4780,368,3,3608.06
12142,4780,25,3,2964.84
12143,4781,368,1,3608.06
12144,4781,124,2,1712.72
12145,4781,235,2,1545.95
12146,4781,32,3,2748.32
12147,4782,454,1,1848.68
12148,4782,453,2,2643.14
12149,4782,319,1,3265.78
12150,4783,225,1,4152.33
12151,4783,461,2,821.67
12152,4783,194,3,4253.49
12153,4783,386,2,3798.71
12154,4784,294,2,2795.41
12155,4784,208,3,3457.4
12156,4785,473,2,1103.54
12157,4785,448,1,2414.09
12158,4785,383,1,3100.45
12159,4785,99,2,794.57
12160,4786,442,3,1420.76
12161,4786,193,2,3317.64
12162,4787,475,1,4403.14
12163,4787,74,3,1973.37
12164,4788,92,2,3644.34
12165,4788,168,2,2465.17
12166,4789,413,3,4020.48
12167,4790,199,3,3459.96
12168,4791,10,3,4274.14
12169,4791,314,2,4333.54
12170,4791,225,1,4152.33
12171,4792,467,3,426.75
12172,4792,50,1,2270.55
12173,4792,419,3,1528.88
12174,4792,431,2,3595.57
12175,4793,387,1,883.84
12176,4794,328,1,3284.59
12177,4795,200,3,2091.31
12178,4795,166,2,1643.85
12179,4795,277,1,660.81
12180,4795,150,3,4216.16
12181,4796,489,1,1208.97
12182,4796,14,2,3629.44
12183,4797,32,2,2748.32
12184,4797,116,3,2193.35
12185,4797,360,3,1327.98
12186,4797,416,2,1947.77
12187,4798,363,3,2258.97
12188,4799,455,3,327.73
12189,4799,20,3,2899.3
12190,4799,197,1,2586.62
12191,4799,142,2,299.37
12192,4800,320,2,4223.4
12193,4800,408,2,1267.68
12194,4800,3,2,1677.12
12195,4801,326,2,455.8
12196,4802,30,2,3742.45
12197,4802,135,1,270.86
12198,4803,251,3,3915.95
12199,4803,336,3,65.72
12200,4804,82,2,3783.42
12201,4805,135,1,270.86
12202,4805,189,3,2132.86
12203,4805,59,1,1297.19
12204,4805,97,2,3525.33
12205,4806,460,1,1747.96
12206,4807,469,2,2739.71
12207,4807,252,2,1577.56
12208,4807,169,1,880.49
12209,4808,278,2,4324.7
12210,4809,249,1,3844.8
12211,4809,158,2,2164.95
12212,4810,262,3,1257.33
12213,4810,85,2,138.27
12214,4811,228,1,2870.8
12215,4812,162,1,3170.91
12216,4812,115,2,2897.05
12217,4812,95,3,1460.11
12218,4813,493,2,3838.93
12219,4813,275,1,4251.41
12220,4814,432,1,365.61
12221,4814,190,1,2533.19
12222,4814,460,1,1747.96
12223,4815,81,1,317.16
12224,4815,130,1,2935.63
12225,4815,240,2,922.64
12226,4816,345,1,3018.13
12227,4816,390,3,1703.55
12228,4816,397,2,687.66
12229,4816,177,1,4353.88
12230,4817,444,3,1506.97
12231,4817,319,3,3265.78
12232,4818,450,3,1383.82
12233,4819,45,2,1154.75
12234,4819,263,3,1652.98
12235,4819,13,1,765.28
12236,4820,53,3,1634.32
12237,4820,66,1,1498.19
12238,4820,12,2,2782.41
12239,4821,324,2,1162.87
12240,4821,474,3,4173.21
12241,4821,22,2,1322.73
12242,4822,170,2,2134.36
12243,4823,111,1,4210.12
12244,4823,411,2,4247.59
12245,4824,359,2,3114.51
12246,4824,320,3,4223.4
12247,4824,75,3,3610.17
12248,4824,402,3,1533.14
12249,4825,230,2,2563.86
12250,4825,116,3,2193.35
12251,4825,262,1,1257.33
12252,4826,291,1,4205.27
12253,4827,92,3,3644.34
12254,4827,436,1,2679.82
12255,4827,105,2,1217.91
12256,4828,188,2,2968.08
12257,4829,211,1,2701.14
12258,4829,416,2,1947.77
12259,4830,77,2,648.4
12260,4831,105,2,1217.91
12261,4832,313,2,224.67
12262,4832,433,3,1833.63
12263,4833,71,3,1294.35
12264,4834,275,3,4251.41
12265,4834,417,1,4016.18
12266,4834,36,2,4307.36
12267,4835,297,2,646.69
12268,4835,148,2,3480.93
12269,4835,446,1,4069.49
12270,4835,98,2,2661.79
12271,4836,348,1,1315.49
12272,4836,355,3,3874.37
12273,4836,100,2,3288.59
12274,4837,355,2,3874.37
12275,4837,497,2,2037.61
12276,4837,306,2,1851.66
12277,4838,189,1,2132.86
12278,4839,56,2,4313.07
12279,4839,470,3,2072.05
12280,4839,151,1,237.73
12281,4840,274,2,3960.11
12282,4841,450,1,1383.82
12283,4841,211,3,2701.14
12284,4841,400,1,565.47
12285,4841,117,1,2016.28
12286,4842,5,1,3537.86
12287,4842,144,1,3686.77
12288,4843,417,3,4016.18
12289,4843,114,3,2879.54
12290,4844,54,3,4144.84
12291,4844,339,2,1108.56
12292,4845,394,1,3605.66
12293,4846,14,3,3629.44
12294,4846,313,3,224.67
12295,4846,372,1,1386.26
12296,4847,9,2,579.93
12297,4847,133,1,2798.9
12298,4847,3,3,1677.12
12299,4847,13,2,765.28
12300,4848,220,1,3317.48
12301,4848,264,2,3909.98
12302,4848,156,3,2651.9
12303,4848,240,1,922.64
12304,4849,22,2,1322.73
12305,4849,378,2,741.47
12306,4849,83,3,1539.22
12307,4849,238,3,630.17
12308,4850,488,3,3384.94
12309,4850,219,1,458.98
12310,4850,104,2,2381.72
12311,4850,212,1,79.23
12312,4851,100,3,3288.59
12313,4851,272,3,1631.43
12314,4851,30,1,3742.45
12315,4851,432,1,365.61
12316,4852,453,1,2643.14
12317,4852,438,3,1100.89
12318,4853,16,3,1220.76
12319,4853,48,3,1022.62
12320,4853,312,1,2358.23
12321,4853,409,2,2540.33
12322,4854,256,2,2822.54
12323,4854,26,2,4485.84
12324,4854,324,1,1162.87
12325,4854,352,3,1486.56
12326,4855,71,3,1294.35
12327,4855,54,3,4144.84
12328,4855,2,3,1212.8
12329,4855,289,3,3285.5
12330,4856,430,3,616.9
12331,4856,97,3,3525.33
12332,4856,207,1,1121.22
12333,4856,236,3,269.43
12334,4857,451,2,1405.25
12335,4858,6,2,2537.97
12336,4858,8,3,3324.23
12337,4858,194,3,4253.49
12338,4858,397,3,687.66
12339,4859,449,1,2039.86
12340,4860,302,1,3353.53
12341,4860,25,2,2964.84
12342,4860,160,1,456.74
12343,4860,373,3,556.57
12344,4861,194,1,4253.49
12345,4861,166,2,1643.85
12346,4861,258,3,4081.88
12347,4862,347,2,1905.46
12348,4863,81,2,317.16
12349,4863,324,1,1162.87
12350,4864,310,1,3551.79
12351,4864,227,1,3377.17
12352,4864,5,3,3537.86
12353,4864,112,1,4364.46
12354,4865,136,3,4376.88
12355,4865,287,1,1462.86
12356,4866,454,2,1848.68
12357,4866,372,3,1386.26
12358,4866,133,2,2798.9
12359,4867,484,2,3514.45
12360,4868,99,2,794.57
12361,4868,131,2,1887.42
12362,4869,470,3,2072.05
12363,4869,355,3,3874.37
12364,4869,235,1,1545.95
12365,4869,469,2,2739.71
12366,4870,94,1,402.05
12367,4871,36,3,4307.36
12368,4871,344,3,1603.14
12369,4872,217,3,665.92
12370,4873,383,1,3100.45
12371,4873,373,2,556.57
12372,4873,213,3,3857.96
12373,4873,153,3,934.32
12374,4874,326,3,455.8
12375,4874,351,1,4195.09
12376,4874,156,3,2651.9
12377,4874,114,2,2879.54
12378,4875,432,3,365.61
12379,4876,228,1,2870.8
12380,4876,269,3,145.62
12381,4877,362,1,1624.65
12382,4877,473,2,1103.54
12383,4877,431,1,3595.57
12384,4878,215,3,2525.64
12385,4878,377,3,3597.78
12386,4879,12,2,2782.41
12387,4879,148,2,3480.93
12388,4879,459,2,2832.2
12389,4879,42,3,3559.52
12390,4880,121,3,4153.29
12391,4881,103,1,2490.53
12392,4881,366,1,57.04
12393,4881,40,2,4039.53
12394,4881,146,3,3481.95
12395,4882,199,2,3459.96
12396,4882,71,3,1294.35
12397,4882,139,3,1571.51
12398,4883,495,1,113.2
12399,4883,370,1,994.9
12400,4883,130,1,2935.63
12401,4884,500,1,4429.12
12402,4884,279,3,3105.03
12403,4884,82,1,3783.42
12404,4884,231,2,1032.55
12405,4885,210,3,50.87
12406,4885,223,2,2698.78
12407,4885,70,1,3168.17
12408,4885,17,2,218.01
12409,4886,367,2,3595.46
12410,4886,469,1,2739.71
12411,4886,206,1,1966.12
12412,4887,227,2,3377.17
12413,4887,230,2,2563.86
12414,4887,151,1,237.73
12415,4888,308,3,2771.2
12416,4889,262,2,1257.33
12417,4889,340,2,2069.14
12418,4889,163,3,2220.9
12419,4889,432,1,365.61
12420,4890,463,2,736.49
12421,4890,176,1,1112.6
12422,4890,340,2,2069.14
12423,4891,288,2,576.82
12424,4891,404,2,150.04
12425,4891,217,1,665.92
12426,4892,294,1,2795.41
12427,4892,311,2,2083.21
12428,4893,70,2,3168.17
12429,4893,368,2,3608.06
12430,4894,23,1,2321.94
12431,4894,222,1,3177.67
12432,4894,342,2,1287.6
12433,4895,54,1,4144.84
12434,4895,117,2,2016.28
12435,4895,265,3,4410.08
12436,4896,286,3,2970.23
12437,4896,209,3,1652.04
12438,4897,122,1,1383.27
12439,4897,316,1,2102.99
12440,4898,71,2,1294.35
12441,4898,80,2,262.31
12442,4898,184,3,2905.79
12443,4898,332,3,771.45
12444,4899,96,2,2743.96
12445,4899,289,1,3285.5
12446,4899,212,1,79.23
12447,4899,458,1,1096.82
12448,4900,206,2,1966.12
12449,4900,191,3,3708.02
12450,4900,255,3,2378.53
12451,4901,287,2,1462.86
12452,4902,252,1,1577.56
12453,4902,334,3,3470.41
12454,4903,427,1,2067.11
12455,4903,396,2,3938.76
12456,4903,297,1,646.69
12457,4904,119,3,3678.44
12458,4904,321,2,1799.15
12459,4904,188,1,2968.08
12460,4904,3,1,1677.12
12461,4905,77,2,648.4
12462,4906,442,3,1420.76
12463,4906,147,1,4475.68
12464,4906,438,3,1100.89
12465,4906,200,2,2091.31
12466,4907,146,3,3481.95
12467,4908,291,1,4205.27
12468,4909,25,3,2964.84
12469,4910,221,2,819.42
12470,4911,428,2,552.35
12471,4911,341,2,2720.45
12472,4911,304,2,3908.72
12473,4912,479,1,2118.97
12474,4912,369,1,252.44
12475,4912,128,1,1116.05
12476,4913,454,2,1848.68
12477,4913,266,1,493.24
12478,4913,446,3,4069.49
12479,4913,138,3,451.38
12480,4914,373,3,556.57
12481,4914,153,3,934.32
12482,4914,442,1,1420.76
12483,4914,389,1,1258.16
12484,4915,93,1,2774.78
12485,4915,421,2,2576.66
12486,4915,366,3,57.04
12487,4916,352,1,1486.56
12488,4916,477,2,406.28
12489,4916,423,1,2917.66
12490,4916,102,1,1816.85
12491,4917,211,2,2701.14
12492,4918,421,2,2576.66
12493,4918,397,3,687.66
12494,4918,462,1,1761.45
12495,4919,384,2,344.65
12496,4920,322,3,846.01
12497,4921,385,1,1559.23
12498,4921,465,2,119.9
12499,4921,34,1,2302.76
12500,4921,443,1,533.91
12501,4922,1,2,738.76
12502,4922,328,1,3284.59
12503,4922,76,1,3635.22
12504,4923,139,2,1571.51
12505,4923,91,2,4306.85
12506,4923,76,1,3635.22
12507,4923,235,2,1545.95
12508,4924,391,2,1011.82
12509,4924,344,1,1603.14
12510,4924,212,2,79.23
12511,4925,32,1,2748.32
12512,4925,434,2,1134.43
12513,4925,164,2,3559.1
12514,4926,345,1,3018.13
12515,4926,436,2,2679.82
12516,4926,135,1,270.86
12517,4926,41,1,567.39
12518,4927,359,2,3114.51
12519,4927,294,1,2795.41
12520,4927,450,3,1383.82
12521,4928,176,3,1112.6
12522,4928,184,2,2905.79
12523,4928,307,2,3718.26
12524,4928,328,3,3284.59
12525,4929,31,3,1596.26
12526,4929,134,1,2239.38
12527,4930,452,3,3244.17
12528,4930,166,3,1643.85
12529,4930,84,1,2530.84
12530,4931,26,1,4485.84
12531,4931,413,2,4020.48
12532,4932,374,3,3273.57
12533,4932,119,1,3678.44
12534,4932,11,3,1832.5
12535,4933,309,2,2435.91
12536,4933,492,2,2207.18
12537,4934,151,2,237.73
12538,4934,330,1,245.38
12539,4934,397,1,687.66
12540,4935,304,2,3908.72
12541,4935,360,2,1327.98
12542,4936,269,2,145.62
12543,4936,220,3,3317.48
12544,4936,486,3,1923.52
12545,4936,471,3,1761.98
12546,4937,450,2,1383.82
12547,4937,363,2,2258.97
12548,4937,28,2,2353.96
12549,4938,135,3,270.86
12550,4938,326,2,455.8
12551,4939,468,1,3877.68
12552,4939,318,3,2112.93
12553,4939,247,3,2823.16
12554,4940,339,2,1108.56
12555,4940,397,1,687.66
12556,4941,210,2,50.87
12557,4942,12,1,2782.41
12558,4943,287,3,1462.86
12559,4943,150,1,4216.16
12560,4943,89,3,3497.61
12561,4943,315,3,1821.28
12562,4944,34,3,2302.76
12563,4944,195,2,500.45
12564,4945,63,3,2084.52
12565,4945,66,1,1498.19
12566,4946,183,3,2209.9
12567,4946,260,2,2799.94
12568,4946,179,1,735.89
12569,4946,492,1,2207.18
12570,4947,265,1,4410.08
12571,4947,304,2,3908.72
12572,4947,37,3,1163.13
12573,4948,241,3,2382.9
12574,4948,289,1,3285.5
12575,4948,294,2,2795.41
12576,4949,118,2,742.94
12577,4949,136,2,4376.88
12578,4949,348,2,1315.49
12579,4950,334,1,3470.41
12580,4951,147,2,4475.68
12581,4951,105,2,1217.91
12582,4952,367,2,3595.46
12583,4953,264,1,3909.98
12584,4954,437,3,2574.09
12585,4954,334,1,3470.41
12586,4954,111,3,4210.12
12587,4954,37,2,1163.13
12588,4955,123,2,2706.67
12589,4955,166,3,1643.85
12590,4955,478,3,4426.93
12591,4956,439,1,3340.18
12592,4956,167,3,2209.59
12593,4956,318,2,2112.93
12594,4957,354,1,1353.11
12595,4957,373,1,556.57
12596,4958,38,1,2556.1
12597,4958,327,1,1665.1
12598,4959,202,3,2295.88
12599,4959,158,1,2164.95
12600,4960,498,3,3532.25
12601,4961,164,2,3559.1
12602,4962,394,3,3605.66
12603,4962,254,3,3343.06
12604,4962,500,3,4429.12
12605,4963,393,3,4114.42
12606,4963,238,2,630.17
12607,4964,250,1,1131.56
12608,4965,439,1,3340.18
12609,4965,15,3,4170.08
12610,4965,228,2,2870.8
12611,4966,327,2,1665.1
12612,4967,198,1,3383.91
12613,4967,343,1,267.69
12614,4968,208,3,3457.4
12615,4968,92,3,3644.34
12616,4968,478,1,4426.93
12617,4968,131,1,1887.42
12618,4969,172,2,2413.56
12619,4969,232,3,4488.28
12620,4969,79,3,1385.15
12621,4969,2,1,1212.8
12622,4970,379,2,4036.88
12623,4970,252,3,1577.56
12624,4970,21,3,3835.03
12625,4971,226,3,1903.52
12626,4971,310,2,3551.79
12627,4972,340,3,2069.14
12628,4972,169,1,880.49
12629,4972,84,3,2530.84
12630,4972,359,3,3114.51
12631,4973,428,1,552.35
12632,4973,100,3,3288.59
12633,4973,200,2,2091.31
12634,4973,290,2,4327.32
12635,4974,138,3,451.38
12636,4974,56,3,4313.07
12637,4974,444,3,1506.97
12638,4975,260,2,2799.94
12639,4975,469,2,2739.71
12640,4976,270,2,1406.93
12641,4976,85,1,138.27
12642,4977,52,2,952.31
12643,4978,54,3,4144.84
12644,4978,162,3,3170.91
12645,4978,309,2,2435.91
12646,4979,247,2,2823.16
12647,4979,476,2,1690.17
12648,4980,491,2,3649.59
12649,4980,51,3,1127.15
12650,4980,185,1,2389.91
12651,4980,330,1,245.38
12652,4981,37,3,1163.13
12653,4981,500,2,4429.12
12654,4982,37,3,1163.13
12655,4982,407,1,3036.5
12656,4983,419,2,1528.88
12657,4983,254,1,3343.06
12658,4983,169,3,880.49
12659,4984,384,2,344.65
12660,4984,49,2,4264.68
12661,4984,440,3,558.74
12662,4984,238,1,630.17
12663,4985,58,1,3916.02
12664,4985,411,1,4247.59
12665,4986,88,2,1630.24
12666,4987,158,3,2164.95
12667,4987,340,2,2069.14
12668,4987,313,3,224.67
12669,4987,395,3,896.44
12670,4988,29,1,4140.34
12671,4988,394,3,3605.66
12672,4988,3,1,1677.12
12673,4988,180,2,2902.02
12674,4989,263,3,1652.98
12675,4989,460,1,1747.96
12676,4990,99,1,794.57
12677,4990,49,2,4264.68
12678,4990,315,1,1821.28
12679,4990,359,2,3114.51
12680,4991,307,3,3718.26
12681,4991,107,2,1150.91
12682,4991,88,3,1630.24
12683,4991,374,3,3273.57
12684,4992,363,2,2258.97
12685,4992,446,2,4069.49
12686,4993,397,3,687.66
12687,4993,96,3,2743.96
12688,4993,92,3,3644.34
12689,4993,203,2,4493.03
12690,4994,100,3,3288.59
12691,4994,46,2,3382.11
12692,4994,40,1,4039.53
12693,4995,389,3,1258.16
12694,4995,407,2,3036.5
12695,4995,106,1,4195.57
12696,4996,228,2,2870.8
12697,4997,309,2,2435.91
12698,4997,99,3,794.57
12699,4997,376,2,4154.14
12700,4997,50,2,2270.55
12701,4998,415,1,274.53
12702,4998,401,3,3107.38
12703,4998,410,3,1608.92
12704,4999,338,3,3643.17
12705,4999,139,3,1571.51
12706,4999,162,3,3170.91
12707,4999,497,2,2037.61
12708,5000,325,3,3594.36
12709,5000,135,1,270.86
12710,5001,4,3,1818.67
12711,5001,495,1,113.2
12712,5001,295,2,1077.56
12713,5002,482,2,2869.91
12714,5002,341,2,2720.45
12715,5002,39,1,4327.51
12716,5002,433,3,1833.63
12717,5003,271,2,748.67
12718,5003,170,1,2134.36
12719,5003,3,2,1677.12
12720,5003,332,3,771.45
12721,5004,459,3,2832.2
12722,5005,179,3,735.89
12723,5005,46,1,3382.11
12724,5006,481,1,3003.63
12725,5007,335,3,854.1
12726,5008,232,2,4488.28
12727,5008,67,3,882.83
12728,5008,10,1,4274.14
12729,5008,245,2,2692.75
12730,5009,425,2,1198.33
12731,5009,380,2,4178.67
12732,5009,192,1,3715.21
12733,5010,413,3,4020.48
12734,5010,207,2,1121.22
12735,5010,373,1,556.57
12736,5010,236,1,269.43
12737,5011,28,1,2353.96
12738,5011,367,2,3595.46
12739,5011,139,1,1571.51
12740,5012,1,1,738.76
12741,5013,335,2,854.1
12742,5013,191,3,3708.02
12743,5013,176,2,1112.6
12744,5013,233,2,2609.88
12745,5014,215,2,2525.64
12746,5014,433,2,1833.63
12747,5014,329,3,4276.4
12748,5015,452,3,3244.17
12749,5015,99,3,794.57
12750,5015,372,2,1386.26
12751,5015,72,2,4407.76
12752,5016,43,2,1073.19
12753,5016,392,1,1715.26
12754,5016,31,2,1596.26
12755,5017,315,3,1821.28
12756,5017,11,1,1832.5
12757,5017,406,1,1325.22
12758,5018,28,2,2353.96
12759,5018,314,2,4333.54
12760,5019,61,3,2178.52
12761,5019,160,2,456.74
12762,5020,443,2,533.91
12763,5021,429,2,1306.05
12764,5022,113,2,2679.2
12765,5022,436,1,2679.82
12766,5022,429,1,1306.05
12767,5023,105,2,1217.91
12768,5023,398,1,3061.39
12769,5023,449,3,2039.86
12770,5024,487,2,1336.98
12771,5025,326,2,455.8
12772,5026,297,1,646.69
12773,5026,104,3,2381.72
12774,5027,58,2,3916.02
12775,5027,181,1,2982.07
12776,5027,445,1,452.87
12777,5027,29,2,4140.34
12778,5028,63,1,2084.52
12779,5028,204,2,4066.06
12780,5028,310,2,3551.79
12781,5028,28,1,2353.96
12782,5029,296,1,166.08
12783,5029,31,1,1596.26
12784,5029,138,2,451.38
12785,5030,227,1,3377.17
12786,5030,312,1,2358.23
12787,5030,221,3,819.42
12788,5030,346,3,1523.44
12789,5031,212,3,79.23
12790,5031,227,3,3377.17
12791,5031,17,2,218.01
12792,5032,282,2,2953.5
12793,5033,316,1,2102.99
12794,5033,216,1,469.58
12795,5033,424,1,1081.04
12796,5034,10,3,4274.14
12797,5034,263,2,1652.98
12798,5035,365,3,1085.61
12799,5035,241,3,2382.9
12800,5035,232,3,4488.28
12801,5036,132,1,657.98
12802,5036,399,2,212.66
12803,5037,319,3,3265.78
12804,5037,207,2,1121.22
12805,5037,272,3,1631.43
12806,5038,91,3,4306.85
12807,5038,229,1,1406.29
12808,5038,130,3,2935.63
12809,5038,472,1,2740.35
12810,5039,447,1,3419.0
12811,5040,34,2,2302.76
12812,5040,461,2,821.67
12813,5040,167,3,2209.59
12814,5040,132,2,657.98
12815,5041,60,1,620.69
12816,5042,197,1,2586.62
12817,5042,232,3,4488.28
12818,5043,34,2,2302.76
12819,5044,229,1,1406.29
12820,5044,392,2,1715.26
12821,5044,375,1,3752.59
12822,5044,268,3,4352.22
12823,5045,465,1,119.9
12824,5045,274,2,3960.11
12825,5046,158,1,2164.95
12826,5046,481,3,3003.63
12827,5046,312,1,2358.23
12828,5046,329,2,4276.4
12829,5047,216,2,469.58
12830,5048,291,2,4205.27
12831,5049,340,1,2069.14
12832,5049,415,3,274.53
12833,5050,192,3,3715.21
12834,5051,328,1,3284.59
12835,5051,121,1,4153.29
12836,5051,241,1,2382.9
12837,5051,276,3,725.1
12838,5052,187,1,365.39
12839,5053,364,1,2241.64
12840,5054,414,1,628.83
12841,5054,298,2,3218.49
12842,5054,412,2,1139.47
12843,5054,12,3,2782.41
12844,5055,156,2,2651.9
12845,5056,145,1,4386.96
12846,5056,307,2,3718.26
12847,5056,135,3,270.86
12848,5057,169,1,880.49
12849,5058,316,1,2102.99
12850,5058,131,2,1887.42
12851,5059,444,3,1506.97
12852,5060,319,3,3265.78
12853,5061,223,3,2698.78
12854,5061,405,3,4020.0
12855,5062,11,3,1832.5
12856,5063,491,2,3649.59
12857,5063,348,3,1315.49
12858,5063,26,1,4485.84
12859,5063,328,2,3284.59
12860,5064,441,3,2520.14
12861,5064,42,2,3559.52
12862,5064,220,3,3317.48
12863,5065,50,2,2270.55
12864,5065,53,3,1634.32
12865,5065,245,1,2692.75
12866,5065,389,3,1258.16
12867,5066,84,2,2530.84
12868,5066,497,2,2037.61
12869,5066,2,1,1212.8
12870,5067,176,3,1112.6
12871,5068,284,3,3113.97
12872,5068,79,1,1385.15
12873,5068,144,2,3686.77
12874,5069,249,3,3844.8
12875,5069,365,2,1085.61
12876,5069,351,3,4195.09
12877,5069,302,2,3353.53
12878,5070,146,1,3481.95
12879,5070,4,1,1818.67
12880,5071,102,1,1816.85
12881,5072,34,3,2302.76
12882,5072,383,2,3100.45
12883,5072,403,1,2366.57
12884,5073,178,2,2382.11
12885,5073,302,1,3353.53
12886,5073,286,1,2970.23
12887,5073,312,3,2358.23
12888,5074,313,2,224.67
12889,5074,156,2,2651.9
12890,5074,325,2,3594.36
12891,5075,313,2,224.67
12892,5076,443,1,533.91
12893,5076,260,1,2799.94
12894,5076,478,2,4426.93
12895,5077,307,3,3718.26
12896,5078,43,1,1073.19
12897,5079,441,2,2520.14
12898,5079,415,1,274.53
12899,5080,135,3,270.86
12900,5080,478,1,4426.93
12901,5081,227,2,3377.17
12902,5081,471,3,1761.98
12903,5082,29,2,4140.34
12904,5082,273,3,1277.66
12905,5082,168,1,2465.17
12906,5082,296,2,166.08
12907,5083,121,3,4153.29
12908,5083,316,3,2102.99
12909,5084,380,1,4178.67
12910,5084,190,3,2533.19
12911,5084,136,2,4376.88
12912,5085,276,1,725.1
12913,5085,404,1,150.04
12914,5085,94,3,402.05
12915,5086,61,1,2178.52
12916,5087,332,2,771.45
12917,5087,440,2,558.74
12918,5087,174,3,2301.51
12919,5088,399,2,212.66
12920,5088,52,1,952.31
12921,5088,345,1,3018.13
12922,5089,189,1,2132.86
12923,5089,413,1,4020.48
12924,5089,500,1,4429.12
12925,5090,186,1,268.43
12926,5090,8,3,3324.23
12927,5090,259,2,807.92
12928,5090,389,1,1258.16
12929,5091,237,2,1823.45
12930,5092,418,1,3162.18
12931,5092,164,3,3559.1
12932,5093,76,1,3635.22
12933,5093,143,2,2467.2
12934,5094,50,1,2270.55
12935,5094,379,3,4036.88
12936,5095,409,3,2540.33
12937,5095,380,2,4178.67
12938,5095,248,2,938.6
12939,5096,85,1,138.27
12940,5096,283,1,3610.47
12941,5096,4,2,1818.67
12942,5096,252,1,1577.56
12943,5097,216,3,469.58
12944,5098,439,2,3340.18
12945,5098,354,3,1353.11
12946,5098,167,3,2209.59
12947,5099,458,2,1096.82
12948,5100,314,2,4333.54
12949,5100,457,1,538.16
12950,5101,440,3,558.74
12951,5101,348,2,1315.49
12952,5101,278,1,4324.7
12953,5101,82,2,3783.42
12954,5102,268,1,4352.22
12955,5102,226,3,1903.52
12956,5102,384,1,344.65
12957,5103,12,1,2782.41
12958,5103,393,3,4114.42
12959,5103,220,3,3317.48
12960,5103,449,2,2039.86
12961,5104,371,3,1303.24
12962,5104,112,1,4364.46
12963,5104,195,2,500.45
12964,5104,10,2,4274.14
12965,5105,424,1,1081.04
12966,5105,347,2,1905.46
12967,5106,387,3,883.84
12968,5106,104,3,2381.72
12969,5107,498,2,3532.25
12970,5108,192,1,3715.21
12971,5108,435,2,1757.98
12972,5108,11,1,1832.5
12973,5108,33,1,2608.33
12974,5109,383,2,3100.45
12975,5109,13,1,765.28
12976,5109,398,2,3061.39
12977,5109,111,2,4210.12
12978,5110,474,3,4173.21
12979,5110,173,3,2460.15
12980,5110,388,3,3188.43
12981,5110,195,3,500.45
12982,5111,109,1,177.14
12983,5111,377,2,3597.78
12984,5111,250,3,1131.56
12985,5111,46,3,3382.11
12986,5112,5,3,3537.86
12987,5112,269,2,145.62
12988,5112,16,1,1220.76
12989,5112,442,3,1420.76
12990,5113,277,3,660.81
12991,5113,479,3,2118.97
12992,5114,409,1,2540.33
12993,5115,336,1,65.72
12994,5115,401,3,3107.38
12995,5116,411,3,4247.59
12996,5116,424,3,1081.04
12997,5116,170,2,2134.36
12998,5116,232,1,4488.28
12999,5117,406,2,1325.22
13000,5117,389,2,1258.16
13001,5117,200,1,2091.31
13002,5117,139,1,1571.51
13003,5118,475,1,4403.14
13004,5118,197,1,2586.62
13005,5118,80,1,262.31
13006,5119,402,2,1533.14
13007,5119,144,2,3686.77
13008,5120,410,3,1608.92
13009,5120,68,3,2147.49
13010,5120,302,3,3353.53
13011,5121,63,2,2084.52
13012,5121,108,1,612.53
13013,5121,266,3,493.24
13014,5121,30,3,3742.45
13015,5122,23,3,2321.94
13016,5122,469,3,2739.71
13017,5122,374,3,3273.57
13018,5122,222,1,3177.67
13019,5123,175,2,2807.82
13020,5123,39,3,4327.51
13021,5123,19,3,4337.71
13022,5124,266,1,493.24
13023,5124,369,3,252.44
13024,5125,37,1,1163.13
13025,5125,196,3,893.1
13026,5126,8,2,3324.23
13027,5126,157,3,89.74
13028,5126,356,2,2384.68
13029,5126,95,3,1460.11
13030,5127,408,1,1267.68
13031,5127,409,1,2540.33
13032,5127,55,2,2242.36
13033,5127,385,3,1559.23
13034,5128,325,2,3594.36
13035,5128,7,2,2620.55
13036,5129,334,2,3470.41
13037,5129,489,1,1208.97
13038,5129,387,2,883.84
13039,5130,352,3,1486.56
13040,5131,315,1,1821.28
13041,5131,154,2,1019.16
13042,5131,38,1,2556.1
13043,5131,72,3,4407.76
13044,5132,347,3,1905.46
13045,5133,391,1,1011.82
13046,5133,16,1,1220.76
13047,5133,269,2,145.62
13048,5133,36,1,4307.36
13049,5134,306,1,1851.66
13050,5134,382,3,2520.54
13051,5134,90,2,1745.77
13052,5135,126,2,3330.17
13053,5136,260,3,2799.94
13054,5137,286,2,2970.23
13055,5137,340,2,2069.14
13056,5137,259,2,807.92
13057,5138,411,2,4247.59
13058,5138,427,1,2067.11
13059,5139,431,1,3595.57
13060,5140,221,3,819.42
13061,5140,440,3,558.74
13062,5141,254,3,3343.06
13063,5141,438,1,1100.89
13064,5141,214,1,3709.4
13065,5141,109,3,177.14
13066,5142,351,3,4195.09
13067,5143,411,2,4247.59
13068,5144,263,2,1652.98
13069,5144,457,3,538.16
13070,5145,24,3,804.2
13071,5145,395,2,896.44
13072,5146,169,3,880.49
13073,5146,491,3,3649.59
13074,5146,395,2,896.44
13075,5146,193,1,3317.64
13076,5147,285,1,1963.79
13077,5148,34,3,2302.76
13078,5149,143,1,2467.2
13079,5149,237,3,1823.45
13080,5149,86,3,4335.87
13081,5149,307,1,3718.26
13082,5150,63,1,2084.52
13083,5151,183,2,2209.9
13084,5151,317,2,4139.7
13085,5151,355,1,3874.37
13086,5151,226,1,1903.52
13087,5152,68,3,2147.49
13088,5153,55,1,2242.36
13089,5153,69,2,868.42
13090,5154,230,1,2563.86
13091,5155,91,1,4306.85
13092,5155,361,2,1205.49
13093,5155,126,2,3330.17
13094,5156,447,1,3419.0
13095,5157,313,1,224.67
13096,5157,416,2,1947.77
13097,5157,86,1,4335.87
13098,5158,439,2,3340.18
13099,5159,196,2,893.1
13100,5160,444,1,1506.97
13101,5160,233,2,2609.88
13102,5161,284,3,3113.97
13103,5162,5,3,3537.86
13104,5163,116,1,2193.35
13105,5163,50,1,2270.55
13106,5163,479,1,2118.97
13107,5164,309,2,2435.91
13108,5164,338,1,3643.17
13109,5164,430,1,616.9
13110,5164,93,2,2774.78
13111,5165,80,3,262.31
13112,5165,100,3,3288.59
13113,5166,39,1,4327.51
13114,5167,489,3,1208.97
13115,5167,17,3,218.01
13116,5167,91,3,4306.85
13117,5167,16,1,1220.76
13118,5168,3,2,1677.12
13119,5168,39,2,4327.51
13120,5168,444,3,1506.97
13121,5169,43,2,1073.19
13122,5169,444,1,1506.97
13123,5169,361,2,1205.49
13124,5169,121,2,4153.29
13125,5170,458,1,1096.82
13126,5170,252,1,1577.56
13127,5171,187,3,365.39
13128,5171,25,3,2964.84
13129,5171,357,3,308.92
13130,5172,223,3,2698.78
13131,5173,354,2,1353.11
13132,5173,351,1,4195.09
13133,5174,492,2,2207.18
13134,5174,106,1,4195.57
13135,5175,489,2,1208.97
13136,5176,216,2,469.58
13137,5176,68,1,2147.49
13138,5177,160,3,456.74
13139,5178,194,2,4253.49
13140,5178,481,1,3003.63
13141,5178,62,1,1595.44
13142,5179,341,3,2720.45
13143,5179,39,2,4327.51
13144,5179,415,1,274.53
13145,5180,114,1,2879.54
13146,5180,337,1,2090.96
13147,5181,227,3,3377.17
13148,5181,104,1,2381.72
13149,5181,29,2,4140.34
13150,5181,443,1,533.91
13151,5182,159,1,3480.05
13152,5182,48,2,1022.62
13153,5182,327,3,1665.1
13154,5182,432,3,365.61
13155,5183,213,3,3857.96
13156,5183,173,1,2460.15
13157,5183,123,1,2706.67
13158,5183,122,2,1383.27
13159,5184,339,2,1108.56
13160,5184,265,2,4410.08
13161,5185,103,1,2490.53
13162,5185,114,3,2879.54
13163,5185,310,2,3551.79
13164,5186,360,1,1327.98
13165,5187,408,3,1267.68
13166,5188,53,3,1634.32
13167,5188,201,2,792.3
13168,5188,73,2,3257.63
13169,5189,23,2,2321.94
13170,5189,48,2,1022.62
13171,5189,366,3,57.04
13172,5190,332,2,771.45
13173,5190,63,2,2084.52
13174,5191,3,1,1677.12
13175,5191,495,1,113.2
13176,5191,426,3,3163.29
13177,5192,394,2,3605.66
13178,5192,325,2,3594.36
13179,5192,463,3,736.49
13180,5193,199,2,3459.96
13181,5193,441,3,2520.14
13182,5193,381,1,1382.08
13183,5194,51,3,1127.15
13184,5195,391,3,1011.82
13185,5196,72,1,4407.76
13186,5197,2,2,1212.8
13187,5197,49,2,4264.68
13188,5198,308,3,2771.2
13189,5199,208,3,3457.4
13190,5200,432,3,365.61
13191,5201,437,2,2574.09
13192,5202,17,2,218.01
13193,5202,234,1,1339.53
13194,5202,497,3,2037.61
13195,5203,200,2,2091.31
13196,5203,418,2,3162.18
13197,5204,411,2,4247.59
13198,5204,11,1,1832.5
13199,5204,144,2,3686.77
13200,5205,339,3,1108.56
13201,5205,75,3,3610.17
13202,5206,101,3,3168.1
13203,5206,376,2,4154.14
13204,5206,310,2,3551.79
13205,5207,276,3,725.1
13206,5207,451,3,1405.25
13207,5207,381,3,1382.08
13208,5207,446,2,4069.49
13209,5208,6,1,2537.97
13210,5208,73,2,3257.63
13211,5209,42,1,3559.52
13212,5209,456,2,53.75
13213,5209,16,3,1220.76
13214,5209,425,2,1198.33
13215,5210,146,2,3481.95
13216,5210,250,2,1131.56
13217,5211,130,2,2935.63
13218,5212,370,3,994.9
13219,5212,494,3,2790.3
13220,5213,59,2,1297.19
13221,5213,352,2,1486.56
13222,5213,465,2,119.9
13223,5213,299,1,2236.93
13224,5214,443,2,533.91
13225,5215,298,1,3218.49
13226,5215,189,3,2132.86
13227,5215,182,1,844.94
13228,5216,75,3,3610.17
13229,5217,219,3,458.98
13230,5218,157,2,89.74
13231,5218,241,2,2382.9
13232,5218,101,2,3168.1
13233,5219,416,3,1947.77
13234,5219,230,1,2563.86
13235,5220,105,1,1217.91
13236,5220,212,1,79.23
13237,5220,323,3,4036.29
13238,5221,290,3,4327.32
13239,5222,134,1,2239.38
13240,5222,166,3,1643.85
13241,5223,136,3,4376.88
13242,5224,341,1,2720.45
13243,5224,153,1,934.32
13244,5224,227,2,3377.17
13245,5224,22,1,1322.73
13246,5225,152,2,593.53
13247,5225,58,1,3916.02
13248,5225,252,1,1577.56
13249,5225,31,1,1596.26
13250,5226,87,1,2941.9
13251,5226,172,3,2413.56
13252,5226,166,3,1643.85
13253,5227,97,2,3525.33
13254,5228,231,2,1032.55
13255,5229,96,1,2743.96
13256,5229,280,3,729.73
13257,5230,154,2,1019.16
13258,5230,475,2,4403.14
13259,5230,36,2,4307.36
13260,5231,50,2,2270.55
13261,5232,230,1,2563.86
13262,5232,315,2,1821.28
13263,5233,284,2,3113.97
13264,5233,85,1,138.27
13265,5233,59,3,1297.19
13266,5234,109,3,177.14
13267,5234,387,3,883.84
13268,5235,317,1,4139.7
13269,5235,323,3,4036.29
13270,5235,463,1,736.49
13271,5235,53,3,1634.32
13272,5236,334,2,3470.41
13273,5236,339,1,1108.56
13274,5236,500,1,4429.12
13275,5236,182,1,844.94
13276,5237,146,2,3481.95
13277,5237,198,2,3383.91
13278,5237,143,2,2467.2
13279,5237,370,2,994.9
13280,5238,285,1,1963.79
13281,5238,419,2,1528.88
13282,5238,183,1,2209.9
13283,5238,196,3,893.1
13284,5239,472,3,2740.35
13285,5239,181,3,2982.07
13286,5239,30,1,3742.45
13287,5240,127,3,1031.64
13288,5240,407,3,3036.5
13289,5240,425,3,1198.33
13290,5241,183,1,2209.9
13291,5241,240,3,922.64
13292,5242,264,1,3909.98
13293,5242,222,1,3177.67
13294,5243,267,3,2415.44
13295,5243,177,2,4353.88
13296,5244,129,1,3643.71
13297,5245,166,2,1643.85
13298,5245,350,1,4350.01
13299,5246,127,1,1031.64
13300,5247,173,3,2460.15
13301,5247,427,1,2067.11
13302,5247,289,3,3285.5
13303,5247,61,3,2178.52
13304,5248,399,2,212.66
13305,5249,272,1,1631.43
13306,5249,439,3,3340.18
13307,5250,436,2,2679.82
13308,5251,8,2,3324.23
13309,5251,498,2,3532.25
13310,5252,456,3,53.75
13311,5252,8,3,3324.23
13312,5253,416,1,1947.77
13313,5253,28,3,2353.96
13314,5254,10,2,4274.14
13315,5254,54,3,4144.84
13316,5254,378,2,741.47
13317,5255,406,3,1325.22
13318,5255,206,3,1966.12
13319,5255,304,1,3908.72
13320,5255,73,3,3257.63
13321,5256,377,1,3597.78
13322,5257,7,1,2620.55
13323,5257,433,3,1833.63
13324,5257,251,2,3915.95
13325,5258,309,2,2435.91
13326,5259,151,2,237.73
13327,5259,498,2,3532.25
13328,5259,467,3,426.75
13329,5259,389,2,1258.16
13330,5260,436,2,2679.82
13331,5261,456,2,53.75
13332,5262,262,2,1257.33
13333,5262,233,2,2609.88
13334,5263,283,2,3610.47
13335,5263,330,1,245.38
13336,5264,396,3,3938.76
13337,5265,382,2,2520.54
13338,5265,411,2,4247.59
13339,5265,191,2,3708.02
13340,5266,307,3,3718.26
13341,5266,469,1,2739.71
13342,5266,237,3,1823.45
13343,5267,93,1,2774.78
13344,5267,378,3,741.47
13345,5267,210,2,50.87
13346,5267,117,1,2016.28
13347,5268,494,1,2790.3
13348,5268,136,2,4376.88
13349,5269,98,3,2661.79
13350,5270,293,3,635.38
13351,5271,168,2,2465.17
13352,5272,392,1,1715.26
13353,5272,165,2,3312.69
13354,5272,350,1,4350.01
13355,5272,413,3,4020.48
13356,5273,158,1,2164.95
13357,5273,98,2,2661.79
13358,5274,266,1,493.24
13359,5274,334,3,3470.41
13360,5274,439,3,3340.18
13361,5274,119,2,3678.44
13362,5275,416,3,1947.77
13363,5275,356,3,2384.68
13364,5275,281,3,1515.32
13365,5275,44,2,2348.44
13366,5276,478,2,4426.93
13367,5277,299,1,2236.93
13368,5278,406,2,1325.22
13369,5278,4,1,1818.67
13370,5278,82,1,3783.42
13371,5278,349,2,2697.61
13372,5279,227,3,3377.17
13373,5279,129,3,3643.71
13374,5280,237,3,1823.45
13375,5280,128,1,1116.05
13376,5281,112,1,4364.46
13377,5282,99,1,794.57
13378,5282,148,2,3480.93
13379,5282,39,3,4327.51
13380,5283,367,3,3595.46
13381,5283,62,3,1595.44
13382,5283,413,1,4020.48
13383,5283,224,2,3647.12
13384,5284,34,1,2302.76
13385,5285,237,1,1823.45
13386,5285,196,1,893.1
13387,5285,474,2,4173.21
13388,5286,131,3,1887.42
13389,5286,237,2,1823.45
13390,5287,376,2,4154.14
13391,5287,177,1,4353.88
13392,5288,423,2,2917.66
13393,5288,494,2,2790.3
13394,5288,166,2,1643.85
13395,5289,463,3,736.49
13396,5289,480,1,443.59
13397,5289,100,2,3288.59
13398,5289,33,3,2608.33
13399,5290,304,2,3908.72
13400,5290,91,1,4306.85
13401,5290,208,2,3457.4
13402,5291,8,3,3324.23
13403,5292,115,1,2897.05
13404,5292,281,1,1515.32
13405,5292,100,2,3288.59
13406,5293,243,1,448.7
13407,5293,260,2,2799.94
13408,5293,377,2,3597.78
13409,5294,6,1,2537.97
13410,5294,266,3,493.24
13411,5294,272,2,1631.43
13412,5294,496,1,4100.09
13413,5295,385,3,1559.23
13414,5296,145,2,4386.96
13415,5296,146,3,3481.95
13416,5297,285,1,1963.79
13417,5297,270,2,1406.93
13418,5298,240,1,922.64
13419,5299,355,3,3874.37
13420,5299,194,2,4253.49
13421,5299,18,1,2782.15
13422,5300,428,3,552.35
13423,5300,104,1,2381.72
13424,5300,41,3,567.39
13425,5300,135,1,270.86
13426,5301,98,2,2661.79
13427,5302,391,3,1011.82
13428,5302,78,3,2350.68
13429,5303,267,1,2415.44
13430,5303,382,2,2520.54
13431,5304,4,1,1818.67
13432,5304,333,3,278.33
13433,5304,118,3,742.94
13434,5305,142,1,299.37
13435,5305,291,3,4205.27
13436,5306,206,2,1966.12
13437,5307,212,3,79.23
13438,5307,131,2,1887.42
13439,5307,298,1,3218.49
13440,5307,95,3,1460.11
13441,5308,285,1,1963.79
13442,5308,415,3,274.53
13443,5308,50,2,2270.55
13444,5308,105,3,1217.91
13445,5309,455,1,327.73
13446,5309,358,3,2403.81
13447,5310,415,1,274.53
13448,5310,357,3,308.92
13449,5310,400,1,565.47
13450,5310,286,2,2970.23
13451,5311,460,3,1747.96
13452,5311,107,1,1150.91
13453,5311,338,2,3643.17
13454,5312,18,1,2782.15
13455,5312,478,1,4426.93
13456,5313,204,1,4066.06
13457,5313,250,2,1131.56
13458,5314,334,1,3470.41
13459,5315,258,1,4081.88
13460,5315,160,3,456.74
13461,5316,389,1,1258.16
13462,5316,267,1,2415.44
13463,5316,233,3,2609.88
13464,5316,207,2,1121.22
13465,5317,307,1,3718.26
13466,5317,8,2,3324.23
13467,5317,242,3,3506.63
13468,5318,272,1,1631.43
13469,5318,261,2,4256.04
13470,5318,37,3,1163.13
13471,5319,128,3,1116.05
13472,5320,214,2,3709.4
13473,5321,89,3,3497.61
13474,5322,228,3,2870.8
13475,5322,313,1,224.67
13476,5323,464,1,608.69
13477,5323,325,1,3594.36
13478,5323,291,3,4205.27
13479,5324,495,1,113.2
13480,5324,492,2,2207.18
13481,5325,141,2,1519.61
13482,5326,128,1,1116.05
13483,5326,304,2,3908.72
13484,5326,163,3,2220.9
13485,5327,125,1,1995.12
13486,5327,485,1,4081.95
13487,5328,86,3,4335.87
13488,5328,324,2,1162.87
13489,5328,154,1,1019.16
13490,5328,417,3,4016.18
13491,5329,175,2,2807.82
13492,5330,119,3,3678.44
13493,5330,27,2,3030.0
13494,5331,283,3,3610.47
13495,5331,16,2,1220.76
13496,5331,34,2,2302.76
13497,5331,348,2,1315.49
13498,5332,44,2,2348.44
13499,5333,435,1,1757.98
13500,5334,131,2,1887.42
13501,5335,54,1,4144.84
13502,5335,455,3,327.73
13503,5335,443,1,533.91
13504,5335,82,2,3783.42
13505,5336,146,2,3481.95
13506,5336,281,2,1515.32
13507,5337,207,2,1121.22
13508,5337,96,3,2743.96
13509,5337,110,3,3895.87
13510,5338,360,1,1327.98
13511,5338,36,1,4307.36
13512,5338,246,2,803.19
13513,5338,475,2,4403.14
13514,5339,13,1,765.28
13515,5339,361,3,1205.49
13516,5339,213,3,3857.96
13517,5339,499,3,3607.21
13518,5340,328,1,3284.59
13519,5340,34,2,2302.76
13520,5340,362,3,1624.65
13521,5341,219,2,458.98
13522,5342,150,3,4216.16
13523,5342,39,3,4327.51
13524,5342,358,2,2403.81
13525,5342,212,3,79.23
13526,5343,491,2,3649.59
13527,5343,455,2,327.73
13528,5344,346,2,1523.44
13529,5344,127,3,1031.64
13530,5345,214,3,3709.4
13531,5345,400,2,565.47
13532,5345,44,2,2348.44
13533,5346,176,2,1112.6
13534,5346,247,2,2823.16
13535,5347,456,1,53.75
13536,5347,269,3,145.62
13537,5347,186,3,268.43
13538,5347,289,2,3285.5
13539,5348,259,1,807.92
13540,5348,120,3,1326.09
13541,5348,212,3,79.23
13542,5349,226,2,1903.52
13543,5349,150,3,4216.16
13544,5350,98,3,2661.79
13545,5350,389,2,1258.16
13546,5351,145,1,4386.96
13547,5352,137,1,3232.62
13548,5352,167,2,2209.59
13549,5352,3,2,1677.12
13550,5353,328,2,3284.59
13551,5353,32,3,2748.32
13552,5353,80,1,262.31
13553,5353,62,3,1595.44
13554,5354,405,3,4020.0
13555,5354,492,3,2207.18
13556,5354,301,1,4168.19
13557,5355,389,1,1258.16
13558,5355,56,2,4313.07
13559,5355,371,3,1303.24
13560,5355,2,2,1212.8
13561,5356,392,3,1715.26
13562,5356,83,2,1539.22
13563,5357,115,3,2897.05
13564,5358,156,1,2651.9
13565,5359,131,2,1887.42
13566,5359,47,3,4194.71
13567,5359,321,3,1799.15
13568,5359,81,1,317.16
13569,5360,164,3,3559.1
13570,5360,440,2,558.74
13571,5360,62,1,1595.44
13572,5360,8,3,3324.23
13573,5361,470,3,2072.05
13574,5361,2,3,1212.8
13575,5361,444,3,1506.97
13576,5361,254,1,3343.06
13577,5362,348,1,1315.49
13578,5362,41,1,567.39
13579,5363,17,2,218.01
13580,5363,86,2,4335.87
13581,5363,347,3,1905.46
13582,5364,93,1,2774.78
13583,5364,184,1,2905.79
13584,5364,462,2,1761.45
13585,5365,230,2,2563.86
13586,5365,187,2,365.39
13587,5365,164,3,3559.1
13588,5366,109,1,177.14
13589,5366,325,1,3594.36
13590,5366,77,3,648.4
13591,5366,285,3,1963.79
13592,5367,343,2,267.69
13593,5367,384,2,344.65
13594,5367,387,1,883.84
13595,5367,2,2,1212.8
13596,5368,246,3,803.19
13597,5368,108,3,612.53
13598,5368,268,2,4352.22
13599,5369,27,3,3030.0
13600,5370,4,2,1818.67
13601,5370,399,2,212.66
13602,5370,15,1,4170.08
13603,5370,383,2,3100.45
13604,5371,338,2,3643.17
13605,5372,41,2,567.39
13606,5372,226,2,1903.52
13607,5373,412,3,1139.47
13608,5374,151,3,237.73
13609,5374,150,2,4216.16
13610,5375,308,1,2771.2
13611,5375,238,3,630.17
13612,5375,360,1,1327.98
13613,5375,303,2,344.31
13614,5376,118,3,742.94
13615,5376,389,2,1258.16
13616,5377,169,2,880.49
13617,5377,235,2,1545.95
13618,5377,171,2,4119.41
13619,5377,434,1,1134.43
13620,5378,285,1,1963.79
13621,5378,98,2,2661.79
13622,5378,138,1,451.38
13623,5378,397,2,687.66
13624,5379,121,3,4153.29
13625,5379,446,3,4069.49
13626,5380,417,2,4016.18
13627,5380,323,3,4036.29
13628,5381,302,1,3353.53
13629,5381,205,3,3809.6
13630,5381,194,3,4253.49
13631,5381,372,3,1386.26
13632,5382,264,2,3909.98
13633,5383,265,2,4410.08
13634,5383,285,1,1963.79
13635,5383,19,2,4337.71
13636,5384,99,2,794.57
13637,5385,481,3,3003.63
13638,5385,157,2,89.74
13639,5386,171,3,4119.41
13640,5386,54,2,4144.84
13641,5386,71,1,1294.35
13642,5387,444,3,1506.97
13643,5387,231,1,1032.55
13644,5388,81,3,317.16
13645,5388,336,3,65.72
13646,5389,451,3,1405.25
13647,5389,12,3,2782.41
13648,5390,151,1,237.73
13649,5390,111,3,4210.12
13650,5390,484,1,3514.45
13651,5391,406,1,1325.22
13652,5392,436,2,2679.82
13653,5392,366,2,57.04
13654,5392,166,3,1643.85
13655,5393,471,1,1761.98
13656,5394,95,3,1460.11
13657,5394,176,2,1112.6
13658,5394,206,1,1966.12
13659,5394,199,1,3459.96
13660,5395,196,3,893.1
13661,5396,482,2,2869.91
13662,5396,215,2,2525.64
13663,5397,227,1,3377.17
13664,5397,358,3,2403.81
13665,5398,56,1,4313.07
13666,5398,495,2,113.2
13667,5398,404,1,150.04
13668,5399,205,2,3809.6
13669,5399,249,2,3844.8
13670,5400,250,3,1131.56
13671,5400,311,3,2083.21
13672,5400,185,3,2389.91
13673,5400,412,3,1139.47
13674,5401,381,3,1382.08
13675,5401,66,1,1498.19
13676,5402,446,2,4069.49
13677,5402,308,1,2771.2
13678,5402,197,2,2586.62
13679,5403,302,2,3353.53
13680,5404,161,3,317.23
13681,5404,169,1,880.49
13682,5404,400,1,565.47
13683,5404,232,1,4488.28
13684,5405,172,1,2413.56
13685,5405,136,1,4376.88
13686,5405,344,3,1603.14
13687,5406,462,3,1761.45
13688,5406,153,3,934.32
13689,5406,105,3,1217.91
13690,5407,194,3,4253.49
13691,5407,431,2,3595.57
13692,5408,293,1,635.38
13693,5408,143,3,2467.2
13694,5408,490,2,802.4
13695,5408,62,2,1595.44
13696,5409,139,2,1571.51
13697,5409,393,3,4114.42
13698,5409,280,3,729.73
13699,5409,267,3,2415.44
13700,5410,309,2,2435.91
13701,5410,447,3,3419.0
13702,5410,5,2,3537.86
13703,5410,266,1,493.24
13704,5411,489,2,1208.97
13705,5412,277,3,660.81
13706,5413,166,1,1643.85
13707,5413,300,3,1056.92
13708,5414,313,2,224.67
13709,5414,28,2,2353.96
13710,5414,352,2,1486.56
13711,5415,143,2,2467.2
13712,5415,96,1,2743.96
13713,5415,235,2,1545.95
13714,5415,28,2,2353.96
13715,5416,176,2,1112.6
13716,5416,372,3,1386.26
13717,5416,78,2,2350.68
13718,5417,32,3,2748.32
13719,5418,130,3,2935.63
13720,5418,236,1,269.43
13721,5418,424,3,1081.04
13722,5419,142,2,299.37
13723,5419,464,1,608.69
13724,5419,29,3,4140.34
13725,5419,234,1,1339.53
13726,5420,477,2,406.28
13727,5421,409,3,2540.33
13728,5421,4,1,1818.67
13729,5421,123,3,2706.67
13730,5421,230,1,2563.86
13731,5422,161,3,317.23
13732,5422,212,3,79.23
13733,5423,347,1,1905.46
13734,5424,274,2,3960.11
13735,5424,254,1,3343.06
13736,5424,246,3,803.19
13737,5425,184,3,2905.79
13738,5425,16,3,1220.76
13739,5425,55,3,2242.36
13740,5425,98,3,2661.79
13741,5426,430,3,616.9
13742,5426,411,3,4247.59
13743,5427,166,2,1643.85
13744,5427,202,3,2295.88
13745,5428,355,2,3874.37
13746,5428,396,1,3938.76
13747,5428,156,1,2651.9
13748,5428,347,2,1905.46
13749,5429,35,2,1359.42
13750,5429,266,2,493.24
13751,5429,207,3,1121.22
13752,5429,93,2,2774.78
13753,5430,36,1,4307.36
13754,5430,207,3,1121.22
13755,5430,462,2,1761.45
13756,5430,120,1,1326.09
13757,5431,124,1,1712.72
13758,5432,73,2,3257.63
13759,5432,382,1,2520.54
13760,5433,351,3,4195.09
13761,5433,420,2,3651.38
13762,5433,315,2,1821.28
13763,5434,313,2,224.67
13764,5435,204,2,4066.06
13765,5435,188,3,2968.08
13766,5435,415,2,274.53
13767,5435,423,2,2917.66
13768,5436,399,2,212.66
13769,5437,202,2,2295.88
13770,5437,153,1,934.32
13771,5438,495,2,113.2
13772,5438,289,2,3285.5
13773,5438,333,1,278.33
13774,5439,56,2,4313.07
13775,5439,335,2,854.1
13776,5440,25,3,2964.84
13777,5440,464,3,608.69
13778,5441,435,1,1757.98
13779,5442,443,3,533.91
13780,5442,272,1,1631.43
13781,5443,470,3,2072.05
13782,5443,260,1,2799.94
13783,5443,84,1,2530.84
13784,5444,422,2,2133.83
13785,5444,10,1,4274.14
13786,5445,165,2,3312.69
13787,5445,14,2,3629.44
13788,5445,148,3,3480.93
13789,5445,325,2,3594.36
13790,5446,307,1,3718.26
13791,5446,21,3,3835.03
13792,5446,20,1,2899.3
13793,5446,475,1,4403.14
13794,5447,46,2,3382.11
13795,5447,403,1,2366.57
13796,5448,8,1,3324.23
13797,5448,487,2,1336.98
13798,5448,140,3,4490.94
13799,5449,168,3,2465.17
13800,5449,264,1,3909.98
13801,5449,354,2,1353.11
13802,5449,137,2,3232.62
13803,5450,500,1,4429.12
13804,5450,433,2,1833.63
13805,5450,48,2,1022.62
13806,5450,334,3,3470.41
13807,5451,412,1,1139.47
13808,5451,124,1,1712.72
13809,5452,224,3,3647.12
13810,5452,481,2,3003.63
13811,5452,431,1,3595.57
13812,5453,48,3,1022.62
13813,5454,132,2,657.98
13814,5454,408,2,1267.68
13815,5454,165,2,3312.69
13816,5455,213,3,3857.96
13817,5456,453,3,2643.14
13818,5456,295,2,1077.56
13819,5457,375,2,3752.59
13820,5458,34,1,2302.76
13821,5458,8,3,3324.23
13822,5458,110,2,3895.87
13823,5459,326,3,455.8
13824,5460,455,3,327.73
13825,5460,126,2,3330.17
13826,5460,343,2,267.69
13827,5460,93,1,2774.78
13828,5461,131,2,1887.42
13829,5461,325,2,3594.36
13830,5462,145,1,4386.96
13831,5462,220,1,3317.48
13832,5462,383,3,3100.45
13833,5463,113,3,2679.2
13834,5464,378,3,741.47
13835,5464,211,1,2701.14
13836,5464,233,2,2609.88
13837,5465,155,1,1982.02
13838,5465,346,3,1523.44
13839,5465,27,3,3030.0
13840,5466,362,3,1624.65
13841,5466,262,1,1257.33
13842,5467,348,2,1315.49
13843,5467,108,1,612.53
13844,5467,424,2,1081.04
13845,5468,423,3,2917.66
13846,5468,93,3,2774.78
13847,5468,176,2,1112.6
13848,5469,425,3,1198.33
13849,5469,273,2,1277.66
13850,5470,255,3,2378.53
13851,5471,428,1,552.35
13852,5472,497,2,2037.61
13853,5472,365,1,1085.61
13854,5472,233,1,2609.88
13855,5473,397,3,687.66
13856,5473,23,2,2321.94
13857,5473,238,3,630.17
13858,5474,258,3,4081.88
13859,5475,10,3,4274.14
13860,5475,192,1,3715.21
13861,5475,358,3,2403.81
13862,5476,27,3,3030.0
13863,5476,389,2,1258.16
13864,5476,178,2,2382.11
13865,5477,365,1,1085.61
13866,5477,180,2,2902.02
13867,5477,40,3,4039.53
13868,5477,68,1,2147.49
13869,5478,56,3,4313.07
13870,5478,50,2,2270.55
13871,5478,320,3,4223.4
13872,5478,485,2,4081.95
13873,5479,328,1,3284.59
13874,5479,226,2,1903.52
13875,5480,405,1,4020.0
13876,5480,1,1,738.76
13877,5481,274,2,3960.11
13878,5481,140,1,4490.94
13879,5481,194,3,4253.49
13880,5482,139,1,1571.51
13881,5482,457,3,538.16
13882,5482,427,1,2067.11
13883,5483,131,1,1887.42
13884,5483,345,3,3018.13
13885,5483,9,1,579.93
13886,5484,56,2,4313.07
13887,5484,295,1,1077.56
13888,5485,287,2,1462.86
13889,5485,255,3,2378.53
13890,5485,125,1,1995.12
13891,5485,8,3,3324.23
13892,5486,435,1,1757.98
13893,5487,389,3,1258.16
13894,5487,140,3,4490.94
13895,5488,485,3,4081.95
13896,5488,96,3,2743.96
13897,5489,451,1,1405.25
13898,5489,199,1,3459.96
13899,5490,349,3,2697.61
13900,5490,187,2,365.39
13901,5490,394,3,3605.66
13902,5491,481,2,3003.63
13903,5491,476,1,1690.17
13904,5491,372,3,1386.26
13905,5492,311,2,2083.21
13906,5492,255,2,2378.53
13907,5492,191,3,3708.02
13908,5493,280,1,729.73
13909,5493,355,3,3874.37
13910,5493,113,1,2679.2
13911,5493,428,3,552.35
13912,5494,107,3,1150.91
13913,5494,37,3,1163.13
13914,5494,16,2,1220.76
13915,5495,498,3,3532.25
13916,5496,391,2,1011.82
13917,5496,228,3,2870.8
13918,5496,281,1,1515.32
13919,5497,348,3,1315.49
13920,5498,247,3,2823.16
13921,5498,93,1,2774.78
13922,5498,372,3,1386.26
13923,5499,266,1,493.24
13924,5499,102,3,1816.85
13925,5499,7,3,2620.55
13926,5499,350,3,4350.01
13927,5500,417,3,4016.18
13928,5500,186,3,268.43
13929,5500,324,3,1162.87
13930,5500,330,2,245.38
13931,5501,388,3,3188.43
13932,5501,407,1,3036.5
13933,5501,326,2,455.8
13934,5501,355,2,3874.37
13935,5502,445,3,452.87
13936,5502,215,2,2525.64
13937,5502,81,3,317.16
13938,5503,328,1,3284.59
13939,5503,240,1,922.64
13940,5503,2,2,1212.8
13941,5503,459,1,2832.2
13942,5504,183,2,2209.9
13943,5504,267,1,2415.44
13944,5504,232,3,4488.28
13945,5504,422,3,2133.83
13946,5505,341,1,2720.45
13947,5506,249,2,3844.8
13948,5507,24,2,804.2
13949,5507,130,3,2935.63
13950,5508,454,2,1848.68
13951,5509,107,3,1150.91
13952,5509,298,2,3218.49
13953,5509,11,2,1832.5
13954,5510,246,3,803.19
13955,5510,254,1,3343.06
13956,5510,98,1,2661.79
13957,5511,153,2,934.32
13958,5511,323,2,4036.29
13959,5512,350,2,4350.01
13960,5513,326,3,455.8
13961,5513,52,2,952.31
13962,5514,466,3,2977.77
13963,5515,62,1,1595.44
13964,5516,30,1,3742.45
13965,5516,388,2,3188.43
13966,5517,466,3,2977.77
13967,5517,93,1,2774.78
13968,5517,313,3,224.67
13969,5517,349,2,2697.61
13970,5518,476,2,1690.17
13971,5518,65,1,3049.76
13972,5518,458,3,1096.82
13973,5519,213,2,3857.96
13974,5519,340,1,2069.14
13975,5519,216,1,469.58
13976,5519,141,2,1519.61
13977,5520,178,2,2382.11
13978,5520,94,2,402.05
13979,5521,188,1,2968.08
13980,5521,70,3,3168.17
13981,5521,359,1,3114.51
13982,5521,363,1,2258.97
13983,5522,6,1,2537.97
13984,5522,334,1,3470.41
13985,5523,41,1,567.39
13986,5523,326,1,455.8
13987,5523,444,1,1506.97
13988,5523,269,2,145.62
13989,5524,292,1,1268.39
13990,5524,479,1,2118.97
13991,5525,152,2,593.53
13992,5525,36,2,4307.36
13993,5525,414,3,628.83
13994,5525,379,3,4036.88
13995,5526,108,3,612.53
13996,5526,487,2,1336.98
13997,5526,20,1,2899.3
13998,5527,76,3,3635.22
13999,5527,285,1,1963.79
14000,5527,439,1,3340.18
14001,5528,252,2,1577.56
14002,5528,72,2,4407.76
14003,5528,109,3,177.14
14004,5528,67,2,882.83
14005,5529,243,2,448.7
14006,5529,60,1,620.69
14007,5529,20,2,2899.3
14008,5530,221,2,819.42
14009,5531,252,2,1577.56
14010,5531,465,3,119.9
14011,5532,38,1,2556.1
14012,5532,131,3,1887.42
14013,5533,21,1,3835.03
14014,5534,83,3,1539.22
14015,5534,413,3,4020.48
14016,5534,312,2,2358.23
14017,5534,14,2,3629.44
14018,5535,372,1,1386.26
14019,5536,234,1,1339.53
14020,5537,393,2,4114.42
14021,5537,201,3,792.3
14022,5537,139,3,1571.51
14023,5538,379,2,4036.88
14024,5538,170,2,2134.36
14025,5538,277,2,660.81
14026,5538,323,2,4036.29
14027,5539,454,1,1848.68
14028,5540,205,2,3809.6
14029,5540,322,3,846.01
14030,5541,325,3,3594.36
14031,5541,302,2,3353.53
14032,5541,385,2,1559.23
14033,5542,427,1,2067.11
14034,5543,381,2,1382.08
14035,5543,423,3,2917.66
14036,5544,277,2,660.81
14037,5544,367,2,3595.46
14038,5544,437,1,2574.09
14039,5545,395,3,896.44
14040,5545,23,1,2321.94
14041,5546,162,1,3170.91
14042,5546,430,2,616.9
14043,5546,110,1,3895.87
14044,5547,136,3,4376.88
14045,5548,14,2,3629.44
14046,5548,404,1,150.04
14047,5549,13,1,765.28
14048,5550,488,2,3384.94
14049,5550,394,2,3605.66
14050,5550,240,2,922.64
14051,5550,179,2,735.89
14052,5551,416,3,1947.77
14053,5551,363,2,2258.97
14054,5552,405,2,4020.0
14055,5552,365,1,1085.61
14056,5552,46,3,3382.11
14057,5553,175,1,2807.82
14058,5553,42,2,3559.52
14059,5554,420,1,3651.38
14060,5554,325,1,3594.36
14061,5555,432,2,365.61
14062,5555,415,3,274.53
14063,5556,46,1,3382.11
14064,5556,244,2,1675.44
14065,5557,351,1,4195.09
14066,5557,128,3,1116.05
14067,5558,401,3,3107.38
14068,5559,284,3,3113.97
14069,5559,478,3,4426.93
14070,5559,499,1,3607.21
14071,5560,451,1,1405.25
14072,5560,356,2,2384.68
14073,5560,41,3,567.39
14074,5560,55,1,2242.36
14075,5561,156,1,2651.9
14076,5561,360,1,1327.98
14077,5561,451,2,1405.25
14078,5562,349,2,2697.61
14079,5562,425,2,1198.33
14080,5562,399,1,212.66
14081,5563,52,1,952.31
14082,5564,55,1,2242.36
14083,5564,360,1,1327.98
14084,5564,208,3,3457.4
14085,5564,265,3,4410.08
14086,5565,494,3,2790.3
14087,5566,213,1,3857.96
14088,5566,461,2,821.67
14089,5566,220,1,3317.48
14090,5566,499,1,3607.21
14091,5567,78,2,2350.68
14092,5567,478,1,4426.93
14093,5567,215,3,2525.64
14094,5568,59,1,1297.19
14095,5568,38,2,2556.1
14096,5568,7,3,2620.55
14097,5568,232,2,4488.28
14098,5569,141,2,1519.61
14099,5569,215,1,2525.64
14100,5569,378,2,741.47
14101,5569,426,2,3163.29
14102,5570,180,3,2902.02
14103,5570,448,2,2414.09
14104,5571,282,3,2953.5
14105,5571,292,2,1268.39
14106,5571,172,2,2413.56
14107,5571,99,1,794.57
14108,5572,89,2,3497.61
14109,5572,163,2,2220.9
14110,5572,236,3,269.43
14111,5573,368,1,3608.06
14112,5573,247,3,2823.16
14113,5573,416,3,1947.77
14114,5573,386,2,3798.71
14115,5574,199,3,3459.96
14116,5575,18,3,2782.15
14117,5575,115,3,2897.05
14118,5575,372,1,1386.26
14119,5575,83,3,1539.22
14120,5576,379,2,4036.88
14121,5576,425,3,1198.33
14122,5576,16,3,1220.76
14123,5576,52,1,952.31
14124,5577,365,1,1085.61
14125,5577,331,3,2566.44
14126,5577,495,2,113.2
14127,5578,180,3,2902.02
14128,5579,318,3,2112.93
14129,5580,373,1,556.57
14130,5580,342,1,1287.6
14131,5580,324,1,1162.87
14132,5580,378,1,741.47
14133,5581,250,1,1131.56
14134,5581,467,2,426.75
14135,5581,252,3,1577.56
14136,5582,39,3,4327.51
14137,5582,360,3,1327.98
14138,5582,47,3,4194.71
14139,5582,186,3,268.43
14140,5583,352,1,1486.56
14141,5583,351,1,4195.09
14142,5583,323,3,4036.29
14143,5584,47,3,4194.71
14144,5584,202,3,2295.88
14145,5584,65,3,3049.76
14146,5585,223,1,2698.78
14147,5586,165,3,3312.69
14148,5587,204,1,4066.06
14149,5587,28,1,2353.96
14150,5587,339,3,1108.56
14151,5587,425,3,1198.33
14152,5588,180,1,2902.02
14153,5589,135,1,270.86
14154,5589,477,2,406.28
14155,5590,209,2,1652.04
14156,5590,128,2,1116.05
14157,5591,355,3,3874.37
14158,5592,227,1,3377.17
14159,5592,316,2,2102.99
14160,5592,323,2,4036.29
14161,5592,471,1,1761.98
14162,5593,462,1,1761.45
14163,5593,360,3,1327.98
14164,5593,134,2,2239.38
14165,5594,199,3,3459.96
14166,5594,74,2,1973.37
14167,5594,49,3,4264.68
14168,5594,410,2,1608.92
14169,5595,11,2,1832.5
14170,5595,317,2,4139.7
14171,5596,155,1,1982.02
14172,5596,67,1,882.83
14173,5596,309,2,2435.91
14174,5596,328,3,3284.59
14175,5597,374,3,3273.57
14176,5597,155,2,1982.02
14177,5598,310,3,3551.79
14178,5599,299,2,2236.93
14179,5599,435,1,1757.98
14180,5600,345,3,3018.13
14181,5600,87,1,2941.9
14182,5600,287,3,1462.86
14183,5600,364,2,2241.64
14184,5601,136,1,4376.88
14185,5601,270,2,1406.93
14186,5601,405,1,4020.0
14187,5602,245,1,2692.75
14188,5602,464,1,608.69
14189,5602,106,2,4195.57
14190,5602,115,3,2897.05
14191,5603,67,3,882.83
14192,5604,202,1,2295.88
14193,5604,207,2,1121.22
14194,5604,115,1,2897.05
14195,5604,137,3,3232.62
14196,5605,500,2,4429.12
14197,5605,444,2,1506.97
14198,5605,381,2,1382.08
14199,5605,130,2,2935.63
14200,5606,436,1,2679.82
14201,5606,394,2,3605.66
14202,5607,433,2,1833.63
14203,5607,313,1,224.67
14204,5607,206,2,1966.12
14205,5607,265,3,4410.08
14206,5608,35,2,1359.42
14207,5608,245,1,2692.75
14208,5609,54,3,4144.84
14209,5609,127,1,1031.64
14210,5609,191,3,3708.02
14211,5609,353,3,3425.07
14212,5610,168,2,2465.17
14213,5610,134,1,2239.38
14214,5610,329,3,4276.4
14215,5611,4,2,1818.67
14216,5611,321,2,1799.15
14217,5611,12,2,2782.41
14218,5612,364,1,2241.64
14219,5612,270,2,1406.93
14220,5612,489,2,1208.97
14221,5613,160,2,456.74
14222,5613,274,1,3960.11
14223,5613,236,1,269.43
14224,5613,266,3,493.24
14225,5614,61,2,2178.52
14226,5614,92,2,3644.34
14227,5615,254,3,3343.06
14228,5616,101,3,3168.1
14229,5616,180,2,2902.02
14230,5617,327,1,1665.1
14231,5617,470,2,2072.05
14232,5618,65,3,3049.76
14233,5618,147,3,4475.68
14234,5618,423,1,2917.66
14235,5619,447,2,3419.0
14236,5619,8,1,3324.23
14237,5619,340,2,2069.14
14238,5619,97,1,3525.33
14239,5620,218,2,1161.86
14240,5620,359,2,3114.51
14241,5620,425,1,1198.33
14242,5620,181,2,2982.07
14243,5621,53,3,1634.32
14244,5622,17,3,218.01
14245,5623,150,3,4216.16
14246,5624,443,3,533.91
14247,5624,114,3,2879.54
14248,5624,291,1,4205.27
14249,5624,329,3,4276.4
14250,5625,425,3,1198.33
14251,5625,296,3,166.08
14252,5626,482,2,2869.91
14253,5626,413,3,4020.48
14254,5627,145,3,4386.96
14255,5627,287,1,1462.86
14256,5627,459,3,2832.2
14257,5628,69,2,868.42
14258,5629,38,2,2556.1
14259,5629,70,3,3168.17
14260,5629,454,1,1848.68
14261,5629,227,2,3377.17
14262,5630,332,3,771.45
14263,5630,257,1,3159.46
14264,5630,174,3,2301.51
14265,5630,100,1,3288.59
14266,5631,145,2,4386.96
14267,5631,139,1,1571.51
14268,5631,250,3,1131.56
14269,5631,292,1,1268.39
14270,5632,15,3,4170.08
14271,5632,407,3,3036.5
14272,5633,86,3,4335.87
14273,5633,290,1,4327.32
14274,5634,134,3,2239.38
14275,5634,424,2,1081.04
14276,5634,50,2,2270.55
14277,5634,310,3,3551.79
14278,5635,17,3,218.01
14279,5635,80,1,262.31
14280,5635,356,2,2384.68
14281,5636,129,2,3643.71
14282,5636,165,3,3312.69
14283,5636,65,2,3049.76
14284,5636,421,3,2576.66
14285,5637,495,1,113.2
14286,5637,67,1,882.83
14287,5637,269,3,145.62
14288,5637,8,2,3324.23
14289,5638,215,1,2525.64
14290,5638,92,1,3644.34
14291,5638,212,3,79.23
14292,5639,187,3,365.39
14293,5640,343,1,267.69
14294,5641,4,3,1818.67
14295,5642,1,1,738.76
14296,5642,171,2,4119.41
14297,5643,280,2,729.73
14298,5643,498,3,3532.25
14299,5644,323,3,4036.29
14300,5644,83,3,1539.22
14301,5644,403,1,2366.57
14302,5644,371,1,1303.24
14303,5645,6,1,2537.97
14304,5645,233,1,2609.88
14305,5646,461,2,821.67
14306,5647,482,1,2869.91
14307,5647,86,3,4335.87
14308,5648,194,1,4253.49
14309,5648,484,1,3514.45
14310,5648,332,2,771.45
14311,5648,201,2,792.3
14312,5649,179,3,735.89
14313,5650,500,3,4429.12
14314,5651,229,1,1406.29
14315,5652,233,1,2609.88
14316,5652,376,3,4154.14
14317,5653,426,3,3163.29
14318,5653,421,3,2576.66
14319,5654,435,1,1757.98
14320,5654,421,3,2576.66
14321,5654,478,3,4426.93
14322,5655,111,1,4210.12
14323,5655,171,2,4119.41
14324,5655,276,3,725.1
14325,5655,394,1,3605.66
14326,5656,103,3,2490.53
14327,5656,287,3,1462.86
14328,5656,299,2,2236.93
14329,5656,395,3,896.44
14330,5657,316,3,2102.99
14331,5657,166,1,1643.85
14332,5657,180,1,2902.02
14333,5658,395,3,896.44
14334,5658,397,1,687.66
14335,5659,185,3,2389.91
14336,5659,186,3,268.43
14337,5660,234,1,1339.53
14338,5660,433,3,1833.63
14339,5660,495,3,113.2
14340,5661,135,3,270.86
14341,5661,205,1,3809.6
14342,5662,455,2,327.73
14343,5663,340,3,2069.14
14344,5664,180,2,2902.02
14345,5665,188,3,2968.08
14346,5665,107,1,1150.91
14347,5665,10,3,4274.14
14348,5665,358,2,2403.81
14349,5666,140,3,4490.94
14350,5667,405,3,4020.0
14351,5668,34,3,2302.76
14352,5668,220,2,3317.48
14353,5668,240,3,922.64
14354,5669,334,1,3470.41
14355,5669,22,2,1322.73
14356,5670,141,2,1519.61
14357,5671,473,1,1103.54
14358,5671,278,3,4324.7
14359,5671,42,3,3559.52
14360,5672,243,3,448.7
14361,5673,263,2,1652.98
14362,5673,144,3,3686.77
14363,5674,275,2,4251.41
14364,5674,379,3,4036.88
14365,5674,248,2,938.6
14366,5675,431,1,3595.57
14367,5676,216,3,469.58
14368,5676,95,3,1460.11
14369,5677,178,1,2382.11
14370,5677,377,2,3597.78
14371,5677,277,3,660.81
14372,5677,431,1,3595.57
14373,5678,425,1,1198.33
14374,5679,183,2,2209.9
14375,5680,42,3,3559.52
14376,5681,147,3,4475.68
14377,5681,443,3,533.91
14378,5681,108,2,612.53
14379,5681,494,2,2790.3
14380,5682,352,3,1486.56
14381,5682,76,1,3635.22
14382,5682,337,2,2090.96
14383,5683,420,2,3651.38
14384,5683,464,3,608.69
14385,5683,358,2,2403.81
14386,5684,360,3,1327.98
14387,5685,218,3,1161.86
14388,5685,419,1,1528.88
14389,5685,308,1,2771.2
14390,5686,174,3,2301.51
14391,5687,66,1,1498.19
14392,5688,439,1,3340.18
14393,5688,79,2,1385.15
14394,5688,140,3,4490.94
14395,5688,361,3,1205.49
14396,5689,402,1,1533.14
14397,5689,248,1,938.6
14398,5689,348,1,1315.49
14399,5690,60,1,620.69
14400,5690,293,2,635.38
14401,5690,355,3,3874.37
14402,5691,463,2,736.49
14403,5691,72,2,4407.76
14404,5691,158,1,2164.95
14405,5691,356,3,2384.68
14406,5692,415,3,274.53
14407,5692,493,2,3838.93
14408,5692,243,1,448.7
14409,5693,273,2,1277.66
14410,5693,246,2,803.19
14411,5693,249,2,3844.8
14412,5694,488,1,3384.94
14413,5694,460,3,1747.96
14414,5695,171,1,4119.41
14415,5695,226,3,1903.52
14416,5696,484,3,3514.45
14417,5697,440,3,558.74
14418,5698,19,3,4337.71
14419,5699,128,2,1116.05
14420,5699,137,3,3232.62
14421,5699,329,3,4276.4
14422,5699,236,1,269.43
14423,5700,420,2,3651.38
14424,5701,24,1,804.2
14425,5701,348,1,1315.49
14426,5702,8,3,3324.23
14427,5702,162,2,3170.91
14428,5703,234,2,1339.53
14429,5703,128,3,1116.05
14430,5703,110,3,3895.87
14431,5704,477,2,406.28
14432,5704,257,2,3159.46
14433,5705,491,3,3649.59
14434,5705,231,2,1032.55
14435,5705,185,2,2389.91
14436,5706,170,2,2134.36
14437,5706,261,3,4256.04
14438,5707,482,3,2869.91
14439,5707,197,2,2586.62
14440,5707,449,1,2039.86
14441,5708,391,3,1011.82
14442,5708,197,2,2586.62
14443,5708,137,3,3232.62
14444,5708,496,1,4100.09
14445,5709,159,2,3480.05
14446,5709,448,1,2414.09
14447,5709,499,1,3607.21
14448,5709,262,1,1257.33
14449,5710,28,1,2353.96
14450,5711,181,3,2982.07
14451,5711,134,2,2239.38
14452,5711,208,2,3457.4
14453,5712,123,2,2706.67
14454,5712,147,3,4475.68
14455,5713,70,3,3168.17
14456,5713,300,3,1056.92
14457,5713,136,3,4376.88
14458,5714,148,2,3480.93
14459,5714,234,1,1339.53
14460,5714,4,3,1818.67
14461,5715,191,3,3708.02
14462,5715,19,3,4337.71
14463,5715,169,2,880.49
14464,5716,392,2,1715.26
14465,5716,101,1,3168.1
14466,5717,309,1,2435.91
14467,5717,466,1,2977.77
14468,5717,172,3,2413.56
14469,5717,333,1,278.33
14470,5718,332,3,771.45
14471,5718,62,2,1595.44
14472,5718,102,2,1816.85
14473,5718,274,3,3960.11
14474,5719,167,1,2209.59
14475,5719,289,1,3285.5
14476,5719,144,3,3686.77
14477,5720,341,1,2720.45
14478,5721,453,3,2643.14
14479,5721,477,1,406.28
14480,5722,40,3,4039.53
14481,5722,316,2,2102.99
14482,5722,342,2,1287.6
14483,5723,42,3,3559.52
14484,5724,441,1,2520.14
14485,5725,227,2,3377.17
14486,5725,357,1,308.92
14487,5725,402,2,1533.14
14488,5725,236,1,269.43
14489,5726,280,1,729.73
14490,5726,320,3,4223.4
14491,5726,498,3,3532.25
14492,5727,310,1,3551.79
14493,5727,80,2,262.31
14494,5727,225,1,4152.33
14495,5728,294,2,2795.41
14496,5728,395,3,896.44
14497,5728,139,1,1571.51
14498,5728,241,3,2382.9
14499,5729,398,3,3061.39
14500,5729,246,3,803.19
14501,5729,200,3,2091.31
14502,5730,367,2,3595.46
14503,5730,259,1,807.92
14504,5731,324,3,1162.87
14505,5731,378,3,741.47
14506,5731,47,2,4194.71
14507,5731,359,2,3114.51
14508,5732,158,3,2164.95
14509,5732,496,3,4100.09
14510,5732,373,1,556.57
14511,5732,162,3,3170.91
14512,5733,97,3,3525.33
14513,5733,42,2,3559.52
14514,5733,405,3,4020.0
14515,5734,84,3,2530.84
14516,5734,372,2,1386.26
14517,5734,35,3,1359.42
14518,5735,328,1,3284.59
14519,5736,100,1,3288.59
14520,5736,340,2,2069.14
14521,5736,34,1,2302.76
14522,5737,164,2,3559.1
14523,5737,357,2,308.92
14524,5737,434,1,1134.43
14525,5738,465,3,119.9
14526,5738,322,2,846.01
14527,5739,319,2,3265.78
14528,5739,189,2,2132.86
14529,5739,276,3,725.1
14530,5740,192,1,3715.21
14531,5740,290,3,4327.32
14532,5740,446,1,4069.49
14533,5741,265,2,4410.08
14534,5741,47,3,4194.71
14535,5741,117,1,2016.28
14536,5741,18,2,2782.15
14537,5742,56,3,4313.07
14538,5742,401,3,3107.38
14539,5743,179,2,735.89
14540,5743,298,1,3218.49
14541,5744,378,3,741.47
14542,5744,121,2,4153.29
14543,5745,299,1,2236.93
14544,5745,368,1,3608.06
14545,5745,89,2,3497.61
14546,5746,494,3,2790.3
14547,5747,148,2,3480.93
14548,5747,178,2,2382.11
14549,5748,470,1,2072.05
14550,5749,92,2,3644.34
14551,5749,416,1,1947.77
14552,5749,359,2,3114.51
14553,5749,239,1,931.58
14554,5750,306,2,1851.66
14555,5750,65,1,3049.76
14556,5750,264,1,3909.98
14557,5751,359,1,3114.51
14558,5751,29,2,4140.34
14559,5751,79,2,1385.15
14560,5751,106,3,4195.57
14561,5752,67,3,882.83
14562,5753,23,2,2321.94
14563,5754,400,3,565.47
14564,5755,199,2,3459.96
14565,5755,119,1,3678.44
14566,5755,426,1,3163.29
14567,5755,152,2,593.53
14568,5756,2,3,1212.8
14569,5756,93,2,2774.78
14570,5756,333,1,278.33
14571,5756,495,1,113.2
14572,5757,204,3,4066.06
14573,5757,143,2,2467.2
14574,5757,38,3,2556.1
14575,5758,304,3,3908.72
14576,5758,413,3,4020.48
14577,5759,20,1,2899.3
14578,5759,416,1,1947.77
14579,5759,88,2,1630.24
14580,5759,170,3,2134.36
14581,5760,138,3,451.38
14582,5761,485,1,4081.95
14583,5761,180,2,2902.02
14584,5762,333,3,278.33
14585,5762,102,2,1816.85
14586,5763,23,3,2321.94
14587,5763,135,3,270.86
14588,5763,374,2,3273.57
14589,5764,87,3,2941.9
14590,5764,199,1,3459.96
14591,5764,27,3,3030.0
14592,5765,171,3,4119.41
14593,5765,148,2,3480.93
14594,5766,450,2,1383.82
14595,5766,87,1,2941.9
14596,5767,475,2,4403.14
14597,5767,371,1,1303.24
14598,5767,478,1,4426.93
14599,5768,459,1,2832.2
14600,5768,40,3,4039.53
14601,5768,493,1,3838.93
14602,5768,60,1,620.69
14603,5769,188,3,2968.08
14604,5769,336,1,65.72
14605,5769,272,2,1631.43
14606,5770,433,1,1833.63
14607,5770,325,2,3594.36
14608,5770,85,1,138.27
14609,5771,19,3,4337.71
14610,5771,386,3,3798.71
14611,5771,192,1,3715.21
14612,5771,215,1,2525.64
14613,5772,188,2,2968.08
14614,5772,487,1,1336.98
14615,5772,184,3,2905.79
14616,5773,303,3,344.31
14617,5773,285,1,1963.79
14618,5773,33,3,2608.33
14619,5774,453,3,2643.14
14620,5774,108,2,612.53
14621,5774,314,2,4333.54
14622,5775,297,2,646.69
14623,5775,287,3,1462.86
14624,5775,22,2,1322.73
14625,5775,23,2,2321.94
14626,5776,423,1,2917.66
14627,5776,443,3,533.91
14628,5777,236,3,269.43
14629,5778,208,2,3457.4
14630,5778,323,1,4036.29
14631,5779,6,2,2537.97
14632,5779,156,2,2651.9
14633,5779,129,1,3643.71
14634,5780,233,2,2609.88
14635,5781,171,2,4119.41
14636,5782,178,3,2382.11
14637,5782,401,3,3107.38
14638,5782,166,3,1643.85
14639,5782,265,3,4410.08
14640,5783,331,2,2566.44
14641,5784,274,3,3960.11
14642,5784,478,2,4426.93
14643,5784,204,3,4066.06
14644,5785,84,1,2530.84
14645,5785,104,2,2381.72
14646,5786,22,1,1322.73
14647,5786,130,1,2935.63
14648,5787,205,1,3809.6
14649,5788,294,1,2795.41
14650,5789,424,2,1081.04
14651,5790,430,1,616.9
14652,5790,434,2,1134.43
14653,5790,52,1,952.31
14654,5790,379,2,4036.88
14655,5791,391,3,1011.82
14656,5792,433,2,1833.63
14657,5793,427,1,2067.11
14658,5793,26,3,4485.84
14659,5794,56,1,4313.07
14660,5794,69,1,868.42
14661,5794,418,3,3162.18
14662,5794,74,2,1973.37
14663,5795,139,1,1571.51
14664,5796,326,2,455.8
14665,5796,148,2,3480.93
14666,5797,75,3,3610.17
14667,5797,134,3,2239.38
14668,5798,88,1,1630.24
14669,5798,148,1,3480.93
14670,5799,119,1,3678.44
14671,5799,354,3,1353.11
14672,5800,8,1,3324.23
14673,5801,98,1,2661.79
14674,5802,270,3,1406.93
14675,5802,481,3,3003.63
14676,5802,310,3,3551.79
14677,5802,88,1,1630.24
14678,5803,340,1,2069.14
14679,5803,121,3,4153.29
14680,5803,171,3,4119.41
14681,5804,291,1,4205.27
14682,5804,50,2,2270.55
14683,5804,366,1,57.04
14684,5804,478,1,4426.93
14685,5805,499,3,3607.21
14686,5805,195,2,500.45
14687,5805,60,2,620.69
14688,5806,302,3,3353.53
14689,5806,144,3,3686.77
14690,5807,209,2,1652.04
14691,5807,377,2,3597.78
14692,5807,250,1,1131.56
14693,5808,235,1,1545.95
14694,5808,297,2,646.69
14695,5808,479,1,2118.97
14696,5808,186,2,268.43
14697,5809,283,1,3610.47
14698,5810,329,2,4276.4
14699,5811,306,1,1851.66
14700,5812,126,2,3330.17
14701,5812,459,1,2832.2
14702,5812,477,1,406.28
14703,5812,122,2,1383.27
14704,5813,466,3,2977.77
14705,5813,63,2,2084.52
14706,5814,241,2,2382.9
14707,5814,430,1,616.9
14708,5814,371,2,1303.24
14709,5814,84,3,2530.84
14710,5815,220,3,3317.48
14711,5815,96,1,2743.96
14712,5816,165,3,3312.69
14713,5816,416,3,1947.77
14714,5816,307,3,3718.26
14715,5817,363,1,2258.97
14716,5817,231,3,1032.55
14717,5817,443,3,533.91
14718,5817,233,3,2609.88
14719,5818,354,1,1353.11
14720,5818,154,3,1019.16
14721,5819,33,2,2608.33
14722,5819,144,1,3686.77
14723,5820,85,1,138.27
14724,5820,96,3,2743.96
14725,5821,101,3,3168.1
14726,5821,268,1,4352.22
14727,5822,257,2,3159.46
14728,5822,481,1,3003.63
14729,5823,112,3,4364.46
14730,5823,173,1,2460.15
14731,5824,75,3,3610.17
14732,5824,249,3,3844.8
14733,5824,349,2,2697.61
14734,5824,15,1,4170.08
14735,5825,143,2,2467.2
14736,5826,88,2,1630.24
14737,5827,474,3,4173.21
14738,5827,83,1,1539.22
14739,5827,95,2,1460.11
14740,5828,199,1,3459.96
14741,5828,227,3,3377.17
14742,5828,346,3,1523.44
14743,5829,295,1,1077.56
14744,5829,362,3,1624.65
14745,5830,18,1,2782.15
14746,5830,144,3,3686.77
14747,5830,213,3,3857.96
14748,5831,101,2,3168.1
14749,5831,330,2,245.38
14750,5832,181,1,2982.07
14751,5833,284,3,3113.97
14752,5833,420,1,3651.38
14753,5833,416,1,1947.77
14754,5834,261,2,4256.04
14755,5834,330,3,245.38
14756,5834,483,1,2778.02
14757,5834,299,3,2236.93
14758,5835,175,1,2807.82
14759,5836,297,3,646.69
14760,5837,175,2,2807.82
14761,5837,288,3,576.82
14762,5837,247,2,2823.16
14763,5838,261,3,4256.04
14764,5839,177,2,4353.88
14765,5839,415,1,274.53
14766,5840,94,3,402.05
14767,5840,380,3,4178.67
14768,5841,8,2,3324.23
14769,5841,3,1,1677.12
14770,5842,448,2,2414.09
14771,5842,455,3,327.73
14772,5842,36,2,4307.36
14773,5842,286,3,2970.23
14774,5843,202,2,2295.88
14775,5843,349,2,2697.61
14776,5843,234,3,1339.53
14777,5844,87,1,2941.9
14778,5844,381,2,1382.08
14779,5844,318,3,2112.93
14780,5845,379,3,4036.88
14781,5845,188,2,2968.08
14782,5846,22,2,1322.73
14783,5846,285,3,1963.79
14784,5846,327,1,1665.1
14785,5847,235,3,1545.95
14786,5847,433,1,1833.63
14787,5848,171,1,4119.41
14788,5848,420,3,3651.38
14789,5849,412,3,1139.47
14790,5849,411,3,4247.59
14791,5849,326,2,455.8
14792,5850,408,1,1267.68
14793,5851,457,2,538.16
14794,5852,379,3,4036.88
14795,5852,211,2,2701.14
14796,5852,92,1,3644.34
14797,5853,217,2,665.92
14798,5853,338,2,3643.17
14799,5854,459,3,2832.2
14800,5854,331,3,2566.44
14801,5854,260,2,2799.94
14802,5854,14,1,3629.44
14803,5855,292,2,1268.39
14804,5855,206,1,1966.12
14805,5855,155,1,1982.02
14806,5856,218,2,1161.86
14807,5856,421,1,2576.66
14808,5857,432,1,365.61
14809,5857,393,3,4114.42
14810,5857,167,1,2209.59
14811,5858,221,2,819.42
14812,5859,436,1,2679.82
14813,5859,372,1,1386.26
14814,5859,376,2,4154.14
14815,5860,152,1,593.53
14816,5861,445,3,452.87
14817,5861,31,1,1596.26
14818,5861,357,2,308.92
14819,5862,177,1,4353.88
14820,5863,98,1,2661.79
14821,5863,407,3,3036.5
14822,5863,62,1,1595.44
14823,5864,347,2,1905.46
14824,5864,432,3,365.61
14825,5864,480,1,443.59
14826,5865,317,3,4139.7
14827,5866,124,1,1712.72
14828,5866,373,3,556.57
14829,5866,496,1,4100.09
14830,5867,187,3,365.39
14831,5867,84,2,2530.84
14832,5868,301,2,4168.19
14833,5868,228,3,2870.8
14834,5868,145,2,4386.96
14835,5869,223,2,2698.78
14836,5870,149,2,2154.07
14837,5870,145,3,4386.96
14838,5870,84,1,2530.84
14839,5870,260,1,2799.94
14840,5871,338,3,3643.17
14841,5871,378,1,741.47
14842,5871,16,3,1220.76
14843,5871,236,1,269.43
14844,5872,376,1,4154.14
14845,5873,70,2,3168.17
14846,5874,269,2,145.62
14847,5874,395,2,896.44
14848,5874,5,3,3537.86
14849,5875,483,1,2778.02
14850,5875,66,3,1498.19
14851,5875,54,3,4144.84
14852,5876,158,1,2164.95
14853,5876,367,1,3595.46
14854,5876,301,2,4168.19
14855,5876,335,2,854.1
14856,5877,424,1,1081.04
14857,5878,225,1,4152.33
14858,5879,353,3,3425.07
14859,5879,37,2,1163.13
14860,5880,16,3,1220.76
14861,5880,146,3,3481.95
14862,5881,9,2,579.93
14863,5881,366,2,57.04
14864,5882,455,2,327.73
14865,5883,67,1,882.83
14866,5884,235,1,1545.95
14867,5885,351,1,4195.09
14868,5885,496,1,4100.09
14869,5885,106,2,4195.57
14870,5886,403,1,2366.57
14871,5886,5,2,3537.86
14872,5886,112,3,4364.46
14873,5887,282,2,2953.5
14874,5887,163,1,2220.9
14875,5887,20,2,2899.3
14876,5887,199,2,3459.96
14877,5888,332,1,771.45
14878,5888,60,2,620.69
14879,5888,137,3,3232.62
14880,5889,177,1,4353.88
14881,5889,480,2,443.59
14882,5890,11,2,1832.5
14883,5890,291,3,4205.27
14884,5890,180,1,2902.02
14885,5890,62,2,1595.44
14886,5891,27,2,3030.0
14887,5891,351,1,4195.09
14888,5891,80,3,262.31
14889,5891,34,2,2302.76
14890,5892,54,2,4144.84
14891,5893,61,1,2178.52
14892,5894,90,1,1745.77
14893,5894,443,2,533.91
14894,5894,372,1,1386.26
14895,5894,242,2,3506.63
14896,5895,135,1,270.86
14897,5895,58,2,3916.02
14898,5896,332,2,771.45
14899,5897,6,3,2537.97
14900,5897,324,2,1162.87
14901,5897,131,1,1887.42
14902,5898,179,3,735.89
14903,5898,111,1,4210.12
14904,5898,63,2,2084.52
14905,5899,256,1,2822.54
14906,5899,460,1,1747.96
14907,5900,4,1,1818.67
14908,5900,225,2,4152.33
14909,5901,280,3,729.73
14910,5902,165,3,3312.69
14911,5902,417,1,4016.18
14912,5902,371,2,1303.24
14913,5903,281,3,1515.32
14914,5904,369,3,252.44
14915,5904,406,2,1325.22
14916,5904,18,3,2782.15
14917,5904,379,3,4036.88
14918,5905,163,1,2220.9
14919,5905,393,1,4114.42
14920,5906,20,3,2899.3
14921,5906,51,3,1127.15
14922,5906,345,3,3018.13
14923,5906,8,3,3324.23
14924,5907,401,3,3107.38
14925,5907,39,1,4327.51
14926,5908,396,3,3938.76
14927,5908,31,3,1596.26
14928,5908,14,3,3629.44
14929,5909,85,3,138.27
14930,5910,483,3,2778.02
14931,5910,363,1,2258.97
14932,5910,57,3,2811.97
14933,5910,406,3,1325.22
14934,5911,265,2,4410.08
14935,5911,267,2,2415.44
14936,5912,172,3,2413.56
14937,5913,319,2,3265.78
14938,5913,77,2,648.4
14939,5913,410,3,1608.92
14940,5914,153,2,934.32
14941,5914,363,1,2258.97
14942,5915,208,2,3457.4
14943,5915,219,3,458.98
14944,5916,246,3,803.19
14945,5916,125,3,1995.12
14946,5917,321,2,1799.15
14947,5917,305,2,3907.15
14948,5917,438,3,1100.89
14949,5917,202,1,2295.88
14950,5918,20,2,2899.3
14951,5919,488,1,3384.94
14952,5920,358,2,2403.81
14953,5920,450,1,1383.82
14954,5921,97,2,3525.33
14955,5921,10,2,4274.14
14956,5921,377,2,3597.78
14957,5922,317,2,4139.7
14958,5922,265,2,4410.08
14959,5922,120,2,1326.09
14960,5922,340,3,2069.14
14961,5923,6,2,2537.97
14962,5924,262,3,1257.33
14963,5925,129,1,3643.71
14964,5925,492,3,2207.18
14965,5926,325,1,3594.36
14966,5926,184,3,2905.79
14967,5927,98,1,2661.79
14968,5927,381,2,1382.08
14969,5928,296,1,166.08
14970,5928,92,3,3644.34
14971,5928,29,1,4140.34
14972,5928,288,2,576.82
14973,5929,43,3,1073.19
14974,5929,425,1,1198.33
14975,5929,364,1,2241.64
14976,5929,199,1,3459.96
14977,5930,424,3,1081.04
14978,5930,499,2,3607.21
14979,5930,470,3,2072.05
14980,5930,78,1,2350.68
14981,5931,196,2,893.1
14982,5931,330,1,245.38
14983,5932,487,1,1336.98
14984,5932,301,1,4168.19
14985,5932,217,1,665.92
14986,5932,398,3,3061.39
14987,5933,1,3,738.76
14988,5933,345,1,3018.13
14989,5933,123,3,2706.67
14990,5934,338,3,3643.17
14991,5934,336,2,65.72
14992,5935,460,2,1747.96
14993,5935,248,1,938.6
14994,5935,111,3,4210.12
14995,5935,388,2,3188.43
14996,5936,455,1,327.73
14997,5936,412,1,1139.47
14998,5937,23,2,2321.94
14999,5937,201,3,792.3
15000,5937,360,2,1327.98
15001,5938,5,2,3537.86
15002,5938,406,1,1325.22
15003,5938,367,3,3595.46
15004,5938,175,3,2807.82
15005,5939,333,1,278.33
15006,5940,426,3,3163.29
15007,5940,472,3,2740.35
15008,5940,25,1,2964.84
15009,5941,23,3,2321.94
15010,5941,214,3,3709.4
15011,5942,185,3,2389.91
15012,5942,25,3,2964.84
15013,5943,180,2,2902.02
15014,5944,476,1,1690.17
15015,5944,152,3,593.53
15016,5944,160,3,456.74
15017,5944,410,3,1608.92
15018,5945,397,1,687.66
15019,5945,35,2,1359.42
15020,5945,433,1,1833.63
15021,5946,34,1,2302.76
15022,5946,201,3,792.3
15023,5946,25,1,2964.84
15024,5946,191,3,3708.02
15025,5947,226,2,1903.52
15026,5948,298,1,3218.49
15027,5949,380,2,4178.67
15028,5950,212,3,79.23
15029,5950,253,2,2052.77
15030,5951,122,1,1383.27
15031,5952,231,2,1032.55
15032,5953,289,3,3285.5
15033,5953,427,1,2067.11
15034,5953,490,1,802.4
15035,5954,223,1,2698.78
15036,5954,225,3,4152.33
15037,5954,171,3,4119.41
15038,5954,191,1,3708.02
15039,5955,97,2,3525.33
15040,5955,423,3,2917.66
15041,5955,253,1,2052.77
15042,5956,171,2,4119.41
15043,5957,331,1,2566.44
15044,5957,482,1,2869.91
15045,5957,341,3,2720.45
15046,5958,27,1,3030.0
15047,5958,367,3,3595.46
15048,5958,276,2,725.1
15049,5959,465,1,119.9
15050,5960,110,2,3895.87
15051,5961,150,2,4216.16
15052,5961,285,2,1963.79
15053,5961,220,2,3317.48
15054,5961,227,2,3377.17
15055,5962,396,2,3938.76
15056,5962,407,1,3036.5
15057,5963,128,3,1116.05
15058,5963,133,2,2798.9
15059,5963,339,2,1108.56
15060,5964,307,1,3718.26
15061,5964,479,2,2118.97
15062,5965,266,1,493.24
15063,5966,30,3,3742.45
15064,5966,235,1,1545.95
15065,5967,107,2,1150.91
15066,5968,439,1,3340.18
15067,5969,2,1,1212.8
15068,5970,411,1,4247.59
15069,5970,444,3,1506.97
15070,5971,434,2,1134.43
15071,5971,123,1,2706.67
15072,5972,5,1,3537.86
15073,5972,306,3,1851.66
15074,5972,351,2,4195.09
15075,5972,315,2,1821.28
15076,5973,361,2,1205.49
15077,5973,267,1,2415.44
15078,5973,274,2,3960.11
15079,5973,413,2,4020.48
15080,5974,289,1,3285.5
15081,5975,451,2,1405.25
15082,5975,203,3,4493.03
15083,5975,134,1,2239.38
15084,5975,160,2,456.74
15085,5976,402,2,1533.14
15086,5976,303,3,344.31
15087,5977,368,3,3608.06
15088,5977,39,1,4327.51
15089,5977,223,1,2698.78
15090,5977,491,3,3649.59
15091,5978,239,2,931.58
15092,5978,354,1,1353.11
15093,5979,54,3,4144.84
15094,5979,10,1,4274.14
15095,5979,175,1,2807.82
15096,5979,138,3,451.38
15097,5980,10,3,4274.14
15098,5980,382,3,2520.54
15099,5980,435,2,1757.98
15100,5980,93,2,2774.78
15101,5981,370,1,994.9
15102,5981,170,1,2134.36
15103,5981,300,3,1056.92
15104,5982,197,2,2586.62
15105,5982,277,2,660.81
15106,5982,260,3,2799.94
15107,5983,436,3,2679.82
15108,5983,99,3,794.57
15109,5984,141,3,1519.61
15110,5984,181,1,2982.07
15111,5984,98,3,2661.79
15112,5984,449,1,2039.86
15113,5985,120,2,1326.09
15114,5985,278,3,4324.7
15115,5986,211,2,2701.14
15116,5986,44,2,2348.44
15117,5986,402,2,1533.14
15118,5986,328,1,3284.59
15119,5987,343,2,267.69
15120,5987,347,1,1905.46
15121,5988,395,3,896.44
15122,5988,330,1,245.38
15123,5988,331,3,2566.44
15124,5988,19,2,4337.71
15125,5989,174,2,2301.51
15126,5989,115,3,2897.05
15127,5989,399,2,212.66
15128,5989,378,2,741.47
15129,5990,386,3,3798.71
15130,5990,111,1,4210.12
15131,5990,54,3,4144.84
15132,5990,271,2,748.67
15133,5991,364,1,2241.64
15134,5991,294,1,2795.41
15135,5992,147,3,4475.68
15136,5992,478,1,4426.93
15137,5993,276,1,725.1
15138,5993,480,1,443.59
15139,5993,408,2,1267.68
15140,5993,176,2,1112.6
15141,5994,163,1,2220.9
15142,5995,58,2,3916.02
15143,5995,387,2,883.84
15144,5996,377,3,3597.78
15145,5996,3,2,1677.12
15146,5996,421,1,2576.66
15147,5996,268,1,4352.22
15148,5997,194,2,4253.49
15149,5998,259,2,807.92
15150,5998,454,3,1848.68
15151,5998,319,3,3265.78
15152,5999,362,1,1624.65
15153,5999,159,3,3480.05
15154,6000,434,3,1134.43
15155,6000,216,1,469.58
15156,6000,185,3,2389.91
15157,6001,286,2,2970.23
15158,6001,419,2,1528.88
15159,6002,322,3,846.01
15160,6003,370,2,994.9
15161,6003,151,1,237.73
15162,6003,321,3,1799.15
15163,6004,452,3,3244.17
15164,6004,295,2,1077.56
15165,6005,270,1,1406.93
15166,6005,453,3,2643.14
15167,6006,194,3,4253.49
15168,6006,486,1,1923.52
15169,6006,200,3,2091.31
15170,6007,132,2,657.98
15171,6008,23,2,2321.94
15172,6008,71,2,1294.35
15173,6008,310,1,3551.79
15174,6008,365,1,1085.61
15175,6009,444,2,1506.97
15176,6009,40,3,4039.53
15177,6010,12,1,2782.41
15178,6010,246,2,803.19
15179,6011,317,1,4139.7
15180,6012,362,2,1624.65
15181,6012,270,3,1406.93
15182,6012,357,2,308.92
15183,6013,39,2,4327.51
15184,6014,264,3,3909.98
15185,6015,467,1,426.75
15186,6015,493,2,3838.93
15187,6016,37,3,1163.13
15188,6016,92,1,3644.34
15189,6016,311,3,2083.21
15190,6017,178,1,2382.11
15191,6017,140,3,4490.94
15192,6017,386,1,3798.71
15193,6018,399,3,212.66
15194,6018,255,3,2378.53
15195,6019,156,3,2651.9
15196,6020,386,1,3798.71
15197,6020,464,2,608.69
15198,6020,363,1,2258.97
15199,6020,158,2,2164.95
15200,6021,114,1,2879.54
15201,6021,270,1,1406.93
15202,6021,433,1,1833.63
15203,6022,423,3,2917.66
15204,6022,345,3,3018.13
15205,6022,31,1,1596.26
15206,6023,261,2,4256.04
15207,6023,220,2,3317.48
15208,6023,229,1,1406.29
15209,6023,444,1,1506.97
15210,6024,98,2,2661.79
15211,6024,498,2,3532.25
15212,6024,384,3,344.65
15213,6025,366,2,57.04
15214,6025,31,2,1596.26
15215,6025,334,1,3470.41
15216,6025,113,1,2679.2
15217,6026,35,2,1359.42
15218,6026,138,2,451.38
15219,6026,93,2,2774.78
15220,6026,498,1,3532.25
15221,6027,392,2,1715.26
15222,6027,425,3,1198.33
15223,6027,48,1,1022.62
15224,6028,316,2,2102.99
15225,6028,162,2,3170.91
15226,6029,329,2,4276.4
15227,6030,492,2,2207.18
15228,6030,359,3,3114.51
15229,6031,214,3,3709.4
15230,6031,155,2,1982.02
15231,6032,228,3,2870.8
15232,6033,357,3,308.92
15233,6033,231,2,1032.55
15234,6034,243,2,448.7
15235,6034,104,1,2381.72
15236,6034,31,2,1596.26
15237,6034,391,2,1011.82
15238,6035,41,2,567.39
15239,6036,393,2,4114.42
15240,6036,45,2,1154.75
15241,6036,305,1,3907.15
15242,6037,32,3,2748.32
15243,6038,168,3,2465.17
15244,6038,212,3,79.23
15245,6039,464,3,608.69
15246,6039,435,2,1757.98
15247,6040,425,1,1198.33
15248,6040,65,3,3049.76
15249,6040,229,3,1406.29
15250,6040,267,2,2415.44
15251,6041,246,1,803.19
15252,6041,196,1,893.1
15253,6041,169,1,880.49
15254,6041,134,2,2239.38
15255,6042,391,1,1011.82
15256,6042,63,1,2084.52
15257,6042,145,2,4386.96
15258,6042,177,2,4353.88
15259,6043,400,1,565.47
15260,6044,215,2,2525.64
15261,6044,420,3,3651.38
15262,6045,494,1,2790.3
15263,6045,176,3,1112.6
15264,6045,93,2,2774.78
15265,6045,292,2,1268.39
15266,6046,199,2,3459.96
15267,6046,92,2,3644.34
15268,6046,233,2,2609.88
15269,6047,8,2,3324.23
15270,6047,120,3,1326.09
15271,6047,399,3,212.66
15272,6048,310,2,3551.79
15273,6048,230,3,2563.86
15274,6049,169,3,880.49
15275,6049,122,2,1383.27
15276,6049,205,3,3809.6
15277,6050,93,1,2774.78
15278,6050,352,3,1486.56
15279,6051,225,2,4152.33
15280,6051,18,2,2782.15
15281,6051,170,2,2134.36
15282,6052,184,3,2905.79
15283,6052,259,1,807.92
15284,6052,449,3,2039.86
15285,6052,363,3,2258.97
15286,6053,35,3,1359.42
15287,6054,198,3,3383.91
15288,6054,396,1,3938.76
15289,6054,354,2,1353.11
15290,6054,448,1,2414.09
15291,6055,440,3,558.74
15292,6055,123,2,2706.67
15293,6055,262,3,1257.33
15294,6056,444,3,1506.97
15295,6056,446,2,4069.49
15296,6057,436,2,2679.82
15297,6058,139,3,1571.51
15298,6058,334,2,3470.41
15299,6059,13,3,765.28
15300,6059,68,3,2147.49
15301,6060,461,2,821.67
15302,6060,368,2,3608.06
15303,6060,123,2,2706.67
15304,6060,282,1,2953.5
15305,6061,32,2,2748.32
15306,6061,80,3,262.31
15307,6061,316,1,2102.99
15308,6062,358,3,2403.81
15309,6062,218,2,1161.86
15310,6062,264,3,3909.98
15311,6063,277,3,660.81
15312,6064,206,2,1966.12
15313,6064,103,3,2490.53
15314,6064,455,1,327.73
15315,6064,460,2,1747.96
15316,6065,158,2,2164.95
15317,6065,225,1,4152.33
15318,6066,180,2,2902.02
15319,6067,100,3,3288.59
15320,6067,246,1,803.19
15321,6067,401,2,3107.38
15322,6067,483,2,2778.02
15323,6068,430,2,616.9
15324,6069,34,2,2302.76
15325,6069,380,1,4178.67
15326,6070,478,1,4426.93
15327,6070,243,3,448.7
15328,6070,433,3,1833.63
15329,6070,44,3,2348.44
15330,6071,102,3,1816.85
15331,6071,33,3,2608.33
15332,6071,150,1,4216.16
15333,6071,11,1,1832.5
15334,6072,204,2,4066.06
15335,6073,444,2,1506.97
15336,6073,397,1,687.66
15337,6073,368,2,3608.06
15338,6073,62,3,1595.44
15339,6074,317,3,4139.7
15340,6074,371,3,1303.24
15341,6074,280,3,729.73
15342,6074,268,3,4352.22
15343,6075,246,1,803.19
15344,6075,451,3,1405.25
15345,6075,473,1,1103.54
15346,6075,202,3,2295.88
15347,6076,93,2,2774.78
15348,6076,160,3,456.74
15349,6077,65,2,3049.76
15350,6077,132,2,657.98
15351,6078,226,1,1903.52
15352,6078,22,2,1322.73
15353,6078,352,2,1486.56
15354,6078,234,1,1339.53
15355,6079,266,2,493.24
15356,6079,341,2,2720.45
15357,6079,293,3,635.38
15358,6080,171,3,4119.41
15359,6080,234,2,1339.53
15360,6081,99,2,794.57
15361,6081,490,1,802.4
15362,6082,14,3,3629.44
15363,6083,150,1,4216.16
15364,6083,389,1,1258.16
15365,6084,123,1,2706.67
15366,6084,129,2,3643.71
15367,6084,175,2,2807.82
15368,6084,138,1,451.38
15369,6085,178,2,2382.11
15370,6086,440,1,558.74
15371,6086,93,3,2774.78
15372,6087,424,3,1081.04
15373,6088,44,3,2348.44
15374,6088,228,1,2870.8
15375,6088,48,2,1022.62
15376,6089,223,2,2698.78
15377,6090,335,3,854.1
15378,6090,219,1,458.98
15379,6090,500,1,4429.12
15380,6090,342,1,1287.6
15381,6091,407,2,3036.5
15382,6092,161,1,317.23
15383,6092,125,1,1995.12
15384,6092,284,2,3113.97
15385,6093,83,1,1539.22
15386,6093,179,1,735.89
15387,6093,166,2,1643.85
15388,6094,125,3,1995.12
15389,6094,356,3,2384.68
15390,6095,418,1,3162.18
15391,6095,376,1,4154.14
15392,6096,83,2,1539.22
15393,6097,358,2,2403.81
15394,6097,207,3,1121.22
15395,6097,231,1,1032.55
15396,6098,297,3,646.69
15397,6098,302,2,3353.53
15398,6098,343,3,267.69
15399,6099,242,3,3506.63
15400,6099,22,2,1322.73
15401,6099,120,1,1326.09
15402,6099,49,2,4264.68
15403,6100,273,2,1277.66
15404,6100,337,3,2090.96
15405,6100,372,1,1386.26
15406,6100,65,1,3049.76
15407,6101,35,2,1359.42
15408,6102,169,2,880.49
15409,6102,157,2,89.74
15410,6103,403,2,2366.57
15411,6103,203,3,4493.03
15412,6104,224,2,3647.12
15413,6104,257,1,3159.46
15414,6105,324,3,1162.87
15415,6105,437,2,2574.09
15416,6105,427,3,2067.11
15417,6105,154,2,1019.16
15418,6106,16,3,1220.76
15419,6107,477,1,406.28
15420,6107,489,2,1208.97
15421,6107,100,2,3288.59
15422,6107,385,1,1559.23
15423,6108,325,2,3594.36
15424,6108,14,3,3629.44
15425,6109,141,1,1519.61
15426,6110,76,1,3635.22
15427,6110,316,1,2102.99
15428,6110,313,1,224.67
15429,6111,137,2,3232.62
15430,6111,229,1,1406.29
15431,6112,26,3,4485.84
15432,6112,221,2,819.42
15433,6112,309,3,2435.91
15434,6113,31,3,1596.26
15435,6113,295,3,1077.56
15436,6114,258,1,4081.88
15437,6114,246,1,803.19
15438,6115,71,1,1294.35
15439,6116,262,3,1257.33
15440,6116,78,3,2350.68
15441,6117,301,3,4168.19
15442,6117,388,1,3188.43
15443,6118,189,1,2132.86
15444,6119,319,2,3265.78
15445,6119,179,2,735.89
15446,6119,482,2,2869.91
15447,6120,223,3,2698.78
15448,6121,371,3,1303.24
15449,6122,263,1,1652.98
15450,6122,18,2,2782.15
15451,6122,487,3,1336.98
15452,6122,122,1,1383.27
15453,6123,443,2,533.91
15454,6124,446,1,4069.49
15455,6124,216,1,469.58
15456,6124,267,3,2415.44
15457,6125,61,2,2178.52
15458,6125,420,1,3651.38
15459,6126,214,2,3709.4
15460,6126,1,2,738.76
15461,6127,101,3,3168.1
15462,6127,96,1,2743.96
15463,6127,53,1,1634.32
15464,6128,137,3,3232.62
15465,6128,295,3,1077.56
15466,6128,171,3,4119.41
15467,6129,296,3,166.08
15468,6129,42,2,3559.52
15469,6130,306,2,1851.66
15470,6131,309,1,2435.91
15471,6132,195,1,500.45
15472,6132,150,2,4216.16
15473,6133,163,1,2220.9
15474,6133,489,1,1208.97
15475,6133,359,2,3114.51
15476,6133,292,3,1268.39
15477,6134,278,2,4324.7
15478,6134,325,1,3594.36
15479,6134,105,3,1217.91
15480,6135,456,1,53.75
15481,6136,423,1,2917.66
15482,6136,267,2,2415.44
15483,6136,7,3,2620.55
15484,6136,55,1,2242.36
15485,6137,10,1,4274.14
15486,6137,320,3,4223.4
15487,6137,198,2,3383.91
15488,6137,150,2,4216.16
15489,6138,336,3,65.72
15490,6138,137,2,3232.62
15491,6139,65,1,3049.76
15492,6139,31,3,1596.26
15493,6140,18,1,2782.15
15494,6140,485,2,4081.95
15495,6140,60,1,620.69
15496,6140,191,3,3708.02
15497,6141,184,1,2905.79
15498,6142,407,2,3036.5
15499,6142,395,2,896.44
15500,6143,475,3,4403.14
15501,6143,158,3,2164.95
15502,6144,443,2,533.91
15503,6145,23,3,2321.94
15504,6145,136,3,4376.88
15505,6145,211,2,2701.14
15506,6145,142,2,299.37
15507,6146,50,3,2270.55
15508,6146,350,3,4350.01
15509,6146,208,1,3457.4
15510,6147,368,1,3608.06
15511,6147,145,2,4386.96
15512,6148,388,2,3188.43
15513,6148,406,1,1325.22
15514,6148,345,1,3018.13
15515,6148,489,3,1208.97
15516,6149,190,3,2533.19
15517,6149,102,1,1816.85
15518,6150,121,3,4153.29
15519,6151,356,2,2384.68
15520,6152,255,3,2378.53
15521,6152,226,3,1903.52
15522,6152,352,2,1486.56
15523,6152,14,1,3629.44
15524,6153,260,2,2799.94
15525,6154,272,2,1631.43
15526,6154,449,3,2039.86
15527,6154,367,1,3595.46
15528,6154,22,3,1322.73
15529,6155,74,1,1973.37
15530,6155,303,3,344.31
15531,6155,8,3,3324.23
15532,6156,168,3,2465.17
15533,6156,397,3,687.66
15534,6157,248,1,938.6
15535,6157,264,3,3909.98
15536,6157,405,3,4020.0
15537,6158,99,2,794.57
15538,6159,110,2,3895.87
15539,6160,106,1,4195.57
15540,6160,385,2,1559.23
15541,6160,43,3,1073.19
15542,6160,79,3,1385.15
15543,6161,291,3,4205.27
15544,6161,329,2,4276.4
15545,6161,353,1,3425.07
15546,6161,157,3,89.74
15547,6162,234,2,1339.53
15548,6163,486,1,1923.52
15549,6163,283,2,3610.47
15550,6163,40,1,4039.53
15551,6163,412,3,1139.47
15552,6164,354,2,1353.11
15553,6164,335,1,854.1
15554,6164,61,2,2178.52
15555,6165,381,1,1382.08
15556,6166,125,3,1995.12
15557,6167,39,1,4327.51
15558,6167,254,1,3343.06
15559,6167,450,2,1383.82
15560,6167,18,3,2782.15
15561,6168,156,1,2651.9
15562,6168,373,3,556.57
15563,6168,337,3,2090.96
15564,6169,350,3,4350.01
15565,6169,99,2,794.57
15566,6170,5,3,3537.86
15567,6171,348,2,1315.49
15568,6171,167,2,2209.59
15569,6171,85,1,138.27
15570,6172,75,2,3610.17
15571,6172,166,1,1643.85
15572,6172,432,2,365.61
15573,6172,185,2,2389.91
15574,6173,480,1,443.59
15575,6174,32,1,2748.32
15576,6174,33,3,2608.33
15577,6174,467,1,426.75
15578,6174,431,3,3595.57
15579,6175,63,1,2084.52
15580,6175,171,3,4119.41
15581,6176,56,2,4313.07
15582,6176,255,1,2378.53
15583,6176,413,1,4020.48
15584,6177,454,2,1848.68
15585,6178,81,3,317.16
15586,6178,129,1,3643.71
15587,6179,384,1,344.65
15588,6179,176,3,1112.6
15589,6179,476,2,1690.17
15590,6179,388,1,3188.43
15591,6180,64,2,2097.31
15592,6180,199,3,3459.96
15593,6181,265,3,4410.08
15594,6181,46,3,3382.11
15595,6181,470,1,2072.05
15596,6182,40,1,4039.53
15597,6183,364,1,2241.64
15598,6183,107,3,1150.91
15599,6184,63,2,2084.52
15600,6185,297,2,646.69
15601,6185,423,3,2917.66
15602,6185,196,2,893.1
15603,6185,173,3,2460.15
15604,6186,464,3,608.69
15605,6186,126,3,3330.17
15606,6186,96,3,2743.96
15607,6186,114,1,2879.54
15608,6187,259,1,807.92
15609,6187,158,2,2164.95
15610,6187,51,2,1127.15
15611,6187,151,2,237.73
15612,6188,90,3,1745.77
15613,6188,411,1,4247.59
15614,6189,136,1,4376.88
15615,6189,340,2,2069.14
15616,6189,309,1,2435.91
15617,6189,330,3,245.38
15618,6190,176,3,1112.6
15619,6191,4,3,1818.67
15620,6191,315,2,1821.28
15621,6191,391,1,1011.82
15622,6192,224,3,3647.12
15623,6193,204,2,4066.06
15624,6193,79,2,1385.15
15625,6194,92,3,3644.34
15626,6194,44,2,2348.44
15627,6194,14,1,3629.44
15628,6194,359,2,3114.51
15629,6195,489,1,1208.97
15630,6195,474,2,4173.21
15631,6195,63,3,2084.52
15632,6196,470,2,2072.05
15633,6197,464,3,608.69
15634,6197,446,3,4069.49
15635,6197,294,1,2795.41
15636,6197,261,2,4256.04
15637,6198,173,2,2460.15
15638,6198,47,3,4194.71
15639,6198,283,2,3610.47
15640,6199,86,2,4335.87
15641,6199,319,1,3265.78
15642,6199,218,3,1161.86
15643,6200,72,2,4407.76
15644,6200,71,1,1294.35
15645,6200,50,1,2270.55
15646,6201,73,3,3257.63
15647,6201,136,2,4376.88
15648,6201,398,3,3061.39
15649,6202,291,1,4205.27
15650,6202,274,3,3960.11
15651,6203,12,1,2782.41
15652,6203,457,3,538.16
15653,6204,330,2,245.38
15654,6205,197,1,2586.62
15655,6205,161,3,317.23
15656,6206,369,1,252.44
15657,6206,135,1,270.86
15658,6207,321,2,1799.15
15659,6207,172,3,2413.56
15660,6207,431,1,3595.57
15661,6208,55,2,2242.36
15662,6208,149,2,2154.07
15663,6209,370,1,994.9
15664,6209,191,1,3708.02
15665,6210,31,1,1596.26
15666,6210,453,2,2643.14
15667,6211,113,1,2679.2
15668,6212,60,1,620.69
15669,6213,34,2,2302.76
15670,6213,145,2,4386.96
15671,6214,95,1,1460.11
15672,6214,43,2,1073.19
15673,6214,145,3,4386.96
15674,6215,258,1,4081.88
15675,6215,348,2,1315.49
15676,6215,448,2,2414.09
15677,6215,347,3,1905.46
15678,6216,379,2,4036.88
15679,6216,69,2,868.42
15680,6217,483,3,2778.02
15681,6218,219,3,458.98
15682,6218,28,2,2353.96
15683,6219,205,2,3809.6
15684,6219,319,3,3265.78
15685,6219,479,3,2118.97
15686,6219,334,3,3470.41
15687,6220,357,3,308.92
15688,6220,95,3,1460.11
15689,6220,180,2,2902.02
15690,6220,207,3,1121.22
15691,6221,40,2,4039.53
15692,6221,33,1,2608.33
15693,6221,109,2,177.14
15694,6222,403,2,2366.57
15695,6222,149,2,2154.07
15696,6222,317,1,4139.7
15697,6222,319,3,3265.78
15698,6223,362,3,1624.65
15699,6223,207,2,1121.22
15700,6223,98,3,2661.79
15701,6223,112,1,4364.46
15702,6224,227,1,3377.17
15703,6225,316,2,2102.99
15704,6226,161,2,317.23
15705,6226,25,3,2964.84
15706,6226,337,1,2090.96
15707,6226,486,1,1923.52
15708,6227,49,1,4264.68
15709,6228,453,2,2643.14
15710,6228,432,1,365.61
15711,6229,73,3,3257.63
15712,6229,66,2,1498.19
15713,6229,490,3,802.4
15714,6230,121,3,4153.29
15715,6230,333,1,278.33
15716,6231,392,1,1715.26
15717,6231,283,2,3610.47
15718,6232,109,2,177.14
15719,6232,58,1,3916.02
15720,6233,208,3,3457.4
15721,6233,379,2,4036.88
15722,6233,442,2,1420.76
15723,6233,319,3,3265.78
15724,6234,467,3,426.75
15725,6234,450,2,1383.82
15726,6234,212,1,79.23
15727,6235,59,3,1297.19
15728,6235,58,3,3916.02
15729,6235,310,2,3551.79
15730,6235,270,1,1406.93
15731,6236,61,2,2178.52
15732,6237,280,1,729.73
15733,6237,463,3,736.49
15734,6237,233,1,2609.88
15735,6237,66,1,1498.19
15736,6238,61,3,2178.52
15737,6238,165,2,3312.69
15738,6238,332,1,771.45
15739,6238,189,1,2132.86
15740,6239,155,1,1982.02
15741,6239,67,3,882.83
15742,6239,108,2,612.53
15743,6239,207,2,1121.22
15744,6240,365,3,1085.61
15745,6240,193,1,3317.64
15746,6240,380,2,4178.67
15747,6241,416,2,1947.77
15748,6242,332,1,771.45
15749,6242,283,3,3610.47
15750,6242,255,3,2378.53
15751,6242,178,1,2382.11
15752,6243,331,3,2566.44
15753,6243,356,1,2384.68
15754,6243,236,1,269.43
15755,6244,271,2,748.67
15756,6244,133,1,2798.9
15757,6244,324,1,1162.87
15758,6244,158,1,2164.95
15759,6245,423,3,2917.66
15760,6245,134,2,2239.38
15761,6245,397,1,687.66
15762,6245,261,2,4256.04
15763,6246,480,3,443.59
15764,6246,119,1,3678.44
15765,6246,227,2,3377.17
15766,6247,220,2,3317.48
15767,6247,490,3,802.4
15768,6247,27,2,3030.0
15769,6247,147,3,4475.68
15770,6248,60,1,620.69
15771,6248,62,2,1595.44
15772,6248,276,1,725.1
15773,6248,269,3,145.62
15774,6249,379,3,4036.88
15775,6249,251,2,3915.95
15776,6250,152,2,593.53
15777,6250,422,2,2133.83
15778,6251,302,3,3353.53
15779,6251,214,3,3709.4
15780,6251,225,2,4152.33
15781,6252,359,1,3114.51
15782,6252,65,3,3049.76
15783,6252,237,1,1823.45
15784,6253,328,3,3284.59
15785,6254,163,2,2220.9
15786,6255,168,1,2465.17
15787,6255,438,2,1100.89
15788,6255,146,2,3481.95
15789,6255,62,3,1595.44
15790,6256,176,3,1112.6
15791,6256,339,2,1108.56
15792,6256,225,3,4152.33
15793,6257,371,2,1303.24
15794,6258,244,2,1675.44
15795,6259,427,2,2067.11
15796,6260,173,1,2460.15
15797,6260,496,1,4100.09
15798,6260,108,1,612.53
15799,6261,101,2,3168.1
15800,6261,54,1,4144.84
15801,6261,398,1,3061.39
15802,6261,476,2,1690.17
15803,6262,493,3,3838.93
15804,6262,180,1,2902.02
15805,6263,327,1,1665.1
15806,6264,196,1,893.1
15807,6264,230,2,2563.86
15808,6264,354,1,1353.11
15809,6265,188,3,2968.08
15810,6265,176,3,1112.6
15811,6265,404,1,150.04
15812,6266,436,2,2679.82
15813,6266,430,2,616.9
15814,6266,54,2,4144.84
15815,6267,221,3,819.42
15816,6267,165,2,3312.69
15817,6267,80,2,262.31
15818,6268,389,3,1258.16
15819,6268,451,2,1405.25
15820,6269,225,1,4152.33
15821,6269,158,3,2164.95
15822,6270,401,1,3107.38
15823,6270,79,1,1385.15
15824,6271,27,1,3030.0
15825,6271,141,1,1519.61
15826,6272,150,1,4216.16
15827,6272,464,2,608.69
15828,6272,293,1,635.38
15829,6272,208,2,3457.4
15830,6273,81,3,317.16
15831,6273,366,1,57.04
15832,6273,32,3,2748.32
15833,6274,263,1,1652.98
15834,6274,237,3,1823.45
15835,6274,215,2,2525.64
15836,6275,487,2,1336.98
15837,6275,119,1,3678.44
15838,6275,225,1,4152.33
15839,6275,88,3,1630.24
15840,6276,83,1,1539.22
15841,6276,499,3,3607.21
15842,6277,200,3,2091.31
15843,6277,369,1,252.44
15844,6277,430,1,616.9
15845,6278,192,3,3715.21
15846,6279,217,3,665.92
15847,6280,22,3,1322.73
15848,6280,204,2,4066.06
15849,6280,458,3,1096.82
15850,6281,345,3,3018.13
15851,6282,469,2,2739.71
15852,6282,277,2,660.81
15853,6282,267,3,2415.44
15854,6283,65,2,3049.76
15855,6283,112,3,4364.46
15856,6283,204,2,4066.06
15857,6284,53,3,1634.32
15858,6285,410,1,1608.92
15859,6286,17,3,218.01
15860,6286,276,2,725.1
15861,6287,207,1,1121.22
15862,6287,383,2,3100.45
15863,6287,18,1,2782.15
15864,6287,153,1,934.32
15865,6288,50,2,2270.55
15866,6288,429,1,1306.05
15867,6289,162,2,3170.91
15868,6289,64,3,2097.31
15869,6289,309,1,2435.91
15870,6289,193,3,3317.64
15871,6290,15,2,4170.08
15872,6290,173,1,2460.15
15873,6290,268,1,4352.22
15874,6290,221,2,819.42
15875,6291,139,1,1571.51
15876,6291,461,1,821.67
15877,6292,254,1,3343.06
15878,6293,112,3,4364.46
15879,6293,41,1,567.39
15880,6293,405,2,4020.0
15881,6294,87,2,2941.9
15882,6294,85,2,138.27
15883,6294,74,3,1973.37
15884,6294,288,3,576.82
15885,6295,468,1,3877.68
15886,6295,260,3,2799.94
15887,6295,291,2,4205.27
15888,6296,478,3,4426.93
15889,6296,151,2,237.73
15890,6296,85,1,138.27
15891,6296,277,1,660.81
15892,6297,397,3,687.66
15893,6297,201,2,792.3
15894,6297,454,3,1848.68
15895,6297,354,3,1353.11
15896,6298,490,3,802.4
15897,6298,110,1,3895.87
15898,6298,464,1,608.69
15899,6298,258,1,4081.88
15900,6299,413,1,4020.48
15901,6300,335,2,854.1
15902,6301,352,3,1486.56
15903,6301,479,1,2118.97
15904,6302,272,2,1631.43
15905,6302,114,1,2879.54
15906,6303,108,2,612.53
15907,6303,239,2,931.58
15908,6304,139,2,1571.51
15909,6305,204,3,4066.06
15910,6306,323,2,4036.29
15911,6306,96,2,2743.96
15912,6307,282,2,2953.5
15913,6307,129,1,3643.71
15914,6307,210,3,50.87
15915,6307,18,1,2782.15
15916,6308,54,2,4144.84
15917,6308,203,2,4493.03
15918,6308,371,3,1303.24
15919,6308,381,2,1382.08
15920,6309,240,1,922.64
15921,6309,300,1,1056.92
15922,6310,29,2,4140.34
15923,6310,68,3,2147.49
15924,6310,62,2,1595.44
15925,6310,455,1,327.73
15926,6311,314,1,4333.54
15927,6311,425,2,1198.33
15928,6311,382,2,2520.54
15929,6311,389,3,1258.16
15930,6312,38,3,2556.1
15931,6312,26,2,4485.84
15932,6312,77,3,648.4
15933,6312,495,3,113.2
15934,6313,135,3,270.86
15935,6313,151,3,237.73
15936,6313,43,1,1073.19
15937,6314,102,1,1816.85
15938,6314,251,1,3915.95
15939,6314,239,3,931.58
15940,6315,235,2,1545.95
15941,6315,474,1,4173.21
15942,6315,450,1,1383.82
15943,6315,17,2,218.01
15944,6316,399,1,212.66
15945,6316,424,2,1081.04
15946,6316,426,1,3163.29
15947,6316,87,2,2941.9
15948,6317,342,2,1287.6
15949,6317,138,1,451.38
15950,6317,396,2,3938.76
15951,6317,167,3,2209.59
15952,6318,447,3,3419.0
15953,6318,45,3,1154.75
15954,6318,44,1,2348.44
15955,6319,164,1,3559.1
15956,6319,386,1,3798.71
15957,6319,202,1,2295.88
15958,6319,375,3,3752.59
15959,6320,249,1,3844.8
15960,6320,310,1,3551.79
15961,6320,37,2,1163.13
15962,6320,390,3,1703.55
15963,6321,59,3,1297.19
15964,6321,93,3,2774.78
15965,6321,178,1,2382.11
15966,6322,92,1,3644.34
15967,6322,408,2,1267.68
15968,6322,496,3,4100.09
15969,6322,298,2,3218.49
15970,6323,391,1,1011.82
15971,6323,75,3,3610.17
15972,6324,474,1,4173.21
15973,6324,179,3,735.89
15974,6325,37,2,1163.13
15975,6325,283,2,3610.47
15976,6325,227,2,3377.17
15977,6326,251,2,3915.95
15978,6327,348,1,1315.49
15979,6327,249,3,3844.8
15980,6327,83,2,1539.22
15981,6328,431,3,3595.57
15982,6328,267,1,2415.44
15983,6328,460,2,1747.96
15984,6329,8,1,3324.23
15985,6329,256,1,2822.54
15986,6329,300,3,1056.92
15987,6329,287,2,1462.86
15988,6330,264,1,3909.98
15989,6331,242,1,3506.63
15990,6331,262,2,1257.33
15991,6332,181,3,2982.07
15992,6333,437,2,2574.09
15993,6333,200,3,2091.31
15994,6334,196,3,893.1
15995,6334,330,1,245.38
15996,6334,266,2,493.24
15997,6334,13,3,765.28
15998,6335,214,1,3709.4
15999,6335,172,1,2413.56
16000,6335,123,1,2706.67
16001,6336,416,2,1947.77
16002,6336,74,2,1973.37
16003,6337,316,1,2102.99
16004,6338,338,2,3643.17
16005,6338,417,1,4016.18
16006,6338,9,3,579.93
16007,6338,144,1,3686.77
16008,6339,121,1,4153.29
16009,6340,411,3,4247.59
16010,6340,45,1,1154.75
16011,6340,136,1,4376.88
16012,6340,73,2,3257.63
16013,6341,231,2,1032.55
16014,6341,422,3,2133.83
16015,6341,91,1,4306.85
16016,6342,324,3,1162.87
16017,6342,74,2,1973.37
16018,6343,448,2,2414.09
16019,6343,293,1,635.38
16020,6343,168,2,2465.17
16021,6344,380,1,4178.67
16022,6344,449,3,2039.86
16023,6344,65,3,3049.76
16024,6344,313,1,224.67
16025,6345,375,3,3752.59
16026,6345,294,1,2795.41
16027,6345,447,1,3419.0
16028,6345,495,2,113.2
16029,6346,348,2,1315.49
16030,6347,409,3,2540.33
16031,6347,470,1,2072.05
16032,6348,314,3,4333.54
16033,6348,258,3,4081.88
16034,6348,54,2,4144.84
16035,6349,341,3,2720.45
16036,6350,302,3,3353.53
16037,6351,308,3,2771.2
16038,6352,135,1,270.86
16039,6353,119,3,3678.44
16040,6353,202,1,2295.88
16041,6354,76,2,3635.22
16042,6354,138,1,451.38
16043,6354,399,1,212.66
16044,6354,155,2,1982.02
16045,6355,309,2,2435.91
16046,6355,133,2,2798.9
16047,6355,70,1,3168.17
16048,6356,354,3,1353.11
16049,6356,361,3,1205.49
16050,6357,92,1,3644.34
16051,6357,95,2,1460.11
16052,6357,459,2,2832.2
16053,6357,76,1,3635.22
16054,6358,164,1,3559.1
16055,6358,26,2,4485.84
16056,6359,398,1,3061.39
16057,6359,448,3,2414.09
16058,6360,130,3,2935.63
16059,6360,186,3,268.43
16060,6360,50,2,2270.55
16061,6360,44,2,2348.44
16062,6361,217,1,665.92
16063,6362,89,3,3497.61
16064,6362,397,2,687.66
16065,6362,492,1,2207.18
16066,6362,152,1,593.53
16067,6363,298,2,3218.49
16068,6363,218,3,1161.86
16069,6364,487,3,1336.98
16070,6365,424,1,1081.04
16071,6365,238,3,630.17
16072,6365,166,3,1643.85
16073,6366,203,2,4493.03
16074,6366,381,1,1382.08
16075,6366,157,3,89.74
16076,6366,465,1,119.9
16077,6367,109,1,177.14
16078,6368,233,1,2609.88
16079,6369,378,1,741.47
16080,6369,294,3,2795.41
16081,6370,276,2,725.1
16082,6371,169,1,880.49
16083,6371,475,2,4403.14
16084,6371,187,1,365.39
16085,6371,441,2,2520.14
16086,6372,464,2,608.69
16087,6372,404,2,150.04
16088,6372,33,3,2608.33
16089,6373,333,3,278.33
16090,6373,448,3,2414.09
16091,6373,185,3,2389.91
16092,6373,182,1,844.94
16093,6374,423,2,2917.66
16094,6374,212,1,79.23
16095,6374,300,3,1056.92
16096,6374,227,1,3377.17
16097,6375,102,2,1816.85
16098,6375,194,2,4253.49
16099,6376,352,2,1486.56
16100,6376,54,1,4144.84
16101,6376,434,2,1134.43
16102,6377,378,2,741.47
16103,6378,455,2,327.73
16104,6378,349,1,2697.61
16105,6379,311,2,2083.21
16106,6379,54,1,4144.84
16107,6379,437,2,2574.09
16108,6380,62,2,1595.44
16109,6380,255,2,2378.53
16110,6381,363,1,2258.97
16111,6381,462,1,1761.45
16112,6381,140,1,4490.94
16113,6382,440,1,558.74
16114,6383,68,1,2147.49
16115,6383,496,3,4100.09
16116,6383,331,3,2566.44
16117,6384,99,3,794.57
16118,6384,499,3,3607.21
16119,6384,263,3,1652.98
16120,6384,48,3,1022.62
16121,6385,470,1,2072.05
16122,6386,228,2,2870.8
16123,6386,105,2,1217.91
16124,6386,54,1,4144.84
16125,6387,339,1,1108.56
16126,6388,277,3,660.81
16127,6388,122,2,1383.27
16128,6388,374,1,3273.57
16129,6389,121,2,4153.29
16130,6389,87,1,2941.9
16131,6390,153,2,934.32
16132,6391,377,2,3597.78
16133,6391,490,1,802.4
16134,6392,163,2,2220.9
16135,6392,333,3,278.33
16136,6393,345,2,3018.13
16137,6393,363,1,2258.97
16138,6394,357,2,308.92
16139,6395,310,3,3551.79
16140,6396,458,2,1096.82
16141,6397,477,1,406.28
16142,6397,413,2,4020.48
16143,6398,229,3,1406.29
16144,6398,322,2,846.01
16145,6398,44,2,2348.44
16146,6399,125,3,1995.12
16147,6399,480,3,443.59
16148,6400,166,1,1643.85
16149,6400,155,2,1982.02
16150,6401,279,3,3105.03
16151,6401,293,3,635.38
16152,6401,494,1,2790.3
16153,6401,73,1,3257.63
16154,6402,473,3,1103.54
16155,6402,277,3,660.81
16156,6402,69,3,868.42
16157,6402,292,2,1268.39
16158,6403,396,1,3938.76
16159,6403,283,1,3610.47
16160,6403,353,3,3425.07
16161,6404,178,3,2382.11
16162,6404,236,3,269.43
16163,6404,61,2,2178.52
16164,6405,388,3,3188.43
16165,6406,219,3,458.98
16166,6407,190,2,2533.19
16167,6407,483,3,2778.02
16168,6408,55,2,2242.36
16169,6408,472,2,2740.35
16170,6409,374,2,3273.57
16171,6409,215,1,2525.64
16172,6410,112,3,4364.46
16173,6410,472,2,2740.35
16174,6411,403,1,2366.57
16175,6412,239,2,931.58
16176,6412,355,1,3874.37
16177,6412,149,2,2154.07
16178,6412,435,1,1757.98
16179,6413,423,1,2917.66
16180,6413,6,1,2537.97
16181,6413,164,2,3559.1
16182,6413,140,3,4490.94
16183,6414,248,3,938.6
16184,6415,196,1,893.1
16185,6415,241,1,2382.9
16186,6416,359,2,3114.51
16187,6416,133,3,2798.9
16188,6416,248,2,938.6
16189,6416,3,1,1677.12
16190,6417,90,1,1745.77
16191,6418,405,3,4020.0
16192,6418,271,2,748.67
16193,6418,418,1,3162.18
16194,6418,393,3,4114.42
16195,6419,319,3,3265.78
16196,6419,395,2,896.44
16197,6419,231,2,1032.55
16198,6419,72,1,4407.76
16199,6420,140,1,4490.94
16200,6421,87,3,2941.9
16201,6421,314,1,4333.54
16202,6421,101,3,3168.1
16203,6421,34,2,2302.76
16204,6422,283,2,3610.47
16205,6422,474,2,4173.21
16206,6422,454,3,1848.68
16207,6422,324,3,1162.87
16208,6423,354,2,1353.11
16209,6423,133,1,2798.9
16210,6423,252,1,1577.56
16211,6423,494,3,2790.3
16212,6424,327,2,1665.1
16213,6424,187,1,365.39
16214,6425,232,2,4488.28
16215,6426,410,2,1608.92
16216,6426,1,1,738.76
16217,6426,134,2,2239.38
16218,6427,152,3,593.53
16219,6428,278,3,4324.7
16220,6428,433,2,1833.63
16221,6429,117,3,2016.28
16222,6430,65,2,3049.76
16223,6430,433,2,1833.63
16224,6430,194,2,4253.49
16225,6430,245,2,2692.75
16226,6431,420,3,3651.38
16227,6431,302,2,3353.53
16228,6431,324,1,1162.87
16229,6431,30,2,3742.45
16230,6432,183,3,2209.9
16231,6432,479,1,2118.97
16232,6433,201,3,792.3
16233,6433,101,3,3168.1
16234,6433,210,1,50.87
16235,6434,261,3,4256.04
16236,6434,170,2,2134.36
16237,6435,260,3,2799.94
16238,6435,387,1,883.84
16239,6436,60,1,620.69
16240,6436,482,1,2869.91
16241,6437,249,2,3844.8
16242,6437,263,1,1652.98
16243,6437,111,2,4210.12
16244,6437,458,3,1096.82
16245,6438,317,3,4139.7
16246,6438,297,2,646.69
16247,6438,56,2,4313.07
16248,6439,127,2,1031.64
16249,6439,263,3,1652.98
16250,6439,186,3,268.43
16251,6439,477,3,406.28
16252,6440,73,3,3257.63
16253,6440,172,3,2413.56
16254,6441,117,2,2016.28
16255,6441,250,1,1131.56
16256,6441,355,2,3874.37
16257,6442,91,1,4306.85
16258,6442,258,2,4081.88
16259,6442,255,1,2378.53
16260,6442,50,2,2270.55
16261,6443,441,3,2520.14
16262,6443,109,2,177.14
16263,6443,495,3,113.2
16264,6444,178,2,2382.11
16265,6444,100,2,3288.59
16266,6444,311,1,2083.21
16267,6445,341,2,2720.45
16268,6445,291,3,4205.27
16269,6445,267,3,2415.44
16270,6445,316,1,2102.99
16271,6446,276,1,725.1
16272,6446,212,3,79.23
16273,6446,121,3,4153.29
16274,6447,361,2,1205.49
16275,6447,78,3,2350.68
16276,6447,267,3,2415.44
16277,6447,171,2,4119.41
16278,6448,229,3,1406.29
16279,6449,359,3,3114.51
16280,6449,427,2,2067.11
16281,6450,44,3,2348.44
16282,6450,160,3,456.74
16283,6451,135,1,270.86
16284,6452,183,2,2209.9
16285,6453,370,3,994.9
16286,6453,448,2,2414.09
16287,6453,17,2,218.01
16288,6454,76,3,3635.22
16289,6454,160,2,456.74
16290,6454,466,2,2977.77
16291,6454,74,2,1973.37
16292,6455,159,1,3480.05
16293,6456,82,3,3783.42
16294,6456,382,2,2520.54
16295,6456,343,3,267.69
16296,6457,476,2,1690.17
16297,6457,405,2,4020.0
16298,6457,11,2,1832.5
16299,6457,103,2,2490.53
16300,6458,479,1,2118.97
16301,6458,417,2,4016.18
16302,6458,410,3,1608.92
16303,6458,119,2,3678.44
16304,6459,165,1,3312.69
16305,6459,40,3,4039.53
16306,6459,342,1,1287.6
16307,6459,331,2,2566.44
16308,6460,393,1,4114.42
16309,6460,419,3,1528.88
16310,6460,495,2,113.2
16311,6461,250,1,1131.56
16312,6462,144,2,3686.77
16313,6462,487,1,1336.98
16314,6463,372,1,1386.26
16315,6463,22,3,1322.73
16316,6463,140,3,4490.94
16317,6464,256,1,2822.54
16318,6465,289,1,3285.5
16319,6465,78,1,2350.68
16320,6466,422,1,2133.83
16321,6466,163,3,2220.9
16322,6467,317,1,4139.7
16323,6467,15,1,4170.08
16324,6468,23,3,2321.94
16325,6468,33,1,2608.33
16326,6468,401,2,3107.38
16327,6469,132,2,657.98
16328,6469,463,1,736.49
16329,6469,346,3,1523.44
16330,6469,425,3,1198.33
16331,6470,363,2,2258.97
16332,6471,165,2,3312.69
16333,6471,65,3,3049.76
16334,6471,124,1,1712.72
16335,6472,130,3,2935.63
16336,6473,177,2,4353.88
16337,6473,246,2,803.19
16338,6473,360,2,1327.98
16339,6473,395,3,896.44
16340,6474,146,2,3481.95
16341,6474,70,1,3168.17
16342,6474,423,1,2917.66
16343,6475,422,1,2133.83
16344,6475,484,3,3514.45
16345,6476,453,2,2643.14
16346,6476,374,2,3273.57
16347,6476,444,1,1506.97
16348,6477,107,3,1150.91
16349,6478,288,1,576.82
16350,6478,103,3,2490.53
16351,6478,406,1,1325.22
16352,6479,46,1,3382.11
16353,6479,107,2,1150.91
16354,6479,22,1,1322.73
16355,6480,339,3,1108.56
16356,6480,395,3,896.44
16357,6480,405,2,4020.0
16358,6480,131,3,1887.42
16359,6481,104,2,2381.72
16360,6482,448,1,2414.09
16361,6482,149,2,2154.07
16362,6483,379,1,4036.88
16363,6483,453,2,2643.14
16364,6483,321,3,1799.15
16365,6483,100,3,3288.59
16366,6484,479,3,2118.97
16367,6484,385,3,1559.23
16368,6485,491,3,3649.59
16369,6486,57,1,2811.97
16370,6486,281,1,1515.32
16371,6486,369,3,252.44
16372,6486,419,3,1528.88
16373,6487,48,2,1022.62
16374,6487,411,3,4247.59
16375,6488,453,2,2643.14
16376,6489,292,1,1268.39
16377,6489,85,1,138.27
16378,6490,237,1,1823.45
16379,6490,326,3,455.8
16380,6490,341,1,2720.45
16381,6490,267,3,2415.44
16382,6491,279,1,3105.03
16383,6492,474,1,4173.21
16384,6492,446,3,4069.49
16385,6493,455,3,327.73
16386,6493,205,3,3809.6
16387,6494,466,1,2977.77
16388,6494,4,3,1818.67
16389,6494,395,2,896.44
16390,6494,346,2,1523.44
16391,6495,123,2,2706.67
16392,6495,401,2,3107.38
16393,6495,184,2,2905.79
16394,6496,463,1,736.49
16395,6497,179,2,735.89
16396,6497,150,3,4216.16
16397,6498,268,1,4352.22
16398,6498,201,3,792.3
16399,6499,84,3,2530.84
16400,6499,157,1,89.74
16401,6499,414,1,628.83
16402,6499,9,3,579.93
16403,6500,496,1,4100.09
16404,6500,319,1,3265.78
16405,6500,74,1,1973.37
16406,6501,325,2,3594.36
16407,6501,177,2,4353.88
16408,6501,319,1,3265.78
16409,6501,39,3,4327.51
16410,6502,308,3,2771.2
16411,6503,336,1,65.72
16412,6504,393,3,4114.42
16413,6504,246,2,803.19
16414,6504,71,3,1294.35
16415,6505,315,1,1821.28
16416,6505,175,3,2807.82
16417,6506,13,2,765.28
16418,6507,116,3,2193.35
16419,6507,113,1,2679.2
16420,6507,110,2,3895.87
16421,6507,471,2,1761.98
16422,6508,420,2,3651.38
16423,6508,111,3,4210.12
16424,6508,486,3,1923.52
16425,6509,440,1,558.74
16426,6510,296,3,166.08
16427,6510,200,3,2091.31
16428,6510,201,3,792.3
16429,6511,121,3,4153.29
16430,6511,493,2,3838.93
16431,6512,371,1,1303.24
16432,6512,170,1,2134.36
16433,6512,379,1,4036.88
16434,6513,349,1,2697.61
16435,6514,348,2,1315.49
16436,6514,159,3,3480.05
16437,6514,156,2,2651.9
16438,6515,305,2,3907.15
16439,6515,73,1,3257.63
16440,6515,3,2,1677.12
16441,6515,229,1,1406.29
16442,6516,8,1,3324.23
16443,6516,499,1,3607.21
16444,6516,97,1,3525.33
16445,6516,348,3,1315.49
16446,6517,234,1,1339.53
16447,6517,169,1,880.49
16448,6517,316,2,2102.99
16449,6517,314,2,4333.54
16450,6518,294,1,2795.41
16451,6518,39,1,4327.51
16452,6519,4,2,1818.67
16453,6519,354,1,1353.11
16454,6520,118,3,742.94
16455,6521,68,1,2147.49
16456,6521,261,1,4256.04
16457,6521,391,3,1011.82
16458,6521,35,2,1359.42
16459,6522,305,2,3907.15
16460,6522,175,2,2807.82
16461,6523,453,1,2643.14
16462,6523,497,2,2037.61
16463,6523,59,1,1297.19
16464,6524,29,3,4140.34
16465,6524,330,2,245.38
16466,6524,253,3,2052.77
16467,6524,391,3,1011.82
16468,6525,107,1,1150.91
16469,6525,360,1,1327.98
16470,6526,179,2,735.89
16471,6526,53,2,1634.32
16472,6527,224,3,3647.12
16473,6527,428,1,552.35
16474,6527,273,1,1277.66
16475,6527,319,1,3265.78
16476,6528,147,1,4475.68
16477,6528,214,1,3709.4
16478,6528,83,2,1539.22
16479,6528,51,2,1127.15
16480,6529,288,3,576.82
16481,6529,91,2,4306.85
16482,6529,328,2,3284.59
16483,6530,204,3,4066.06
16484,6530,82,1,3783.42
16485,6530,33,3,2608.33
16486,6531,433,3,1833.63
16487,6531,307,3,3718.26
16488,6531,17,3,218.01
16489,6532,448,2,2414.09
16490,6532,153,2,934.32
16491,6532,39,2,4327.51
16492,6533,390,2,1703.55
16493,6533,225,1,4152.33
16494,6534,390,1,1703.55
16495,6534,285,2,1963.79
16496,6534,465,2,119.9
16497,6534,364,2,2241.64
16498,6535,279,2,3105.03
16499,6535,220,2,3317.48
16500,6535,466,2,2977.77
16501,6536,299,2,2236.93
16502,6536,184,3,2905.79
16503,6536,461,2,821.67
16504,6536,340,2,2069.14
16505,6537,165,1,3312.69
16506,6538,442,1,1420.76
16507,6538,188,2,2968.08
16508,6538,482,2,2869.91
16509,6538,426,3,3163.29
16510,6539,473,1,1103.54
16511,6539,144,1,3686.77
16512,6539,443,2,533.91
16513,6539,173,3,2460.15
16514,6540,161,3,317.23
16515,6541,448,2,2414.09
16516,6541,432,2,365.61
16517,6542,2,2,1212.8
16518,6542,159,2,3480.05
16519,6542,447,2,3419.0
16520,6542,85,3,138.27
16521,6543,317,3,4139.7
16522,6543,183,3,2209.9
16523,6543,24,1,804.2
16524,6543,435,2,1757.98
16525,6544,209,3,1652.04
16526,6544,430,2,616.9
16527,6544,4,1,1818.67
16528,6544,355,3,3874.37
16529,6545,259,1,807.92
16530,6545,191,3,3708.02
16531,6546,53,2,1634.32
16532,6546,214,2,3709.4
16533,6546,73,1,3257.63
16534,6547,15,3,4170.08
16535,6547,328,1,3284.59
16536,6548,172,1,2413.56
16537,6548,90,1,1745.77
16538,6549,288,1,576.82
16539,6549,7,3,2620.55
16540,6550,136,2,4376.88
16541,6550,359,1,3114.51
16542,6550,420,2,3651.38
16543,6551,125,1,1995.12
16544,6551,166,2,1643.85
16545,6551,490,3,802.4
16546,6551,369,2,252.44
16547,6552,303,3,344.31
16548,6552,437,1,2574.09
16549,6552,242,2,3506.63
16550,6553,68,3,2147.49
16551,6554,142,3,299.37
16552,6554,190,3,2533.19
16553,6554,386,1,3798.71
16554,6555,115,1,2897.05
16555,6555,460,2,1747.96
16556,6555,324,3,1162.87
16557,6556,293,3,635.38
16558,6556,312,3,2358.23
16559,6556,322,3,846.01
16560,6557,222,3,3177.67
16561,6558,115,3,2897.05
16562,6558,484,3,3514.45
16563,6558,179,3,735.89
16564,6559,74,3,1973.37
16565,6559,69,2,868.42
16566,6559,282,3,2953.5
16567,6560,41,3,567.39
16568,6560,67,3,882.83
16569,6560,4,1,1818.67
16570,6561,281,1,1515.32
16571,6562,342,2,1287.6
16572,6562,155,1,1982.02
16573,6562,387,1,883.84
16574,6562,295,1,1077.56
16575,6563,148,3,3480.93
16576,6564,123,1,2706.67
16577,6564,108,3,612.53
16578,6564,217,3,665.92
16579,6564,436,3,2679.82
16580,6565,476,1,1690.17
16581,6566,343,3,267.69
16582,6566,2,2,1212.8
16583,6566,145,3,4386.96
16584,6567,326,3,455.8
16585,6567,435,2,1757.98
16586,6567,53,3,1634.32
16587,6567,317,2,4139.7
16588,6568,15,3,4170.08
16589,6569,316,3,2102.99
16590,6569,252,1,1577.56
16591,6569,188,2,2968.08
16592,6570,184,2,2905.79
16593,6570,308,1,2771.2
16594,6570,377,1,3597.78
16595,6571,367,2,3595.46
16596,6572,9,3,579.93
16597,6572,347,2,1905.46
16598,6573,449,3,2039.86
16599,6574,280,2,729.73
16600,6574,322,2,846.01
16601,6575,292,2,1268.39
16602,6575,19,3,4337.71
16603,6575,427,2,2067.11
16604,6576,167,1,2209.59
16605,6576,169,3,880.49
16606,6577,160,1,456.74
16607,6577,62,3,1595.44
16608,6577,172,1,2413.56
16609,6578,235,2,1545.95
16610,6578,190,2,2533.19
16611,6579,429,2,1306.05
16612,6580,337,3,2090.96
16613,6580,463,2,736.49
16614,6580,16,1,1220.76
16615,6580,440,3,558.74
16616,6581,301,2,4168.19
16617,6581,142,1,299.37
16618,6581,58,1,3916.02
16619,6581,109,3,177.14
16620,6582,404,1,150.04
16621,6582,442,2,1420.76
16622,6582,285,3,1963.79
16623,6583,398,3,3061.39
16624,6583,402,2,1533.14
16625,6583,185,3,2389.91
16626,6584,249,3,3844.8
16627,6584,238,1,630.17
16628,6585,299,1,2236.93
16629,6585,318,2,2112.93
16630,6585,434,3,1134.43
16631,6585,68,3,2147.49
16632,6586,421,2,2576.66
16633,6587,289,2,3285.5
16634,6587,345,3,3018.13
16635,6587,344,1,1603.14
16636,6587,457,2,538.16
16637,6588,436,3,2679.82
16638,6589,255,1,2378.53
16639,6589,218,1,1161.86
16640,6590,87,3,2941.9
16641,6591,182,1,844.94
16642,6591,417,3,4016.18
16643,6592,14,3,3629.44
16644,6592,473,2,1103.54
16645,6593,301,2,4168.19
16646,6593,363,3,2258.97
16647,6593,399,1,212.66
16648,6594,488,1,3384.94
16649,6594,400,3,565.47
16650,6594,241,2,2382.9
16651,6595,451,2,1405.25
16652,6595,100,3,3288.59
16653,6595,288,3,576.82
16654,6596,103,3,2490.53
16655,6596,105,3,1217.91
16656,6596,245,3,2692.75
16657,6596,184,3,2905.79
16658,6597,304,1,3908.72
16659,6597,355,3,3874.37
16660,6597,44,3,2348.44
16661,6598,456,1,53.75
16662,6598,362,1,1624.65
16663,6598,271,3,748.67
16664,6598,255,3,2378.53
16665,6599,323,3,4036.29
16666,6600,62,3,1595.44
16667,6601,120,2,1326.09
16668,6601,408,3,1267.68
16669,6602,450,1,1383.82
16670,6602,343,1,267.69
16671,6602,480,1,443.59
16672,6603,137,1,3232.62
16673,6604,142,3,299.37
16674,6604,42,2,3559.52
16675,6605,343,2,267.69
16676,6606,75,2,3610.17
16677,6607,396,1,3938.76
16678,6607,309,3,2435.91
16679,6607,214,3,3709.4
16680,6607,123,2,2706.67
16681,6608,431,3,3595.57
16682,6609,99,3,794.57
16683,6610,89,1,3497.61
16684,6610,378,3,741.47
16685,6611,93,1,2774.78
16686,6611,451,2,1405.25
16687,6612,266,3,493.24
16688,6612,151,1,237.73
16689,6612,338,2,3643.17
16690,6613,310,2,3551.79
16691,6614,213,2,3857.96
16692,6615,244,1,1675.44
16693,6615,58,2,3916.02
16694,6615,412,1,1139.47
16695,6616,319,1,3265.78
16696,6616,303,3,344.31
16697,6616,9,3,579.93
16698,6617,262,1,1257.33
16699,6617,151,1,237.73
16700,6618,392,1,1715.26
16701,6618,50,3,2270.55
16702,6618,256,1,2822.54
16703,6619,437,1,2574.09
16704,6619,321,1,1799.15
16705,6620,253,2,2052.77
16706,6620,347,1,1905.46
16707,6620,142,1,299.37
16708,6620,108,1,612.53
16709,6621,379,3,4036.88
16710,6621,342,1,1287.6
16711,6621,243,2,448.7
16712,6622,255,1,2378.53
16713,6623,126,2,3330.17
16714,6623,472,3,2740.35
16715,6624,120,2,1326.09
16716,6625,390,1,1703.55
16717,6625,84,1,2530.84
16718,6626,439,3,3340.18
16719,6626,80,2,262.31
16720,6626,314,3,4333.54
16721,6627,284,1,3113.97
16722,6627,189,1,2132.86
16723,6627,148,1,3480.93
16724,6627,207,2,1121.22
16725,6628,5,1,3537.86
16726,6628,325,1,3594.36
16727,6628,28,3,2353.96
16728,6628,214,1,3709.4
16729,6629,422,1,2133.83
16730,6630,6,3,2537.97
16731,6630,235,2,1545.95
16732,6630,430,2,616.9
16733,6631,369,3,252.44
16734,6631,326,1,455.8
16735,6631,173,2,2460.15
16736,6632,425,1,1198.33
16737,6632,295,1,1077.56
16738,6633,455,2,327.73
16739,6633,371,1,1303.24
16740,6634,54,1,4144.84
16741,6635,132,2,657.98
16742,6635,474,3,4173.21
16743,6635,311,3,2083.21
16744,6636,14,3,3629.44
16745,6636,303,1,344.31
16746,6636,68,3,2147.49
16747,6637,261,3,4256.04
16748,6637,482,2,2869.91
16749,6637,300,2,1056.92
16750,6638,343,3,267.69
16751,6638,467,2,426.75
16752,6638,370,3,994.9
16753,6639,73,1,3257.63
16754,6639,181,3,2982.07
16755,6639,151,1,237.73
16756,6639,239,2,931.58
16757,6640,129,1,3643.71
16758,6640,403,3,2366.57
16759,6640,428,1,552.35
16760,6640,157,2,89.74
16761,6641,211,2,2701.14
16762,6641,119,3,3678.44
16763,6641,292,1,1268.39
16764,6642,417,1,4016.18
16765,6642,197,2,2586.62
16766,6642,167,2,2209.59
16767,6643,157,2,89.74
16768,6643,216,2,469.58
16769,6643,356,2,2384.68
16770,6644,409,2,2540.33
16771,6645,82,3,3783.42
16772,6645,163,3,2220.9
16773,6645,69,3,868.42
16774,6646,153,1,934.32
16775,6646,195,3,500.45
16776,6646,163,3,2220.9
16777,6646,443,1,533.91
16778,6647,129,1,3643.71
16779,6648,244,3,1675.44
16780,6649,80,3,262.31
16781,6649,40,1,4039.53
16782,6649,122,1,1383.27
16783,6650,360,2,1327.98
16784,6650,312,2,2358.23
16785,6650,317,2,4139.7
16786,6650,486,3,1923.52
16787,6651,316,2,2102.99
16788,6651,110,2,3895.87
16789,6652,459,2,2832.2
16790,6652,68,3,2147.49
16791,6652,384,1,344.65
16792,6652,398,2,3061.39
16793,6653,428,2,552.35
16794,6653,78,1,2350.68
16795,6653,84,1,2530.84
16796,6654,497,1,2037.61
16797,6654,391,3,1011.82
16798,6654,408,1,1267.68
16799,6655,141,1,1519.61
16800,6655,388,1,3188.43
16801,6656,244,1,1675.44
16802,6656,71,2,1294.35
16803,6656,93,1,2774.78
16804,6657,228,2,2870.8
16805,6658,307,2,3718.26
16806,6659,111,1,4210.12
16807,6659,422,3,2133.83
16808,6659,245,1,2692.75
16809,6660,121,3,4153.29
16810,6660,83,3,1539.22
16811,6660,306,3,1851.66
16812,6660,470,3,2072.05
16813,6661,481,2,3003.63
16814,6661,234,1,1339.53
16815,6661,108,1,612.53
16816,6661,116,1,2193.35
16817,6662,470,3,2072.05
16818,6662,272,2,1631.43
16819,6662,97,2,3525.33
16820,6663,350,1,4350.01
16821,6663,476,2,1690.17
16822,6663,280,1,729.73
16823,6664,486,3,1923.52
16824,6664,45,3,1154.75
16825,6665,410,2,1608.92
16826,6665,395,1,896.44
16827,6665,393,3,4114.42
16828,6666,286,3,2970.23
16829,6667,392,3,1715.26
16830,6667,260,3,2799.94
16831,6667,289,3,3285.5
16832,6668,271,1,748.67
16833,6669,410,3,1608.92
16834,6670,93,2,2774.78
16835,6670,288,3,576.82
16836,6670,62,3,1595.44
16837,6671,147,3,4475.68
16838,6671,70,1,3168.17
16839,6672,131,3,1887.42
16840,6672,98,3,2661.79
16841,6672,103,3,2490.53
16842,6672,337,2,2090.96
16843,6673,97,1,3525.33
16844,6673,416,1,1947.77
16845,6673,159,2,3480.05
16846,6674,365,2,1085.61
16847,6674,51,1,1127.15
16848,6674,394,3,3605.66
16849,6674,306,1,1851.66
16850,6675,26,3,4485.84
16851,6675,425,3,1198.33
16852,6675,474,1,4173.21
16853,6676,150,2,4216.16
16854,6676,76,1,3635.22
16855,6677,444,1,1506.97
16856,6678,349,3,2697.61
16857,6679,116,1,2193.35
16858,6679,58,1,3916.02
16859,6679,193,2,3317.64
16860,6679,99,3,794.57
16861,6680,2,3,1212.8
16862,6680,337,3,2090.96
16863,6681,392,2,1715.26
16864,6681,492,2,2207.18
16865,6681,88,3,1630.24
16866,6681,157,1,89.74
16867,6682,473,2,1103.54
16868,6683,459,1,2832.2
16869,6684,467,1,426.75
16870,6685,254,3,3343.06
16871,6685,318,3,2112.93
16872,6685,416,2,1947.77
16873,6686,26,1,4485.84
16874,6687,436,3,2679.82
16875,6687,58,3,3916.02
16876,6687,292,1,1268.39
16877,6688,392,3,1715.26
16878,6688,84,3,2530.84
16879,6688,144,2,3686.77
16880,6688,149,1,2154.07
16881,6689,226,2,1903.52
16882,6690,183,1,2209.9
16883,6691,44,3,2348.44
16884,6691,47,2,4194.71
16885,6692,260,2,2799.94
16886,6692,296,2,166.08
16887,6692,183,2,2209.9
16888,6692,55,1,2242.36
16889,6693,451,3,1405.25
16890,6694,27,2,3030.0
16891,6695,152,1,593.53
16892,6695,499,2,3607.21
16893,6695,11,2,1832.5
16894,6696,31,1,1596.26
16895,6696,60,1,620.69
16896,6696,341,1,2720.45
16897,6696,444,2,1506.97
16898,6697,174,2,2301.51
16899,6697,432,2,365.61
16900,6698,13,1,765.28
16901,6699,111,2,4210.12
16902,6700,385,2,1559.23
16903,6700,276,1,725.1
16904,6700,179,3,735.89
16905,6700,242,2,3506.63
16906,6701,281,2,1515.32
16907,6701,139,3,1571.51
16908,6702,382,3,2520.54
16909,6703,411,3,4247.59
16910,6703,466,1,2977.77
16911,6703,188,2,2968.08
16912,6704,441,1,2520.14
16913,6704,25,1,2964.84
16914,6705,304,1,3908.72
16915,6705,413,3,4020.48
16916,6706,99,1,794.57
16917,6706,209,2,1652.04
16918,6707,170,1,2134.36
16919,6707,423,1,2917.66
16920,6708,306,3,1851.66
16921,6708,340,1,2069.14
16922,6709,489,3,1208.97
16923,6709,387,1,883.84
16924,6710,79,2,1385.15
16925,6711,120,1,1326.09
16926,6711,226,2,1903.52
16927,6712,197,2,2586.62
16928,6713,286,1,2970.23
16929,6713,371,3,1303.24
16930,6713,478,2,4426.93
16931,6714,443,3,533.91
16932,6714,79,1,1385.15
16933,6715,145,2,4386.96
16934,6715,435,2,1757.98
16935,6715,456,3,53.75
16936,6716,254,1,3343.06
16937,6716,193,2,3317.64
16938,6716,114,3,2879.54
16939,6717,153,2,934.32
16940,6718,461,1,821.67
16941,6718,305,1,3907.15
16942,6718,488,2,3384.94
16943,6719,116,2,2193.35
16944,6719,182,1,844.94
16945,6719,383,1,3100.45
16946,6720,82,2,3783.42
16947,6720,131,2,1887.42
16948,6720,224,3,3647.12
16949,6720,218,1,1161.86
16950,6721,210,3,50.87
16951,6721,467,2,426.75
16952,6722,38,2,2556.1
16953,6722,253,3,2052.77
16954,6722,156,1,2651.9
16955,6722,330,2,245.38
16956,6723,385,1,1559.23
16957,6723,172,1,2413.56
16958,6723,482,2,2869.91
16959,6724,355,2,3874.37
16960,6724,23,3,2321.94
16961,6725,134,2,2239.38
16962,6725,497,3,2037.61
16963,6725,76,2,3635.22
16964,6725,188,3,2968.08
16965,6726,193,2,3317.64
16966,6727,247,3,2823.16
16967,6727,43,3,1073.19
16968,6728,21,2,3835.03
16969,6728,356,3,2384.68
16970,6728,332,3,771.45
16971,6728,97,2,3525.33
16972,6729,36,2,4307.36
16973,6729,56,1,4313.07
16974,6730,179,2,735.89
16975,6731,121,3,4153.29
16976,6731,455,3,327.73
16977,6731,453,2,2643.14
16978,6732,475,1,4403.14
16979,6732,48,3,1022.62
16980,6733,144,2,3686.77
16981,6733,416,1,1947.77
16982,6733,94,1,402.05
16983,6734,12,2,2782.41
16984,6734,347,1,1905.46
16985,6734,380,3,4178.67
16986,6735,313,3,224.67
16987,6735,500,3,4429.12
16988,6735,404,2,150.04
16989,6735,32,3,2748.32
16990,6736,272,3,1631.43
16991,6737,174,3,2301.51
16992,6737,270,3,1406.93
16993,6738,457,3,538.16
16994,6738,181,1,2982.07
16995,6738,258,2,4081.88
16996,6739,165,3,3312.69
16997,6739,135,2,270.86
16998,6739,325,2,3594.36
16999,6740,295,3,1077.56
17000,6740,290,2,4327.32
17001,6740,396,2,3938.76
17002,6740,390,1,1703.55
17003,6741,376,1,4154.14
17004,6741,150,3,4216.16
17005,6741,473,3,1103.54
17006,6742,375,2,3752.59
17007,6743,197,1,2586.62
17008,6743,272,2,1631.43
17009,6744,207,3,1121.22
17010,6744,264,2,3909.98
17011,6744,131,3,1887.42
17012,6745,32,2,2748.32
17013,6745,414,3,628.83
17014,6745,355,3,3874.37
17015,6746,465,1,119.9
17016,6746,411,2,4247.59
17017,6746,247,1,2823.16
17018,6746,475,1,4403.14
17019,6747,171,3,4119.41
17020,6748,279,2,3105.03
17021,6749,268,3,4352.22
17022,6749,346,2,1523.44
17023,6749,399,2,212.66
17024,6749,474,1,4173.21
17025,6750,434,3,1134.43
17026,6751,348,1,1315.49
17027,6751,464,2,608.69
17028,6752,247,3,2823.16
17029,6752,37,3,1163.13
17030,6752,331,3,2566.44
17031,6752,366,3,57.04
17032,6753,238,1,630.17
17033,6753,173,1,2460.15
17034,6754,461,1,821.67
17035,6754,55,3,2242.36
17036,6754,11,1,1832.5
17037,6754,450,3,1383.82
17038,6755,445,2,452.87
17039,6755,314,1,4333.54
17040,6755,329,2,4276.4
17041,6756,411,3,4247.59
17042,6757,180,1,2902.02
17043,6757,232,1,4488.28
17044,6757,29,1,4140.34
17045,6757,188,3,2968.08
17046,6758,193,1,3317.64
17047,6758,40,3,4039.53
17048,6759,34,2,2302.76
17049,6760,414,1,628.83
17050,6760,209,3,1652.04
17051,6760,141,2,1519.61
17052,6761,364,3,2241.64
17053,6761,289,2,3285.5
17054,6762,337,1,2090.96
17055,6763,219,2,458.98
17056,6763,253,3,2052.77
17057,6764,199,3,3459.96
17058,6765,79,3,1385.15
17059,6765,364,3,2241.64
17060,6766,21,1,3835.03
17061,6766,37,2,1163.13
17062,6766,492,1,2207.18
17063,6767,453,1,2643.14
17064,6767,18,3,2782.15
17065,6768,15,3,4170.08
17066,6768,317,2,4139.7
17067,6768,236,2,269.43
17068,6768,52,2,952.31
17069,6769,283,2,3610.47
17070,6770,410,1,1608.92
17071,6770,358,3,2403.81
17072,6770,120,1,1326.09
17073,6770,244,2,1675.44
17074,6771,230,3,2563.86
17075,6771,177,1,4353.88
17076,6772,159,1,3480.05
17077,6772,212,1,79.23
17078,6772,475,1,4403.14
17079,6772,25,2,2964.84
17080,6773,241,3,2382.9
17081,6773,150,3,4216.16
17082,6773,27,2,3030.0
17083,6773,1,1,738.76
17084,6774,263,1,1652.98
17085,6775,190,3,2533.19
17086,6775,323,3,4036.29
17087,6776,196,3,893.1
17088,6776,381,1,1382.08
17089,6776,444,2,1506.97
17090,6776,37,1,1163.13
17091,6777,270,2,1406.93
17092,6778,416,1,1947.77
17093,6778,233,1,2609.88
17094,6779,32,1,2748.32
17095,6779,425,1,1198.33
17096,6779,11,1,1832.5
17097,6779,52,1,952.31
17098,6780,87,3,2941.9
17099,6781,287,3,1462.86
17100,6781,425,1,1198.33
17101,6781,112,2,4364.46
17102,6781,448,1,2414.09
17103,6782,63,1,2084.52
17104,6783,376,2,4154.14
17105,6784,405,3,4020.0
17106,6784,138,3,451.38
17107,6785,3,2,1677.12
17108,6786,224,2,3647.12
17109,6786,316,1,2102.99
17110,6786,266,1,493.24
17111,6786,462,1,1761.45
17112,6787,315,1,1821.28
17113,6787,157,2,89.74
17114,6787,41,1,567.39
17115,6788,287,3,1462.86
17116,6788,77,1,648.4
17117,6789,58,2,3916.02
17118,6789,291,1,4205.27
17119,6789,196,3,893.1
17120,6790,260,1,2799.94
17121,6790,324,2,1162.87
17122,6790,198,2,3383.91
17123,6791,56,2,4313.07
17124,6791,33,1,2608.33
17125,6792,417,2,4016.18
17126,6792,168,2,2465.17
17127,6793,162,1,3170.91
17128,6793,168,3,2465.17
17129,6793,19,2,4337.71
17130,6793,498,3,3532.25
17131,6794,462,1,1761.45
17132,6794,367,3,3595.46
17133,6795,469,2,2739.71
17134,6795,167,3,2209.59
17135,6796,170,3,2134.36
17136,6797,486,2,1923.52
17137,6797,177,1,4353.88
17138,6797,317,1,4139.7
17139,6797,429,2,1306.05
17140,6798,496,3,4100.09
17141,6798,129,1,3643.71
17142,6799,111,1,4210.12
17143,6799,126,1,3330.17
17144,6799,495,1,113.2
17145,6799,192,3,3715.21
17146,6800,323,2,4036.29
17147,6800,165,2,3312.69
17148,6800,148,1,3480.93
17149,6800,258,3,4081.88
17150,6801,79,1,1385.15
17151,6801,2,1,1212.8
17152,6802,47,3,4194.71
17153,6802,354,1,1353.11
17154,6802,106,1,4195.57
17155,6802,316,1,2102.99
17156,6803,399,3,212.66
17157,6804,231,2,1032.55
17158,6804,218,2,1161.86
17159,6804,426,2,3163.29
17160,6804,375,3,3752.59
17161,6805,92,3,3644.34
17162,6805,262,2,1257.33
17163,6806,256,1,2822.54
17164,6807,23,2,2321.94
17165,6808,118,2,742.94
17166,6808,17,2,218.01
17167,6808,358,2,2403.81
17168,6808,297,2,646.69
17169,6809,90,3,1745.77
17170,6809,291,1,4205.27
17171,6809,194,3,4253.49
17172,6809,17,3,218.01
17173,6810,485,3,4081.95
17174,6810,334,3,3470.41
17175,6810,160,1,456.74
17176,6810,433,3,1833.63
17177,6811,132,3,657.98
17178,6812,63,3,2084.52
17179,6812,213,2,3857.96
17180,6812,153,2,934.32
17181,6812,421,2,2576.66
17182,6813,376,2,4154.14
17183,6813,156,2,2651.9
17184,6813,466,2,2977.77
17185,6814,368,3,3608.06
17186,6814,485,3,4081.95
17187,6814,61,2,2178.52
17188,6814,126,1,3330.17
17189,6815,102,2,1816.85
17190,6815,131,3,1887.42
17191,6815,86,3,4335.87
17192,6816,326,1,455.8
17193,6816,432,3,365.61
17194,6817,395,1,896.44
17195,6817,111,2,4210.12
17196,6817,75,2,3610.17
17197,6817,480,2,443.59
17198,6818,132,3,657.98
17199,6818,388,3,3188.43
17200,6818,376,2,4154.14
17201,6819,256,2,2822.54
17202,6819,441,3,2520.14
17203,6820,220,2,3317.48
17204,6820,353,3,3425.07
17205,6820,157,2,89.74
17206,6821,97,3,3525.33
17207,6822,369,1,252.44
17208,6823,330,2,245.38
17209,6823,52,1,952.31
17210,6824,213,3,3857.96
17211,6824,168,2,2465.17
17212,6824,388,2,3188.43
17213,6824,436,1,2679.82
17214,6825,111,1,4210.12
17215,6825,70,2,3168.17
17216,6826,371,2,1303.24
17217,6826,126,2,3330.17
17218,6826,112,2,4364.46
17219,6827,68,3,2147.49
17220,6827,397,3,687.66
17221,6828,418,3,3162.18
17222,6828,187,2,365.39
17223,6828,395,2,896.44
17224,6828,248,3,938.6
17225,6829,341,1,2720.45
17226,6829,3,3,1677.12
17227,6830,58,1,3916.02
17228,6831,415,2,274.53
17229,6831,326,3,455.8
17230,6832,38,2,2556.1
17231,6832,406,3,1325.22
17232,6832,314,2,4333.54
17233,6832,40,2,4039.53
17234,6833,51,2,1127.15
17235,6834,59,1,1297.19
17236,6835,384,1,344.65
17237,6835,396,3,3938.76
17238,6835,271,2,748.67
17239,6836,109,2,177.14
17240,6836,36,1,4307.36
17241,6837,83,1,1539.22
17242,6837,281,2,1515.32
17243,6837,38,3,2556.1
17244,6838,449,2,2039.86
17245,6838,370,1,994.9
17246,6838,471,3,1761.98
17247,6838,208,1,3457.4
17248,6839,104,3,2381.72
17249,6839,460,2,1747.96
17250,6839,308,1,2771.2
17251,6839,230,2,2563.86
17252,6840,420,1,3651.38
17253,6840,381,1,1382.08
17254,6840,311,2,2083.21
17255,6840,386,1,3798.71
17256,6841,336,3,65.72
17257,6842,32,1,2748.32
17258,6843,151,1,237.73
17259,6843,114,1,2879.54
17260,6843,8,2,3324.23
17261,6844,116,3,2193.35
17262,6844,71,2,1294.35
17263,6844,385,2,1559.23
17264,6844,8,2,3324.23
17265,6845,75,2,3610.17
17266,6845,229,3,1406.29
17267,6845,330,1,245.38
17268,6846,428,3,552.35
17269,6847,196,1,893.1
17270,6847,443,1,533.91
17271,6848,415,1,274.53
17272,6848,228,3,2870.8
17273,6848,214,3,3709.4
17274,6848,378,1,741.47
17275,6849,159,1,3480.05
17276,6850,383,1,3100.45
17277,6851,174,3,2301.51
17278,6851,118,2,742.94
17279,6851,441,1,2520.14
17280,6851,306,2,1851.66
17281,6852,137,1,3232.62
17282,6853,370,3,994.9
17283,6853,459,1,2832.2
17284,6853,150,1,4216.16
17285,6853,69,2,868.42
17286,6854,375,1,3752.59
17287,6854,196,2,893.1
17288,6854,455,1,327.73
17289,6855,427,3,2067.11
17290,6855,464,3,608.69
17291,6856,212,2,79.23
17292,6857,363,3,2258.97
17293,6857,371,3,1303.24
17294,6857,69,3,868.42
17295,6858,466,1,2977.77
17296,6858,160,2,456.74
17297,6858,447,3,3419.0
17298,6859,337,1,2090.96
17299,6859,243,3,448.7
17300,6859,133,3,2798.9
17301,6860,251,1,3915.95
17302,6860,450,3,1383.82
17303,6860,173,3,2460.15
17304,6861,411,2,4247.59
17305,6861,422,2,2133.83
17306,6861,83,3,1539.22
17307,6861,334,2,3470.41
17308,6862,96,2,2743.96
17309,6862,474,2,4173.21
17310,6863,355,3,3874.37
17311,6863,152,3,593.53
17312,6863,14,2,3629.44
17313,6864,63,1,2084.52
17314,6864,11,1,1832.5
17315,6865,326,2,455.8
17316,6865,303,1,344.31
17317,6865,313,1,224.67
17318,6866,229,2,1406.29
17319,6866,270,2,1406.93
17320,6866,165,1,3312.69
17321,6866,410,3,1608.92
17322,6867,370,2,994.9
17323,6868,361,2,1205.49
17324,6868,318,1,2112.93
17325,6868,280,3,729.73
17326,6868,195,2,500.45
17327,6869,435,1,1757.98
17328,6869,402,1,1533.14
17329,6870,411,3,4247.59
17330,6870,124,1,1712.72
17331,6870,475,1,4403.14
17332,6871,336,3,65.72
17333,6871,178,2,2382.11
17334,6872,305,3,3907.15
17335,6872,172,1,2413.56
17336,6873,205,2,3809.6
17337,6873,355,2,3874.37
17338,6873,106,3,4195.57
17339,6874,55,2,2242.36
17340,6874,90,1,1745.77
17341,6875,186,2,268.43
17342,6875,272,1,1631.43
17343,6875,369,1,252.44
17344,6876,49,1,4264.68
17345,6876,378,1,741.47
17346,6877,180,3,2902.02
17347,6877,63,1,2084.52
17348,6877,252,2,1577.56
17349,6877,122,3,1383.27
17350,6878,211,2,2701.14
17351,6878,73,3,3257.63
17352,6879,64,1,2097.31
17353,6879,173,2,2460.15
17354,6880,297,3,646.69
17355,6880,159,2,3480.05
17356,6880,160,3,456.74
17357,6880,113,2,2679.2
17358,6881,235,1,1545.95
17359,6882,166,3,1643.85
17360,6882,487,3,1336.98
17361,6883,179,3,735.89
17362,6883,459,3,2832.2
17363,6884,468,1,3877.68
17364,6885,402,3,1533.14
17365,6885,421,1,2576.66
17366,6885,143,2,2467.2
17367,6886,82,1,3783.42
17368,6886,370,3,994.9
17369,6886,466,2,2977.77
17370,6886,248,2,938.6
17371,6887,345,1,3018.13
17372,6887,399,1,212.66
17373,6888,43,3,1073.19
17374,6888,393,3,4114.42
17375,6888,79,3,1385.15
17376,6888,1,1,738.76
17377,6889,339,2,1108.56
17378,6889,274,3,3960.11
17379,6889,370,2,994.9
17380,6889,361,1,1205.49
17381,6890,247,1,2823.16
17382,6890,170,2,2134.36
17383,6890,53,3,1634.32
17384,6890,162,2,3170.91
17385,6891,25,3,2964.84
17386,6891,355,2,3874.37
17387,6892,19,2,4337.71
17388,6892,424,3,1081.04
17389,6892,197,3,2586.62
17390,6893,351,3,4195.09
17391,6894,376,2,4154.14
17392,6894,280,3,729.73
17393,6895,266,2,493.24
17394,6895,169,2,880.49
17395,6895,290,1,4327.32
17396,6895,441,2,2520.14
17397,6896,421,1,2576.66
17398,6896,293,1,635.38
17399,6896,122,1,1383.27
17400,6897,164,2,3559.1
17401,6898,160,1,456.74
17402,6898,494,2,2790.3
17403,6898,15,3,4170.08
17404,6899,51,1,1127.15
17405,6899,266,2,493.24
17406,6900,367,1,3595.46
17407,6901,128,2,1116.05
17408,6901,87,3,2941.9
17409,6901,119,1,3678.44
17410,6901,351,3,4195.09
17411,6902,444,3,1506.97
17412,6902,88,3,1630.24
17413,6902,75,1,3610.17
17414,6903,420,1,3651.38
17415,6903,182,3,844.94
17416,6903,205,1,3809.6
17417,6903,48,2,1022.62
17418,6904,410,3,1608.92
17419,6904,318,2,2112.93
17420,6905,332,3,771.45
17421,6906,262,2,1257.33
17422,6906,149,2,2154.07
17423,6906,349,2,2697.61
17424,6907,16,2,1220.76
17425,6907,3,3,1677.12
17426,6908,401,3,3107.38
17427,6908,173,2,2460.15
17428,6908,418,3,3162.18
17429,6909,241,3,2382.9
17430,6909,472,2,2740.35
17431,6909,149,2,2154.07
17432,6909,63,3,2084.52
17433,6910,445,1,452.87
17434,6910,52,1,952.31
17435,6910,257,2,3159.46
17436,6911,103,1,2490.53
17437,6911,388,2,3188.43
17438,6912,440,1,558.74
17439,6912,403,3,2366.57
17440,6913,101,3,3168.1
17441,6913,21,2,3835.03
17442,6913,171,2,4119.41
17443,6913,234,3,1339.53
17444,6914,207,1,1121.22
17445,6914,448,1,2414.09
17446,6914,29,2,4140.34
17447,6914,233,1,2609.88
17448,6915,369,2,252.44
17449,6915,196,3,893.1
17450,6915,219,3,458.98
17451,6915,23,3,2321.94
17452,6916,10,2,4274.14
17453,6916,264,3,3909.98
17454,6916,480,1,443.59
17455,6917,42,3,3559.52
17456,6917,486,3,1923.52
17457,6917,25,2,2964.84
17458,6917,216,2,469.58
17459,6918,441,1,2520.14
17460,6918,434,1,1134.43
17461,6918,377,2,3597.78
17462,6919,255,1,2378.53
17463,6919,139,3,1571.51
17464,6919,444,3,1506.97
17465,6920,33,2,2608.33
17466,6920,93,1,2774.78
17467,6920,345,3,3018.13
17468,6921,101,3,3168.1
17469,6921,292,2,1268.39
17470,6921,224,3,3647.12
17471,6922,163,2,2220.9
17472,6922,299,1,2236.93
17473,6923,3,1,1677.12
17474,6924,4,3,1818.67
17475,6924,462,2,1761.45
17476,6925,199,3,3459.96
17477,6926,272,3,1631.43
17478,6926,455,1,327.73
17479,6927,364,3,2241.64
17480,6927,347,3,1905.46
17481,6928,245,3,2692.75
17482,6928,42,1,3559.52
17483,6929,287,1,1462.86
17484,6929,431,3,3595.57
17485,6930,449,2,2039.86
17486,6930,310,2,3551.79
17487,6930,66,1,1498.19
17488,6930,50,1,2270.55
17489,6931,239,3,931.58
17490,6932,234,1,1339.53
17491,6932,216,1,469.58
17492,6932,382,3,2520.54
17493,6933,495,3,113.2
17494,6934,365,2,1085.61
17495,6934,226,3,1903.52
17496,6934,351,1,4195.09
17497,6934,432,1,365.61
17498,6935,68,1,2147.49
17499,6935,157,2,89.74
17500,6935,306,1,1851.66
17501,6935,401,3,3107.38
17502,6936,87,1,2941.9
17503,6936,262,2,1257.33
17504,6937,173,2,2460.15
17505,6937,407,2,3036.5
17506,6937,384,1,344.65
17507,6937,42,1,3559.52
17508,6938,43,3,1073.19
17509,6938,434,2,1134.43
17510,6939,292,1,1268.39
17511,6939,126,2,3330.17
17512,6939,60,1,620.69
17513,6940,347,1,1905.46
17514,6940,487,2,1336.98
17515,6940,219,2,458.98
17516,6940,410,3,1608.92
17517,6941,488,2,3384.94
17518,6941,252,3,1577.56
17519,6942,33,3,2608.33
17520,6942,48,1,1022.62
17521,6942,442,2,1420.76
17522,6943,386,2,3798.71
17523,6943,450,1,1383.82
17524,6943,218,2,1161.86
17525,6943,321,1,1799.15
17526,6944,234,1,1339.53
17527,6945,49,3,4264.68
17528,6945,393,3,4114.42
17529,6945,169,1,880.49
17530,6945,129,2,3643.71
17531,6946,274,3,3960.11
17532,6946,48,1,1022.62
17533,6947,63,2,2084.52
17534,6947,120,1,1326.09
17535,6947,402,1,1533.14
17536,6948,146,1,3481.95
17537,6948,206,3,1966.12
17538,6949,160,3,456.74
17539,6949,304,3,3908.72
17540,6949,213,2,3857.96
17541,6949,433,2,1833.63
17542,6950,155,2,1982.02
17543,6950,331,3,2566.44
17544,6950,382,2,2520.54
17545,6950,152,2,593.53
17546,6951,276,3,725.1
17547,6951,73,2,3257.63
17548,6951,59,1,1297.19
17549,6952,55,1,2242.36
17550,6952,389,2,1258.16
17551,6953,262,2,1257.33
17552,6953,279,2,3105.03
17553,6953,481,2,3003.63
17554,6954,461,2,821.67
17555,6955,112,1,4364.46
17556,6956,34,3,2302.76
17557,6956,107,2,1150.91
17558,6956,159,2,3480.05
17559,6957,280,3,729.73
17560,6958,166,3,1643.85
17561,6958,355,2,3874.37
17562,6958,215,3,2525.64
17563,6958,318,3,2112.93
17564,6959,280,2,729.73
17565,6959,252,2,1577.56
17566,6960,453,2,2643.14
17567,6960,252,1,1577.56
17568,6960,41,1,567.39
17569,6960,117,2,2016.28
17570,6961,329,3,4276.4
17571,6961,411,3,4247.59
17572,6962,135,1,270.86
17573,6962,443,1,533.91
17574,6963,189,1,2132.86
17575,6963,398,3,3061.39
17576,6963,235,3,1545.95
17577,6963,424,3,1081.04
17578,6964,216,2,469.58
17579,6964,430,1,616.9
17580,6964,196,3,893.1
17581,6964,188,1,2968.08
17582,6965,419,1,1528.88
17583,6965,256,3,2822.54
17584,6965,324,1,1162.87
17585,6965,26,1,4485.84
17586,6966,226,2,1903.52
17587,6966,438,2,1100.89
17588,6966,349,2,2697.61
17589,6966,250,1,1131.56
17590,6967,442,3,1420.76
17591,6968,104,1,2381.72
17592,6968,300,3,1056.92
17593,6968,241,1,2382.9
17594,6969,361,1,1205.49
17595,6969,29,1,4140.34
17596,6970,19,1,4337.71
17597,6970,319,2,3265.78
17598,6970,377,3,3597.78
17599,6971,245,3,2692.75
17600,6971,377,1,3597.78
17601,6972,102,1,1816.85
17602,6972,352,1,1486.56
17603,6972,374,1,3273.57
17604,6972,472,1,2740.35
17605,6973,224,2,3647.12
17606,6974,145,2,4386.96
17607,6974,462,1,1761.45
17608,6974,224,3,3647.12
17609,6974,360,2,1327.98
17610,6975,261,3,4256.04
17611,6975,405,3,4020.0
17612,6975,256,2,2822.54
17613,6975,367,3,3595.46
17614,6976,180,3,2902.02
17615,6976,438,3,1100.89
17616,6976,257,3,3159.46
17617,6977,318,2,2112.93
17618,6977,376,3,4154.14
17619,6977,451,3,1405.25
17620,6977,183,2,2209.9
17621,6978,51,2,1127.15
17622,6979,235,3,1545.95
17623,6980,214,3,3709.4
17624,6980,35,1,1359.42
17625,6980,332,2,771.45
17626,6981,410,3,1608.92
17627,6981,116,3,2193.35
17628,6982,50,3,2270.55
17629,6982,11,3,1832.5
17630,6982,276,3,725.1
17631,6983,486,2,1923.52
17632,6983,69,3,868.42
17633,6984,201,3,792.3
17634,6984,267,3,2415.44
17635,6984,439,3,3340.18
17636,6984,218,3,1161.86
17637,6985,75,1,3610.17
17638,6985,10,1,4274.14
17639,6985,11,2,1832.5
17640,6986,31,1,1596.26
17641,6986,329,2,4276.4
17642,6986,117,1,2016.28
17643,6987,49,1,4264.68
17644,6987,50,1,2270.55
17645,6987,140,3,4490.94
17646,6988,209,1,1652.04
17647,6988,192,1,3715.21
17648,6988,433,2,1833.63
17649,6988,49,1,4264.68
17650,6989,308,2,2771.2
17651,6989,192,1,3715.21
17652,6989,244,1,1675.44
17653,6990,442,3,1420.76
17654,6990,353,2,3425.07
17655,6990,37,3,1163.13
17656,6990,16,3,1220.76
17657,6991,387,3,883.84
17658,6991,368,2,3608.06
17659,6992,155,2,1982.02
17660,6993,268,2,4352.22
17661,6993,490,3,802.4
17662,6994,204,3,4066.06
17663,6994,36,2,4307.36
17664,6994,74,2,1973.37
17665,6994,356,2,2384.68
17666,6995,78,1,2350.68
17667,6995,59,2,1297.19
17668,6995,487,2,1336.98
17669,6995,326,3,455.8
17670,6996,207,2,1121.22
17671,6996,385,3,1559.23
17672,6996,35,1,1359.42
17673,6997,177,3,4353.88
17674,6998,479,3,2118.97
17675,6998,341,3,2720.45
17676,6999,351,2,4195.09
17677,6999,451,3,1405.25
17678,7000,126,1,3330.17
17679,7000,477,1,406.28
17680,7000,34,1,2302.76
17681,7001,296,2,166.08
17682,7001,473,1,1103.54
17683,7001,22,1,1322.73
17684,7002,144,3,3686.77
17685,7002,54,2,4144.84
17686,7003,111,2,4210.12
17687,7004,94,2,402.05
17688,7004,453,3,2643.14
17689,7004,125,1,1995.12
17690,7005,40,2,4039.53
17691,7005,105,3,1217.91
17692,7006,160,2,456.74
17693,7006,33,3,2608.33
17694,7007,64,2,2097.31
17695,7007,411,2,4247.59
17696,7007,263,1,1652.98
17697,7007,294,1,2795.41
17698,7008,402,3,1533.14
17699,7008,452,3,3244.17
17700,7008,241,3,2382.9
17701,7008,311,2,2083.21
17702,7009,493,3,3838.93
17703,7009,485,3,4081.95
17704,7010,51,1,1127.15
17705,7010,18,2,2782.15
17706,7011,254,2,3343.06
17707,7011,457,3,538.16
17708,7012,42,2,3559.52
17709,7012,363,1,2258.97
17710,7013,393,2,4114.42
17711,7013,173,3,2460.15
17712,7013,11,3,1832.5
17713,7013,375,2,3752.59
17714,7014,42,1,3559.52
17715,7014,116,2,2193.35
17716,7015,340,3,2069.14
17717,7016,301,1,4168.19
17718,7016,200,3,2091.31
17719,7016,419,2,1528.88
17720,7017,48,2,1022.62
17721,7017,313,1,224.67
17722,7017,203,2,4493.03
17723,7018,142,2,299.37
17724,7019,27,3,3030.0
17725,7019,218,3,1161.86
17726,7019,163,3,2220.9
17727,7019,475,2,4403.14
17728,7020,84,1,2530.84
17729,7020,428,2,552.35
17730,7020,395,3,896.44
17731,7020,473,2,1103.54
17732,7021,237,2,1823.45
17733,7021,50,1,2270.55
17734,7021,347,1,1905.46
17735,7021,453,1,2643.14
17736,7022,438,3,1100.89
17737,7022,356,3,2384.68
17738,7023,253,2,2052.77
17739,7024,1,2,738.76
17740,7024,341,3,2720.45
17741,7024,442,1,1420.76
17742,7024,386,1,3798.71
17743,7025,88,2,1630.24
17744,7025,332,3,771.45
17745,7026,397,2,687.66
17746,7026,83,2,1539.22
17747,7026,378,1,741.47
17748,7026,142,2,299.37
17749,7027,486,3,1923.52
17750,7027,101,1,3168.1
17751,7027,1,1,738.76
17752,7028,257,2,3159.46
17753,7028,327,2,1665.1
17754,7028,387,2,883.84
17755,7028,21,2,3835.03
17756,7029,378,3,741.47
17757,7029,306,3,1851.66
17758,7029,45,2,1154.75
17759,7030,308,2,2771.2
17760,7030,334,3,3470.41
17761,7030,262,2,1257.33
17762,7031,358,1,2403.81
17763,7031,92,1,3644.34
17764,7032,86,3,4335.87
17765,7032,194,2,4253.49
17766,7033,14,2,3629.44
17767,7033,332,2,771.45
17768,7033,351,2,4195.09
17769,7033,106,3,4195.57
17770,7034,273,2,1277.66
17771,7034,189,2,2132.86
17772,7034,403,2,2366.57
17773,7034,440,3,558.74
17774,7035,455,3,327.73
17775,7035,167,1,2209.59
17776,7035,110,2,3895.87
17777,7035,3,3,1677.12
17778,7036,148,3,3480.93
17779,7036,106,1,4195.57
17780,7036,10,1,4274.14
17781,7036,467,1,426.75
17782,7037,89,2,3497.61
17783,7037,178,2,2382.11
17784,7038,133,1,2798.9
17785,7039,84,2,2530.84
17786,7039,216,2,469.58
17787,7040,355,2,3874.37
17788,7040,409,3,2540.33
17789,7041,293,2,635.38
17790,7042,190,3,2533.19
17791,7042,496,3,4100.09
17792,7042,379,2,4036.88
17793,7043,51,3,1127.15
17794,7043,147,1,4475.68
17795,7044,217,3,665.92
17796,7044,91,2,4306.85
17797,7044,75,2,3610.17
17798,7044,414,2,628.83
17799,7045,2,3,1212.8
17800,7045,104,3,2381.72
17801,7045,285,1,1963.79
17802,7045,78,2,2350.68
17803,7046,32,1,2748.32
17804,7047,131,3,1887.42
17805,7047,162,3,3170.91
17806,7048,140,3,4490.94
17807,7048,58,3,3916.02
17808,7048,323,1,4036.29
17809,7048,236,3,269.43
17810,7049,314,3,4333.54
17811,7049,245,3,2692.75
17812,7049,309,1,2435.91
17813,7049,126,3,3330.17
17814,7050,126,1,3330.17
17815,7050,259,3,807.92
17816,7051,270,2,1406.93
17817,7051,229,3,1406.29
17818,7052,283,2,3610.47
17819,7052,369,3,252.44
17820,7053,177,1,4353.88
17821,7053,263,2,1652.98
17822,7054,286,3,2970.23
17823,7054,446,2,4069.49
17824,7055,467,2,426.75
17825,7056,93,1,2774.78
17826,7056,381,2,1382.08
17827,7056,73,1,3257.63
17828,7057,414,3,628.83
17829,7057,424,3,1081.04
17830,7057,326,3,455.8
17831,7057,309,1,2435.91
17832,7058,279,3,3105.03
17833,7058,500,3,4429.12
17834,7058,252,2,1577.56
17835,7058,120,1,1326.09
17836,7059,297,3,646.69
17837,7060,193,3,3317.64
17838,7061,473,2,1103.54
17839,7061,469,1,2739.71
17840,7061,306,3,1851.66
17841,7062,476,2,1690.17
17842,7062,107,1,1150.91
17843,7063,30,2,3742.45
17844,7063,278,1,4324.7
17845,7063,203,3,4493.03
17846,7064,210,3,50.87
17847,7064,340,2,2069.14
17848,7065,274,1,3960.11
17849,7065,46,2,3382.11
17850,7066,226,3,1903.52
17851,7066,234,2,1339.53
17852,7066,380,2,4178.67
17853,7066,228,3,2870.8
17854,7067,360,2,1327.98
17855,7067,309,1,2435.91
17856,7068,312,1,2358.23
17857,7069,334,2,3470.41
17858,7069,296,2,166.08
17859,7069,225,3,4152.33
17860,7070,112,2,4364.46
17861,7070,17,1,218.01
17862,7071,144,1,3686.77
17863,7071,22,2,1322.73
17864,7071,343,1,267.69
17865,7071,218,2,1161.86
17866,7072,29,3,4140.34
17867,7073,124,2,1712.72
17868,7073,78,3,2350.68
17869,7074,256,1,2822.54
17870,7074,97,3,3525.33
17871,7074,200,3,2091.31
17872,7074,180,2,2902.02
17873,7075,315,3,1821.28
17874,7076,387,1,883.84
17875,7076,202,3,2295.88
17876,7076,42,2,3559.52
17877,7076,109,1,177.14
17878,7077,122,2,1383.27
17879,7077,484,1,3514.45
17880,7077,187,2,365.39
17881,7077,498,2,3532.25
17882,7078,435,2,1757.98
17883,7078,105,2,1217.91
17884,7078,307,1,3718.26
17885,7078,282,2,2953.5
17886,7079,18,1,2782.15
17887,7079,6,3,2537.97
17888,7079,239,3,931.58
17889,7080,432,3,365.61
17890,7080,117,3,2016.28
17891,7080,261,3,4256.04
17892,7081,269,1,145.62
17893,7081,397,1,687.66
17894,7081,448,3,2414.09
17895,7082,223,3,2698.78
17896,7082,461,3,821.67
17897,7082,352,1,1486.56
17898,7082,478,3,4426.93
17899,7083,331,2,2566.44
17900,7083,409,3,2540.33
17901,7083,449,1,2039.86
17902,7084,34,3,2302.76
17903,7084,447,1,3419.0
17904,7084,137,2,3232.62
17905,7085,383,3,3100.45
17906,7085,115,2,2897.05
17907,7085,177,2,4353.88
17908,7085,370,2,994.9
17909,7086,429,2,1306.05
17910,7086,147,1,4475.68
17911,7087,431,2,3595.57
17912,7087,151,1,237.73
17913,7087,317,3,4139.7
17914,7087,290,1,4327.32
17915,7088,256,3,2822.54
17916,7088,370,3,994.9
17917,7088,471,2,1761.98
17918,7088,294,2,2795.41
17919,7089,77,1,648.4
17920,7089,83,3,1539.22
17921,7090,158,3,2164.95
17922,7090,446,3,4069.49
17923,7090,465,1,119.9
17924,7090,194,2,4253.49
17925,7091,122,1,1383.27
17926,7091,487,1,1336.98
17927,7092,255,1,2378.53
17928,7092,6,2,2537.97
17929,7093,380,2,4178.67
17930,7093,31,2,1596.26
17931,7093,439,3,3340.18
17932,7094,392,3,1715.26
17933,7094,458,3,1096.82
17934,7094,355,1,3874.37
17935,7094,224,3,3647.12
17936,7095,460,2,1747.96
17937,7096,130,2,2935.63
17938,7097,446,2,4069.49
17939,7097,284,3,3113.97
17940,7098,60,2,620.69
17941,7099,80,1,262.31
17942,7100,176,1,1112.6
17943,7100,447,2,3419.0
17944,7100,4,3,1818.67
17945,7100,28,3,2353.96
17946,7101,487,2,1336.98
17947,7102,272,2,1631.43
17948,7102,453,3,2643.14
17949,7102,475,1,4403.14
17950,7103,443,2,533.91
17951,7103,74,2,1973.37
17952,7104,183,2,2209.9
17953,7104,484,1,3514.45
17954,7104,224,1,3647.12
17955,7105,66,2,1498.19
17956,7105,50,3,2270.55
17957,7106,144,1,3686.77
17958,7106,393,3,4114.42
17959,7106,43,3,1073.19
17960,7107,336,2,65.72
17961,7107,44,2,2348.44
17962,7107,466,3,2977.77
17963,7108,107,1,1150.91
17964,7108,481,1,3003.63
17965,7109,163,2,2220.9
17966,7110,301,2,4168.19
17967,7110,468,1,3877.68
17968,7110,22,2,1322.73
17969,7111,307,1,3718.26
17970,7111,190,2,2533.19
17971,7111,363,1,2258.97
17972,7111,34,2,2302.76
17973,7112,334,1,3470.41
17974,7113,266,2,493.24
17975,7113,437,2,2574.09
17976,7114,361,3,1205.49
17977,7115,33,2,2608.33
17978,7116,13,2,765.28
17979,7116,352,3,1486.56
17980,7117,427,1,2067.11
17981,7117,272,1,1631.43
17982,7118,161,2,317.23
17983,7118,68,3,2147.49
17984,7118,280,3,729.73
17985,7119,70,1,3168.17
17986,7119,259,1,807.92
17987,7119,296,3,166.08
17988,7119,493,1,3838.93
17989,7120,29,1,4140.34
17990,7120,185,3,2389.91
17991,7120,74,2,1973.37
17992,7121,165,2,3312.69
17993,7122,287,1,1462.86
17994,7123,293,1,635.38
17995,7124,335,1,854.1
17996,7124,210,2,50.87
17997,7125,382,2,2520.54
17998,7125,271,2,748.67
17999,7125,291,2,4205.27
18000,7126,281,2,1515.32
18001,7127,493,1,3838.93
18002,7127,8,3,3324.23
18003,7127,305,2,3907.15
18004,7128,158,3,2164.95
18005,7128,236,1,269.43
18006,7128,36,2,4307.36
18007,7129,352,2,1486.56
18008,7130,262,3,1257.33
18009,7130,235,2,1545.95
18010,7130,157,1,89.74
18011,7131,205,1,3809.6
18012,7131,195,1,500.45
18013,7131,79,3,1385.15
18014,7132,427,2,2067.11
18015,7133,4,2,1818.67
18016,7133,300,3,1056.92
18017,7133,333,2,278.33
18018,7133,159,1,3480.05
18019,7134,6,1,2537.97
18020,7134,440,3,558.74
18021,7134,50,3,2270.55
18022,7135,470,1,2072.05
18023,7135,172,2,2413.56
18024,7136,322,2,846.01
18025,7136,192,1,3715.21
18026,7136,441,2,2520.14
18027,7136,193,1,3317.64
18028,7137,317,3,4139.7
18029,7137,11,2,1832.5
18030,7137,428,3,552.35
18031,7138,357,2,308.92
18032,7138,235,2,1545.95
18033,7138,220,3,3317.48
18034,7139,423,2,2917.66
18035,7139,412,3,1139.47
18036,7140,299,3,2236.93
18037,7140,50,2,2270.55
18038,7141,137,3,3232.62
18039,7141,116,3,2193.35
18040,7141,237,1,1823.45
18041,7141,78,3,2350.68
18042,7142,167,1,2209.59
18043,7142,446,1,4069.49
18044,7143,414,1,628.83
18045,7143,434,1,1134.43
18046,7143,10,1,4274.14
18047,7143,304,2,3908.72
18048,7144,465,1,119.9
18049,7144,401,2,3107.38
18050,7144,140,1,4490.94
18051,7144,255,2,2378.53
18052,7145,87,1,2941.9
18053,7145,42,1,3559.52
18054,7146,67,2,882.83
18055,7147,391,2,1011.82
18056,7147,345,2,3018.13
18057,7147,69,1,868.42
18058,7147,121,3,4153.29
18059,7148,401,1,3107.38
18060,7149,4,3,1818.67
18061,7149,314,1,4333.54
18062,7150,135,2,270.86
18063,7151,128,3,1116.05
18064,7151,252,1,1577.56
18065,7152,159,1,3480.05
18066,7152,198,1,3383.91
18067,7153,264,2,3909.98
18068,7153,227,3,3377.17
18069,7154,412,2,1139.47
18070,7154,187,2,365.39
18071,7155,494,2,2790.3
18072,7155,461,2,821.67
18073,7155,465,3,119.9
18074,7155,283,1,3610.47
18075,7156,472,1,2740.35
18076,7156,284,1,3113.97
18077,7156,21,3,3835.03
18078,7157,465,3,119.9
18079,7157,285,2,1963.79
18080,7157,295,3,1077.56
18081,7158,279,2,3105.03
18082,7158,60,2,620.69
18083,7159,443,1,533.91
18084,7159,457,2,538.16
18085,7159,28,2,2353.96
18086,7160,351,3,4195.09
18087,7160,279,3,3105.03
18088,7161,233,3,2609.88
18089,7161,277,3,660.81
18090,7161,55,1,2242.36
18091,7162,233,3,2609.88
18092,7162,318,2,2112.93
18093,7162,495,3,113.2
18094,7162,467,3,426.75
18095,7163,410,2,1608.92
18096,7164,178,3,2382.11
18097,7165,490,2,802.4
18098,7166,219,3,458.98
18099,7166,209,3,1652.04
18100,7166,48,3,1022.62
18101,7167,130,1,2935.63
18102,7167,57,1,2811.97
18103,7167,233,1,2609.88
18104,7168,471,1,1761.98
18105,7168,187,2,365.39
18106,7168,213,2,3857.96
18107,7168,432,2,365.61
18108,7169,149,2,2154.07
18109,7169,439,3,3340.18
18110,7169,402,2,1533.14
18111,7170,398,3,3061.39
18112,7170,448,3,2414.09
18113,7171,113,2,2679.2
18114,7171,255,2,2378.53
18115,7171,477,2,406.28
18116,7171,411,2,4247.59
18117,7172,317,1,4139.7
18118,7172,307,3,3718.26
18119,7172,24,1,804.2
18120,7173,145,1,4386.96
18121,7173,473,1,1103.54
18122,7173,397,3,687.66
18123,7174,428,2,552.35
18124,7175,95,2,1460.11
18125,7175,196,2,893.1
18126,7176,315,3,1821.28
18127,7176,331,3,2566.44
18128,7176,56,2,4313.07
18129,7177,160,2,456.74
18130,7178,281,1,1515.32
18131,7178,265,2,4410.08
18132,7179,365,3,1085.61
18133,7179,172,1,2413.56
18134,7180,385,1,1559.23
18135,7180,106,3,4195.57
18136,7180,103,2,2490.53
18137,7181,323,1,4036.29
18138,7182,347,1,1905.46
18139,7183,221,1,819.42
18140,7183,59,2,1297.19
18141,7183,418,1,3162.18
18142,7184,249,2,3844.8
18143,7184,260,2,2799.94
18144,7185,153,2,934.32
18145,7185,158,3,2164.95
18146,7186,229,3,1406.29
18147,7186,88,1,1630.24
18148,7187,395,3,896.44
18149,7187,318,1,2112.93
18150,7188,391,3,1011.82
18151,7188,195,2,500.45
18152,7188,39,3,4327.51
18153,7188,313,1,224.67
18154,7189,178,3,2382.11
18155,7189,268,2,4352.22
18156,7190,339,1,1108.56
18157,7190,101,3,3168.1
18158,7190,62,3,1595.44
18159,7191,357,2,308.92
18160,7191,349,1,2697.61
18161,7191,254,3,3343.06
18162,7192,158,2,2164.95
18163,7192,229,1,1406.29
18164,7192,141,3,1519.61
18165,7192,15,2,4170.08
18166,7193,295,2,1077.56
18167,7193,322,1,846.01
18168,7194,178,2,2382.11
18169,7194,209,3,1652.04
18170,7194,175,3,2807.82
18171,7194,225,1,4152.33
18172,7195,64,3,2097.31
18173,7195,260,2,2799.94
18174,7195,460,2,1747.96
18175,7195,125,1,1995.12
18176,7196,64,1,2097.31
18177,7196,45,3,1154.75
18178,7196,260,2,2799.94
18179,7197,171,3,4119.41
18180,7197,161,3,317.23
18181,7197,40,1,4039.53
18182,7198,54,1,4144.84
18183,7198,189,3,2132.86
18184,7198,473,2,1103.54
18185,7199,160,2,456.74
18186,7199,281,1,1515.32
18187,7200,493,2,3838.93
18188,7201,344,2,1603.14
18189,7202,457,3,538.16
18190,7203,129,2,3643.71
18191,7203,311,2,2083.21
18192,7203,466,2,2977.77
18193,7203,61,1,2178.52
18194,7204,253,2,2052.77
18195,7204,353,1,3425.07
18196,7205,50,2,2270.55
18197,7206,314,3,4333.54
18198,7206,49,1,4264.68
18199,7206,142,2,299.37
18200,7206,223,3,2698.78
18201,7207,40,2,4039.53
18202,7207,180,1,2902.02
18203,7207,452,1,3244.17
18204,7208,218,2,1161.86
18205,7208,459,1,2832.2
18206,7208,498,3,3532.25
18207,7208,266,3,493.24
18208,7209,104,2,2381.72
18209,7210,323,2,4036.29
18210,7211,8,3,3324.23
18211,7212,250,1,1131.56
18212,7213,247,3,2823.16
18213,7213,329,2,4276.4
18214,7213,53,2,1634.32
18215,7214,160,3,456.74
18216,7215,51,3,1127.15
18217,7215,144,3,3686.77
18218,7215,299,2,2236.93
18219,7216,273,3,1277.66
18220,7216,397,2,687.66
18221,7216,97,1,3525.33
18222,7217,282,2,2953.5
18223,7217,19,1,4337.71
18224,7217,490,3,802.4
18225,7217,447,2,3419.0
18226,7218,372,3,1386.26
18227,7218,40,1,4039.53
18228,7218,433,3,1833.63
18229,7218,445,2,452.87
18230,7219,459,3,2832.2
18231,7219,267,1,2415.44
18232,7220,424,1,1081.04
18233,7220,277,2,660.81
18234,7220,160,3,456.74
18235,7220,272,1,1631.43
18236,7221,334,1,3470.41
18237,7221,454,3,1848.68
18238,7222,234,1,1339.53
18239,7223,371,2,1303.24
18240,7223,480,2,443.59
18241,7223,198,2,3383.91
18242,7224,121,1,4153.29
18243,7225,194,3,4253.49
18244,7226,134,2,2239.38
18245,7227,346,3,1523.44
18246,7228,262,1,1257.33
18247,7229,119,1,3678.44
18248,7229,109,2,177.14
18249,7229,28,3,2353.96
18250,7229,15,2,4170.08
18251,7230,366,2,57.04
18252,7230,72,1,4407.76
18253,7231,106,2,4195.57
18254,7231,401,1,3107.38
18255,7232,314,2,4333.54
18256,7232,439,1,3340.18
18257,7232,166,1,1643.85
18258,7232,31,3,1596.26
18259,7233,456,1,53.75
18260,7233,23,2,2321.94
18261,7233,170,2,2134.36
18262,7233,300,1,1056.92
18263,7234,108,1,612.53
18264,7234,168,1,2465.17
18265,7234,432,2,365.61
18266,7235,134,1,2239.38
18267,7235,302,2,3353.53
18268,7235,106,1,4195.57
18269,7236,455,2,327.73
18270,7236,98,1,2661.79
18271,7236,394,1,3605.66
18272,7236,157,3,89.74
18273,7237,415,2,274.53
18274,7237,315,2,1821.28
18275,7237,301,1,4168.19
18276,7238,31,1,1596.26
18277,7238,325,3,3594.36
18278,7238,195,1,500.45
18279,7238,422,3,2133.83
18280,7239,81,1,317.16
18281,7239,240,3,922.64
18282,7239,131,2,1887.42
18283,7239,452,1,3244.17
18284,7240,336,1,65.72
18285,7240,358,2,2403.81
18286,7240,125,2,1995.12
18287,7241,406,1,1325.22
18288,7242,360,1,1327.98
18289,7243,188,1,2968.08
18290,7243,215,3,2525.64
18291,7243,159,1,3480.05
18292,7243,368,3,3608.06
18293,7244,474,1,4173.21
18294,7244,148,2,3480.93
18295,7244,454,1,1848.68
18296,7245,212,1,79.23
18297,7246,86,3,4335.87
18298,7246,97,2,3525.33
18299,7247,185,2,2389.91
18300,7247,436,3,2679.82
18301,7248,276,3,725.1
18302,7248,331,2,2566.44
18303,7249,189,3,2132.86
18304,7249,449,3,2039.86
18305,7249,464,1,608.69
18306,7250,167,3,2209.59
18307,7250,33,2,2608.33
18308,7251,445,1,452.87
18309,7251,249,3,3844.8
18310,7251,165,2,3312.69
18311,7252,235,2,1545.95
18312,7252,182,1,844.94
18313,7252,204,1,4066.06
18314,7252,188,3,2968.08
18315,7253,224,1,3647.12
18316,7253,104,2,2381.72
18317,7253,275,2,4251.41
18318,7254,217,1,665.92
18319,7254,178,1,2382.11
18320,7254,396,1,3938.76
18321,7254,233,3,2609.88
18322,7255,41,1,567.39
18323,7256,322,1,846.01
18324,7256,37,1,1163.13
18325,7257,183,3,2209.9
18326,7257,403,2,2366.57
18327,7257,108,1,612.53
18328,7257,329,1,4276.4
18329,7258,148,1,3480.93
18330,7258,378,2,741.47
18331,7258,262,2,1257.33
18332,7259,387,2,883.84
18333,7259,402,3,1533.14
18334,7259,233,3,2609.88
18335,7260,317,3,4139.7
18336,7260,218,1,1161.86
18337,7261,186,2,268.43
18338,7261,78,2,2350.68
18339,7262,19,1,4337.71
18340,7262,320,2,4223.4
18341,7263,478,2,4426.93
18342,7263,387,1,883.84
18343,7264,181,1,2982.07
18344,7265,101,2,3168.1
18345,7265,349,2,2697.61
18346,7265,147,1,4475.68
18347,7265,405,2,4020.0
18348,7266,498,2,3532.25
18349,7266,384,2,344.65
18350,7267,493,2,3838.93
18351,7268,400,1,565.47
18352,7268,165,1,3312.69
18353,7268,213,3,3857.96
18354,7268,457,1,538.16
18355,7269,20,1,2899.3
18356,7270,84,1,2530.84
18357,7271,367,1,3595.46
18358,7272,299,2,2236.93
18359,7272,174,1,2301.51
18360,7273,50,2,2270.55
18361,7273,441,3,2520.14
18362,7274,70,1,3168.17
18363,7274,98,3,2661.79
18364,7275,467,2,426.75
18365,7275,133,1,2798.9
18366,7275,51,1,1127.15
18367,7276,420,2,3651.38
18368,7276,119,3,3678.44
18369,7276,322,3,846.01
18370,7276,69,1,868.42
18371,7277,152,2,593.53
18372,7278,104,1,2381.72
18373,7278,466,2,2977.77
18374,7278,244,3,1675.44
18375,7279,137,2,3232.62
18376,7280,428,3,552.35
18377,7281,251,2,3915.95
18378,7281,279,3,3105.03
18379,7281,442,3,1420.76
18380,7281,226,1,1903.52
18381,7282,348,1,1315.49
18382,7283,390,1,1703.55
18383,7283,311,1,2083.21
18384,7283,52,2,952.31
18385,7284,96,1,2743.96
18386,7284,101,3,3168.1
18387,7284,465,3,119.9
18388,7285,98,2,2661.79
18389,7285,173,2,2460.15
18390,7285,182,3,844.94
18391,7285,407,3,3036.5
18392,7286,107,1,1150.91
18393,7287,422,1,2133.83
18394,7287,377,1,3597.78
18395,7287,289,1,3285.5
18396,7287,362,2,1624.65
18397,7288,43,1,1073.19
18398,7288,291,1,4205.27
18399,7288,233,3,2609.88
18400,7288,127,3,1031.64
18401,7289,182,2,844.94
18402,7290,174,3,2301.51
18403,7290,71,3,1294.35
18404,7290,233,2,2609.88
18405,7291,328,2,3284.59
18406,7291,399,1,212.66
18407,7291,83,1,1539.22
18408,7291,323,1,4036.29
18409,7292,220,3,3317.48
18410,7292,146,3,3481.95
18411,7292,12,1,2782.41
18412,7293,319,3,3265.78
18413,7294,261,3,4256.04
18414,7294,311,2,2083.21
18415,7294,41,1,567.39
18416,7294,308,2,2771.2
18417,7295,254,3,3343.06
18418,7295,481,3,3003.63
18419,7295,292,3,1268.39
18420,7295,201,3,792.3
18421,7296,342,1,1287.6
18422,7296,269,3,145.62
18423,7297,455,3,327.73
18424,7298,288,3,576.82
18425,7298,497,2,2037.61
18426,7298,419,2,1528.88
18427,7299,61,3,2178.52
18428,7299,89,1,3497.61
18429,7299,121,3,4153.29
18430,7299,494,3,2790.3
18431,7300,19,1,4337.71
18432,7301,47,1,4194.71
18433,7301,186,2,268.43
18434,7301,173,2,2460.15
18435,7302,464,2,608.69
18436,7302,112,1,4364.46
18437,7302,461,2,821.67
18438,7302,473,1,1103.54
18439,7303,85,2,138.27
18440,7303,451,1,1405.25
18441,7304,259,3,807.92
18442,7304,397,3,687.66
18443,7305,210,2,50.87
18444,7305,493,3,3838.93
18445,7305,223,2,2698.78
18446,7305,257,3,3159.46
18447,7306,109,2,177.14
18448,7306,36,1,4307.36
18449,7306,46,1,3382.11
18450,7307,365,3,1085.61
18451,7308,182,1,844.94
18452,7308,442,2,1420.76
18453,7308,435,3,1757.98
18454,7308,387,3,883.84
18455,7309,432,3,365.61
18456,7309,237,2,1823.45
18457,7309,106,3,4195.57
18458,7310,351,3,4195.09
18459,7310,405,1,4020.0
18460,7310,149,1,2154.07
18461,7311,175,2,2807.82
18462,7312,254,1,3343.06
18463,7312,34,3,2302.76
18464,7312,340,1,2069.14
18465,7312,24,3,804.2
18466,7313,237,3,1823.45
18467,7313,170,2,2134.36
18468,7314,286,3,2970.23
18469,7315,281,2,1515.32
18470,7315,197,3,2586.62
18471,7315,313,1,224.67
18472,7316,445,1,452.87
18473,7316,267,2,2415.44
18474,7316,154,1,1019.16
18475,7317,52,3,952.31
18476,7317,135,2,270.86
18477,7318,86,1,4335.87
18478,7318,380,2,4178.67
18479,7318,52,3,952.31
18480,7319,24,1,804.2
18481,7319,218,3,1161.86
18482,7319,72,3,4407.76
18483,7319,330,1,245.38
18484,7320,350,2,4350.01
18485,7321,335,3,854.1
18486,7322,163,1,2220.9
18487,7323,382,1,2520.54
18488,7323,54,2,4144.84
18489,7323,150,1,4216.16
18490,7324,8,3,3324.23
18491,7324,341,1,2720.45
18492,7324,41,3,567.39
18493,7325,246,3,803.19
18494,7325,323,1,4036.29
18495,7325,140,3,4490.94
18496,7326,466,2,2977.77
18497,7326,113,1,2679.2
18498,7326,402,1,1533.14
18499,7326,213,1,3857.96
18500,7327,156,3,2651.9
18501,7327,232,2,4488.28
18502,7327,70,3,3168.17
18503,7327,164,1,3559.1
18504,7328,147,1,4475.68
18505,7328,175,3,2807.82
18506,7329,7,2,2620.55
18507,7329,434,1,1134.43
18508,7329,149,3,2154.07
18509,7329,65,1,3049.76
18510,7330,145,1,4386.96
18511,7330,363,2,2258.97
18512,7330,323,3,4036.29
18513,7330,142,1,299.37
18514,7331,271,3,748.67
18515,7331,334,1,3470.41
18516,7331,173,2,2460.15
18517,7331,385,2,1559.23
18518,7332,10,1,4274.14
18519,7332,292,3,1268.39
18520,7333,85,1,138.27
18521,7334,402,2,1533.14
18522,7334,394,1,3605.66
18523,7334,197,2,2586.62
18524,7335,400,3,565.47
18525,7335,393,1,4114.42
18526,7336,1,2,738.76
18527,7336,83,3,1539.22
18528,7336,5,3,3537.86
18529,7336,312,1,2358.23
18530,7337,346,1,1523.44
18531,7337,127,3,1031.64
18532,7337,184,2,2905.79
18533,7337,444,3,1506.97
18534,7338,39,2,4327.51
18535,7339,333,1,278.33
18536,7339,110,2,3895.87
18537,7339,121,1,4153.29
18538,7340,344,2,1603.14
18539,7340,433,1,1833.63
18540,7341,256,2,2822.54
18541,7341,307,1,3718.26
18542,7342,27,1,3030.0
18543,7342,158,2,2164.95
18544,7342,460,2,1747.96
18545,7342,332,2,771.45
18546,7343,93,2,2774.78
18547,7343,394,1,3605.66
18548,7343,189,2,2132.86
18549,7343,102,1,1816.85
18550,7344,351,1,4195.09
18551,7345,118,1,742.94
18552,7345,123,1,2706.67
18553,7345,117,1,2016.28
18554,7346,173,2,2460.15
18555,7346,487,3,1336.98
18556,7347,140,1,4490.94
18557,7347,228,1,2870.8
18558,7347,391,1,1011.82
18559,7347,129,1,3643.71
18560,7348,183,1,2209.9
18561,7349,258,3,4081.88
18562,7349,117,3,2016.28
18563,7349,313,2,224.67
18564,7349,149,1,2154.07
18565,7350,212,2,79.23
18566,7350,336,1,65.72
18567,7351,189,2,2132.86
18568,7352,10,3,4274.14
18569,7352,304,1,3908.72
18570,7353,329,3,4276.4
18571,7353,494,2,2790.3
18572,7354,127,1,1031.64
18573,7355,421,2,2576.66
18574,7355,196,1,893.1
18575,7355,328,3,3284.59
18576,7356,222,2,3177.67
18577,7356,255,2,2378.53
18578,7356,46,2,3382.11
18579,7356,107,3,1150.91
18580,7357,169,3,880.49
18581,7357,43,2,1073.19
18582,7358,87,3,2941.9
18583,7358,95,1,1460.11
18584,7358,264,1,3909.98
18585,7359,452,3,3244.17
18586,7359,167,1,2209.59
18587,7360,262,3,1257.33
18588,7360,338,1,3643.17
18589,7360,165,3,3312.69
18590,7361,391,3,1011.82
18591,7361,314,2,4333.54
18592,7361,291,3,4205.27
18593,7361,109,2,177.14
18594,7362,499,2,3607.21
18595,7362,225,3,4152.33
18596,7362,234,1,1339.53
18597,7363,178,1,2382.11
18598,7363,91,3,4306.85
18599,7364,1,1,738.76
18600,7364,350,2,4350.01
18601,7364,199,2,3459.96
18602,7364,151,1,237.73
18603,7365,101,3,3168.1
18604,7365,476,3,1690.17
18605,7366,166,2,1643.85
18606,7367,80,2,262.31
18607,7368,236,1,269.43
18608,7368,258,2,4081.88
18609,7368,105,2,1217.91
18610,7369,55,2,2242.36
18611,7370,73,3,3257.63
18612,7370,255,1,2378.53
18613,7371,334,3,3470.41
18614,7371,138,1,451.38
18615,7372,53,3,1634.32
18616,7372,444,2,1506.97
18617,7372,9,1,579.93
18618,7373,486,1,1923.52
18619,7373,310,2,3551.79
18620,7373,322,2,846.01
18621,7373,204,1,4066.06
18622,7374,478,1,4426.93
18623,7374,79,2,1385.15
18624,7374,374,2,3273.57
18625,7374,38,3,2556.1
18626,7375,482,2,2869.91
18627,7375,146,2,3481.95
18628,7375,104,2,2381.72
18629,7376,313,3,224.67
18630,7376,490,2,802.4
18631,7376,222,2,3177.67
18632,7376,246,2,803.19
18633,7377,198,3,3383.91
18634,7377,306,2,1851.66
18635,7378,3,1,1677.12
18636,7378,457,3,538.16
18637,7379,106,1,4195.57
18638,7379,113,2,2679.2
18639,7380,416,2,1947.77
18640,7380,49,1,4264.68
18641,7381,329,2,4276.4
18642,7381,487,3,1336.98
18643,7382,62,1,1595.44
18644,7382,309,2,2435.91
18645,7382,291,3,4205.27
18646,7382,198,2,3383.91
18647,7383,439,3,3340.18
18648,7384,62,2,1595.44
18649,7384,158,2,2164.95
18650,7384,377,2,3597.78
18651,7385,500,2,4429.12
18652,7386,408,1,1267.68
18653,7387,299,3,2236.93
18654,7387,486,1,1923.52
18655,7387,168,2,2465.17
18656,7388,420,2,3651.38
18657,7389,431,3,3595.57
18658,7389,81,2,317.16
18659,7390,364,2,2241.64
18660,7390,207,1,1121.22
18661,7390,37,1,1163.13
18662,7391,196,2,893.1
18663,7391,36,3,4307.36
18664,7391,345,1,3018.13
18665,7391,480,3,443.59
18666,7392,81,2,317.16
18667,7392,375,2,3752.59
18668,7393,467,3,426.75
18669,7394,408,2,1267.68
18670,7394,454,3,1848.68
18671,7394,23,1,2321.94
18672,7395,29,3,4140.34
18673,7395,417,1,4016.18
18674,7396,377,2,3597.78
18675,7396,384,3,344.65
18676,7396,490,3,802.4
18677,7397,41,1,567.39
18678,7398,71,2,1294.35
18679,7399,13,3,765.28
18680,7399,426,1,3163.29
18681,7400,448,3,2414.09
18682,7400,271,2,748.67
18683,7401,360,1,1327.98
18684,7401,447,3,3419.0
18685,7401,421,3,2576.66
18686,7402,304,1,3908.72
18687,7402,321,1,1799.15
18688,7403,79,1,1385.15
18689,7403,76,1,3635.22
18690,7403,101,2,3168.1
18691,7403,24,3,804.2
18692,7404,114,3,2879.54
18693,7404,115,3,2897.05
18694,7405,35,1,1359.42
18695,7405,55,1,2242.36
18696,7405,358,3,2403.81
18697,7406,391,1,1011.82
18698,7406,380,3,4178.67
18699,7406,241,3,2382.9
18700,7406,471,2,1761.98
18701,7407,225,2,4152.33
18702,7407,283,2,3610.47
18703,7408,483,1,2778.02
18704,7408,274,2,3960.11
18705,7408,421,1,2576.66
18706,7408,81,3,317.16
18707,7409,94,2,402.05
18708,7409,67,2,882.83
18709,7409,304,2,3908.72
18710,7410,156,2,2651.9
18711,7411,408,2,1267.68
18712,7411,261,2,4256.04
18713,7411,193,2,3317.64
18714,7412,13,2,765.28
18715,7412,460,1,1747.96
18716,7413,196,3,893.1
18717,7414,159,3,3480.05
18718,7415,415,3,274.53
18719,7415,290,1,4327.32
18720,7415,315,3,1821.28
18721,7416,73,3,3257.63
18722,7416,26,3,4485.84
18723,7416,89,1,3497.61
18724,7416,432,1,365.61
18725,7417,6,1,2537.97
18726,7417,389,3,1258.16
18727,7418,122,1,1383.27
18728,7418,473,3,1103.54
18729,7418,332,1,771.45
18730,7419,460,3,1747.96
18731,7419,44,3,2348.44
18732,7419,297,1,646.69
18733,7420,359,3,3114.51
18734,7421,303,1,344.31
18735,7421,211,1,2701.14
18736,7421,128,3,1116.05
18737,7421,458,2,1096.82
18738,7422,233,2,2609.88
18739,7423,28,2,2353.96
18740,7423,445,1,452.87
18741,7423,145,1,4386.96
18742,7424,50,1,2270.55
18743,7424,423,3,2917.66
18744,7424,431,3,3595.57
18745,7424,303,3,344.31
18746,7425,73,3,3257.63
18747,7426,500,2,4429.12
18748,7426,488,1,3384.94
18749,7426,333,2,278.33
18750,7427,346,2,1523.44
18751,7428,351,2,4195.09
18752,7428,493,1,3838.93
18753,7429,426,3,3163.29
18754,7429,30,3,3742.45
18755,7429,267,2,2415.44
18756,7430,484,3,3514.45
18757,7431,120,1,1326.09
18758,7431,68,1,2147.49
18759,7431,124,2,1712.72
18760,7431,260,1,2799.94
18761,7432,248,2,938.6
18762,7432,365,1,1085.61
18763,7432,341,1,2720.45
18764,7433,244,1,1675.44
18765,7433,211,1,2701.14
18766,7434,437,2,2574.09
18767,7434,374,1,3273.57
18768,7434,172,3,2413.56
18769,7434,308,2,2771.2
18770,7435,185,3,2389.91
18771,7435,477,1,406.28
18772,7436,43,1,1073.19
18773,7436,411,2,4247.59
18774,7436,221,2,819.42
18775,7437,410,1,1608.92
18776,7438,145,3,4386.96
18777,7438,404,2,150.04
18778,7438,398,2,3061.39
18779,7438,143,3,2467.2
18780,7439,413,1,4020.48
18781,7439,246,1,803.19
18782,7439,55,3,2242.36
18783,7440,406,1,1325.22
18784,7441,455,1,327.73
18785,7442,482,2,2869.91
18786,7443,351,1,4195.09
18787,7443,62,3,1595.44
18788,7443,430,2,616.9
18789,7444,469,1,2739.71
18790,7445,49,2,4264.68
18791,7446,24,3,804.2
18792,7446,68,2,2147.49
18793,7446,98,1,2661.79
18794,7446,393,2,4114.42
18795,7447,261,1,4256.04
18796,7447,84,1,2530.84
18797,7447,262,2,1257.33
18798,7447,304,1,3908.72
18799,7448,435,1,1757.98
18800,7449,173,1,2460.15
18801,7449,220,1,3317.48
18802,7450,254,1,3343.06
18803,7450,419,1,1528.88
18804,7450,196,2,893.1
18805,7450,203,1,4493.03
18806,7451,288,3,576.82
18807,7451,299,3,2236.93
18808,7451,93,3,2774.78
18809,7451,238,3,630.17
18810,7452,446,3,4069.49
18811,7452,240,2,922.64
18812,7452,263,1,1652.98
18813,7453,438,3,1100.89
18814,7454,433,3,1833.63
18815,7454,489,1,1208.97
18816,7455,256,2,2822.54
18817,7455,343,3,267.69
18818,7455,460,1,1747.96
18819,7456,500,3,4429.12
18820,7456,46,3,3382.11
18821,7456,7,3,2620.55
18822,7457,243,3,448.7
18823,7457,120,3,1326.09
18824,7457,1,1,738.76
18825,7458,265,1,4410.08
18826,7458,85,1,138.27
18827,7459,361,1,1205.49
18828,7460,430,2,616.9
18829,7460,262,3,1257.33
18830,7460,89,1,3497.61
18831,7461,378,2,741.47
18832,7461,120,2,1326.09
18833,7461,11,2,1832.5
18834,7462,291,3,4205.27
18835,7462,238,2,630.17
18836,7462,273,1,1277.66
18837,7462,321,2,1799.15
18838,7463,114,1,2879.54
18839,7463,154,1,1019.16
18840,7463,297,1,646.69
18841,7463,478,3,4426.93
18842,7464,215,3,2525.64
18843,7464,270,1,1406.93
18844,7464,369,1,252.44
18845,7464,374,2,3273.57
18846,7465,4,1,1818.67
18847,7465,32,3,2748.32
18848,7465,133,2,2798.9
18849,7466,342,1,1287.6
18850,7467,323,1,4036.29
18851,7467,23,1,2321.94
18852,7468,398,2,3061.39
18853,7468,200,1,2091.31
18854,7468,440,2,558.74
18855,7468,37,3,1163.13
18856,7469,199,3,3459.96
18857,7470,285,2,1963.79
18858,7470,376,2,4154.14
18859,7470,138,3,451.38
18860,7470,438,3,1100.89
18861,7471,408,1,1267.68
18862,7471,329,3,4276.4
18863,7472,65,3,3049.76
18864,7472,272,1,1631.43
18865,7472,159,3,3480.05
18866,7472,394,1,3605.66
18867,7473,294,1,2795.41
18868,7473,202,2,2295.88
18869,7473,310,2,3551.79
18870,7473,72,2,4407.76
18871,7474,168,2,2465.17
18872,7475,73,2,3257.63
18873,7475,436,2,2679.82
18874,7475,474,1,4173.21
18875,7475,159,1,3480.05
18876,7476,400,2,565.47
18877,7476,293,1,635.38
18878,7477,79,3,1385.15
18879,7477,14,1,3629.44
18880,7477,363,2,2258.97
18881,7477,498,1,3532.25
18882,7478,300,2,1056.92
18883,7478,347,1,1905.46
18884,7478,472,2,2740.35
18885,7479,443,1,533.91
18886,7479,100,3,3288.59
18887,7480,33,2,2608.33
18888,7481,358,2,2403.81
18889,7482,422,1,2133.83
18890,7482,270,2,1406.93
18891,7482,472,1,2740.35
18892,7482,193,1,3317.64
18893,7483,403,1,2366.57
18894,7483,285,2,1963.79
18895,7483,295,3,1077.56
18896,7484,373,3,556.57
18897,7484,369,1,252.44
18898,7484,473,2,1103.54
18899,7485,21,2,3835.03
18900,7485,399,3,212.66
18901,7485,443,2,533.91
18902,7485,476,1,1690.17
18903,7486,426,2,3163.29
18904,7486,214,2,3709.4
18905,7487,197,3,2586.62
18906,7487,439,2,3340.18
18907,7487,465,1,119.9
18908,7488,162,2,3170.91
18909,7488,203,1,4493.03
18910,7488,200,2,2091.31
18911,7488,215,2,2525.64
18912,7489,498,1,3532.25
18913,7490,72,1,4407.76
18914,7491,10,3,4274.14
18915,7491,54,1,4144.84
18916,7491,268,3,4352.22
18917,7491,353,2,3425.07
18918,7492,392,3,1715.26
18919,7492,189,2,2132.86
18920,7493,324,2,1162.87
18921,7493,302,1,3353.53
18922,7493,414,2,628.83
18923,7493,96,3,2743.96
18924,7494,71,2,1294.35
18925,7494,177,1,4353.88
18926,7494,236,2,269.43
18927,7495,365,3,1085.61
18928,7496,97,3,3525.33
18929,7496,178,3,2382.11
18930,7497,275,3,4251.41
18931,7497,25,2,2964.84
18932,7497,431,1,3595.57
18933,7498,345,3,3018.13
18934,7498,390,3,1703.55
18935,7498,343,3,267.69
18936,7498,354,1,1353.11
18937,7499,420,2,3651.38
18938,7500,144,1,3686.77
18939,7500,489,1,1208.97
18940,7501,277,1,660.81
18941,7501,192,3,3715.21
18942,7501,112,3,4364.46
18943,7501,67,1,882.83
18944,7502,365,1,1085.61
18945,7503,462,3,1761.45
18946,7503,299,3,2236.93
18947,7504,5,1,3537.86
18948,7504,290,2,4327.32
18949,7505,25,1,2964.84
18950,7506,478,2,4426.93
18951,7506,417,3,4016.18
18952,7506,448,2,2414.09
18953,7506,216,3,469.58
18954,7507,55,2,2242.36
18955,7508,449,2,2039.86
18956,7509,171,2,4119.41
18957,7509,377,2,3597.78
18958,7509,1,3,738.76
18959,7509,76,2,3635.22
18960,7510,345,3,3018.13
18961,7511,313,2,224.67
18962,7512,74,3,1973.37
18963,7513,377,2,3597.78
18964,7513,309,2,2435.91
18965,7513,289,1,3285.5
18966,7513,4,2,1818.67
18967,7514,399,3,212.66
18968,7515,265,1,4410.08
18969,7516,452,3,3244.17
18970,7516,137,1,3232.62
18971,7516,272,2,1631.43
18972,7516,387,1,883.84
18973,7517,301,1,4168.19
18974,7517,466,2,2977.77
18975,7517,486,3,1923.52
18976,7517,213,1,3857.96
18977,7518,489,2,1208.97
18978,7518,228,1,2870.8
18979,7518,344,2,1603.14
18980,7518,495,3,113.2
18981,7519,163,3,2220.9
18982,7519,95,3,1460.11
18983,7519,307,3,3718.26
18984,7519,211,3,2701.14
18985,7520,478,1,4426.93
18986,7520,345,3,3018.13
18987,7520,404,2,150.04
18988,7521,184,2,2905.79
18989,7522,474,1,4173.21
18990,7522,277,3,660.81
18991,7522,279,3,3105.03
18992,7522,374,2,3273.57
18993,7523,354,1,1353.11
18994,7524,168,2,2465.17
18995,7524,427,2,2067.11
18996,7524,84,1,2530.84
18997,7525,20,2,2899.3
18998,7525,406,2,1325.22
18999,7525,274,2,3960.11
19000,7526,165,2,3312.69
19001,7527,136,3,4376.88
19002,7527,152,1,593.53
19003,7528,227,3,3377.17
19004,7528,265,2,4410.08
19005,7528,492,1,2207.18
19006,7528,303,1,344.31
19007,7529,455,1,327.73
19008,7529,294,3,2795.41
19009,7530,270,1,1406.93
19010,7530,237,2,1823.45
19011,7531,430,2,616.9
19012,7531,367,1,3595.46
19013,7531,42,1,3559.52
19014,7532,124,2,1712.72
19015,7533,109,3,177.14
19016,7533,283,1,3610.47
19017,7533,455,3,327.73
19018,7534,480,2,443.59
19019,7535,150,2,4216.16
19020,7536,160,3,456.74
19021,7536,244,2,1675.44
19022,7537,408,2,1267.68
19023,7537,184,1,2905.79
19024,7538,211,1,2701.14
19025,7538,340,2,2069.14
19026,7539,120,3,1326.09
19027,7539,25,3,2964.84
19028,7540,124,2,1712.72
19029,7541,398,2,3061.39
19030,7541,152,3,593.53
19031,7541,159,3,3480.05
19032,7542,412,1,1139.47
19033,7542,463,1,736.49
19034,7542,128,3,1116.05
19035,7543,444,3,1506.97
19036,7544,152,2,593.53
19037,7544,491,3,3649.59
19038,7544,308,2,2771.2
19039,7545,250,2,1131.56
19040,7546,30,2,3742.45
19041,7546,401,3,3107.38
19042,7547,294,3,2795.41
19043,7548,356,3,2384.68
19044,7549,204,1,4066.06
19045,7549,229,2,1406.29
19046,7549,215,1,2525.64
19047,7550,61,1,2178.52
19048,7550,48,1,1022.62
19049,7550,386,3,3798.71
19050,7551,207,1,1121.22
19051,7551,374,2,3273.57
19052,7551,497,2,2037.61
19053,7552,69,3,868.42
19054,7552,36,3,4307.36
19055,7552,30,1,3742.45
19056,7552,372,1,1386.26
19057,7553,178,2,2382.11
19058,7554,192,1,3715.21
19059,7554,12,2,2782.41
19060,7554,13,2,765.28
19061,7555,38,2,2556.1
19062,7555,177,3,4353.88
19063,7555,219,1,458.98
19064,7556,484,2,3514.45
19065,7557,459,2,2832.2
19066,7557,81,1,317.16
19067,7557,255,1,2378.53
19068,7557,191,1,3708.02
19069,7558,59,2,1297.19
19070,7558,231,3,1032.55
19071,7559,422,3,2133.83
19072,7559,472,1,2740.35
19073,7560,165,1,3312.69
19074,7561,15,3,4170.08
19075,7561,61,2,2178.52
19076,7561,382,3,2520.54
19077,7561,117,2,2016.28
19078,7562,495,3,113.2
19079,7563,95,1,1460.11
19080,7563,3,1,1677.12
19081,7563,344,3,1603.14
19082,7563,427,2,2067.11
19083,7564,426,1,3163.29
19084,7564,398,1,3061.39
19085,7565,457,2,538.16
19086,7565,473,2,1103.54
19087,7565,247,2,2823.16
19088,7565,470,2,2072.05
19089,7566,479,3,2118.97
19090,7566,193,2,3317.64
19091,7566,199,1,3459.96
19092,7567,142,2,299.37
19093,7567,60,3,620.69
19094,7568,80,3,262.31
19095,7568,215,3,2525.64
19096,7568,333,3,278.33
19097,7569,455,2,327.73
19098,7570,184,2,2905.79
19099,7570,244,2,1675.44
19100,7570,445,2,452.87
19101,7570,325,3,3594.36
19102,7571,347,3,1905.46
19103,7571,384,2,344.65
19104,7571,225,2,4152.33
19105,7572,188,3,2968.08
19106,7572,45,3,1154.75
19107,7572,398,1,3061.39
19108,7573,71,1,1294.35
19109,7573,230,2,2563.86
19110,7573,291,2,4205.27
19111,7574,434,3,1134.43
19112,7574,335,3,854.1
19113,7575,47,1,4194.71
19114,7575,205,1,3809.6
19115,7575,178,3,2382.11
19116,7576,500,1,4429.12
19117,7576,454,1,1848.68
19118,7576,107,3,1150.91
19119,7576,168,2,2465.17
19120,7577,272,3,1631.43
19121,7577,202,1,2295.88
19122,7577,124,2,1712.72
19123,7577,133,2,2798.9
19124,7578,341,2,2720.45
19125,7578,249,2,3844.8
19126,7578,226,1,1903.52
19127,7578,154,3,1019.16
19128,7579,338,1,3643.17
19129,7579,370,1,994.9
19130,7579,40,1,4039.53
19131,7579,489,3,1208.97
19132,7580,437,1,2574.09
19133,7580,398,2,3061.39
19134,7580,489,2,1208.97
19135,7580,421,3,2576.66
19136,7581,496,3,4100.09
19137,7581,29,3,4140.34
19138,7581,448,3,2414.09
19139,7581,210,3,50.87
19140,7582,225,2,4152.33
19141,7582,342,3,1287.6
19142,7582,366,1,57.04
19143,7582,401,1,3107.38
19144,7583,352,3,1486.56
19145,7583,360,2,1327.98
19146,7583,16,2,1220.76
19147,7584,207,1,1121.22
19148,7584,90,2,1745.77
19149,7584,74,1,1973.37
19150,7585,396,1,3938.76
19151,7585,209,3,1652.04
19152,7585,170,3,2134.36
19153,7586,440,2,558.74
19154,7586,163,1,2220.9
19155,7586,396,1,3938.76
19156,7586,59,1,1297.19
19157,7587,151,1,237.73
19158,7588,365,1,1085.61
19159,7588,267,3,2415.44
19160,7589,320,3,4223.4
19161,7589,25,2,2964.84
19162,7589,273,3,1277.66
19163,7589,384,3,344.65
19164,7590,162,3,3170.91
19165,7590,404,2,150.04
19166,7590,56,2,4313.07
19167,7590,472,2,2740.35
19168,7591,402,1,1533.14
19169,7592,8,2,3324.23
19170,7592,410,3,1608.92
19171,7592,393,1,4114.42
19172,7592,378,3,741.47
19173,7593,238,3,630.17
19174,7593,19,2,4337.71
19175,7593,55,2,2242.36
19176,7593,460,3,1747.96
19177,7594,95,2,1460.11
19178,7594,199,1,3459.96
19179,7595,135,2,270.86
19180,7595,198,2,3383.91
19181,7596,353,3,3425.07
19182,7596,337,3,2090.96
19183,7597,368,2,3608.06
19184,7597,249,1,3844.8
19185,7597,288,2,576.82
19186,7598,195,3,500.45
19187,7599,72,1,4407.76
19188,7599,3,1,1677.12
19189,7600,367,3,3595.46
19190,7600,64,1,2097.31
19191,7600,43,3,1073.19
19192,7600,110,1,3895.87
19193,7601,74,1,1973.37
19194,7602,308,1,2771.2
19195,7602,266,3,493.24
19196,7602,27,3,3030.0
19197,7603,227,2,3377.17
19198,7603,499,2,3607.21
19199,7603,352,2,1486.56
19200,7604,351,3,4195.09
19201,7604,249,3,3844.8
19202,7604,127,1,1031.64
19203,7604,149,1,2154.07
19204,7605,118,3,742.94
19205,7605,453,1,2643.14
19206,7606,66,3,1498.19
19207,7606,340,1,2069.14
19208,7607,213,3,3857.96
19209,7607,200,3,2091.31
19210,7608,320,2,4223.4
19211,7608,265,3,4410.08
19212,7608,128,3,1116.05
19213,7609,269,2,145.62
19214,7610,308,2,2771.2
19215,7610,265,1,4410.08
19216,7610,417,1,4016.18
19217,7610,386,3,3798.71
19218,7611,457,2,538.16
19219,7611,162,2,3170.91
19220,7611,262,1,1257.33
19221,7611,140,2,4490.94
19222,7612,462,3,1761.45
19223,7613,239,3,931.58
19224,7613,28,1,2353.96
19225,7614,469,3,2739.71
19226,7614,154,3,1019.16
19227,7614,201,2,792.3
19228,7615,289,3,3285.5
19229,7615,278,1,4324.7
19230,7615,315,3,1821.28
19231,7616,195,2,500.45
19232,7617,294,2,2795.41
19233,7618,269,2,145.62
19234,7618,102,1,1816.85
19235,7618,499,2,3607.21
19236,7618,28,2,2353.96
19237,7619,369,3,252.44
19238,7619,170,3,2134.36
19239,7619,258,3,4081.88
19240,7619,459,3,2832.2
19241,7620,91,2,4306.85
19242,7620,138,1,451.38
19243,7620,389,1,1258.16
19244,7620,154,1,1019.16
19245,7621,408,1,1267.68
19246,7621,72,3,4407.76
19247,7621,352,1,1486.56
19248,7622,157,3,89.74
19249,7622,300,1,1056.92
19250,7622,126,3,3330.17
19251,7622,351,3,4195.09
19252,7623,351,1,4195.09
19253,7624,71,1,1294.35
19254,7624,20,1,2899.3
19255,7625,336,3,65.72
19256,7625,50,3,2270.55
19257,7625,71,3,1294.35
19258,7626,41,3,567.39
19259,7626,108,2,612.53
19260,7626,197,1,2586.62
19261,7627,149,3,2154.07
19262,7627,431,2,3595.57
19263,7627,56,3,4313.07
19264,7628,85,1,138.27
19265,7628,118,1,742.94
19266,7628,251,3,3915.95
19267,7629,256,3,2822.54
19268,7629,244,1,1675.44
19269,7629,191,1,3708.02
19270,7629,40,1,4039.53
19271,7630,82,3,3783.42
19272,7630,494,2,2790.3
19273,7631,244,1,1675.44
19274,7632,390,3,1703.55
19275,7632,447,3,3419.0
19276,7632,238,2,630.17
19277,7633,83,2,1539.22
19278,7633,219,2,458.98
19279,7634,217,1,665.92
19280,7634,140,1,4490.94
19281,7634,326,1,455.8
19282,7635,72,1,4407.76
19283,7635,112,3,4364.46
19284,7636,416,2,1947.77
19285,7636,132,3,657.98
19286,7636,125,2,1995.12
19287,7637,121,3,4153.29
19288,7637,29,2,4140.34
19289,7637,383,3,3100.45
19290,7637,183,1,2209.9
19291,7638,318,2,2112.93
19292,7639,391,3,1011.82
19293,7639,175,2,2807.82
19294,7639,309,3,2435.91
19295,7640,71,1,1294.35
19296,7640,139,1,1571.51
19297,7641,349,1,2697.61
19298,7641,341,1,2720.45
19299,7642,488,3,3384.94
19300,7642,188,3,2968.08
19301,7642,483,3,2778.02
19302,7643,377,1,3597.78
19303,7643,316,3,2102.99
19304,7644,11,3,1832.5
19305,7644,245,1,2692.75
19306,7645,57,2,2811.97
19307,7645,66,2,1498.19
19308,7645,473,1,1103.54
19309,7646,231,2,1032.55
19310,7646,463,3,736.49
19311,7646,30,3,3742.45
19312,7646,235,3,1545.95
19313,7647,431,2,3595.57
19314,7647,432,2,365.61
19315,7648,154,2,1019.16
19316,7648,377,2,3597.78
19317,7648,423,3,2917.66
19318,7649,36,1,4307.36
19319,7649,53,2,1634.32
19320,7649,119,3,3678.44
19321,7649,430,2,616.9
19322,7650,108,1,612.53
19323,7650,60,2,620.69
19324,7650,345,1,3018.13
19325,7650,22,2,1322.73
19326,7651,163,2,2220.9
19327,7651,308,1,2771.2
19328,7651,372,3,1386.26
19329,7652,495,2,113.2
19330,7652,219,2,458.98
19331,7652,271,3,748.67
19332,7653,363,1,2258.97
19333,7653,51,3,1127.15
19334,7654,99,2,794.57
19335,7655,258,1,4081.88
19336,7655,365,2,1085.61
19337,7655,244,1,1675.44
19338,7656,356,2,2384.68
19339,7656,412,2,1139.47
19340,7657,430,1,616.9
19341,7658,325,2,3594.36
19342,7658,37,2,1163.13
19343,7658,311,1,2083.21
19344,7658,80,1,262.31
19345,7659,89,1,3497.61
19346,7660,417,3,4016.18
19347,7660,84,3,2530.84
19348,7660,476,1,1690.17
19349,7660,438,2,1100.89
19350,7661,223,2,2698.78
19351,7661,500,3,4429.12
19352,7662,292,1,1268.39
19353,7662,494,2,2790.3
19354,7662,253,3,2052.77
19355,7663,297,1,646.69
19356,7663,364,3,2241.64
19357,7663,318,3,2112.93
19358,7664,289,2,3285.5
19359,7665,113,3,2679.2
19360,7665,382,1,2520.54
19361,7665,339,2,1108.56
19362,7666,74,1,1973.37
19363,7666,97,1,3525.33
19364,7666,298,1,3218.49
19365,7666,171,1,4119.41
19366,7667,452,3,3244.17
19367,7668,3,1,1677.12
19368,7668,352,1,1486.56
19369,7668,23,3,2321.94
19370,7668,492,1,2207.18
19371,7669,66,2,1498.19
19372,7669,29,1,4140.34
19373,7670,384,1,344.65
19374,7670,86,3,4335.87
19375,7671,295,2,1077.56
19376,7671,368,2,3608.06
19377,7672,271,3,748.67
19378,7673,150,2,4216.16
19379,7674,37,1,1163.13
19380,7674,435,1,1757.98
19381,7674,229,2,1406.29
19382,7674,60,2,620.69
19383,7675,135,2,270.86
19384,7675,415,2,274.53
19385,7676,394,1,3605.66
19386,7677,99,2,794.57
19387,7677,291,2,4205.27
19388,7677,23,2,2321.94
19389,7677,405,1,4020.0
19390,7678,264,3,3909.98
19391,7678,272,2,1631.43
19392,7678,323,2,4036.29
19393,7678,373,3,556.57
19394,7679,399,1,212.66
19395,7679,20,1,2899.3
19396,7679,94,2,402.05
19397,7679,239,1,931.58
19398,7680,425,1,1198.33
19399,7680,179,1,735.89
19400,7681,461,1,821.67
19401,7681,446,2,4069.49
19402,7681,175,1,2807.82
19403,7682,380,1,4178.67
19404,7682,238,3,630.17
19405,7683,80,2,262.31
19406,7683,433,1,1833.63
19407,7683,465,3,119.9
19408,7684,312,3,2358.23
19409,7684,417,3,4016.18
19410,7684,132,2,657.98
19411,7684,399,2,212.66
19412,7685,196,2,893.1
19413,7685,275,2,4251.41
19414,7685,213,2,3857.96
19415,7686,211,1,2701.14
19416,7686,315,2,1821.28
19417,7686,439,1,3340.18
19418,7687,5,1,3537.86
19419,7687,9,3,579.93
19420,7687,3,1,1677.12
19421,7688,390,2,1703.55
19422,7688,482,2,2869.91
19423,7689,230,2,2563.86
19424,7689,262,2,1257.33
19425,7690,9,2,579.93
19426,7691,260,1,2799.94
19427,7691,416,1,1947.77
19428,7692,76,3,3635.22
19429,7692,167,3,2209.59
19430,7693,115,2,2897.05
19431,7693,247,1,2823.16
19432,7694,446,3,4069.49
19433,7694,108,1,612.53
19434,7695,169,2,880.49
19435,7695,23,2,2321.94
19436,7695,60,1,620.69
19437,7696,253,3,2052.77
19438,7696,208,2,3457.4
19439,7696,189,2,2132.86
19440,7696,237,1,1823.45
19441,7697,358,3,2403.81
19442,7698,19,1,4337.71
19443,7699,307,1,3718.26
19444,7699,45,3,1154.75
19445,7699,437,2,2574.09
19446,7700,330,2,245.38
19447,7700,375,2,3752.59
19448,7701,320,3,4223.4
19449,7701,111,1,4210.12
19450,7702,261,1,4256.04
19451,7702,341,2,2720.45
19452,7702,296,1,166.08
19453,7703,203,3,4493.03
19454,7703,497,3,2037.61
19455,7704,494,1,2790.3
19456,7704,471,2,1761.98
19457,7704,459,3,2832.2
19458,7704,116,2,2193.35
19459,7705,347,3,1905.46
19460,7705,270,1,1406.93
19461,7705,25,3,2964.84
19462,7706,190,2,2533.19
19463,7706,256,2,2822.54
19464,7706,396,1,3938.76
19465,7706,174,3,2301.51
19466,7707,57,1,2811.97
19467,7707,261,3,4256.04
19468,7708,481,2,3003.63
19469,7708,99,1,794.57
19470,7709,141,3,1519.61
19471,7709,132,3,657.98
19472,7709,199,2,3459.96
19473,7710,54,3,4144.84
19474,7711,324,1,1162.87
19475,7711,278,1,4324.7
19476,7712,367,2,3595.46
19477,7712,464,1,608.69
19478,7712,347,3,1905.46
19479,7713,91,1,4306.85
19480,7713,316,2,2102.99
19481,7713,116,3,2193.35
19482,7714,166,1,1643.85
19483,7714,233,2,2609.88
19484,7714,24,2,804.2
19485,7715,118,2,742.94
19486,7715,431,3,3595.57
19487,7716,35,1,1359.42
19488,7717,186,2,268.43
19489,7717,99,2,794.57
19490,7717,206,3,1966.12
19491,7717,23,3,2321.94
19492,7718,43,1,1073.19
19493,7718,95,1,1460.11
19494,7718,243,3,448.7
19495,7718,296,1,166.08
19496,7719,450,1,1383.82
19497,7719,199,3,3459.96
19498,7720,240,3,922.64
19499,7720,161,3,317.23
19500,7720,215,3,2525.64
19501,7720,435,3,1757.98
19502,7721,223,3,2698.78
19503,7722,154,1,1019.16
19504,7723,316,3,2102.99
19505,7723,421,2,2576.66
19506,7723,199,2,3459.96
19507,7723,6,2,2537.97
19508,7724,44,3,2348.44
19509,7725,282,1,2953.5
19510,7725,296,1,166.08
19511,7726,247,2,2823.16
19512,7727,156,1,2651.9
19513,7727,113,1,2679.2
19514,7727,185,3,2389.91
19515,7727,288,2,576.82
19516,7728,115,2,2897.05
19517,7728,102,1,1816.85
19518,7728,354,1,1353.11
19519,7729,297,1,646.69
19520,7729,443,3,533.91
19521,7729,484,3,3514.45
19522,7730,297,2,646.69
19523,7730,49,1,4264.68
19524,7730,265,3,4410.08
19525,7730,352,2,1486.56
19526,7731,332,2,771.45
19527,7731,203,1,4493.03
19528,7731,280,2,729.73
19529,7732,338,3,3643.17
19530,7732,141,2,1519.61
19531,7732,409,2,2540.33
19532,7733,89,2,3497.61
19533,7733,15,3,4170.08
19534,7734,174,2,2301.51
19535,7734,397,3,687.66
19536,7735,28,1,2353.96
19537,7735,6,2,2537.97
19538,7736,340,3,2069.14
19539,7737,189,1,2132.86
19540,7737,208,2,3457.4
19541,7737,321,3,1799.15
19542,7737,489,2,1208.97
19543,7738,369,1,252.44
19544,7739,432,3,365.61
19545,7739,120,3,1326.09
19546,7739,149,1,2154.07
19547,7740,458,3,1096.82
19548,7741,226,1,1903.52
19549,7741,372,2,1386.26
19550,7742,260,1,2799.94
19551,7742,402,2,1533.14
19552,7742,108,3,612.53
19553,7742,148,3,3480.93
19554,7743,71,3,1294.35
19555,7743,482,1,2869.91
19556,7744,198,3,3383.91
19557,7745,45,2,1154.75
19558,7745,461,3,821.67
19559,7745,499,1,3607.21
19560,7745,252,1,1577.56
19561,7746,116,2,2193.35
19562,7747,90,1,1745.77
19563,7748,447,2,3419.0
19564,7748,113,2,2679.2
19565,7748,224,2,3647.12
19566,7748,34,2,2302.76
19567,7749,55,3,2242.36
19568,7749,243,1,448.7
19569,7749,321,3,1799.15
19570,7750,328,1,3284.59
19571,7750,271,1,748.67
19572,7750,3,1,1677.12
19573,7751,449,1,2039.86
19574,7752,123,3,2706.67
19575,7752,31,3,1596.26
19576,7753,370,2,994.9
19577,7753,61,3,2178.52
19578,7754,131,1,1887.42
19579,7755,48,3,1022.62
19580,7756,428,3,552.35
19581,7756,404,3,150.04
19582,7757,56,3,4313.07
19583,7757,182,3,844.94
19584,7758,298,1,3218.49
19585,7759,394,2,3605.66
19586,7759,252,2,1577.56
19587,7759,481,1,3003.63
19588,7759,76,3,3635.22
19589,7760,364,2,2241.64
19590,7760,216,2,469.58
19591,7760,487,1,1336.98
19592,7760,148,3,3480.93
19593,7761,219,1,458.98
19594,7761,288,2,576.82
19595,7761,294,3,2795.41
19596,7762,106,2,4195.57
19597,7762,467,2,426.75
19598,7763,159,3,3480.05
19599,7763,250,3,1131.56
19600,7763,453,1,2643.14
19601,7763,23,2,2321.94
19602,7764,380,1,4178.67
19603,7764,353,3,3425.07
19604,7764,61,3,2178.52
19605,7764,309,3,2435.91
19606,7765,444,3,1506.97
19607,7766,115,3,2897.05
19608,7766,483,1,2778.02
19609,7767,178,2,2382.11
19610,7767,217,3,665.92
19611,7767,63,3,2084.52
19612,7767,291,3,4205.27
19613,7768,279,2,3105.03
19614,7768,455,2,327.73
19615,7768,37,2,1163.13
19616,7768,70,3,3168.17
19617,7769,198,3,3383.91
19618,7770,374,2,3273.57
19619,7770,368,2,3608.06
19620,7771,346,3,1523.44
19621,7772,357,2,308.92
19622,7772,402,2,1533.14
19623,7772,193,3,3317.64
19624,7772,182,3,844.94
19625,7773,191,2,3708.02
19626,7773,431,3,3595.57
19627,7773,306,2,1851.66
19628,7773,231,3,1032.55
19629,7774,252,3,1577.56
19630,7774,223,3,2698.78
19631,7774,247,3,2823.16
19632,7774,110,3,3895.87
19633,7775,21,2,3835.03
19634,7776,18,2,2782.15
19635,7776,375,3,3752.59
19636,7776,418,1,3162.18
19637,7777,336,1,65.72
19638,7777,375,2,3752.59
19639,7778,429,1,1306.05
19640,7778,462,3,1761.45
19641,7779,143,2,2467.2
19642,7779,240,3,922.64
19643,7780,475,3,4403.14
19644,7781,223,3,2698.78
19645,7781,256,3,2822.54
19646,7782,418,2,3162.18
19647,7782,173,1,2460.15
19648,7782,230,3,2563.86
19649,7782,27,3,3030.0
19650,7783,134,1,2239.38
19651,7783,431,3,3595.57
19652,7783,207,3,1121.22
19653,7784,80,2,262.31
19654,7784,42,1,3559.52
19655,7784,499,1,3607.21
19656,7785,128,1,1116.05
19657,7786,327,2,1665.1
19658,7787,349,3,2697.61
19659,7787,287,3,1462.86
19660,7787,299,3,2236.93
19661,7787,86,1,4335.87
19662,7788,366,3,57.04
19663,7788,398,1,3061.39
19664,7789,171,2,4119.41
19665,7789,398,2,3061.39
19666,7789,385,3,1559.23
19667,7790,29,3,4140.34
19668,7790,263,3,1652.98
19669,7791,256,3,2822.54
19670,7791,417,1,4016.18
19671,7792,307,1,3718.26
19672,7792,375,3,3752.59
19673,7792,299,3,2236.93
19674,7792,372,3,1386.26
19675,7793,214,1,3709.4
19676,7794,351,3,4195.09
19677,7794,340,1,2069.14
19678,7795,380,2,4178.67
19679,7795,145,2,4386.96
19680,7795,116,3,2193.35
19681,7796,289,2,3285.5
19682,7797,458,1,1096.82
19683,7797,436,3,2679.82
19684,7797,233,3,2609.88
19685,7798,278,2,4324.7
19686,7798,381,1,1382.08
19687,7798,204,1,4066.06
19688,7799,387,3,883.84
19689,7799,395,3,896.44
19690,7799,82,3,3783.42
19691,7799,151,2,237.73
19692,7800,123,2,2706.67
19693,7800,132,3,657.98
19694,7800,104,1,2381.72
19695,7800,217,3,665.92
19696,7801,54,1,4144.84
19697,7801,214,3,3709.4
19698,7801,478,3,4426.93
19699,7802,494,1,2790.3
19700,7802,234,3,1339.53
19701,7802,92,3,3644.34
19702,7802,137,2,3232.62
19703,7803,287,2,1462.86
19704,7803,341,1,2720.45
19705,7804,456,3,53.75
19706,7805,74,1,1973.37
19707,7805,434,2,1134.43
19708,7806,218,3,1161.86
19709,7806,230,3,2563.86
19710,7806,32,1,2748.32
19711,7806,33,3,2608.33
19712,7807,61,2,2178.52
19713,7807,238,2,630.17
19714,7807,57,3,2811.97
19715,7807,4,3,1818.67
19716,7808,367,1,3595.46
19717,7808,456,2,53.75
19718,7809,466,3,2977.77
19719,7810,77,1,648.4
19720,7811,125,1,1995.12
19721,7812,17,2,218.01
19722,7812,161,2,317.23
19723,7812,18,1,2782.15
19724,7812,98,3,2661.79
19725,7813,243,1,448.7
19726,7814,47,2,4194.71
19727,7814,481,3,3003.63
19728,7814,500,2,4429.12
19729,7815,143,2,2467.2
19730,7816,187,1,365.39
19731,7816,154,1,1019.16
19732,7816,168,1,2465.17
19733,7817,479,2,2118.97
19734,7817,175,3,2807.82
19735,7818,213,2,3857.96
19736,7819,179,3,735.89
19737,7820,208,1,3457.4
19738,7820,100,2,3288.59
19739,7820,13,1,765.28
19740,7820,354,1,1353.11
19741,7821,367,2,3595.46
19742,7821,158,1,2164.95
19743,7821,261,1,4256.04
19744,7821,205,2,3809.6
19745,7822,135,1,270.86
19746,7822,107,2,1150.91
19747,7822,167,3,2209.59
19748,7823,33,3,2608.33
19749,7824,212,2,79.23
19750,7825,204,2,4066.06
19751,7825,133,1,2798.9
19752,7826,334,3,3470.41
19753,7826,223,3,2698.78
19754,7826,315,2,1821.28
19755,7826,219,2,458.98
19756,7827,421,1,2576.66
19757,7828,34,2,2302.76
19758,7828,159,1,3480.05
19759,7828,408,2,1267.68
19760,7829,281,2,1515.32
19761,7829,480,3,443.59
19762,7829,222,1,3177.67
19763,7830,111,1,4210.12
19764,7830,178,3,2382.11
19765,7830,470,1,2072.05
19766,7831,101,3,3168.1
19767,7831,494,1,2790.3
19768,7831,180,3,2902.02
19769,7832,21,2,3835.03
19770,7832,486,1,1923.52
19771,7832,455,3,327.73
19772,7833,308,2,2771.2
19773,7833,365,3,1085.61
19774,7834,187,1,365.39
19775,7834,51,1,1127.15
19776,7834,400,2,565.47
19777,7834,463,1,736.49
19778,7835,18,2,2782.15
19779,7836,444,1,1506.97
19780,7837,393,2,4114.42
19781,7837,489,1,1208.97
19782,7837,463,3,736.49
19783,7837,399,2,212.66
19784,7838,365,3,1085.61
19785,7838,14,1,3629.44
19786,7838,376,3,4154.14
19787,7838,313,1,224.67
19788,7839,186,1,268.43
19789,7840,197,1,2586.62
19790,7841,291,3,4205.27
19791,7841,347,1,1905.46
19792,7842,419,2,1528.88
19793,7842,487,1,1336.98
19794,7843,299,3,2236.93
19795,7843,113,2,2679.2
19796,7843,69,2,868.42
19797,7844,383,3,3100.45
19798,7844,403,3,2366.57
19799,7844,62,1,1595.44
19800,7844,57,3,2811.97
19801,7845,294,1,2795.41
19802,7845,381,3,1382.08
19803,7845,56,3,4313.07
19804,7846,2,1,1212.8
19805,7846,453,2,2643.14
19806,7847,446,3,4069.49
19807,7847,123,1,2706.67
19808,7848,467,3,426.75
19809,7848,473,3,1103.54
19810,7849,138,1,451.38
19811,7849,187,2,365.39
19812,7850,293,2,635.38
19813,7850,46,1,3382.11
19814,7850,253,3,2052.77
19815,7850,231,3,1032.55
19816,7851,5,1,3537.86
19817,7851,252,1,1577.56
19818,7851,318,2,2112.93
19819,7851,415,1,274.53
19820,7852,122,3,1383.27
19821,7852,117,2,2016.28
19822,7853,128,3,1116.05
19823,7854,186,1,268.43
19824,7854,106,2,4195.57
19825,7855,181,1,2982.07
19826,7855,222,3,3177.67
19827,7856,369,2,252.44
19828,7856,71,3,1294.35
19829,7856,368,3,3608.06
19830,7856,160,1,456.74
19831,7857,368,3,3608.06
19832,7857,476,1,1690.17
19833,7857,467,3,426.75
19834,7858,54,2,4144.84
19835,7858,137,3,3232.62
19836,7858,407,2,3036.5
19837,7859,388,2,3188.43
19838,7860,273,3,1277.66
19839,7860,342,3,1287.6
19840,7861,40,3,4039.53
19841,7861,275,1,4251.41
19842,7862,147,1,4475.68
19843,7862,198,1,3383.91
19844,7862,281,2,1515.32
19845,7863,193,3,3317.64
19846,7863,67,2,882.83
19847,7864,109,3,177.14
19848,7865,437,3,2574.09
19849,7865,329,3,4276.4
19850,7865,146,3,3481.95
19851,7865,330,3,245.38
19852,7866,450,3,1383.82
19853,7866,119,1,3678.44
19854,7866,73,1,3257.63
19855,7866,498,1,3532.25
19856,7867,130,2,2935.63
19857,7867,82,1,3783.42
19858,7868,446,2,4069.49
19859,7868,285,3,1963.79
19860,7868,372,3,1386.26
19861,7868,110,1,3895.87
19862,7869,175,1,2807.82
19863,7869,129,2,3643.71
19864,7870,70,2,3168.17
19865,7870,479,3,2118.97
19866,7870,267,2,2415.44
19867,7871,178,2,2382.11
19868,7871,313,2,224.67
19869,7871,4,2,1818.67
19870,7871,143,3,2467.2
19871,7872,227,2,3377.17
19872,7873,110,1,3895.87
19873,7873,140,1,4490.94
19874,7873,138,2,451.38
19875,7874,301,1,4168.19
19876,7874,154,2,1019.16
19877,7874,342,3,1287.6
19878,7874,375,2,3752.59
19879,7875,387,1,883.84
19880,7875,180,1,2902.02
19881,7876,324,2,1162.87
19882,7876,66,2,1498.19
19883,7877,340,1,2069.14
19884,7877,276,2,725.1
19885,7877,387,3,883.84
19886,7878,61,3,2178.52
19887,7878,296,2,166.08
19888,7878,487,2,1336.98
19889,7879,386,3,3798.71
19890,7880,248,2,938.6
19891,7880,163,2,2220.9
19892,7880,473,1,1103.54
19893,7880,415,3,274.53
19894,7881,381,2,1382.08
19895,7882,15,1,4170.08
19896,7882,467,2,426.75
19897,7882,220,3,3317.48
19898,7882,217,1,665.92
19899,7883,362,2,1624.65
19900,7884,96,2,2743.96
19901,7884,14,1,3629.44
19902,7885,228,2,2870.8
19903,7885,64,3,2097.31
19904,7885,133,2,2798.9
19905,7885,314,1,4333.54
19906,7886,266,1,493.24
19907,7886,129,2,3643.71
19908,7886,300,1,1056.92
19909,7887,89,3,3497.61
19910,7887,474,3,4173.21
19911,7887,266,1,493.24
19912,7888,166,2,1643.85
19913,7889,373,3,556.57
19914,7889,27,1,3030.0
19915,7890,11,2,1832.5
19916,7890,371,3,1303.24
19917,7891,305,3,3907.15
19918,7892,88,3,1630.24
19919,7892,19,1,4337.71
19920,7893,91,1,4306.85
19921,7893,321,3,1799.15
19922,7893,59,3,1297.19
19923,7894,393,3,4114.42
19924,7894,74,2,1973.37
19925,7894,101,3,3168.1
19926,7895,252,1,1577.56
19927,7895,290,1,4327.32
19928,7895,42,3,3559.52
19929,7896,251,3,3915.95
19930,7896,444,1,1506.97
19931,7897,86,2,4335.87
19932,7898,12,1,2782.41
19933,7899,87,3,2941.9
19934,7899,246,3,803.19
19935,7900,433,2,1833.63
19936,7900,185,3,2389.91
19937,7901,171,3,4119.41
19938,7901,404,3,150.04
19939,7902,476,2,1690.17
19940,7902,109,1,177.14
19941,7902,87,1,2941.9
19942,7903,431,2,3595.57
19943,7903,88,1,1630.24
19944,7904,439,3,3340.18
19945,7905,243,1,448.7
19946,7905,329,2,4276.4
19947,7905,17,3,218.01
19948,7905,7,1,2620.55
19949,7906,55,2,2242.36
19950,7906,403,3,2366.57
19951,7906,178,2,2382.11
19952,7906,26,1,4485.84
19953,7907,196,3,893.1
19954,7907,7,3,2620.55
19955,7907,260,3,2799.94
19956,7908,421,3,2576.66
19957,7908,295,1,1077.56
19958,7908,83,3,1539.22
19959,7909,60,1,620.69
19960,7909,485,1,4081.95
19961,7909,184,1,2905.79
19962,7910,470,1,2072.05
19963,7910,197,3,2586.62
19964,7910,493,3,3838.93
19965,7910,24,3,804.2
19966,7911,495,2,113.2
19967,7911,354,1,1353.11
19968,7911,149,1,2154.07
19969,7911,296,2,166.08
19970,7912,192,3,3715.21
19971,7913,121,2,4153.29
19972,7914,427,3,2067.11
19973,7914,472,2,2740.35
19974,7914,257,1,3159.46
19975,7915,65,3,3049.76
19976,7915,357,3,308.92
19977,7915,177,1,4353.88
19978,7915,315,1,1821.28
19979,7916,162,3,3170.91
19980,7916,309,2,2435.91
19981,7917,267,2,2415.44
19982,7917,354,1,1353.11
19983,7917,105,3,1217.91
19984,7918,289,3,3285.5
19985,7918,477,3,406.28
19986,7919,277,3,660.81
19987,7919,472,2,2740.35
19988,7919,339,1,1108.56
19989,7919,219,2,458.98
19990,7920,482,1,2869.91
19991,7920,337,3,2090.96
19992,7920,441,3,2520.14
19993,7921,345,3,3018.13
19994,7921,318,2,2112.93
19995,7921,473,2,1103.54
19996,7922,404,3,150.04
19997,7923,225,3,4152.33
19998,7923,344,2,1603.14
19999,7923,446,1,4069.49
20000,7924,240,1,922.64
20001,7925,380,3,4178.67
20002,7926,119,2,3678.44
20003,7927,113,1,2679.2
20004,7927,206,2,1966.12
20005,7928,59,2,1297.19
20006,7928,321,1,1799.15
20007,7929,137,2,3232.62
20008,7929,6,3,2537.97
20009,7930,191,2,3708.02
20010,7931,216,1,469.58
20011,7931,127,3,1031.64
20012,7931,419,3,1528.88
20013,7931,476,2,1690.17
20014,7932,278,1,4324.7
20015,7932,239,2,931.58
20016,7933,33,2,2608.33
20017,7934,75,1,3610.17
20018,7934,440,1,558.74
20019,7934,462,3,1761.45
20020,7935,314,3,4333.54
20021,7935,132,1,657.98
20022,7935,306,3,1851.66
20023,7936,372,2,1386.26
20024,7936,364,2,2241.64
20025,7937,61,1,2178.52
20026,7937,244,2,1675.44
20027,7937,106,3,4195.57
20028,7938,217,2,665.92
20029,7938,157,1,89.74
20030,7938,281,1,1515.32
20031,7938,62,1,1595.44
20032,7939,462,3,1761.45
20033,7939,136,1,4376.88
20034,7939,12,3,2782.41
20035,7939,392,1,1715.26
20036,7940,456,1,53.75
20037,7941,3,2,1677.12
20038,7942,285,1,1963.79
20039,7942,85,2,138.27
20040,7943,121,2,4153.29
20041,7943,82,2,3783.42
20042,7943,197,3,2586.62
20043,7944,42,3,3559.52
20044,7944,342,3,1287.6
20045,7944,264,3,3909.98
20046,7945,329,3,4276.4
20047,7946,257,2,3159.46
20048,7946,335,1,854.1
20049,7946,340,2,2069.14
20050,7946,170,3,2134.36
20051,7947,178,2,2382.11
20052,7948,206,3,1966.12
20053,7948,297,1,646.69
20054,7949,139,3,1571.51
20055,7949,188,3,2968.08
20056,7950,274,1,3960.11
20057,7950,490,1,802.4
20058,7950,305,2,3907.15
20059,7951,26,3,4485.84
20060,7951,269,1,145.62
20061,7951,24,1,804.2
20062,7952,214,3,3709.4
20063,7953,206,1,1966.12
20064,7953,314,3,4333.54
20065,7953,277,3,660.81
20066,7954,97,1,3525.33
20067,7954,479,1,2118.97
20068,7955,241,1,2382.9
20069,7955,302,2,3353.53
20070,7955,492,2,2207.18
20071,7955,389,2,1258.16
20072,7956,391,3,1011.82
20073,7957,363,2,2258.97
20074,7957,25,2,2964.84
20075,7958,173,3,2460.15
20076,7959,336,2,65.72
20077,7960,11,1,1832.5
20078,7960,265,2,4410.08
20079,7960,60,2,620.69
20080,7961,30,3,3742.45
20081,7962,227,3,3377.17
20082,7963,190,2,2533.19
20083,7963,51,3,1127.15
20084,7963,10,1,4274.14
20085,7963,412,1,1139.47
20086,7964,169,2,880.49
20087,7964,111,3,4210.12
20088,7964,371,2,1303.24
20089,7964,256,2,2822.54
20090,7965,365,3,1085.61
20091,7965,273,1,1277.66
20092,7965,101,1,3168.1
20093,7966,445,2,452.87
20094,7966,432,2,365.61
20095,7966,375,3,3752.59
20096,7967,132,1,657.98
20097,7967,453,2,2643.14
20098,7967,290,2,4327.32
20099,7968,407,1,3036.5
20100,7969,265,1,4410.08
20101,7969,281,1,1515.32
20102,7969,264,2,3909.98
20103,7969,375,3,3752.59
20104,7970,361,1,1205.49
20105,7970,322,1,846.01
20106,7970,344,1,1603.14
20107,7970,123,3,2706.67
20108,7971,21,1,3835.03
20109,7971,322,2,846.01
20110,7971,418,3,3162.18
20111,7971,112,3,4364.46
20112,7972,238,3,630.17
20113,7973,66,1,1498.19
20114,7973,128,2,1116.05
20115,7973,494,2,2790.3
20116,7973,368,3,3608.06
20117,7974,44,3,2348.44
20118,7975,85,3,138.27
20119,7976,238,2,630.17
20120,7976,215,1,2525.64
20121,7976,51,3,1127.15
20122,7976,452,1,3244.17
20123,7977,258,1,4081.88
20124,7977,441,2,2520.14
20125,7977,137,2,3232.62
20126,7977,160,2,456.74
20127,7978,401,1,3107.38
20128,7978,359,1,3114.51
20129,7978,408,2,1267.68
20130,7978,498,3,3532.25
20131,7979,412,3,1139.47
20132,7979,177,2,4353.88
20133,7980,162,2,3170.91
20134,7980,255,2,2378.53
20135,7980,48,2,1022.62
20136,7980,95,2,1460.11
20137,7981,409,3,2540.33
20138,7981,226,2,1903.52
20139,7981,291,1,4205.27
20140,7982,33,3,2608.33
20141,7982,131,1,1887.42
20142,7982,294,1,2795.41
20143,7982,438,3,1100.89
20144,7983,15,3,4170.08
20145,7983,355,1,3874.37
20146,7983,450,2,1383.82
20147,7984,477,2,406.28
20148,7984,331,3,2566.44
20149,7984,154,2,1019.16
20150,7985,333,2,278.33
20151,7985,381,1,1382.08
20152,7986,216,2,469.58
20153,7987,283,3,3610.47
20154,7987,463,2,736.49
20155,7988,407,3,3036.5
20156,7988,299,1,2236.93
20157,7989,462,2,1761.45
20158,7989,207,2,1121.22
20159,7989,200,2,2091.31
20160,7989,381,3,1382.08
20161,7990,434,3,1134.43
20162,7990,132,2,657.98
20163,7991,8,1,3324.23
20164,7991,496,1,4100.09
20165,7992,247,2,2823.16
20166,7992,302,1,3353.53
20167,7992,304,2,3908.72
20168,7993,402,1,1533.14
20169,7993,286,1,2970.23
20170,7993,34,2,2302.76
20171,7994,388,2,3188.43
20172,7994,30,2,3742.45
20173,7994,408,3,1267.68
20174,7995,224,2,3647.12
20175,7995,115,1,2897.05
20176,7996,377,1,3597.78
20177,7996,262,3,1257.33
20178,7996,25,1,2964.84
20179,7996,448,1,2414.09
20180,7997,62,2,1595.44
20181,7997,392,1,1715.26
20182,7997,398,1,3061.39
20183,7997,215,3,2525.64
20184,7998,184,2,2905.79
20185,7998,93,1,2774.78
20186,7999,237,3,1823.45
20187,8000,89,2,3497.61
20188,8000,440,3,558.74
20189,8000,214,1,3709.4
20190,8000,176,1,1112.6
