orden_id,cliente_id,fecha_orden,estado_orden
1,4879,2025-07-07 12:46:26,CANCELADA
2,1263,2025-03-22 09:34:17,PENDIENTE
3,3383,2025-11-09 04:45:55,PENDIENTE
4,1950,2025-08-16 00:22:45,PENDIENTE
5,1371,2025-08-21 09:44:18,COMPLETADA
6,2827,2025-02-18 02:07:31,COMPLETADA
7,2166,2025-11-09 03:55:23,PENDIENTE
8,951,2025-12-08 13:12:00,COMPLETADA
9,3802,2025-02-07 14:36:29,COMPLETADA
10,2469,2025-09-08 01:07:09,COMPLETADA
11,4363,2025-04-11 03:46:49,COMPLETADA
12,3196,2025-04-24 18:04:49,COMPLETADA
13,1190,2025-01-23 09:16:25,COMPLETADA
14,3562,2025-01-17 08:19:44,COMPLETADA
15,3677,2025-05-05 06:46:33,COMPLETADA
16,2587,2025-05-23 16:09:42,CANCELADA
17,337,2025-08-17 22:07:53,COMPLETADA
18,4353,2025-02-13 05:43:22,COMPLETADA
19,3538,2025-09-08 03:40:09,COMPLETADA
20,2234,2025-06-12 08:43:58,COMPLETADA
21,2188,2025-11-04 22:02:38,PENDIENTE
22,2092,2025-10-29 02:42:00,PENDIENTE
23,3205,2025-02-06 23:47:07,COMPLETADA
24,1981,2025-09-09 19:57:33,PENDIENTE
25,4823,2025-07-04 23:33:52,PENDIENTE
26,4260,2025-05-17 09:59:13,COMPLETADA
27,1474,2025-10-03 17:07:29,COMPLETADA
28,87,2025-07-11 09:33:46,PENDIENTE
29,557,2025-07-17 10:38:17,COMPLETADA
30,801,2025-06-13 14:36:58,COMPLETADA
31,3654,2025-04-29 09:41:09,COMPLETADA
32,2321,2025-03-24 11:27:38,COMPLETADA
33,279,2025-11-21 21:04:02,COMPLETADA
34,754,2025-03-03 10:12:27,COMPLETADA
35,4868,2025-01-29 05:04:02,PENDIENTE
36,1777,2025-01-09 03:12:10,CANCELADA
37,998,2025-01-24 21:15:31,PENDIENTE
38,983,2025-04-10 08:24:16,COMPLETADA
39,4954,2025-09-09 02:11:03,COMPLETADA
40,4638,2025-10-30 05:44:32,PENDIENTE
41,1514,2025-10-25 02:29:02,CANCELADA
42,1510,2025-01-11 11:15:17,COMPLETADA
43,3826,2025-03-28 15:53:41,PENDIENTE
44,621,2025-09-23 06:05:01,COMPLETADA
45,2265,2025-02-28 20:19:22,PENDIENTE
46,2650,2025-03-18 20:01:28,COMPLETADA
47,607,2025-11-14 12:15:29,COMPLETADA
48,512,2025-07-27 09:41:01,COMPLETADA
49,2726,2025-03-17 01:12:50,CANCELADA
50,2116,2025-10-15 00:42:43,CANCELADA
51,2169,2025-05-08 06:46:34,COMPLETADA
52,569,2025-01-10 20:57:08,COMPLETADA
53,1644,2025-03-05 23:10:07,COMPLETADA
54,1462,2025-09-05 05:15:04,COMPLETADA
55,889,2025-02-21 09:35:12,COMPLETADA
56,3533,2025-09-14 06:40:25,COMPLETADA
57,871,2025-04-14 19:47:15,CANCELADA
58,2122,2025-10-28 01:40:24,COMPLETADA
59,598,2025-11-20 11:13:54,COMPLETADA
60,2053,2025-07-21 18:47:54,PENDIENTE
61,154,2025-04-17 04:46:07,CANCELADA
62,1220,2025-02-01 21:05:52,PENDIENTE
63,8,2025-12-01 14:26:49,CANCELADA
64,3199,2025-04-10 14:40:50,COMPLETADA
65,2702,2025-01-28 17:55:03,CANCELADA
66,4708,2025-10-07 21:01:29,COMPLETADA
67,4020,2025-11-03 22:14:59,COMPLETADA
68,3309,2025-12-18 00:05:43,PENDIENTE
69,575,2025-07-16 16:28:54,COMPLETADA
70,28,2025-08-13 08:03:37,COMPLETADA
71,3950,2025-02-24 11:30:13,COMPLETADA
72,4386,2025-07-20 11:02:50,CANCELADA
73,2941,2025-02-10 13:08:52,COMPLETADA
74,2481,2025-09-28 13:57:52,COMPLETADA
75,743,2025-03-23 23:19:23,COMPLETADA
76,2786,2025-06-10 01:33:57,COMPLETADA
77,3766,2025-06-26 12:22:03,PENDIENTE
78,2376,2025-07-27 07:04:29,COMPLETADA
79,1447,2025-04-19 07:11:01,COMPLETADA
80,3148,2025-04-08 21:44:24,PENDIENTE
81,2449,2025-09-15 00:08:51,PENDIENTE
82,875,2025-05-29 21:49:14,COMPLETADA
83,2944,2025-10-03 22:01:37,COMPLETADA
84,3588,2025-08-19 10:04:43,PENDIENTE
85,1147,2025-03-16 23:31:44,COMPLETADA
86,208,2025-02-26 17:32:32,PENDIENTE
87,4858,2025-03-09 09:55:58,COMPLETADA
88,3185,2025-09-28 16:14:40,COMPLETADA
89,4429,2025-01-06 04:02:36,COMPLETADA
90,4094,2025-03-05 19:51:36,COMPLETADA
91,3681,2025-08-20 08:27:37,CANCELADA
92,135,2025-11-02 06:46:15,COMPLETADA
93,460,2025-08-21 02:17:37,COMPLETADA
94,351,2025-10-13 12:11:50,COMPLETADA
95,1735,2025-04-16 17:53:29,PENDIENTE
96,4286,2025-05-18 21:54:25,COMPLETADA
97,4396,2025-10-08 04:38:04,COMPLETADA
98,4747,2025-12-12 16:45:27,COMPLETADA
99,591,2025-06-22 04:55:25,COMPLETADA
100,1160,2025-08-14 09:10:43,COMPLETADA
101,157,2025-08-23 12:28:28,COMPLETADA
102,376,2025-04-11 23:37:29,COMPLETADA
103,1070,2025-02-27 13:12:54,COMPLETADA
104,410,2025-04-02 19:41:23,CANCELADA
105,798,2025-09-09 09:36:43,COMPLETADA
106,1399,2025-11-25 16:07:59,PENDIENTE
107,524,2025-05-08 14:45:18,PENDIENTE
108,872,2025-06-18 03:18:58,COMPLETADA
109,4875,2025-08-28 06:17:23,PENDIENTE
110,1807,2025-04-27 13:03:09,COMPLETADA
111,1661,2025-05-11 19:48:15,COMPLETADA
112,3294,2025-12-29 09:47:18,COMPLETADA
113,4719,2025-08-10 17:50:18,COMPLETADA
114,2635,2025-04-11 15:42:24,PENDIENTE
115,1747,2025-07-27 20:17:47,PENDIENTE
116,4859,2025-09-28 14:19:52,COMPLETADA
117,518,2025-12-07 23:44:10,COMPLETADA
118,1158,2025-10-30 21:11:34,PENDIENTE
119,1377,2025-07-28 10:55:21,PENDIENTE
120,4534,2025-12-30 02:29:07,COMPLETADA
121,1996,2025-07-09 06:26:58,CANCELADA
122,334,2025-10-27 22:45:57,COMPLETADA
123,3082,2025-05-05 20:40:18,PENDIENTE
124,129,2025-09-01 23:03:58,CANCELADA
125,662,2025-02-05 18:45:58,COMPLETADA
126,1470,2025-05-09 05:43:32,CANCELADA
127,4864,2025-11-01 20:30:56,CANCELADA
128,3410,2025-12-29 17:47:07,PENDIENTE
129,3900,2025-02-27 18:41:50,PENDIENTE
130,1689,2025-08-12 22:16:25,COMPLETADA
131,2220,2025-01-22 20:51:15,COMPLETADA
132,3376,2025-09-15 07:56:31,COMPLETADA
133,1430,2025-07-26 17:57:08,COMPLETADA
134,309,2025-06-23 02:50:14,COMPLETADA
135,4096,2025-06-10 16:20:40,COMPLETADA
136,722,2025-04-19 02:14:01,COMPLETADA
137,2468,2025-06-29 11:29:28,COMPLETADA
138,38,2025-04-10 23:26:48,COMPLETADA
139,1573,2025-11-17 21:48:18,COMPLETADA
140,4344,2025-06-25 14:31:24,CANCELADA
141,2965,2025-05-13 19:07:45,CANCELADA
142,4422,2025-05-17 10:31:03,COMPLETADA
143,3803,2025-10-23 19:20:39,PENDIENTE
144,1705,2025-09-26 07:51:27,COMPLETADA
145,1587,2025-04-15 13:27:10,COMPLETADA
146,1223,2025-08-07 14:13:16,PENDIENTE
147,3887,2025-08-04 17:21:53,COMPLETADA
148,1309,2025-03-12 15:33:50,PENDIENTE
149,354,2025-10-01 14:34:07,COMPLETADA
150,2984,2025-08-16 22:54:04,COMPLETADA
151,3561,2025-02-20 13:17:30,COMPLETADA
152,3713,2025-05-08 03:00:54,COMPLETADA
153,430,2025-03-20 15:59:45,CANCELADA
154,1441,2025-12-24 17:32:45,COMPLETADA
155,239,2025-08-01 17:43:56,COMPLETADA
156,951,2025-02-06 02:48:29,COMPLETADA
157,1928,2025-03-13 17:44:04,PENDIENTE
158,4856,2025-02-22 00:50:41,COMPLETADA
159,3433,2025-08-14 09:22:25,COMPLETADA
160,2669,2025-06-17 14:10:48,COMPLETADA
161,903,2025-07-10 22:54:48,COMPLETADA
162,804,2025-09-04 03:56:10,COMPLETADA
163,3380,2025-03-24 04:22:48,CANCELADA
164,3077,2025-10-22 12:43:04,CANCELADA
165,603,2025-01-17 08:58:27,COMPLETADA
166,3969,2025-08-07 22:08:25,COMPLETADA
167,3571,2025-02-19 22:55:53,COMPLETADA
168,4993,2025-10-02 02:11:56,COMPLETADA
169,3174,2025-02-15 09:17:51,COMPLETADA
170,3750,2025-05-16 17:29:53,PENDIENTE
171,2938,2025-02-05 16:14:09,CANCELADA
172,1657,2025-09-06 06:26:22,COMPLETADA
173,263,2025-01-18 23:56:41,PENDIENTE
174,489,2025-04-26 04:03:18,COMPLETADA
175,911,2025-03-18 09:03:06,CANCELADA
176,3757,2025-10-16 00:05:33,COMPLETADA
177,2815,2025-10-26 03:29:29,COMPLETADA
178,2418,2025-05-26 03:19:02,COMPLETADA
179,1393,2025-06-17 06:53:37,COMPLETADA
180,4529,2025-10-28 11:08:06,CANCELADA
181,709,2025-09-06 00:55:26,COMPLETADA
182,4275,2025-10-02 01:35:25,COMPLETADA
183,1774,2025-01-04 17:06:44,COMPLETADA
184,3791,2025-03-28 05:15:46,COMPLETADA
185,3508,2025-07-20 23:20:55,PENDIENTE
186,2021,2025-01-10 13:19:32,COMPLETADA
187,3558,2025-05-31 00:38:39,COMPLETADA
188,4848,2025-02-10 11:03:21,CANCELADA
189,4700,2025-06-19 07:59:03,CANCELADA
190,3423,2025-11-04 10:20:22,CANCELADA
191,329,2025-08-25 18:53:22,CANCELADA
192,4131,2025-09-28 08:47:06,COMPLETADA
193,4351,2025-02-28 05:25:30,COMPLETADA
194,803,2025-01-21 07:55:23,COMPLETADA
195,1971,2025-09-26 08:04:12,COMPLETADA
196,102,2025-10-03 23:55:12,PENDIENTE
197,3332,2025-01-24 01:16:47,CANCELADA
198,1088,2025-04-12 05:31:19,COMPLETADA
199,1959,2025-12-26 11:54:38,COMPLETADA
200,744,2025-06-24 11:59:31,COMPLETADA
201,2498,2025-04-04 03:51:47,COMPLETADA
202,3763,2025-06-23 20:41:00,CANCELADA
203,4782,2025-05-06 07:56:54,COMPLETADA
204,3727,2025-03-29 10:06:38,COMPLETADA
205,1136,2025-03-23 22:03:28,CANCELADA
206,3321,2025-11-18 10:05:39,COMPLETADA
207,3035,2025-10-24 14:53:18,COMPLETADA
208,12,2025-09-17 02:27:53,CANCELADA
209,580,2025-01-19 19:23:47,COMPLETADA
210,2728,2025-04-28 10:03:54,COMPLETADA
211,2430,2025-04-15 06:19:26,COMPLETADA
212,2211,2025-03-09 17:05:18,PENDIENTE
213,4444,2025-04-19 16:36:44,COMPLETADA
214,1697,2025-08-10 09:51:04,PENDIENTE
215,664,2025-02-05 19:41:44,COMPLETADA
216,2751,2025-03-03 06:17:51,PENDIENTE
217,450,2025-12-30 12:11:45,COMPLETADA
218,2982,2025-03-09 06:47:29,CANCELADA
219,910,2025-09-21 01:13:13,COMPLETADA
220,3813,2025-09-21 05:42:09,COMPLETADA
221,2995,2025-04-02 18:50:27,COMPLETADA
222,4578,2025-12-23 01:44:36,PENDIENTE
223,4594,2025-05-30 18:52:22,PENDIENTE
224,1678,2025-11-10 13:57:33,COMPLETADA
225,2744,2025-06-13 22:05:31,COMPLETADA
226,931,2025-09-23 07:43:01,COMPLETADA
227,4753,2025-10-15 10:43:59,CANCELADA
228,1719,2025-12-15 03:19:14,PENDIENTE
229,1847,2025-09-17 19:13:33,COMPLETADA
230,2191,2025-11-18 07:12:28,COMPLETADA
231,3465,2025-05-04 01:46:50,COMPLETADA
232,520,2025-03-26 12:43:38,COMPLETADA
233,3707,2025-10-19 00:18:29,COMPLETADA
234,4315,2025-06-28 05:39:15,PENDIENTE
235,3852,2025-05-20 06:09:35,PENDIENTE
236,4366,2025-12-13 23:38:45,CANCELADA
237,3703,2025-06-06 18:39:31,COMPLETADA
238,538,2025-09-21 23:59:01,COMPLETADA
239,3751,2025-01-16 05:04:48,COMPLETADA
240,3201,2025-06-09 15:32:15,CANCELADA
241,2363,2025-10-04 15:29:00,CANCELADA
242,631,2025-12-20 07:12:53,COMPLETADA
243,2261,2025-10-22 13:03:14,COMPLETADA
244,1213,2025-03-21 07:01:17,COMPLETADA
245,1674,2025-09-17 14:30:14,COMPLETADA
246,186,2025-09-18 22:57:04,COMPLETADA
247,4436,2025-04-26 08:34:20,CANCELADA
248,3883,2025-10-26 09:20:15,COMPLETADA
249,3637,2025-07-17 18:33:09,PENDIENTE
250,176,2025-01-05 00:59:50,COMPLETADA
251,516,2025-07-06 18:34:03,COMPLETADA
252,1904,2025-08-28 20:43:26,PENDIENTE
253,4257,2025-03-22 21:11:23,COMPLETADA
254,3373,2025-04-28 17:29:10,COMPLETADA
255,2674,2025-08-20 21:50:42,COMPLETADA
256,4344,2025-05-03 23:04:20,PENDIENTE
257,3648,2025-02-26 05:06:27,COMPLETADA
258,4647,2025-02-02 12:34:29,COMPLETADA
259,2511,2025-02-12 23:53:12,COMPLETADA
260,2130,2025-06-26 14:58:05,COMPLETADA
261,3047,2025-02-17 18:52:37,CANCELADA
262,388,2025-05-10 15:24:16,COMPLETADA
263,2330,2025-03-18 23:55:42,COMPLETADA
264,1363,2025-10-05 12:00:16,COMPLETADA
265,1318,2025-12-03 05:30:53,PENDIENTE
266,2337,2025-11-01 11:44:44,COMPLETADA
267,1437,2025-09-28 14:59:11,PENDIENTE
268,1258,2025-10-22 04:04:58,COMPLETADA
269,958,2025-10-28 17:34:29,COMPLETADA
270,2594,2025-08-31 00:32:55,COMPLETADA
271,3612,2025-10-31 10:43:14,COMPLETADA
272,1512,2025-10-01 08:24:36,COMPLETADA
273,285,2025-01-18 01:02:14,PENDIENTE
274,2817,2025-07-21 13:30:38,COMPLETADA
275,3674,2025-02-17 06:52:58,COMPLETADA
276,1332,2025-10-24 07:51:38,COMPLETADA
277,996,2025-04-21 20:34:32,CANCELADA
278,3315,2025-07-16 13:00:23,CANCELADA
279,1191,2025-12-29 00:22:28,CANCELADA
280,2624,2025-11-11 04:17:32,COMPLETADA
281,4475,2025-11-10 14:50:46,CANCELADA
282,2714,2025-10-19 07:33:57,COMPLETADA
283,2422,2025-10-06 07:30:46,COMPLETADA
284,2375,2025-12-20 01:12:35,CANCELADA
285,4700,2025-03-12 18:13:18,PENDIENTE
286,4631,2025-05-18 07:46:03,PENDIENTE
287,3622,2025-06-05 13:27:27,COMPLETADA
288,921,2025-01-29 21:32:16,PENDIENTE
289,329,2025-10-10 21:57:11,COMPLETADA
290,4514,2025-12-14 10:25:21,COMPLETADA
291,204,2025-09-07 17:57:16,COMPLETADA
292,1806,2025-03-15 10:15:59,COMPLETADA
293,758,2025-01-16 22:55:55,COMPLETADA
294,4982,2025-03-17 07:03:00,COMPLETADA
295,4780,2025-01-15 21:56:23,COMPLETADA
296,2277,2025-12-24 03:51:33,COMPLETADA
297,685,2025-06-19 22:51:55,COMPLETADA
298,3650,2025-06-06 08:18:57,PENDIENTE
299,716,2025-03-26 16:05:53,CANCELADA
300,3232,2025-03-20 21:24:28,COMPLETADA
301,2604,2025-12-30 23:11:02,COMPLETADA
302,4191,2025-04-04 15:30:26,CANCELADA
303,2958,2025-10-22 06:20:03,COMPLETADA
304,3504,2025-10-10 03:05:23,COMPLETADA
305,3055,2025-05-12 21:41:16,COMPLETADA
306,2826,2025-11-29 08:56:41,COMPLETADA
307,3651,2025-02-08 22:38:46,CANCELADA
308,718,2025-06-01 18:36:00,COMPLETADA
309,3640,2025-11-28 17:37:29,PENDIENTE
310,3405,2026-01-03 18:48:33,PENDIENTE
311,2365,2025-01-04 12:18:31,COMPLETADA
312,3473,2025-08-17 02:00:36,PENDIENTE
313,3394,2025-03-04 11:35:05,COMPLETADA
314,4811,2025-09-30 01:48:31,COMPLETADA
315,1177,2025-12-09 00:13:21,COMPLETADA
316,3889,2025-03-12 22:23:55,CANCELADA
317,4304,2025-01-15 18:21:03,CANCELADA
318,542,2025-11-06 10:36:01,CANCELADA
319,4839,2025-06-08 15:47:36,PENDIENTE
320,725,2025-12-13 06:38:48,COMPLETADA
321,2240,2025-01-30 03:10:11,COMPLETADA
322,4554,2025-11-16 23:48:25,COMPLETADA
323,4653,2025-06-14 11:23:41,PENDIENTE
324,1122,2025-08-12 14:25:40,COMPLETADA
325,3128,2025-02-04 13:36:30,COMPLETADA
326,4019,2025-08-18 19:02:52,COMPLETADA
327,2474,2025-12-08 04:20:39,PENDIENTE
328,2490,2025-08-24 07:34:59,COMPLETADA
329,3797,2025-12-03 17:54:01,COMPLETADA
330,21,2025-03-04 16:44:14,COMPLETADA
331,2459,2025-01-21 08:29:47,CANCELADA
332,3872,2025-06-11 15:08:27,COMPLETADA
333,2357,2025-11-20 07:10:35,COMPLETADA
334,4030,2025-10-29 08:43:11,CANCELADA
335,2005,2025-09-27 10:24:21,COMPLETADA
336,2271,2025-01-07 22:04:56,COMPLETADA
337,547,2025-01-24 09:25:47,COMPLETADA
338,2964,2025-05-23 19:01:36,COMPLETADA
339,4634,2025-09-08 06:05:02,COMPLETADA
340,2113,2025-03-03 19:12:37,COMPLETADA
341,3900,2025-06-10 16:48:33,CANCELADA
342,980,2025-05-25 01:27:58,COMPLETADA
343,4713,2025-09-15 16:32:21,COMPLETADA
344,2127,2025-05-22 08:12:46,COMPLETADA
345,480,2025-10-09 12:00:52,COMPLETADA
346,3777,2025-05-29 05:38:20,CANCELADA
347,1110,2025-12-20 07:06:46,COMPLETADA
348,434,2025-03-10 23:42:44,COMPLETADA
349,3437,2025-01-07 03:54:53,COMPLETADA
350,2917,2025-02-19 14:18:04,COMPLETADA
351,2390,2025-03-11 10:39:49,COMPLETADA
352,630,2025-03-17 08:05:31,COMPLETADA
353,1502,2025-02-28 08:57:21,PENDIENTE
354,4906,2025-08-15 06:55:36,PENDIENTE
355,4455,2025-01-24 09:50:12,COMPLETADA
356,2591,2025-05-28 20:10:00,PENDIENTE
357,2467,2025-02-16 05:18:55,COMPLETADA
358,2970,2025-04-21 21:28:20,COMPLETADA
359,4752,2025-03-21 02:14:31,COMPLETADA
360,1178,2025-10-08 22:40:20,COMPLETADA
361,4245,2025-09-23 23:58:53,COMPLETADA
362,3973,2025-08-21 15:11:07,COMPLETADA
363,1336,2025-03-27 05:32:52,COMPLETADA
364,1267,2025-04-29 02:06:18,COMPLETADA
365,1544,2025-02-06 01:38:19,PENDIENTE
366,4577,2025-03-27 19:27:15,COMPLETADA
367,4307,2025-04-22 00:35:34,PENDIENTE
368,4515,2025-09-19 16:32:07,PENDIENTE
369,934,2025-03-24 23:13:37,COMPLETADA
370,626,2025-12-03 15:37:01,COMPLETADA
371,1076,2025-11-09 14:14:43,CANCELADA
372,3929,2025-11-30 21:42:34,COMPLETADA
373,2971,2025-08-08 17:23:45,COMPLETADA
374,3621,2025-05-16 17:39:45,CANCELADA
375,4896,2025-12-11 00:11:37,COMPLETADA
376,2803,2025-10-27 11:41:30,COMPLETADA
377,2496,2025-03-26 09:08:28,COMPLETADA
378,972,2025-02-22 05:00:23,COMPLETADA
379,1167,2025-03-06 01:48:38,PENDIENTE
380,2519,2025-11-11 23:59:44,COMPLETADA
381,1067,2025-09-09 00:21:39,CANCELADA
382,3481,2025-12-11 07:36:00,PENDIENTE
383,916,2025-01-22 13:01:51,COMPLETADA
384,3968,2025-05-06 17:00:36,PENDIENTE
385,349,2025-05-08 07:33:33,COMPLETADA
386,269,2025-02-14 20:50:23,PENDIENTE
387,4207,2025-03-07 14:05:32,COMPLETADA
388,3843,2025-07-29 14:38:13,COMPLETADA
389,2073,2025-12-02 17:41:39,COMPLETADA
390,2472,2025-05-20 16:01:25,PENDIENTE
391,791,2025-04-14 22:03:15,PENDIENTE
392,4930,2025-09-06 12:24:42,COMPLETADA
393,1639,2025-08-08 09:26:56,COMPLETADA
394,2880,2025-04-08 08:48:47,COMPLETADA
395,1193,2025-08-30 03:38:32,PENDIENTE
396,2273,2025-07-13 03:00:53,CANCELADA
397,2850,2025-03-26 19:03:17,COMPLETADA
398,4102,2025-03-26 00:48:21,PENDIENTE
399,1982,2025-05-08 00:07:55,COMPLETADA
400,560,2025-03-12 03:39:04,COMPLETADA
401,4737,2025-07-28 08:15:16,PENDIENTE
402,4333,2025-04-05 15:26:05,COMPLETADA
403,1570,2025-05-10 11:45:20,CANCELADA
404,1408,2025-11-23 03:26:43,CANCELADA
405,4401,2025-07-28 04:57:55,COMPLETADA
406,809,2025-03-30 12:19:47,CANCELADA
407,4131,2025-02-24 19:47:02,CANCELADA
408,3889,2025-12-31 06:41:36,COMPLETADA
409,4829,2025-01-22 00:41:15,COMPLETADA
410,880,2025-03-14 19:28:35,COMPLETADA
411,2907,2025-03-28 06:50:22,CANCELADA
412,3475,2025-10-10 06:43:33,COMPLETADA
413,1865,2025-10-09 05:27:58,COMPLETADA
414,2575,2025-01-12 06:10:01,COMPLETADA
415,904,2025-07-17 09:01:54,COMPLETADA
416,4062,2025-05-15 06:27:15,PENDIENTE
417,2362,2025-07-30 12:22:19,COMPLETADA
418,333,2025-09-06 16:18:39,COMPLETADA
419,4045,2025-03-24 23:54:09,COMPLETADA
420,2324,2025-03-11 07:48:34,COMPLETADA
421,2556,2025-04-06 17:48:19,PENDIENTE
422,3637,2025-03-16 00:51:41,COMPLETADA
423,3337,2025-02-22 20:10:26,COMPLETADA
424,3506,2025-09-27 02:00:00,COMPLETADA
425,571,2025-04-22 09:36:50,CANCELADA
426,3897,2025-11-10 11:26:31,CANCELADA
427,3011,2025-04-18 21:37:00,COMPLETADA
428,4028,2025-07-08 05:44:36,PENDIENTE
429,3248,2025-04-27 10:57:38,COMPLETADA
430,697,2025-10-28 08:15:29,COMPLETADA
431,3235,2025-05-29 00:29:47,COMPLETADA
432,4838,2025-01-23 17:50:45,CANCELADA
433,1383,2025-07-09 13:54:38,COMPLETADA
434,1631,2025-08-25 07:14:53,COMPLETADA
435,4874,2025-01-05 10:25:00,PENDIENTE
436,3312,2025-12-23 06:12:32,COMPLETADA
437,3480,2025-08-01 12:00:18,PENDIENTE
438,2282,2025-12-09 14:38:56,PENDIENTE
439,4768,2025-12-19 10:30:45,COMPLETADA
440,3279,2025-12-11 20:31:57,COMPLETADA
441,4942,2025-11-17 02:42:44,CANCELADA
442,3970,2025-01-24 20:47:54,COMPLETADA
443,1208,2025-03-22 09:32:03,PENDIENTE
444,886,2025-01-11 18:13:23,COMPLETADA
445,4009,2025-07-21 00:24:17,COMPLETADA
446,1103,2026-01-01 14:39:41,COMPLETADA
447,433,2025-09-20 17:05:24,PENDIENTE
448,4081,2025-11-02 05:50:21,PENDIENTE
449,1468,2025-10-11 02:31:18,COMPLETADA
450,2679,2025-12-10 13:02:17,COMPLETADA
451,790,2025-04-08 23:09:54,PENDIENTE
452,4260,2025-09-21 22:46:40,PENDIENTE
453,3818,2025-10-26 10:39:46,COMPLETADA
454,4079,2025-12-05 05:34:23,COMPLETADA
455,2144,2025-11-15 05:03:46,COMPLETADA
456,4429,2025-06-16 17:01:52,COMPLETADA
457,259,2025-02-02 08:45:10,CANCELADA
458,976,2025-03-15 05:52:18,COMPLETADA
459,2577,2025-07-15 13:57:37,CANCELADA
460,3626,2025-12-31 02:41:19,COMPLETADA
461,270,2025-03-17 19:49:45,COMPLETADA
462,2483,2025-06-17 02:57:14,CANCELADA
463,1345,2025-05-03 21:49:36,COMPLETADA
464,1102,2025-08-12 17:20:54,COMPLETADA
465,3188,2025-06-27 22:41:14,COMPLETADA
466,897,2025-09-19 17:31:07,COMPLETADA
467,4019,2025-10-31 12:07:33,PENDIENTE
468,4419,2025-10-18 16:52:37,COMPLETADA
469,3899,2025-06-20 01:36:15,COMPLETADA
470,1281,2025-05-19 17:25:44,COMPLETADA
471,3207,2025-03-27 13:57:46,COMPLETADA
472,4842,2025-09-27 04:59:12,CANCELADA
473,2890,2025-02-08 18:52:45,PENDIENTE
474,2331,2025-09-04 22:45:15,COMPLETADA
475,231,2025-12-18 12:12:30,COMPLETADA
476,1051,2025-02-06 15:49:22,PENDIENTE
477,2858,2025-06-07 14:15:54,PENDIENTE
478,4784,2025-02-25 21:31:25,COMPLETADA
479,2796,2025-12-23 22:17:10,COMPLETADA
480,3508,2025-07-07 16:28:15,COMPLETADA
481,2928,2025-02-04 07:53:11,COMPLETADA
482,463,2025-05-31 13:26:20,PENDIENTE
483,2029,2025-07-11 20:42:11,COMPLETADA
484,2557,2025-07-31 17:56:00,COMPLETADA
485,537,2025-03-16 05:04:19,CANCELADA
486,938,2025-10-24 08:14:18,COMPLETADA
487,162,2025-09-17 18:19:21,COMPLETADA
488,307,2025-04-03 08:43:43,COMPLETADA
489,3461,2025-07-27 02:45:14,COMPLETADA
490,3451,2025-05-21 13:45:50,COMPLETADA
491,3848,2025-11-25 00:28:38,COMPLETADA
492,2593,2025-02-20 18:33:12,COMPLETADA
493,3198,2025-12-14 11:37:19,COMPLETADA
494,801,2025-06-18 21:55:56,PENDIENTE
495,820,2025-06-19 16:02:53,PENDIENTE
496,1687,2025-10-10 10:20:07,COMPLETADA
497,4119,2025-06-28 08:04:31,PENDIENTE
498,2782,2025-11-10 06:24:06,COMPLETADA
499,2454,2025-11-11 18:17:59,COMPLETADA
500,3572,2025-01-25 08:10:25,COMPLETADA
501,618,2025-12-17 14:41:46,PENDIENTE
502,4390,2025-03-07 05:55:15,COMPLETADA
503,2173,2025-07-23 04:55:25,COMPLETADA
504,4699,2025-09-24 07:46:53,COMPLETADA
505,1851,2025-06-25 15:51:30,COMPLETADA
506,754,2025-04-30 09:20:30,PENDIENTE
507,4737,2025-12-14 09:56:38,COMPLETADA
508,2760,2025-08-13 17:40:28,COMPLETADA
509,4641,2025-05-16 04:05:47,PENDIENTE
510,3894,2025-02-28 01:59:24,COMPLETADA
511,2846,2025-12-26 17:39:10,PENDIENTE
512,2473,2025-05-29 02:08:30,COMPLETADA
513,2457,2025-10-16 01:16:10,COMPLETADA
514,4424,2025-07-06 19:04:25,COMPLETADA
515,3395,2025-01-13 00:38:21,COMPLETADA
516,4222,2025-05-16 01:51:31,COMPLETADA
517,4486,2025-02-06 05:02:35,COMPLETADA
518,153,2025-09-24 01:14:10,COMPLETADA
519,4229,2025-03-21 16:37:58,CANCELADA
520,4726,2025-05-19 09:24:34,COMPLETADA
521,3829,2025-01-25 20:18:24,COMPLETADA
522,4365,2025-03-17 12:24:46,PENDIENTE
523,3554,2025-06-06 00:26:39,CANCELADA
524,491,2025-11-04 04:39:05,COMPLETADA
525,2985,2025-01-04 18:46:41,COMPLETADA
526,1970,2025-12-27 15:14:56,COMPLETADA
527,2460,2025-07-30 10:21:09,PENDIENTE
528,3361,2025-04-30 18:25:52,COMPLETADA
529,528,2026-01-01 06:56:59,COMPLETADA
530,3379,2025-12-29 11:38:51,COMPLETADA
531,2352,2025-10-26 14:45:34,COMPLETADA
532,2101,2025-02-14 04:11:36,PENDIENTE
533,1935,2025-12-06 14:59:54,COMPLETADA
534,931,2025-09-11 10:37:07,COMPLETADA
535,227,2025-06-28 22:11:08,COMPLETADA
536,2544,2025-09-14 12:28:15,COMPLETADA
537,4587,2025-11-03 09:41:31,CANCELADA
538,3458,2025-10-22 20:30:05,COMPLETADA
539,304,2025-10-18 06:51:09,COMPLETADA
540,2235,2025-01-10 16:01:17,COMPLETADA
541,2117,2025-02-08 00:47:50,PENDIENTE
542,2276,2025-11-02 19:39:43,PENDIENTE
543,1442,2025-05-04 07:01:13,COMPLETADA
544,346,2025-05-24 09:10:04,CANCELADA
545,3981,2025-07-14 10:49:23,PENDIENTE
546,454,2025-04-23 18:17:59,CANCELADA
547,688,2025-04-13 18:02:19,COMPLETADA
548,2442,2025-12-12 23:26:12,CANCELADA
549,3335,2025-02-15 17:37:00,CANCELADA
550,740,2025-10-26 01:46:14,COMPLETADA
551,1152,2025-05-09 14:51:56,COMPLETADA
552,4678,2025-12-31 10:24:21,PENDIENTE
553,989,2025-02-10 19:32:16,COMPLETADA
554,4755,2025-03-07 09:38:13,CANCELADA
555,4303,2025-06-06 18:49:46,COMPLETADA
556,740,2025-04-30 19:26:54,COMPLETADA
557,1002,2025-11-14 21:51:47,PENDIENTE
558,2568,2025-08-04 15:52:18,COMPLETADA
559,4787,2025-01-10 17:30:46,PENDIENTE
560,1933,2025-07-22 15:34:50,CANCELADA
561,1786,2025-12-15 16:53:08,COMPLETADA
562,1435,2025-03-08 05:30:45,COMPLETADA
563,2250,2025-03-31 13:10:59,COMPLETADA
564,2084,2025-06-26 09:46:26,CANCELADA
565,459,2025-10-23 13:06:15,COMPLETADA
566,3070,2025-07-28 05:41:33,PENDIENTE
567,926,2025-02-17 05:34:13,COMPLETADA
568,3472,2025-05-27 05:29:40,COMPLETADA
569,2019,2025-06-08 19:50:26,CANCELADA
570,1188,2025-10-15 06:18:39,COMPLETADA
571,3013,2025-03-28 22:15:44,PENDIENTE
572,173,2025-05-26 15:27:18,COMPLETADA
573,4963,2025-04-11 00:35:14,COMPLETADA
574,448,2025-04-08 10:14:36,PENDIENTE
575,1964,2025-10-16 19:52:45,COMPLETADA
576,3152,2025-10-05 17:54:59,COMPLETADA
577,2973,2025-06-30 23:25:35,CANCELADA
578,1000,2025-09-14 12:06:29,COMPLETADA
579,1937,2025-11-27 07:43:58,CANCELADA
580,3183,2025-03-02 15:43:10,COMPLETADA
581,3220,2025-04-16 10:18:09,CANCELADA
582,2094,2025-12-07 02:40:34,COMPLETADA
583,1929,2025-05-16 10:01:21,COMPLETADA
584,1313,2025-10-02 00:58:21,CANCELADA
585,2599,2025-08-05 05:51:43,CANCELADA
586,3329,2025-09-02 12:16:00,PENDIENTE
587,2245,2025-08-20 22:02:43,CANCELADA
588,4028,2025-09-09 09:51:42,COMPLETADA
589,3383,2025-04-29 06:02:47,CANCELADA
590,2726,2025-02-16 17:35:39,PENDIENTE
591,823,2025-09-22 15:24:17,PENDIENTE
592,2138,2025-06-25 12:45:42,COMPLETADA
593,2883,2025-07-31 02:04:30,COMPLETADA
594,4487,2025-03-09 06:49:50,PENDIENTE
595,3714,2025-11-23 21:27:13,PENDIENTE
596,427,2025-10-29 05:04:56,COMPLETADA
597,1506,2025-12-21 03:03:50,COMPLETADA
598,1115,2025-06-08 09:15:26,COMPLETADA
599,1640,2025-08-10 22:52:36,COMPLETADA
600,2571,2025-07-10 18:35:47,COMPLETADA
601,908,2025-10-03 02:38:39,COMPLETADA
602,4231,2025-05-05 20:07:02,PENDIENTE
603,1066,2025-06-13 21:00:08,PENDIENTE
604,3362,2025-09-26 18:39:00,PENDIENTE
605,2617,2025-03-15 16:45:04,COMPLETADA
606,1094,2025-01-15 04:18:33,COMPLETADA
607,4859,2025-04-22 12:05:35,PENDIENTE
608,2309,2025-11-25 08:10:30,COMPLETADA
609,3396,2025-12-29 18:29:12,COMPLETADA
610,3224,2025-11-17 02:54:10,CANCELADA
611,4673,2025-09-22 13:14:16,COMPLETADA
612,189,2025-06-02 20:49:58,CANCELADA
613,1874,2025-05-08 19:44:10,CANCELADA
614,3789,2025-02-21 04:31:06,COMPLETADA
615,1383,2025-02-19 05:35:57,COMPLETADA
616,3514,2025-04-20 21:27:20,COMPLETADA
617,1223,2025-04-11 03:46:26,COMPLETADA
618,3015,2025-03-15 18:12:43,COMPLETADA
619,4647,2025-08-20 01:27:11,COMPLETADA
620,4308,2025-07-16 15:35:25,COMPLETADA
621,3717,2025-05-06 05:28:37,PENDIENTE
622,4049,2025-08-31 07:14:18,COMPLETADA
623,1665,2025-04-27 20:54:58,COMPLETADA
624,2181,2025-04-19 06:45:18,COMPLETADA
625,4049,2025-09-13 20:09:06,COMPLETADA
626,3534,2025-12-13 15:24:41,CANCELADA
627,4916,2025-02-05 17:36:52,COMPLETADA
628,2319,2025-04-12 02:21:27,PENDIENTE
629,1552,2025-01-15 07:06:49,COMPLETADA
630,3347,2025-12-24 15:30:40,PENDIENTE
631,236,2025-07-03 22:36:11,COMPLETADA
632,2145,2025-09-24 21:54:00,COMPLETADA
633,3695,2025-03-06 02:52:18,CANCELADA
634,3029,2025-05-08 11:28:03,COMPLETADA
635,3754,2025-07-30 20:52:48,COMPLETADA
636,3842,2025-12-10 09:41:48,COMPLETADA
637,2649,2025-08-06 15:13:43,CANCELADA
638,3257,2025-03-27 23:58:44,PENDIENTE
639,3142,2025-01-26 18:54:29,PENDIENTE
640,4893,2025-11-01 07:57:47,COMPLETADA
641,781,2025-09-02 22:21:13,COMPLETADA
642,427,2025-01-07 17:21:34,COMPLETADA
643,1924,2025-07-14 18:04:38,COMPLETADA
644,2903,2025-07-04 06:46:07,CANCELADA
645,4901,2025-01-10 05:07:48,PENDIENTE
646,373,2025-12-18 07:34:19,COMPLETADA
647,4134,2025-06-27 23:50:25,COMPLETADA
648,2479,2025-12-12 12:47:17,CANCELADA
649,3039,2025-11-09 13:52:35,COMPLETADA
650,4584,2025-11-13 12:58:05,COMPLETADA
651,1470,2025-10-05 08:31:13,COMPLETADA
652,4127,2025-10-11 14:42:40,COMPLETADA
653,2779,2025-07-19 18:39:30,CANCELADA
654,1081,2025-03-28 19:16:43,COMPLETADA
655,4346,2025-09-08 01:55:06,COMPLETADA
656,2134,2025-02-26 22:27:35,COMPLETADA
657,362,2025-04-20 18:15:52,CANCELADA
658,4090,2025-06-12 06:41:00,CANCELADA
659,2302,2025-03-19 06:44:41,PENDIENTE
660,3524,2025-05-29 14:30:58,COMPLETADA
661,2157,2025-11-07 06:53:17,COMPLETADA
662,2161,2025-10-09 07:59:01,COMPLETADA
663,3570,2025-03-25 21:12:05,CANCELADA
664,2585,2025-07-07 15:22:16,PENDIENTE
665,4025,2025-04-06 11:42:16,PENDIENTE
666,1240,2025-05-18 10:20:16,COMPLETADA
667,3605,2025-12-22 04:45:53,COMPLETADA
668,1218,2025-03-04 18:37:29,COMPLETADA
669,1501,2025-10-08 23:38:07,COMPLETADA
670,2132,2025-01-08 03:29:57,COMPLETADA
671,3827,2025-11-08 10:28:49,COMPLETADA
672,4055,2025-02-01 21:31:22,COMPLETADA
673,2921,2025-10-15 00:00:23,CANCELADA
674,4595,2025-05-31 09:05:54,COMPLETADA
675,4039,2025-06-13 02:39:12,COMPLETADA
676,1213,2025-02-20 10:15:06,COMPLETADA
677,767,2025-12-05 14:15:53,COMPLETADA
678,2328,2025-01-12 02:45:48,COMPLETADA
679,1379,2025-05-01 04:54:39,PENDIENTE
680,2235,2025-02-07 02:48:29,COMPLETADA
681,4798,2025-01-16 11:11:42,COMPLETADA
682,34,2025-08-19 14:22:36,COMPLETADA
683,4676,2025-08-09 11:16:21,COMPLETADA
684,630,2025-12-16 13:36:52,COMPLETADA
685,4081,2025-07-09 13:56:35,PENDIENTE
686,2693,2025-09-06 06:18:37,COMPLETADA
687,1000,2025-10-09 02:35:03,COMPLETADA
688,4837,2025-10-26 06:44:29,CANCELADA
689,869,2025-11-26 22:15:47,PENDIENTE
690,1260,2025-07-16 20:15:36,COMPLETADA
691,3771,2025-12-06 21:04:58,PENDIENTE
692,3931,2025-12-07 20:28:15,COMPLETADA
693,2207,2025-11-27 03:24:42,COMPLETADA
694,48,2025-01-13 17:44:34,COMPLETADA
695,360,2025-06-08 08:54:09,PENDIENTE
696,3712,2025-10-10 08:45:58,COMPLETADA
697,4663,2025-08-25 08:05:22,COMPLETADA
698,399,2025-10-06 15:14:15,PENDIENTE
699,2318,2025-08-18 09:13:37,COMPLETADA
700,455,2025-10-13 01:23:14,PENDIENTE
701,4483,2025-10-18 05:45:28,CANCELADA
702,3125,2025-05-24 08:10:46,COMPLETADA
703,2091,2026-01-02 19:12:18,COMPLETADA
704,3268,2025-03-18 09:53:34,COMPLETADA
705,1706,2025-11-28 03:29:09,COMPLETADA
706,3297,2025-11-23 03:29:27,COMPLETADA
707,1263,2025-09-27 00:48:20,COMPLETADA
708,4022,2025-08-23 06:20:51,PENDIENTE
709,2541,2025-09-20 01:07:47,CANCELADA
710,4944,2025-03-26 04:20:21,COMPLETADA
711,788,2025-05-06 13:50:47,PENDIENTE
712,4200,2025-03-24 04:53:17,COMPLETADA
713,3650,2025-01-13 09:37:41,CANCELADA
714,3903,2025-05-04 21:58:42,COMPLETADA
715,4918,2025-03-14 05:45:53,COMPLETADA
716,3462,2025-12-07 09:31:03,PENDIENTE
717,1527,2025-06-21 22:10:16,COMPLETADA
718,3490,2025-09-13 14:04:05,COMPLETADA
719,4206,2025-01-22 12:36:01,COMPLETADA
720,3798,2025-03-13 06:10:52,PENDIENTE
721,1271,2025-01-09 05:56:24,CANCELADA
722,4320,2025-05-13 07:19:21,COMPLETADA
723,4299,2025-03-26 20:56:58,COMPLETADA
724,3836,2025-08-19 16:16:02,COMPLETADA
725,3913,2025-12-01 21:09:51,COMPLETADA
726,1047,2025-11-21 19:17:18,PENDIENTE
727,2461,2025-11-07 08:56:23,PENDIENTE
728,4286,2025-02-24 09:48:00,COMPLETADA
729,4658,2025-02-28 05:10:20,COMPLETADA
730,627,2025-02-16 15:50:47,CANCELADA
731,4206,2025-05-29 05:58:26,COMPLETADA
732,3481,2025-06-28 05:20:29,COMPLETADA
733,3807,2025-08-02 00:47:27,PENDIENTE
734,4657,2025-09-17 04:16:06,PENDIENTE
735,2912,2025-03-09 08:54:33,COMPLETADA
736,670,2025-03-19 19:28:30,PENDIENTE
737,134,2025-09-12 23:00:22,COMPLETADA
738,3792,2025-09-13 02:49:47,COMPLETADA
739,1493,2025-05-13 15:34:50,PENDIENTE
740,371,2025-09-26 21:01:20,COMPLETADA
741,2439,2025-07-27 00:03:41,COMPLETADA
742,3728,2025-10-13 22:16:41,PENDIENTE
743,3686,2025-06-27 10:05:30,COMPLETADA
744,2172,2025-02-05 20:39:32,COMPLETADA
745,1534,2025-07-26 00:46:05,COMPLETADA
746,641,2025-01-23 21:17:48,PENDIENTE
747,4949,2025-02-01 14:32:56,COMPLETADA
748,872,2025-08-16 04:45:30,COMPLETADA
749,147,2025-01-20 14:15:49,COMPLETADA
750,956,2025-10-08 16:55:25,COMPLETADA
751,3909,2025-09-15 08:07:00,COMPLETADA
752,3319,2025-09-02 08:19:55,CANCELADA
753,4931,2025-05-24 16:19:43,PENDIENTE
754,2481,2025-11-05 16:50:44,COMPLETADA
755,2956,2025-05-06 20:11:33,PENDIENTE
756,3236,2025-01-08 03:31:59,PENDIENTE
757,718,2025-07-19 12:42:06,COMPLETADA
758,114,2025-10-04 02:41:03,COMPLETADA
759,131,2025-12-10 17:49:16,PENDIENTE
760,1542,2025-07-23 19:45:50,CANCELADA
761,1715,2025-07-15 23:45:13,COMPLETADA
762,1190,2025-08-29 08:13:25,COMPLETADA
763,3570,2025-03-16 08:47:03,PENDIENTE
764,4413,2025-08-30 19:18:44,COMPLETADA
765,2466,2025-05-14 15:10:41,PENDIENTE
766,1214,2025-10-01 01:39:36,COMPLETADA
767,179,2025-04-08 04:39:33,COMPLETADA
768,1249,2025-11-27 10:04:22,PENDIENTE
769,3648,2025-07-13 14:42:55,CANCELADA
770,3863,2025-07-24 12:52:06,COMPLETADA
771,3683,2025-08-04 02:03:41,COMPLETADA
772,1650,2025-05-15 07:06:56,COMPLETADA
773,3210,2025-09-08 14:33:47,COMPLETADA
774,65,2025-01-19 03:25:29,COMPLETADA
775,3538,2025-12-04 19:55:46,CANCELADA
776,4061,2025-09-09 10:20:09,PENDIENTE
777,4882,2025-11-27 20:28:57,PENDIENTE
778,2383,2025-03-10 00:07:58,COMPLETADA
779,3275,2025-03-09 08:21:56,COMPLETADA
780,4842,2025-11-16 06:39:41,PENDIENTE
781,3997,2025-09-15 14:26:14,COMPLETADA
782,498,2025-01-04 10:02:16,COMPLETADA
783,3458,2025-10-21 07:38:05,COMPLETADA
784,4533,2025-04-28 09:22:52,COMPLETADA
785,3418,2026-01-01 20:23:16,CANCELADA
786,958,2025-07-15 16:22:31,COMPLETADA
787,2841,2025-07-03 11:25:30,COMPLETADA
788,3574,2025-03-01 17:23:30,COMPLETADA
789,2360,2025-05-13 01:06:51,PENDIENTE
790,3845,2025-06-13 22:46:33,COMPLETADA
791,1902,2025-05-30 02:44:00,COMPLETADA
792,4815,2025-04-04 23:56:48,CANCELADA
793,2779,2025-04-07 09:16:08,CANCELADA
794,3838,2025-03-22 06:50:02,COMPLETADA
795,2404,2025-05-30 18:35:27,PENDIENTE
796,3198,2025-05-20 07:39:37,CANCELADA
797,2952,2025-01-19 17:37:38,PENDIENTE
798,1328,2025-03-29 02:25:13,COMPLETADA
799,2314,2025-09-13 03:29:58,PENDIENTE
800,707,2025-09-24 00:20:47,PENDIENTE
801,1058,2025-06-08 09:00:38,COMPLETADA
802,1281,2025-11-02 09:54:15,COMPLETADA
803,827,2025-01-19 20:10:59,PENDIENTE
804,4045,2025-10-09 10:55:01,COMPLETADA
805,1716,2025-01-25 04:55:58,COMPLETADA
806,149,2025-01-04 14:19:04,COMPLETADA
807,2137,2025-05-08 02:32:50,COMPLETADA
808,1300,2025-05-26 18:02:06,COMPLETADA
809,4125,2025-12-14 00:01:04,COMPLETADA
810,522,2025-03-22 09:10:24,COMPLETADA
811,934,2025-05-02 15:42:08,COMPLETADA
812,989,2025-05-04 03:24:40,COMPLETADA
813,3985,2025-03-08 03:39:02,COMPLETADA
814,2788,2025-03-05 12:28:50,PENDIENTE
815,383,2025-03-09 15:57:50,PENDIENTE
816,4564,2025-11-11 12:47:04,COMPLETADA
817,1239,2025-11-19 08:22:09,CANCELADA
818,4223,2025-03-16 10:16:47,COMPLETADA
819,854,2025-03-22 22:08:57,PENDIENTE
820,3587,2025-01-25 17:19:13,PENDIENTE
821,909,2025-03-02 21:10:14,CANCELADA
822,4995,2025-05-05 11:01:34,PENDIENTE
823,835,2025-07-10 13:24:02,PENDIENTE
824,344,2025-12-06 01:26:04,COMPLETADA
825,1369,2025-06-30 19:21:06,COMPLETADA
826,1683,2025-11-19 21:04:51,CANCELADA
827,1287,2025-06-08 23:46:42,PENDIENTE
828,3617,2025-08-07 11:03:58,PENDIENTE
829,4083,2025-12-26 17:41:57,PENDIENTE
830,814,2025-04-30 12:10:26,COMPLETADA
831,2980,2025-11-17 06:10:18,COMPLETADA
832,1129,2025-01-26 22:02:38,COMPLETADA
833,1654,2025-02-14 01:01:46,COMPLETADA
834,3406,2025-05-31 20:47:20,PENDIENTE
835,54,2025-10-26 03:03:17,COMPLETADA
836,3881,2025-05-15 10:16:59,COMPLETADA
837,4138,2025-06-12 10:01:00,COMPLETADA
838,2180,2025-12-26 14:11:57,COMPLETADA
839,3400,2025-07-31 22:07:24,COMPLETADA
840,2011,2025-03-23 07:19:05,COMPLETADA
841,4339,2025-04-01 10:26:38,COMPLETADA
842,1870,2025-03-26 14:35:49,COMPLETADA
843,3513,2025-03-14 12:34:23,COMPLETADA
844,3354,2025-10-23 13:13:24,CANCELADA
845,4229,2025-04-21 10:33:13,PENDIENTE
846,2964,2025-10-31 15:57:21,CANCELADA
847,3626,2025-04-20 22:16:17,COMPLETADA
848,82,2025-06-21 04:26:22,PENDIENTE
849,4239,2025-12-17 20:42:49,CANCELADA
850,695,2025-07-05 08:38:15,COMPLETADA
851,3291,2025-10-07 18:32:15,CANCELADA
852,1347,2025-06-16 07:40:58,COMPLETADA
853,3222,2025-04-10 18:56:14,PENDIENTE
854,1237,2025-05-31 16:48:13,CANCELADA
855,474,2025-12-02 17:05:25,CANCELADA
856,4259,2025-09-14 10:59:33,CANCELADA
857,3435,2025-02-12 14:25:37,COMPLETADA
858,4536,2025-08-02 01:12:42,CANCELADA
859,2570,2025-05-10 02:44:22,CANCELADA
860,65,2025-07-16 07:48:09,PENDIENTE
861,4324,2025-06-07 07:33:24,COMPLETADA
862,1204,2025-07-13 23:32:58,PENDIENTE
863,3656,2025-06-11 11:25:41,COMPLETADA
864,4460,2025-04-03 16:46:29,COMPLETADA
865,3623,2025-03-09 07:05:49,PENDIENTE
866,3314,2025-04-20 23:14:07,PENDIENTE
867,2471,2025-12-01 08:09:39,COMPLETADA
868,4403,2025-07-16 03:46:08,COMPLETADA
869,1033,2025-06-03 11:16:57,COMPLETADA
870,4431,2025-03-10 19:48:43,COMPLETADA
871,761,2025-06-05 15:27:46,COMPLETADA
872,2558,2025-12-27 18:34:04,COMPLETADA
873,1311,2025-03-14 17:14:05,COMPLETADA
874,4424,2025-09-15 09:54:16,COMPLETADA
875,1978,2025-09-16 07:22:35,PENDIENTE
876,2490,2025-11-30 02:24:44,PENDIENTE
877,4140,2025-02-05 11:21:51,COMPLETADA
878,492,2025-09-20 03:02:32,PENDIENTE
879,2128,2025-05-31 13:11:10,COMPLETADA
880,2904,2025-08-22 17:23:55,COMPLETADA
881,1022,2025-07-19 18:08:54,COMPLETADA
882,4690,2025-04-22 00:12:02,PENDIENTE
883,3713,2025-03-11 04:25:46,COMPLETADA
884,1935,2025-05-30 21:53:50,PENDIENTE
885,4765,2025-01-29 08:02:45,COMPLETADA
886,4369,2025-04-15 23:59:18,PENDIENTE
887,1916,2025-01-23 03:33:33,COMPLETADA
888,2331,2025-03-29 05:22:39,PENDIENTE
889,4693,2025-11-04 10:04:41,PENDIENTE
890,3094,2025-06-08 12:04:29,COMPLETADA
891,2029,2025-07-10 10:37:24,COMPLETADA
892,4231,2025-04-26 09:43:07,COMPLETADA
893,2960,2025-12-08 00:58:47,COMPLETADA
894,1201,2025-04-29 17:06:42,PENDIENTE
895,3376,2025-02-28 16:21:20,COMPLETADA
896,510,2025-05-03 21:11:21,COMPLETADA
897,1066,2025-07-08 23:57:42,COMPLETADA
898,3655,2025-05-11 23:54:12,COMPLETADA
899,4312,2025-04-30 07:27:01,COMPLETADA
900,4580,2025-11-29 04:56:58,COMPLETADA
901,3235,2025-09-29 17:53:03,CANCELADA
902,4787,2025-08-29 13:45:38,COMPLETADA
903,3469,2025-12-21 09:35:51,CANCELADA
904,4011,2025-12-21 05:39:30,PENDIENTE
905,3416,2025-08-08 14:25:49,PENDIENTE
906,1183,2025-01-21 20:19:42,COMPLETADA
907,3972,2025-08-23 23:03:11,PENDIENTE
908,1060,2025-02-09 14:57:09,CANCELADA
909,4205,2025-07-18 06:09:00,CANCELADA
910,968,2025-10-22 19:15:25,PENDIENTE
911,3731,2025-02-26 01:28:28,COMPLETADA
912,1285,2025-08-06 06:39:05,CANCELADA
913,3026,2025-05-16 21:34:19,CANCELADA
914,973,2025-08-17 16:58:07,COMPLETADA
915,3348,2025-03-01 04:28:20,COMPLETADA
916,3028,2025-10-21 15:50:36,COMPLETADA
917,330,2025-10-15 18:55:25,COMPLETADA
918,965,2025-10-25 19:13:23,COMPLETADA
919,3068,2025-09-07 11:08:37,COMPLETADA
920,3981,2025-11-21 16:30:44,COMPLETADA
921,1171,2025-08-19 07:58:52,COMPLETADA
922,4831,2025-04-21 02:07:09,COMPLETADA
923,2500,2025-08-09 17:20:49,CANCELADA
924,1767,2025-08-16 03:05:04,COMPLETADA
925,4005,2025-10-29 02:20:13,COMPLETADA
926,4486,2025-09-14 07:06:06,COMPLETADA
927,367,2025-07-18 07:51:16,COMPLETADA
928,4695,2025-09-15 20:01:33,COMPLETADA
929,3706,2025-02-26 02:52:46,CANCELADA
930,3091,2025-08-30 20:34:39,COMPLETADA
931,4962,2025-12-18 21:48:27,COMPLETADA
932,1135,2025-09-14 05:24:42,COMPLETADA
933,3776,2025-11-28 14:23:55,PENDIENTE
934,3679,2025-04-07 12:40:45,COMPLETADA
935,2665,2025-06-03 04:30:38,COMPLETADA
936,3356,2025-07-16 13:00:03,COMPLETADA
937,3240,2025-03-01 05:18:37,COMPLETADA
938,376,2025-01-10 11:59:58,CANCELADA
939,3630,2025-07-17 03:42:33,PENDIENTE
940,726,2025-09-11 08:25:01,CANCELADA
941,204,2025-04-17 06:41:59,COMPLETADA
942,2531,2025-12-04 12:22:00,COMPLETADA
943,1015,2025-07-16 20:13:20,COMPLETADA
944,698,2025-11-27 05:47:34,COMPLETADA
945,4439,2025-02-18 14:43:19,COMPLETADA
946,434,2025-02-14 15:52:44,CANCELADA
947,4275,2025-08-24 23:57:59,COMPLETADA
948,3899,2025-09-29 01:11:07,COMPLETADA
949,153,2025-01-11 03:22:15,COMPLETADA
950,4357,2025-12-21 22:37:37,COMPLETADA
951,156,2025-06-22 20:55:10,COMPLETADA
952,1686,2025-04-28 18:33:28,COMPLETADA
953,4748,2025-04-21 17:06:37,COMPLETADA
954,4371,2025-06-01 15:01:09,COMPLETADA
955,3292,2025-11-20 23:05:26,COMPLETADA
956,4027,2025-09-01 08:07:43,CANCELADA
957,191,2025-11-30 05:40:37,COMPLETADA
958,1479,2025-04-05 19:13:35,COMPLETADA
959,4325,2025-03-09 21:49:27,COMPLETADA
960,2107,2025-11-04 22:30:21,COMPLETADA
961,814,2025-10-08 08:56:23,COMPLETADA
962,2338,2025-02-28 09:49:59,COMPLETADA
963,2094,2025-09-16 21:50:50,PENDIENTE
964,1264,2025-01-04 11:02:46,COMPLETADA
965,3337,2025-10-18 10:16:43,PENDIENTE
966,483,2025-12-27 17:51:26,COMPLETADA
967,2665,2025-06-23 09:24:42,COMPLETADA
968,480,2025-01-11 23:27:10,COMPLETADA
969,809,2025-12-15 05:44:04,COMPLETADA
970,3382,2025-09-14 10:29:16,CANCELADA
971,2113,2025-10-08 19:50:13,COMPLETADA
972,991,2025-12-11 11:06:46,COMPLETADA
973,1963,2025-06-19 14:21:44,PENDIENTE
974,4801,2025-10-20 03:57:08,COMPLETADA
975,4167,2025-02-25 20:01:24,PENDIENTE
976,3155,2025-08-05 03:30:13,CANCELADA
977,2207,2025-09-06 20:24:12,COMPLETADA
978,3808,2025-03-12 00:18:09,COMPLETADA
979,537,2025-08-17 19:04:25,COMPLETADA
980,3339,2025-08-15 04:07:41,COMPLETADA
981,153,2025-12-02 15:49:49,COMPLETADA
982,4802,2025-07-10 01:40:36,PENDIENTE
983,2018,2025-11-22 22:19:07,PENDIENTE
984,1029,2026-01-04 07:18:41,COMPLETADA
985,3333,2025-09-10 11:52:12,COMPLETADA
986,4100,2025-06-17 22:20:00,COMPLETADA
987,1167,2025-08-29 23:56:44,COMPLETADA
988,1378,2025-08-06 16:29:38,PENDIENTE
989,4404,2025-12-15 22:24:05,CANCELADA
990,4548,2025-07-20 15:16:10,COMPLETADA
991,9,2025-06-13 01:29:45,PENDIENTE
992,2370,2025-05-13 00:02:35,PENDIENTE
993,1372,2025-12-18 23:36:46,COMPLETADA
994,3951,2025-12-19 03:58:18,COMPLETADA
995,2056,2025-11-08 04:24:53,PENDIENTE
996,3115,2025-06-09 08:11:29,CANCELADA
997,1743,2025-07-16 22:54:30,COMPLETADA
998,4181,2025-07-06 17:26:50,COMPLETADA
999,1323,2025-03-10 21:10:40,PENDIENTE
1000,4613,2025-01-12 13:58:37,COMPLETADA
1001,735,2025-02-14 22:19:53,COMPLETADA
1002,1008,2025-02-22 07:49:25,PENDIENTE
1003,4559,2025-05-08 13:59:05,CANCELADA
1004,3539,2025-03-13 05:02:44,COMPLETADA
1005,4136,2025-06-30 21:44:50,CANCELADA
1006,2608,2025-09-21 21:56:52,CANCELADA
1007,2807,2025-09-17 07:37:42,COMPLETADA
1008,3709,2025-11-20 08:34:31,COMPLETADA
1009,2635,2025-08-24 07:07:38,COMPLETADA
1010,3767,2025-12-17 11:53:13,CANCELADA
1011,2691,2026-01-03 17:53:24,COMPLETADA
1012,1096,2025-07-09 12:03:37,COMPLETADA
1013,17,2025-10-29 02:04:18,COMPLETADA
1014,36,2025-10-05 09:12:07,CANCELADA
1015,1422,2025-12-11 13:23:25,COMPLETADA
1016,4006,2025-04-16 05:19:11,PENDIENTE
1017,4409,2025-04-03 01:37:47,COMPLETADA
1018,636,2025-09-05 07:18:36,COMPLETADA
1019,3647,2025-02-28 07:52:20,PENDIENTE
1020,2892,2025-09-29 21:25:49,CANCELADA
1021,3084,2025-08-11 17:50:43,PENDIENTE
1022,2933,2025-04-17 00:52:48,COMPLETADA
1023,70,2025-08-09 01:28:07,COMPLETADA
1024,3035,2025-01-20 12:45:25,CANCELADA
1025,3642,2025-01-11 02:02:41,COMPLETADA
1026,163,2025-08-08 22:14:13,PENDIENTE
1027,2932,2025-12-10 12:55:08,COMPLETADA
1028,2484,2025-08-12 03:40:19,PENDIENTE
1029,1812,2025-06-30 01:44:31,COMPLETADA
1030,4046,2025-11-19 20:48:18,CANCELADA
1031,302,2025-08-21 02:20:31,COMPLETADA
1032,4965,2025-10-16 10:31:11,COMPLETADA
1033,1607,2025-04-13 17:59:51,CANCELADA
1034,3245,2025-06-18 16:22:12,COMPLETADA
1035,2273,2025-01-06 18:35:29,COMPLETADA
1036,4047,2025-11-21 07:38:06,COMPLETADA
1037,1588,2025-03-11 20:41:19,PENDIENTE
1038,4635,2025-10-13 13:51:46,PENDIENTE
1039,4940,2025-09-10 16:23:51,COMPLETADA
1040,536,2025-07-24 14:38:31,COMPLETADA
1041,533,2025-07-13 16:35:43,COMPLETADA
1042,4669,2025-03-12 16:05:34,CANCELADA
1043,4286,2025-06-02 16:33:38,PENDIENTE
1044,2248,2025-02-07 17:09:43,COMPLETADA
1045,190,2025-11-11 02:37:28,CANCELADA
1046,4366,2025-11-03 15:37:06,COMPLETADA
1047,4589,2025-08-07 07:55:23,CANCELADA
1048,17,2025-02-14 12:09:09,CANCELADA
1049,425,2025-12-16 05:06:19,CANCELADA
1050,2647,2025-04-24 15:48:50,COMPLETADA
1051,3334,2025-08-27 23:23:04,COMPLETADA
1052,4246,2025-01-11 23:01:49,COMPLETADA
1053,2962,2025-07-31 00:16:20,COMPLETADA
1054,357,2025-11-28 17:55:41,CANCELADA
1055,1840,2025-04-16 21:02:39,COMPLETADA
1056,3442,2025-07-04 22:31:06,COMPLETADA
1057,2591,2025-07-18 19:13:38,COMPLETADA
1058,1595,2025-03-24 20:53:27,COMPLETADA
1059,4685,2025-08-19 08:35:05,PENDIENTE
1060,1849,2025-06-08 06:37:07,CANCELADA
1061,3472,2025-11-04 12:13:30,CANCELADA
1062,2048,2025-06-21 02:25:43,COMPLETADA
1063,2698,2025-05-04 17:57:39,COMPLETADA
1064,793,2025-08-16 13:34:55,COMPLETADA
1065,3539,2025-07-09 17:11:05,PENDIENTE
1066,4855,2025-02-26 12:12:58,PENDIENTE
1067,2739,2025-09-18 02:35:10,PENDIENTE
1068,2025,2025-08-19 19:02:14,COMPLETADA
1069,1953,2025-08-15 07:03:09,CANCELADA
1070,446,2025-09-24 03:03:37,PENDIENTE
1071,4258,2025-04-20 16:57:02,PENDIENTE
1072,598,2025-09-14 19:11:09,PENDIENTE
1073,3593,2025-12-27 01:35:53,PENDIENTE
1074,3658,2025-05-02 18:08:06,COMPLETADA
1075,701,2025-05-02 23:29:04,CANCELADA
1076,274,2025-01-31 04:27:48,COMPLETADA
1077,533,2025-06-09 11:37:50,PENDIENTE
1078,508,2025-08-19 10:19:20,CANCELADA
1079,3621,2025-07-03 04:04:54,COMPLETADA
1080,3538,2025-12-18 16:44:13,COMPLETADA
1081,458,2025-08-25 16:56:55,COMPLETADA
1082,2416,2025-06-07 04:05:15,PENDIENTE
1083,3291,2025-02-25 05:54:16,COMPLETADA
1084,3368,2025-09-18 18:42:02,COMPLETADA
1085,4912,2025-02-12 11:34:56,PENDIENTE
1086,87,2025-09-29 09:38:11,COMPLETADA
1087,3803,2025-02-03 13:30:02,PENDIENTE
1088,830,2025-07-31 01:34:04,COMPLETADA
1089,213,2025-08-14 22:01:18,COMPLETADA
1090,2689,2025-11-30 00:14:05,COMPLETADA
1091,885,2025-10-02 21:54:40,COMPLETADA
1092,4876,2025-03-14 23:06:48,PENDIENTE
1093,4857,2025-05-31 03:58:55,PENDIENTE
1094,1587,2025-07-12 14:13:38,CANCELADA
1095,1033,2025-02-23 10:11:47,COMPLETADA
1096,2100,2025-02-28 14:53:05,COMPLETADA
1097,3944,2025-10-03 10:55:24,PENDIENTE
1098,3643,2025-07-10 20:23:57,COMPLETADA
1099,1128,2025-06-16 05:45:20,PENDIENTE
1100,496,2025-07-26 23:57:36,COMPLETADA
1101,4789,2025-03-23 21:03:01,COMPLETADA
1102,2931,2025-04-22 03:29:13,COMPLETADA
1103,4434,2025-10-24 17:08:28,PENDIENTE
1104,1208,2025-05-25 21:02:54,COMPLETADA
1105,4943,2025-06-22 02:01:42,COMPLETADA
1106,3022,2025-02-22 08:37:47,CANCELADA
1107,4241,2025-07-14 17:48:34,COMPLETADA
1108,1185,2025-05-01 18:03:21,COMPLETADA
1109,4155,2025-06-13 18:46:50,PENDIENTE
1110,4584,2025-02-24 08:23:37,CANCELADA
1111,3458,2025-08-21 05:55:45,COMPLETADA
1112,1642,2025-09-08 21:43:52,COMPLETADA
1113,1649,2025-06-27 02:51:13,PENDIENTE
1114,2798,2025-02-25 13:49:22,COMPLETADA
1115,3898,2025-01-16 12:15:35,PENDIENTE
1116,3829,2025-04-12 15:49:00,COMPLETADA
1117,2713,2025-10-06 06:16:23,CANCELADA
1118,4638,2025-11-11 08:18:57,CANCELADA
1119,2455,2025-05-26 16:51:08,COMPLETADA
1120,1330,2025-09-23 04:16:13,COMPLETADA
1121,346,2025-10-24 01:04:03,COMPLETADA
1122,31,2025-08-05 10:27:26,COMPLETADA
1123,1887,2025-01-10 13:29:18,COMPLETADA
1124,1747,2025-01-15 06:17:45,COMPLETADA
1125,2716,2025-06-02 03:59:18,PENDIENTE
1126,3080,2025-07-23 15:09:32,COMPLETADA
1127,1510,2025-10-06 17:11:06,PENDIENTE
1128,56,2025-02-19 04:52:45,COMPLETADA
1129,605,2025-01-26 00:24:13,COMPLETADA
1130,4545,2025-04-05 13:10:50,COMPLETADA
1131,2381,2025-12-29 18:24:00,COMPLETADA
1132,4798,2025-09-29 07:10:53,CANCELADA
1133,2949,2025-01-22 13:35:52,COMPLETADA
1134,244,2025-09-27 16:56:19,COMPLETADA
1135,2328,2025-05-07 01:56:01,COMPLETADA
1136,2147,2025-03-25 10:06:02,PENDIENTE
1137,2784,2025-09-25 10:43:27,PENDIENTE
1138,2015,2025-07-29 21:35:41,COMPLETADA
1139,177,2026-01-04 08:19:34,COMPLETADA
1140,2145,2025-07-16 07:28:51,CANCELADA
1141,172,2025-03-29 13:53:23,PENDIENTE
1142,1125,2025-04-06 01:15:27,COMPLETADA
1143,910,2025-11-03 00:42:33,COMPLETADA
1144,1723,2025-06-25 10:38:29,COMPLETADA
1145,1968,2025-10-26 15:37:28,COMPLETADA
1146,3051,2025-11-30 12:48:26,PENDIENTE
1147,4317,2025-09-14 20:06:57,CANCELADA
1148,3554,2025-12-18 15:42:32,CANCELADA
1149,536,2025-02-05 08:28:01,COMPLETADA
1150,1072,2025-04-14 19:26:38,PENDIENTE
1151,1571,2025-09-09 09:24:34,COMPLETADA
1152,3066,2025-10-01 14:13:25,COMPLETADA
1153,3519,2025-12-20 22:54:01,CANCELADA
1154,2004,2025-07-09 05:16:49,CANCELADA
1155,4812,2025-12-15 15:57:46,COMPLETADA
1156,4387,2025-05-23 13:37:35,COMPLETADA
1157,1218,2025-10-23 10:08:43,COMPLETADA
1158,437,2025-12-23 10:31:50,COMPLETADA
1159,2295,2025-11-27 22:29:41,CANCELADA
1160,4164,2025-03-30 18:46:45,CANCELADA
1161,4006,2025-02-28 07:22:36,COMPLETADA
1162,667,2025-03-12 12:23:20,PENDIENTE
1163,532,2025-02-13 17:46:08,COMPLETADA
1164,3180,2025-07-05 00:35:16,PENDIENTE
1165,4172,2025-03-01 01:02:36,COMPLETADA
1166,4251,2025-05-15 09:28:00,COMPLETADA
1167,2637,2025-10-23 18:51:30,PENDIENTE
1168,4305,2025-01-08 11:59:00,PENDIENTE
1169,4054,2025-11-02 04:11:32,COMPLETADA
1170,4762,2025-08-26 09:28:30,COMPLETADA
1171,4784,2025-08-16 04:11:04,COMPLETADA
1172,1698,2025-01-20 16:06:21,COMPLETADA
1173,1663,2025-11-19 21:26:41,COMPLETADA
1174,1921,2025-06-04 03:50:02,COMPLETADA
1175,2507,2025-04-02 13:26:54,COMPLETADA
1176,3090,2025-01-12 20:27:36,COMPLETADA
1177,3065,2025-04-16 07:12:35,COMPLETADA
1178,695,2025-01-04 18:06:51,COMPLETADA
1179,689,2025-10-09 05:26:33,COMPLETADA
1180,4251,2025-08-30 10:44:46,COMPLETADA
1181,4784,2025-02-04 18:35:40,COMPLETADA
1182,4197,2025-10-01 02:33:56,COMPLETADA
1183,3491,2025-02-27 02:07:04,COMPLETADA
1184,3544,2025-08-23 20:53:44,COMPLETADA
1185,4076,2025-10-14 07:15:28,COMPLETADA
1186,3133,2025-08-01 18:40:10,COMPLETADA
1187,3619,2025-08-24 22:15:07,COMPLETADA
1188,622,2025-05-29 01:50:58,COMPLETADA
1189,676,2026-01-02 03:17:34,COMPLETADA
1190,4111,2025-11-03 08:11:27,COMPLETADA
1191,641,2025-08-12 23:58:25,PENDIENTE
1192,1866,2025-06-02 22:09:43,COMPLETADA
1193,585,2025-01-15 01:57:55,COMPLETADA
1194,4474,2025-02-08 14:47:18,COMPLETADA
1195,1611,2025-04-02 08:29:29,PENDIENTE
1196,2049,2025-07-24 08:29:22,COMPLETADA
1197,2249,2025-12-06 12:04:16,COMPLETADA
1198,4949,2025-11-30 16:01:43,CANCELADA
1199,4450,2025-11-12 11:47:08,CANCELADA
1200,70,2025-02-23 19:11:10,PENDIENTE
1201,2309,2025-12-20 11:08:16,PENDIENTE
1202,3309,2025-11-29 06:05:05,CANCELADA
1203,4751,2025-04-03 20:20:10,PENDIENTE
1204,98,2025-07-12 03:54:37,COMPLETADA
1205,4200,2025-04-05 09:55:26,CANCELADA
1206,1223,2025-02-27 22:12:12,CANCELADA
1207,1865,2025-02-05 08:32:51,COMPLETADA
1208,1720,2025-08-30 10:13:26,COMPLETADA
1209,4226,2025-07-06 01:52:42,COMPLETADA
1210,4528,2025-10-19 02:41:42,PENDIENTE
1211,3780,2025-01-09 13:36:48,COMPLETADA
1212,704,2025-02-20 20:31:58,COMPLETADA
1213,1539,2025-09-19 05:32:37,COMPLETADA
1214,3422,2025-08-03 05:45:57,COMPLETADA
1215,3687,2025-04-09 23:31:12,CANCELADA
1216,247,2025-11-25 21:41:06,COMPLETADA
1217,4731,2025-11-01 17:16:21,CANCELADA
1218,2504,2025-10-22 18:35:45,CANCELADA
1219,80,2025-04-25 06:28:40,COMPLETADA
1220,2906,2025-05-20 10:08:23,COMPLETADA
1221,3434,2025-04-01 03:05:56,COMPLETADA
1222,3305,2025-12-19 17:23:52,PENDIENTE
1223,4405,2025-10-28 09:33:52,COMPLETADA
1224,4809,2025-02-11 15:27:38,COMPLETADA
1225,264,2025-08-20 03:18:45,CANCELADA
1226,1260,2025-09-12 05:45:44,CANCELADA
1227,2706,2025-11-27 05:49:26,COMPLETADA
1228,4940,2025-03-05 11:29:24,CANCELADA
1229,4702,2025-07-22 09:01:48,CANCELADA
1230,3124,2025-08-20 19:36:27,COMPLETADA
1231,3201,2025-03-26 14:43:38,COMPLETADA
1232,3166,2025-10-25 07:38:54,COMPLETADA
1233,890,2025-02-24 22:46:39,COMPLETADA
1234,3699,2025-07-24 09:33:23,COMPLETADA
1235,2496,2025-10-09 23:40:48,COMPLETADA
1236,855,2025-08-05 17:10:12,PENDIENTE
1237,1456,2025-08-29 01:18:55,COMPLETADA
1238,4943,2025-07-13 09:53:44,COMPLETADA
1239,1530,2025-09-06 17:32:21,COMPLETADA
1240,3162,2025-11-16 11:19:34,COMPLETADA
1241,1910,2025-01-07 15:16:08,COMPLETADA
1242,4296,2025-08-14 23:38:01,COMPLETADA
1243,471,2025-12-02 20:31:29,COMPLETADA
1244,91,2025-11-24 18:34:41,COMPLETADA
1245,3366,2026-01-03 06:43:54,COMPLETADA
1246,908,2025-12-31 08:15:10,COMPLETADA
1247,3428,2025-11-12 23:17:51,COMPLETADA
1248,564,2025-11-13 08:52:59,COMPLETADA
1249,1692,2025-01-05 00:10:23,COMPLETADA
1250,1685,2025-10-21 16:11:01,COMPLETADA
1251,3890,2025-12-01 13:50:41,COMPLETADA
1252,4712,2025-11-04 06:12:28,CANCELADA
1253,4813,2025-08-30 08:04:13,COMPLETADA
1254,3760,2025-03-13 00:28:35,COMPLETADA
1255,61,2025-02-09 15:31:09,CANCELADA
1256,3652,2025-09-04 14:43:18,COMPLETADA
1257,3271,2025-03-03 14:27:25,COMPLETADA
1258,2023,2025-07-13 08:53:48,COMPLETADA
1259,4664,2025-09-30 10:16:18,CANCELADA
1260,3770,2026-01-02 14:44:28,COMPLETADA
1261,321,2025-06-10 05:33:03,PENDIENTE
1262,2359,2026-01-01 04:38:42,COMPLETADA
1263,3739,2025-06-07 17:26:26,COMPLETADA
1264,2437,2025-07-23 19:20:15,COMPLETADA
1265,1435,2025-02-10 05:13:46,COMPLETADA
1266,1472,2025-02-24 01:19:25,CANCELADA
1267,3540,2025-05-31 23:56:32,COMPLETADA
1268,1503,2025-07-02 05:36:43,PENDIENTE
1269,783,2025-05-14 23:51:56,COMPLETADA
1270,358,2025-02-26 17:24:25,COMPLETADA
1271,1294,2025-12-07 07:53:33,COMPLETADA
1272,4406,2025-05-23 13:08:11,COMPLETADA
1273,547,2025-09-09 11:21:38,PENDIENTE
1274,1780,2025-08-30 05:51:51,CANCELADA
1275,3370,2025-12-10 07:38:20,CANCELADA
1276,4529,2025-12-26 09:52:46,COMPLETADA
1277,3021,2025-05-28 16:49:49,COMPLETADA
1278,862,2025-04-03 08:03:51,COMPLETADA
1279,2671,2025-08-21 18:19:14,COMPLETADA
1280,1351,2025-05-02 16:42:33,COMPLETADA
1281,4146,2025-01-24 10:28:10,COMPLETADA
1282,219,2025-07-31 10:28:48,COMPLETADA
1283,3784,2025-03-28 00:05:34,COMPLETADA
1284,3272,2025-06-27 15:41:12,CANCELADA
1285,3250,2025-03-05 21:32:07,COMPLETADA
1286,2053,2025-11-05 06:14:38,COMPLETADA
1287,1119,2025-05-31 06:44:57,COMPLETADA
1288,3804,2025-08-17 20:16:13,COMPLETADA
1289,559,2025-07-11 20:40:22,COMPLETADA
1290,1985,2025-11-19 18:41:21,PENDIENTE
1291,3586,2025-09-25 00:13:16,COMPLETADA
1292,2287,2025-04-09 05:32:29,PENDIENTE
1293,1398,2025-12-24 17:15:51,PENDIENTE
1294,4973,2025-06-09 20:23:25,COMPLETADA
1295,2410,2025-05-02 04:19:48,COMPLETADA
1296,3202,2025-11-08 21:33:13,COMPLETADA
1297,92,2025-06-18 18:40:34,PENDIENTE
1298,1258,2025-06-18 10:10:36,COMPLETADA
1299,1458,2025-06-28 03:15:07,COMPLETADA
1300,283,2025-01-21 02:55:00,CANCELADA
1301,4361,2025-11-16 17:04:35,COMPLETADA
1302,392,2025-09-24 04:51:28,PENDIENTE
1303,4284,2025-09-21 03:50:18,COMPLETADA
1304,843,2025-12-16 14:11:48,COMPLETADA
1305,2526,2025-01-13 11:23:29,COMPLETADA
1306,4901,2026-01-04 03:42:27,COMPLETADA
1307,3092,2025-06-19 09:25:37,PENDIENTE
1308,2046,2025-09-02 19:36:10,COMPLETADA
1309,1955,2025-10-20 09:16:39,COMPLETADA
1310,132,2025-07-08 08:12:09,COMPLETADA
1311,120,2025-09-15 16:43:24,COMPLETADA
1312,1575,2025-01-29 12:39:01,PENDIENTE
1313,518,2025-03-09 20:27:59,COMPLETADA
1314,792,2025-08-07 00:35:41,PENDIENTE
1315,1376,2025-12-09 20:14:46,PENDIENTE
1316,361,2025-12-23 00:25:53,COMPLETADA
1317,883,2025-01-20 19:15:49,PENDIENTE
1318,2644,2025-05-29 14:14:00,COMPLETADA
1319,1553,2025-05-20 01:38:41,COMPLETADA
1320,4438,2025-04-01 06:58:05,COMPLETADA
1321,3506,2025-01-31 07:23:19,COMPLETADA
1322,1752,2025-08-30 12:01:54,COMPLETADA
1323,2650,2025-10-02 15:21:37,COMPLETADA
1324,3295,2025-10-11 00:24:52,PENDIENTE
1325,99,2025-04-10 12:19:43,COMPLETADA
1326,3759,2025-04-08 00:23:44,COMPLETADA
1327,2282,2025-08-27 09:22:40,COMPLETADA
1328,3023,2025-04-02 15:08:24,COMPLETADA
1329,1791,2025-10-08 17:45:26,COMPLETADA
1330,4906,2025-07-07 23:01:23,COMPLETADA
1331,835,2025-07-11 03:26:33,PENDIENTE
1332,4663,2025-11-18 23:13:41,COMPLETADA
1333,777,2025-11-06 20:22:51,COMPLETADA
1334,3184,2025-09-13 17:17:24,PENDIENTE
1335,1089,2025-09-08 19:06:52,COMPLETADA
1336,2605,2025-12-30 06:53:03,CANCELADA
1337,3950,2025-11-09 10:21:43,COMPLETADA
1338,145,2025-03-17 11:29:12,COMPLETADA
1339,4793,2025-08-22 02:24:37,COMPLETADA
1340,4187,2025-07-19 22:33:23,COMPLETADA
1341,1905,2025-10-23 14:02:48,COMPLETADA
1342,109,2025-11-10 17:22:07,COMPLETADA
1343,1017,2025-03-18 15:17:50,COMPLETADA
1344,3511,2025-06-25 21:38:21,PENDIENTE
1345,651,2025-05-10 14:52:28,COMPLETADA
1346,3069,2025-07-15 12:17:07,COMPLETADA
1347,1655,2025-02-20 10:26:16,COMPLETADA
1348,1675,2025-04-20 22:33:22,COMPLETADA
1349,1951,2025-05-31 14:56:02,CANCELADA
1350,4900,2025-12-26 10:40:48,CANCELADA
1351,3636,2025-10-10 19:53:00,PENDIENTE
1352,2693,2025-04-28 04:38:26,COMPLETADA
1353,2602,2025-10-31 15:35:38,COMPLETADA
1354,325,2025-10-04 16:35:55,COMPLETADA
1355,3399,2025-09-28 10:27:42,COMPLETADA
1356,2364,2025-04-07 07:58:48,PENDIENTE
1357,1877,2025-11-16 02:03:00,PENDIENTE
1358,2714,2025-07-25 13:25:14,COMPLETADA
1359,1687,2025-02-22 22:22:42,COMPLETADA
1360,2035,2025-04-23 07:17:21,PENDIENTE
1361,1823,2025-01-08 21:22:35,COMPLETADA
1362,3126,2025-04-24 04:33:51,COMPLETADA
1363,1504,2025-12-20 05:15:35,COMPLETADA
1364,50,2025-02-18 10:42:45,COMPLETADA
1365,4028,2025-11-13 04:09:31,COMPLETADA
1366,1577,2025-08-12 17:32:23,COMPLETADA
1367,1160,2025-01-18 05:02:36,CANCELADA
1368,1029,2025-09-23 22:24:32,COMPLETADA
1369,4855,2025-06-07 14:53:11,COMPLETADA
1370,1675,2025-11-26 19:10:05,COMPLETADA
1371,641,2025-07-31 10:31:37,COMPLETADA
1372,3827,2025-09-23 12:06:57,COMPLETADA
1373,1619,2025-06-15 22:14:19,COMPLETADA
1374,1446,2025-11-26 08:37:59,COMPLETADA
1375,2484,2025-06-15 03:19:23,COMPLETADA
1376,3673,2025-01-15 15:24:44,CANCELADA
1377,1650,2025-05-20 06:46:18,COMPLETADA
1378,3942,2025-10-07 20:33:18,COMPLETADA
1379,2946,2025-03-11 05:58:11,COMPLETADA
1380,1375,2025-09-04 18:48:27,COMPLETADA
1381,3463,2025-10-28 23:43:20,COMPLETADA
1382,3551,2025-09-30 01:12:57,PENDIENTE
1383,3949,2025-10-05 10:17:28,COMPLETADA
1384,3125,2025-05-15 20:50:45,COMPLETADA
1385,682,2025-05-29 13:26:45,PENDIENTE
1386,2460,2025-09-22 05:51:50,COMPLETADA
1387,1252,2025-12-27 05:08:12,COMPLETADA
1388,1440,2025-05-26 23:54:47,COMPLETADA
1389,3799,2025-05-08 18:34:26,COMPLETADA
1390,2321,2025-09-24 18:34:40,COMPLETADA
1391,4965,2025-11-25 11:45:07,COMPLETADA
1392,2730,2025-03-26 06:12:12,COMPLETADA
1393,3845,2025-09-23 07:18:50,COMPLETADA
1394,1554,2025-12-28 00:20:12,COMPLETADA
1395,4102,2025-10-01 02:17:52,PENDIENTE
1396,3066,2025-11-09 18:29:49,COMPLETADA
1397,3407,2025-03-24 22:53:01,CANCELADA
1398,3057,2025-08-28 23:07:19,COMPLETADA
1399,2522,2025-10-15 21:57:51,COMPLETADA
1400,4820,2025-02-09 13:36:14,COMPLETADA
1401,319,2025-04-30 19:07:48,CANCELADA
1402,1020,2025-10-17 02:30:46,COMPLETADA
1403,4634,2025-05-12 04:00:25,COMPLETADA
1404,3575,2025-11-16 07:31:41,CANCELADA
1405,2856,2025-01-15 23:40:23,COMPLETADA
1406,4003,2025-10-24 18:18:00,COMPLETADA
1407,3017,2025-01-16 09:48:01,PENDIENTE
1408,3157,2025-01-21 04:50:07,CANCELADA
1409,2022,2025-07-06 22:35:00,COMPLETADA
1410,283,2025-11-10 23:13:26,CANCELADA
1411,2961,2025-11-16 16:44:09,COMPLETADA
1412,232,2025-03-01 14:30:53,PENDIENTE
1413,1212,2025-03-20 02:04:31,COMPLETADA
1414,3732,2025-08-03 09:38:27,CANCELADA
1415,1208,2025-02-22 17:10:46,COMPLETADA
1416,4933,2025-10-16 23:21:04,COMPLETADA
1417,1323,2025-07-29 11:01:18,COMPLETADA
1418,757,2025-07-13 00:02:42,COMPLETADA
1419,3149,2025-08-18 22:04:36,COMPLETADA
1420,4802,2025-12-05 00:43:34,CANCELADA
1421,659,2025-07-15 20:40:36,COMPLETADA
1422,1547,2025-05-26 06:57:13,CANCELADA
1423,1359,2025-08-12 14:50:27,PENDIENTE
1424,2072,2025-04-13 00:05:32,PENDIENTE
1425,4102,2025-11-14 02:30:51,CANCELADA
1426,3136,2025-11-28 13:46:33,COMPLETADA
1427,3372,2025-12-12 16:01:37,PENDIENTE
1428,729,2025-09-26 11:52:33,COMPLETADA
1429,4691,2025-03-21 14:01:02,PENDIENTE
1430,2822,2025-06-03 01:47:15,PENDIENTE
1431,2204,2025-10-18 21:19:30,PENDIENTE
1432,3261,2025-09-01 13:07:21,PENDIENTE
1433,53,2025-12-25 23:16:20,CANCELADA
1434,4029,2025-07-21 17:50:30,COMPLETADA
1435,573,2025-09-05 14:45:37,PENDIENTE
1436,3423,2025-09-01 09:37:24,COMPLETADA
1437,2363,2025-06-04 19:48:12,PENDIENTE
1438,1398,2025-07-04 04:09:39,COMPLETADA
1439,1527,2025-11-16 12:06:14,PENDIENTE
1440,1623,2025-10-20 20:07:58,COMPLETADA
1441,4118,2025-10-21 06:27:20,CANCELADA
1442,3692,2025-10-24 21:49:06,COMPLETADA
1443,1742,2025-05-23 01:59:22,COMPLETADA
1444,484,2025-04-23 10:34:44,PENDIENTE
1445,1572,2025-10-30 01:34:41,COMPLETADA
1446,3349,2025-02-18 14:14:48,COMPLETADA
1447,895,2025-08-23 23:22:41,CANCELADA
1448,1361,2025-10-15 02:21:21,COMPLETADA
1449,703,2025-10-06 03:30:44,COMPLETADA
1450,2268,2025-08-22 07:50:39,COMPLETADA
1451,244,2025-01-05 03:25:46,COMPLETADA
1452,3915,2025-02-01 12:00:11,COMPLETADA
1453,826,2025-02-20 05:36:02,COMPLETADA
1454,2180,2025-10-30 20:59:59,PENDIENTE
1455,60,2025-06-08 17:15:04,PENDIENTE
1456,343,2025-11-02 19:23:05,COMPLETADA
1457,4279,2025-12-21 18:22:20,PENDIENTE
1458,3078,2025-08-01 19:08:34,COMPLETADA
1459,2178,2025-11-08 04:00:55,CANCELADA
1460,3877,2025-11-14 07:38:57,PENDIENTE
1461,4952,2025-01-12 19:23:29,COMPLETADA
1462,3038,2025-10-05 02:10:26,PENDIENTE
1463,2811,2025-12-11 23:23:28,CANCELADA
1464,1963,2025-05-13 08:00:21,CANCELADA
1465,3265,2025-05-01 17:33:42,COMPLETADA
1466,469,2025-06-17 06:52:57,CANCELADA
1467,2706,2025-06-28 04:28:24,PENDIENTE
1468,26,2025-07-28 03:58:45,COMPLETADA
1469,3292,2025-12-06 10:28:39,PENDIENTE
1470,1138,2025-01-17 11:37:06,COMPLETADA
1471,1007,2025-02-05 10:43:32,CANCELADA
1472,2290,2025-02-22 11:22:46,CANCELADA
1473,2037,2025-12-15 02:25:06,COMPLETADA
1474,3893,2025-12-20 12:21:07,COMPLETADA
1475,1540,2025-04-03 03:49:31,COMPLETADA
1476,2640,2025-01-07 07:27:04,COMPLETADA
1477,2951,2025-01-18 06:15:50,CANCELADA
1478,2667,2025-09-08 14:50:09,PENDIENTE
1479,1914,2025-06-05 09:27:49,COMPLETADA
1480,3279,2025-01-31 12:51:14,PENDIENTE
1481,667,2025-10-18 04:44:11,COMPLETADA
1482,3901,2025-05-01 17:19:09,CANCELADA
1483,823,2025-05-28 01:43:31,PENDIENTE
1484,2408,2025-11-02 15:19:49,COMPLETADA
1485,1173,2025-05-16 18:02:40,CANCELADA
1486,4685,2025-07-14 18:32:00,PENDIENTE
1487,4134,2025-10-20 15:40:22,COMPLETADA
1488,4080,2025-02-21 17:34:36,PENDIENTE
1489,2469,2025-08-31 23:29:28,PENDIENTE
1490,4496,2025-06-09 14:33:06,CANCELADA
1491,3825,2025-12-16 15:42:48,COMPLETADA
1492,3656,2025-09-28 22:10:26,CANCELADA
1493,3950,2025-01-23 16:08:53,PENDIENTE
1494,1974,2025-05-26 11:16:26,COMPLETADA
1495,1397,2025-08-10 02:06:17,PENDIENTE
1496,733,2025-06-08 01:19:14,COMPLETADA
1497,240,2025-11-19 18:59:05,COMPLETADA
1498,2675,2025-11-25 23:58:55,CANCELADA
1499,2297,2025-08-26 09:26:44,COMPLETADA
1500,2111,2025-12-10 07:29:06,PENDIENTE
1501,1009,2025-03-27 03:37:53,PENDIENTE
1502,4379,2025-02-09 14:31:22,COMPLETADA
1503,4031,2025-07-31 12:32:55,COMPLETADA
1504,2727,2025-07-26 11:37:22,CANCELADA
1505,4719,2025-08-03 20:02:29,PENDIENTE
1506,4921,2025-07-04 01:05:28,COMPLETADA
1507,2812,2025-10-08 00:35:36,COMPLETADA
1508,3127,2025-05-15 16:17:19,PENDIENTE
1509,4604,2025-10-31 02:59:34,CANCELADA
1510,3580,2025-08-25 01:29:07,PENDIENTE
1511,1832,2025-05-06 06:08:19,COMPLETADA
1512,2384,2025-04-04 14:16:17,COMPLETADA
1513,731,2025-09-17 05:30:44,COMPLETADA
1514,4852,2025-03-03 11:27:08,CANCELADA
1515,952,2025-03-30 03:32:51,COMPLETADA
1516,1044,2025-10-04 06:38:25,CANCELADA
1517,3115,2025-07-06 00:11:11,COMPLETADA
1518,14,2025-09-23 06:10:47,COMPLETADA
1519,4834,2025-06-22 16:03:41,COMPLETADA
1520,3180,2025-06-18 12:05:28,CANCELADA
1521,2619,2025-02-12 15:38:46,PENDIENTE
1522,1035,2025-04-09 03:58:24,COMPLETADA
1523,4929,2025-12-02 10:16:08,COMPLETADA
1524,874,2025-06-16 14:30:42,COMPLETADA
1525,4410,2025-10-27 12:28:58,CANCELADA
1526,2589,2025-07-04 05:53:05,COMPLETADA
1527,2432,2025-04-08 19:46:17,PENDIENTE
1528,4095,2025-12-30 00:27:31,PENDIENTE
1529,1208,2025-12-18 21:25:06,COMPLETADA
1530,1195,2025-01-25 13:46:19,PENDIENTE
1531,282,2025-12-03 03:19:00,COMPLETADA
1532,2531,2025-01-14 15:31:53,COMPLETADA
1533,1012,2025-04-07 12:01:38,COMPLETADA
1534,4702,2025-11-09 20:01:13,COMPLETADA
1535,1768,2025-06-17 08:15:21,COMPLETADA
1536,3086,2025-12-21 07:40:10,COMPLETADA
1537,2730,2025-09-04 15:48:48,COMPLETADA
1538,1726,2025-07-09 14:06:37,PENDIENTE
1539,1844,2025-05-30 05:47:37,PENDIENTE
1540,431,2025-03-16 08:53:34,CANCELADA
1541,1467,2025-09-15 20:03:29,CANCELADA
1542,3210,2025-12-15 09:14:57,COMPLETADA
1543,1305,2025-01-13 16:58:14,CANCELADA
1544,4489,2025-08-21 10:23:39,COMPLETADA
1545,3461,2025-10-21 09:10:15,PENDIENTE
1546,2854,2025-08-13 02:45:48,PENDIENTE
1547,3204,2025-04-28 05:42:07,COMPLETADA
1548,2319,2025-02-26 11:01:43,COMPLETADA
1549,1599,2025-10-25 05:01:16,PENDIENTE
1550,4490,2025-03-27 05:28:27,COMPLETADA
1551,1073,2025-08-21 04:08:07,COMPLETADA
1552,4755,2025-07-05 05:36:27,CANCELADA
1553,444,2025-07-27 17:52:36,PENDIENTE
1554,2491,2025-08-18 22:44:46,COMPLETADA
1555,1341,2025-12-26 15:47:25,COMPLETADA
1556,3620,2025-07-31 00:46:42,PENDIENTE
1557,2385,2025-12-13 13:10:35,CANCELADA
1558,1719,2025-02-11 00:25:24,COMPLETADA
1559,1603,2025-09-15 18:58:39,PENDIENTE
1560,75,2025-08-23 02:35:14,COMPLETADA
1561,4716,2025-05-10 10:26:34,COMPLETADA
1562,1210,2025-12-19 23:50:56,COMPLETADA
1563,3499,2025-08-07 21:10:39,PENDIENTE
1564,1379,2025-08-14 02:34:41,CANCELADA
1565,787,2025-01-07 18:14:20,COMPLETADA
1566,3882,2025-04-26 00:57:23,COMPLETADA
1567,430,2025-02-20 11:45:38,COMPLETADA
1568,4223,2025-03-17 19:26:37,PENDIENTE
1569,4862,2025-06-27 07:27:18,COMPLETADA
1570,1218,2025-08-28 17:49:12,COMPLETADA
1571,3310,2025-05-04 02:24:44,COMPLETADA
1572,974,2025-07-14 09:37:34,COMPLETADA
1573,4003,2025-05-10 22:57:47,COMPLETADA
1574,4884,2025-03-11 06:48:28,CANCELADA
1575,3076,2025-11-11 19:49:03,PENDIENTE
1576,735,2025-09-27 05:58:17,PENDIENTE
1577,3131,2025-01-17 09:07:44,COMPLETADA
1578,3647,2025-05-07 02:58:15,COMPLETADA
1579,984,2026-01-04 10:55:15,COMPLETADA
1580,1000,2025-11-16 05:31:06,COMPLETADA
1581,4176,2025-04-27 19:01:59,COMPLETADA
1582,4808,2025-02-09 05:30:32,COMPLETADA
1583,4691,2025-07-02 14:06:49,COMPLETADA
1584,775,2025-06-29 05:09:14,PENDIENTE
1585,1484,2025-06-17 13:50:14,COMPLETADA
1586,3553,2025-02-08 02:56:53,COMPLETADA
1587,1026,2025-07-31 19:28:21,COMPLETADA
1588,521,2025-12-29 12:42:45,PENDIENTE
1589,4404,2025-02-23 14:59:28,COMPLETADA
1590,162,2025-11-30 23:36:05,COMPLETADA
1591,4395,2025-02-04 22:25:03,PENDIENTE
1592,4343,2025-04-03 21:14:06,COMPLETADA
1593,4251,2025-03-11 19:44:44,PENDIENTE
1594,4416,2025-03-31 14:38:09,PENDIENTE
1595,1017,2025-12-20 07:20:00,PENDIENTE
1596,1700,2025-10-30 18:44:04,CANCELADA
1597,962,2025-11-10 09:41:42,COMPLETADA
1598,4908,2025-02-22 00:02:56,PENDIENTE
1599,44,2025-01-24 15:58:46,COMPLETADA
1600,2575,2025-11-24 09:50:30,COMPLETADA
1601,1056,2025-08-05 23:29:26,COMPLETADA
1602,1321,2025-04-01 23:38:30,COMPLETADA
1603,2104,2025-07-16 15:11:52,CANCELADA
1604,287,2025-07-30 11:01:23,COMPLETADA
1605,1022,2025-01-13 04:55:35,COMPLETADA
1606,2979,2025-04-26 07:24:35,CANCELADA
1607,1406,2025-04-17 12:20:33,COMPLETADA
1608,1,2025-09-03 22:12:56,COMPLETADA
1609,379,2025-06-26 02:53:23,CANCELADA
1610,4256,2025-10-08 01:08:34,CANCELADA
1611,2404,2025-05-25 10:40:59,PENDIENTE
1612,3645,2025-01-07 10:04:17,COMPLETADA
1613,4018,2025-11-22 01:14:03,PENDIENTE
1614,4282,2025-12-25 06:59:14,CANCELADA
1615,2885,2025-09-05 22:14:53,COMPLETADA
1616,4183,2025-04-19 01:28:59,COMPLETADA
1617,812,2025-10-21 01:30:32,PENDIENTE
1618,367,2025-07-23 17:01:47,COMPLETADA
1619,1541,2025-11-01 15:23:01,COMPLETADA
1620,1764,2025-10-05 04:21:26,CANCELADA
1621,4933,2025-09-09 11:35:50,COMPLETADA
1622,4848,2025-07-03 09:49:44,COMPLETADA
1623,1053,2025-01-05 06:38:20,PENDIENTE
1624,3458,2025-07-05 22:37:41,COMPLETADA
1625,2089,2025-08-24 14:11:02,COMPLETADA
1626,1338,2025-02-16 23:10:29,COMPLETADA
1627,683,2025-09-12 07:00:05,CANCELADA
1628,3485,2025-10-10 05:18:37,CANCELADA
1629,1174,2025-05-10 09:10:35,COMPLETADA
1630,579,2025-08-15 02:30:54,COMPLETADA
1631,2207,2025-10-28 10:53:03,CANCELADA
1632,1579,2025-04-29 04:41:29,PENDIENTE
1633,4618,2025-01-20 19:13:39,PENDIENTE
1634,4190,2025-05-01 17:14:26,COMPLETADA
1635,3439,2025-09-02 10:37:03,PENDIENTE
1636,2592,2025-03-12 10:44:55,CANCELADA
1637,3553,2025-01-05 14:51:50,COMPLETADA
1638,4945,2025-11-01 09:57:55,COMPLETADA
1639,2213,2025-08-31 17:38:39,COMPLETADA
1640,902,2025-10-20 10:07:10,PENDIENTE
1641,3333,2025-03-26 17:51:16,COMPLETADA
1642,729,2025-07-12 10:00:52,COMPLETADA
1643,2733,2025-07-12 18:19:40,PENDIENTE
1644,1199,2025-05-27 06:58:21,CANCELADA
1645,1850,2025-05-29 12:03:59,COMPLETADA
1646,803,2025-10-25 11:09:17,COMPLETADA
1647,1821,2025-11-19 11:35:43,COMPLETADA
1648,861,2025-02-14 20:44:49,PENDIENTE
1649,1012,2025-04-15 17:17:22,COMPLETADA
1650,2512,2025-01-18 17:36:08,COMPLETADA
1651,4011,2025-09-19 06:42:19,COMPLETADA
1652,2859,2025-06-13 22:18:15,PENDIENTE
1653,2311,2025-12-11 17:50:23,COMPLETADA
1654,4977,2025-03-13 03:08:47,COMPLETADA
1655,393,2025-08-23 22:51:12,COMPLETADA
1656,3192,2025-11-04 05:34:41,COMPLETADA
1657,4356,2025-03-06 01:46:26,COMPLETADA
1658,3299,2025-11-05 13:36:24,COMPLETADA
1659,1046,2025-07-24 02:31:15,COMPLETADA
1660,4208,2025-05-01 01:42:39,PENDIENTE
1661,1036,2025-05-20 17:28:03,COMPLETADA
1662,4650,2025-11-16 10:09:22,PENDIENTE
1663,434,2025-07-01 07:23:30,CANCELADA
1664,3033,2025-03-13 00:33:38,PENDIENTE
1665,2041,2025-07-08 01:28:12,PENDIENTE
1666,3427,2025-08-06 05:58:10,PENDIENTE
1667,1500,2025-03-29 14:39:04,COMPLETADA
1668,2900,2025-10-21 05:53:15,PENDIENTE
1669,4115,2025-09-29 19:07:38,COMPLETADA
1670,3505,2025-06-13 10:54:40,COMPLETADA
1671,1875,2025-01-10 10:42:34,COMPLETADA
1672,713,2025-10-11 03:53:16,CANCELADA
1673,3331,2025-12-28 03:02:57,PENDIENTE
1674,739,2025-04-13 05:46:58,COMPLETADA
1675,629,2025-09-13 02:29:55,PENDIENTE
1676,768,2025-06-12 00:08:53,COMPLETADA
1677,471,2025-03-15 22:48:01,COMPLETADA
1678,2342,2025-04-29 18:23:16,COMPLETADA
1679,4038,2025-08-24 04:43:54,PENDIENTE
1680,88,2025-03-04 16:39:28,CANCELADA
1681,3474,2025-02-05 05:02:52,PENDIENTE
1682,1118,2025-11-01 20:06:40,COMPLETADA
1683,4219,2025-05-19 21:08:39,PENDIENTE
1684,4362,2025-01-11 22:25:23,PENDIENTE
1685,3322,2025-04-05 03:19:41,COMPLETADA
1686,1558,2025-06-29 22:57:59,CANCELADA
1687,60,2025-09-19 21:32:16,PENDIENTE
1688,4378,2025-04-10 09:50:33,PENDIENTE
1689,2001,2025-06-18 16:38:40,CANCELADA
1690,4327,2025-11-03 07:36:58,PENDIENTE
1691,347,2025-03-25 02:52:41,COMPLETADA
1692,1381,2025-08-13 16:19:39,PENDIENTE
1693,4289,2025-07-27 05:02:41,CANCELADA
1694,1433,2025-04-05 22:30:53,COMPLETADA
1695,1093,2025-09-24 04:32:35,COMPLETADA
1696,418,2025-02-07 08:50:40,COMPLETADA
1697,3106,2025-12-04 21:46:07,COMPLETADA
1698,928,2025-09-15 19:19:13,COMPLETADA
1699,2047,2025-02-27 12:56:47,PENDIENTE
1700,966,2025-02-17 13:21:40,COMPLETADA
1701,3958,2025-08-29 22:11:09,COMPLETADA
1702,1746,2025-03-01 18:34:37,COMPLETADA
1703,4660,2025-11-17 06:09:52,COMPLETADA
1704,2498,2025-07-12 07:12:45,CANCELADA
1705,4224,2025-01-09 09:51:43,PENDIENTE
1706,291,2025-05-11 18:25:28,CANCELADA
1707,4000,2025-02-13 03:05:41,COMPLETADA
1708,49,2025-12-29 01:44:45,COMPLETADA
1709,2692,2025-03-08 12:34:55,COMPLETADA
1710,878,2025-12-14 20:00:30,COMPLETADA
1711,1526,2025-04-12 03:27:24,COMPLETADA
1712,73,2025-07-25 05:53:00,COMPLETADA
1713,4031,2025-05-12 15:41:37,COMPLETADA
1714,4335,2025-07-04 02:06:39,COMPLETADA
1715,1260,2025-10-05 05:22:58,COMPLETADA
1716,3993,2025-11-04 16:26:56,COMPLETADA
1717,2050,2025-04-07 20:52:32,COMPLETADA
1718,3239,2025-07-17 15:16:47,COMPLETADA
1719,2986,2025-04-07 13:45:05,COMPLETADA
1720,1493,2025-04-14 03:23:13,COMPLETADA
1721,2208,2025-04-01 16:03:42,COMPLETADA
1722,3593,2025-04-08 10:44:58,PENDIENTE
1723,3600,2025-12-27 09:55:33,COMPLETADA
1724,2898,2025-01-17 23:26:35,PENDIENTE
1725,48,2025-03-05 10:42:10,COMPLETADA
1726,1626,2025-04-13 05:53:40,COMPLETADA
1727,2334,2025-09-27 14:55:59,COMPLETADA
1728,3233,2025-03-08 02:41:56,COMPLETADA
1729,2714,2025-08-15 09:54:28,CANCELADA
1730,1314,2025-03-18 03:51:40,PENDIENTE
1731,3927,2025-04-24 03:18:17,CANCELADA
1732,2178,2025-06-01 20:56:56,COMPLETADA
1733,4007,2025-06-24 18:09:24,COMPLETADA
1734,1044,2025-10-02 03:34:47,COMPLETADA
1735,3276,2025-01-09 12:49:39,COMPLETADA
1736,3186,2025-09-06 07:23:11,COMPLETADA
1737,884,2025-03-28 22:36:49,PENDIENTE
1738,1034,2025-05-23 02:19:52,COMPLETADA
1739,4097,2025-10-04 12:01:24,COMPLETADA
1740,1938,2025-12-24 01:57:42,COMPLETADA
1741,2803,2025-08-14 08:34:43,COMPLETADA
1742,4892,2025-07-23 18:35:55,PENDIENTE
1743,3559,2025-05-09 10:31:56,COMPLETADA
1744,2312,2025-07-30 19:18:58,COMPLETADA
1745,3514,2025-01-16 18:25:31,COMPLETADA
1746,1250,2025-07-20 23:06:05,PENDIENTE
1747,1531,2025-07-17 18:49:31,COMPLETADA
1748,943,2025-01-13 00:15:21,CANCELADA
1749,2027,2025-07-25 22:26:46,PENDIENTE
1750,3516,2025-03-07 14:49:48,COMPLETADA
1751,845,2025-06-30 15:07:36,PENDIENTE
1752,4116,2025-11-05 03:31:26,COMPLETADA
1753,1546,2025-07-27 22:12:17,CANCELADA
1754,4844,2025-05-04 22:20:01,COMPLETADA
1755,1219,2025-06-06 16:15:56,COMPLETADA
1756,1084,2025-06-19 07:23:57,COMPLETADA
1757,2244,2025-09-23 23:41:04,CANCELADA
1758,1198,2025-05-01 00:08:36,COMPLETADA
1759,1636,2025-07-24 17:16:37,COMPLETADA
1760,418,2025-07-12 16:23:51,COMPLETADA
1761,4301,2025-04-11 07:02:13,COMPLETADA
1762,1896,2025-08-27 22:01:26,COMPLETADA
1763,3491,2025-06-30 16:09:49,COMPLETADA
1764,4177,2025-11-18 19:31:38,COMPLETADA
1765,424,2025-08-14 02:27:33,COMPLETADA
1766,2206,2025-11-24 18:49:27,COMPLETADA
1767,2876,2025-04-15 10:47:46,PENDIENTE
1768,2024,2025-12-27 00:17:53,COMPLETADA
1769,390,2025-11-23 14:54:40,COMPLETADA
1770,5,2025-04-04 01:20:35,COMPLETADA
1771,2635,2025-07-03 19:35:36,COMPLETADA
1772,3868,2025-05-23 04:44:09,COMPLETADA
1773,4969,2025-05-16 02:23:39,COMPLETADA
1774,1515,2025-10-18 14:47:08,COMPLETADA
1775,4025,2025-02-03 01:38:16,COMPLETADA
1776,2494,2025-05-27 12:39:53,COMPLETADA
1777,112,2025-03-28 09:21:54,PENDIENTE
1778,1068,2025-02-06 09:58:58,COMPLETADA
1779,2961,2025-01-18 09:43:45,PENDIENTE
1780,4825,2025-04-15 01:02:04,COMPLETADA
1781,3045,2025-10-01 01:32:14,COMPLETADA
1782,2261,2025-04-24 01:29:27,COMPLETADA
1783,3147,2025-04-14 00:56:38,COMPLETADA
1784,872,2025-11-13 20:43:43,COMPLETADA
1785,4931,2025-06-06 10:38:33,COMPLETADA
1786,4806,2025-07-13 01:45:05,CANCELADA
1787,1561,2025-09-01 23:01:13,COMPLETADA
1788,3652,2025-07-09 19:16:34,CANCELADA
1789,614,2025-02-06 11:10:19,CANCELADA
1790,2810,2025-01-19 16:20:01,COMPLETADA
1791,3885,2025-05-12 23:02:54,CANCELADA
1792,1655,2025-11-05 23:57:30,COMPLETADA
1793,1259,2025-02-26 19:57:33,COMPLETADA
1794,1571,2025-12-15 22:58:48,COMPLETADA
1795,2069,2025-04-25 03:38:12,CANCELADA
1796,4591,2025-12-22 16:36:15,CANCELADA
1797,2999,2025-04-14 17:27:53,COMPLETADA
1798,962,2025-11-03 15:09:48,CANCELADA
1799,555,2025-01-25 09:17:14,COMPLETADA
1800,4291,2025-01-27 00:11:40,CANCELADA
1801,4128,2025-05-19 03:15:19,PENDIENTE
1802,1368,2025-08-18 23:21:48,COMPLETADA
1803,1057,2025-09-01 07:08:25,COMPLETADA
1804,4639,2025-08-10 09:21:34,COMPLETADA
1805,1559,2025-11-15 07:06:13,PENDIENTE
1806,3257,2025-06-21 23:58:57,COMPLETADA
1807,4362,2025-11-27 12:22:27,CANCELADA
1808,615,2025-12-06 07:05:17,COMPLETADA
1809,4173,2025-12-07 01:09:54,COMPLETADA
1810,3197,2025-11-06 15:22:22,COMPLETADA
1811,2225,2025-11-03 07:28:01,COMPLETADA
1812,30,2025-09-02 17:48:30,COMPLETADA
1813,1785,2025-09-14 05:53:24,COMPLETADA
1814,73,2025-08-26 00:33:28,CANCELADA
1815,4201,2025-01-30 18:02:52,COMPLETADA
1816,4302,2025-05-17 14:51:02,COMPLETADA
1817,1805,2025-10-22 22:32:42,COMPLETADA
1818,2200,2025-12-31 19:57:09,COMPLETADA
1819,1402,2025-02-05 10:26:02,COMPLETADA
1820,4371,2025-05-14 02:11:01,COMPLETADA
1821,321,2025-11-18 16:16:40,COMPLETADA
1822,2276,2025-01-29 06:36:40,CANCELADA
1823,2216,2025-05-27 20:50:37,CANCELADA
1824,423,2025-07-09 20:34:17,COMPLETADA
1825,2040,2025-02-19 16:40:42,CANCELADA
1826,1721,2025-07-16 08:43:33,COMPLETADA
1827,12,2025-10-08 00:40:45,COMPLETADA
1828,4958,2025-08-04 20:16:34,CANCELADA
1829,2659,2025-04-19 11:05:17,COMPLETADA
1830,4500,2025-11-08 13:19:39,COMPLETADA
1831,1095,2025-05-28 17:12:14,COMPLETADA
1832,2416,2025-05-26 01:33:46,COMPLETADA
1833,470,2025-09-16 03:47:19,COMPLETADA
1834,86,2025-10-14 12:53:51,PENDIENTE
1835,1797,2025-10-24 19:18:18,PENDIENTE
1836,2292,2025-07-03 03:49:09,COMPLETADA
1837,129,2025-09-18 02:01:03,COMPLETADA
1838,4779,2025-08-27 13:00:54,COMPLETADA
1839,3130,2025-06-08 18:37:01,CANCELADA
1840,2109,2025-07-15 06:55:58,CANCELADA
1841,4951,2025-06-30 22:28:12,COMPLETADA
1842,3623,2025-11-06 17:57:31,COMPLETADA
1843,2202,2025-10-02 03:14:45,COMPLETADA
1844,3240,2025-08-27 07:12:12,COMPLETADA
1845,1899,2025-01-11 08:49:33,PENDIENTE
1846,3555,2025-10-05 19:43:35,COMPLETADA
1847,3925,2025-12-19 22:35:15,COMPLETADA
1848,1487,2025-08-02 02:19:45,COMPLETADA
1849,1443,2025-05-04 16:52:04,COMPLETADA
1850,4019,2025-06-25 22:13:22,CANCELADA
1851,1478,2025-10-24 18:46:18,COMPLETADA
1852,173,2025-01-10 17:23:21,COMPLETADA
1853,1456,2025-06-08 23:28:42,PENDIENTE
1854,4980,2025-07-27 21:06:17,COMPLETADA
1855,1176,2025-10-16 07:30:25,COMPLETADA
1856,2010,2025-01-28 13:58:50,COMPLETADA
1857,3298,2025-04-03 10:24:01,COMPLETADA
1858,4316,2025-04-04 13:04:35,COMPLETADA
1859,97,2025-04-19 06:50:39,COMPLETADA
1860,3096,2025-07-29 08:46:58,COMPLETADA
1861,902,2025-12-05 18:00:21,PENDIENTE
1862,359,2025-08-22 14:20:16,COMPLETADA
1863,685,2025-07-05 07:25:20,COMPLETADA
1864,4913,2025-12-18 22:39:58,COMPLETADA
1865,77,2025-08-11 21:55:29,CANCELADA
1866,872,2025-03-23 11:09:33,COMPLETADA
1867,2773,2025-10-30 09:10:26,CANCELADA
1868,697,2025-10-17 15:26:56,COMPLETADA
1869,3936,2025-02-15 09:00:02,PENDIENTE
1870,3640,2025-01-31 06:43:32,PENDIENTE
1871,2519,2025-01-05 15:28:06,COMPLETADA
1872,1266,2025-11-27 12:30:19,COMPLETADA
1873,4453,2025-06-10 17:08:38,PENDIENTE
1874,4454,2025-04-18 09:46:40,COMPLETADA
1875,365,2025-04-23 21:56:37,COMPLETADA
1876,2431,2025-06-12 17:44:36,COMPLETADA
1877,3403,2025-11-30 02:45:06,COMPLETADA
1878,1838,2025-12-28 03:34:24,COMPLETADA
1879,3500,2025-09-27 09:49:37,COMPLETADA
1880,2895,2025-05-03 01:15:35,PENDIENTE
1881,1851,2025-09-18 02:16:30,CANCELADA
1882,3152,2025-12-04 12:10:01,PENDIENTE
1883,921,2025-03-15 07:51:22,COMPLETADA
1884,903,2025-08-07 11:00:03,COMPLETADA
1885,2309,2025-05-15 21:44:40,COMPLETADA
1886,2734,2025-06-21 06:42:25,COMPLETADA
1887,695,2025-12-26 09:50:35,CANCELADA
1888,4953,2025-11-18 05:56:00,COMPLETADA
1889,3512,2025-05-01 07:35:41,COMPLETADA
1890,4913,2025-06-23 15:30:19,COMPLETADA
1891,3484,2025-03-30 13:12:34,COMPLETADA
1892,2471,2025-05-01 11:02:35,COMPLETADA
1893,2352,2025-07-11 19:10:33,COMPLETADA
1894,852,2025-04-23 07:24:32,COMPLETADA
1895,4090,2025-11-09 15:12:25,PENDIENTE
1896,2175,2025-03-28 12:16:08,PENDIENTE
1897,626,2025-09-30 10:21:37,PENDIENTE
1898,1218,2025-05-24 22:50:55,PENDIENTE
1899,1201,2025-03-06 20:53:14,COMPLETADA
1900,3200,2025-04-15 16:20:59,COMPLETADA
1901,3920,2025-01-28 22:52:35,PENDIENTE
1902,928,2025-08-29 16:43:21,COMPLETADA
1903,2282,2025-01-28 04:27:28,COMPLETADA
1904,2647,2025-09-29 06:40:08,CANCELADA
1905,1490,2026-01-01 19:17:21,PENDIENTE
1906,2889,2025-07-16 06:16:17,COMPLETADA
1907,3473,2025-12-14 11:33:05,COMPLETADA
1908,3392,2025-09-29 02:34:53,COMPLETADA
1909,2732,2025-10-15 20:21:19,COMPLETADA
1910,2015,2025-12-31 20:45:13,COMPLETADA
1911,4501,2025-11-02 05:57:43,COMPLETADA
1912,4373,2025-03-09 07:15:41,COMPLETADA
1913,4393,2025-02-13 07:38:01,PENDIENTE
1914,3151,2025-07-25 10:36:25,COMPLETADA
1915,3456,2025-04-24 03:47:46,COMPLETADA
1916,1797,2025-12-09 16:22:50,PENDIENTE
1917,1927,2025-11-12 20:50:39,COMPLETADA
1918,1666,2025-01-21 09:29:26,CANCELADA
1919,141,2025-08-14 14:22:28,COMPLETADA
1920,3883,2025-08-25 14:29:55,CANCELADA
1921,903,2025-11-09 03:06:12,COMPLETADA
1922,2862,2025-06-20 15:17:26,COMPLETADA
1923,1142,2025-08-15 07:39:15,COMPLETADA
1924,1181,2025-07-06 18:14:02,PENDIENTE
1925,4518,2025-04-22 00:39:07,CANCELADA
1926,3450,2025-01-31 10:30:43,COMPLETADA
1927,1840,2025-01-27 16:28:56,COMPLETADA
1928,1129,2025-06-26 13:18:29,COMPLETADA
1929,1173,2025-05-20 10:09:55,COMPLETADA
1930,216,2025-09-18 18:47:58,PENDIENTE
1931,3480,2026-01-01 03:47:10,COMPLETADA
1932,869,2025-12-05 14:37:43,PENDIENTE
1933,605,2025-12-22 07:25:37,COMPLETADA
1934,4866,2025-05-26 21:21:47,CANCELADA
1935,248,2025-01-20 13:26:31,COMPLETADA
1936,1158,2025-11-09 10:15:29,COMPLETADA
1937,632,2025-05-23 04:59:51,COMPLETADA
1938,3412,2025-12-08 01:32:38,COMPLETADA
1939,1495,2025-02-23 20:30:21,COMPLETADA
1940,1148,2025-12-08 02:08:35,PENDIENTE
1941,2454,2025-04-30 18:38:13,COMPLETADA
1942,2764,2025-09-10 16:13:43,COMPLETADA
1943,109,2025-03-21 14:01:43,COMPLETADA
1944,1278,2025-06-14 04:27:45,COMPLETADA
1945,264,2025-08-12 09:03:42,COMPLETADA
1946,1422,2025-03-18 09:23:14,COMPLETADA
1947,90,2025-06-15 13:41:08,COMPLETADA
1948,3471,2025-03-28 13:29:39,PENDIENTE
1949,3722,2025-08-18 17:42:09,COMPLETADA
1950,2114,2025-10-30 06:02:17,CANCELADA
1951,4112,2025-05-15 15:17:12,COMPLETADA
1952,1863,2025-03-19 03:00:14,COMPLETADA
1953,1285,2025-03-31 17:44:29,COMPLETADA
1954,754,2025-08-03 15:56:34,COMPLETADA
1955,1026,2025-06-05 12:58:54,PENDIENTE
1956,3281,2025-11-23 17:34:40,COMPLETADA
1957,1794,2025-12-26 13:07:42,COMPLETADA
1958,4582,2025-08-08 22:11:42,COMPLETADA
1959,633,2025-11-06 16:06:04,PENDIENTE
1960,3838,2025-04-28 18:49:14,COMPLETADA
1961,3319,2025-01-07 23:50:06,PENDIENTE
1962,1351,2025-03-12 17:56:07,COMPLETADA
1963,3044,2025-03-02 15:04:23,COMPLETADA
1964,1596,2025-06-22 09:30:29,COMPLETADA
1965,856,2025-03-26 11:50:26,COMPLETADA
1966,4942,2025-09-15 17:11:29,PENDIENTE
1967,2749,2025-12-20 02:53:03,COMPLETADA
1968,2312,2025-04-18 10:57:06,COMPLETADA
1969,873,2025-05-03 02:25:26,COMPLETADA
1970,4892,2025-07-30 17:56:43,COMPLETADA
1971,2533,2025-06-06 03:50:28,COMPLETADA
1972,1653,2025-01-22 15:44:26,COMPLETADA
1973,266,2025-11-16 03:43:02,COMPLETADA
1974,697,2025-05-19 11:22:41,CANCELADA
1975,4627,2025-12-25 17:07:50,COMPLETADA
1976,3964,2025-02-27 10:20:20,COMPLETADA
1977,2578,2025-10-25 18:22:20,COMPLETADA
1978,2529,2025-12-14 14:38:36,COMPLETADA
1979,2922,2026-01-03 15:10:09,PENDIENTE
1980,3262,2025-06-02 22:25:16,COMPLETADA
1981,2577,2025-11-06 19:57:53,PENDIENTE
1982,2916,2025-08-06 13:16:10,CANCELADA
1983,798,2025-08-29 09:39:10,COMPLETADA
1984,4126,2025-12-18 01:30:58,COMPLETADA
1985,1231,2025-03-22 13:32:39,COMPLETADA
1986,3131,2025-09-18 22:23:16,COMPLETADA
1987,307,2025-10-31 09:50:05,COMPLETADA
1988,1242,2025-10-26 00:00:08,PENDIENTE
1989,646,2025-11-17 05:18:26,CANCELADA
1990,765,2025-06-02 11:20:04,CANCELADA
1991,1898,2025-02-04 18:22:44,CANCELADA
1992,1154,2025-06-29 16:32:54,PENDIENTE
1993,1320,2025-12-12 19:08:55,CANCELADA
1994,4110,2025-04-26 02:28:12,COMPLETADA
1995,4987,2025-05-22 23:11:20,PENDIENTE
1996,2797,2025-08-26 00:23:00,COMPLETADA
1997,1075,2025-06-18 09:24:53,COMPLETADA
1998,2952,2025-12-04 00:36:37,COMPLETADA
1999,3530,2025-10-06 03:44:45,COMPLETADA
2000,3176,2025-05-21 18:51:04,COMPLETADA
2001,4972,2025-05-09 14:01:17,COMPLETADA
2002,1249,2025-09-05 05:08:58,COMPLETADA
2003,4076,2025-03-12 02:13:40,COMPLETADA
2004,123,2025-07-19 00:47:14,COMPLETADA
2005,2536,2025-03-28 16:14:31,COMPLETADA
2006,715,2025-11-22 12:00:55,COMPLETADA
2007,3726,2025-01-20 06:15:29,COMPLETADA
2008,2422,2025-08-21 18:45:55,COMPLETADA
2009,2295,2025-03-05 13:30:03,COMPLETADA
2010,2895,2025-06-22 19:33:12,COMPLETADA
2011,1468,2025-09-10 07:40:22,PENDIENTE
2012,3775,2025-05-18 23:44:10,COMPLETADA
2013,3877,2025-09-19 15:48:07,CANCELADA
2014,3622,2025-03-19 00:05:01,PENDIENTE
2015,1151,2025-06-05 13:20:31,CANCELADA
2016,4660,2025-01-16 16:31:41,COMPLETADA
2017,2978,2025-03-05 03:18:51,CANCELADA
2018,3285,2025-06-05 23:24:32,COMPLETADA
2019,1057,2025-07-22 02:47:12,COMPLETADA
2020,4199,2025-02-25 21:24:32,PENDIENTE
2021,2570,2025-06-29 17:08:55,COMPLETADA
2022,3385,2025-07-25 06:50:54,COMPLETADA
2023,2154,2025-01-06 07:15:54,CANCELADA
2024,350,2025-05-27 11:04:29,COMPLETADA
2025,468,2025-07-03 16:49:48,PENDIENTE
2026,2006,2025-10-07 21:43:06,PENDIENTE
2027,4595,2025-07-16 04:41:46,COMPLETADA
2028,863,2025-11-04 19:56:14,COMPLETADA
2029,1297,2025-02-03 00:51:03,COMPLETADA
2030,598,2025-02-09 11:47:55,COMPLETADA
2031,3787,2025-05-11 05:30:59,PENDIENTE
2032,2859,2025-06-03 12:32:50,COMPLETADA
2033,4384,2025-02-08 08:58:36,CANCELADA
2034,3809,2025-12-20 11:51:56,COMPLETADA
2035,1477,2025-10-03 14:05:48,PENDIENTE
2036,3252,2025-09-20 03:17:06,PENDIENTE
2037,1635,2025-11-18 11:48:37,COMPLETADA
2038,529,2025-05-15 16:56:41,COMPLETADA
2039,4951,2025-04-21 02:12:13,COMPLETADA
2040,3902,2025-12-09 00:10:19,COMPLETADA
2041,3724,2025-12-18 16:56:47,COMPLETADA
2042,1276,2025-09-18 16:59:48,CANCELADA
2043,1193,2025-09-18 23:55:56,COMPLETADA
2044,2623,2025-05-13 16:06:09,COMPLETADA
2045,4925,2025-01-12 17:40:22,PENDIENTE
2046,512,2025-04-29 15:13:16,CANCELADA
2047,2962,2025-04-08 11:18:20,PENDIENTE
2048,3879,2025-03-20 00:35:50,COMPLETADA
2049,1733,2025-08-27 06:27:59,CANCELADA
2050,3465,2025-03-15 17:15:51,COMPLETADA
2051,1443,2025-03-29 20:24:39,COMPLETADA
2052,568,2025-05-18 01:12:06,COMPLETADA
2053,670,2025-10-01 03:50:14,COMPLETADA
2054,3699,2025-04-06 13:14:21,CANCELADA
2055,4299,2025-09-13 17:10:18,COMPLETADA
2056,2126,2025-05-12 04:34:41,COMPLETADA
2057,441,2025-10-02 04:11:57,COMPLETADA
2058,3511,2025-06-17 17:39:37,COMPLETADA
2059,2433,2025-10-19 12:47:59,COMPLETADA
2060,2862,2025-09-04 17:31:34,CANCELADA
2061,3946,2025-02-08 02:59:09,COMPLETADA
2062,1317,2025-01-06 08:44:08,CANCELADA
2063,3579,2025-01-18 06:55:57,COMPLETADA
2064,4673,2025-02-20 01:21:53,COMPLETADA
2065,82,2025-04-14 19:27:46,COMPLETADA
2066,4892,2025-12-04 15:01:36,COMPLETADA
2067,4739,2025-05-28 07:20:46,COMPLETADA
2068,2653,2025-12-04 08:52:43,PENDIENTE
2069,2593,2025-02-26 17:41:51,COMPLETADA
2070,3758,2025-01-18 14:27:31,CANCELADA
2071,4092,2025-07-15 08:16:04,CANCELADA
2072,931,2025-10-20 12:04:07,PENDIENTE
2073,3330,2025-02-18 09:34:34,COMPLETADA
2074,31,2025-03-08 11:07:10,CANCELADA
2075,1030,2025-04-23 06:49:13,COMPLETADA
2076,4739,2025-02-10 18:42:05,COMPLETADA
2077,1791,2025-03-22 12:06:45,PENDIENTE
2078,1538,2025-05-21 10:56:14,COMPLETADA
2079,4474,2025-11-17 19:27:13,PENDIENTE
2080,4923,2025-10-09 04:57:33,COMPLETADA
2081,2852,2025-08-20 06:24:19,COMPLETADA
2082,1566,2025-04-07 04:58:45,CANCELADA
2083,4726,2025-08-02 11:45:40,CANCELADA
2084,3034,2025-05-05 15:38:34,PENDIENTE
2085,133,2025-01-20 16:56:02,COMPLETADA
2086,2515,2025-05-10 10:45:47,COMPLETADA
2087,1022,2025-02-06 07:19:00,PENDIENTE
2088,3736,2025-12-29 02:49:49,COMPLETADA
2089,2882,2025-09-07 16:57:37,COMPLETADA
2090,4444,2025-02-12 17:51:22,COMPLETADA
2091,2752,2025-12-05 20:25:59,COMPLETADA
2092,1441,2025-12-10 16:09:07,COMPLETADA
2093,3057,2025-12-30 07:59:27,COMPLETADA
2094,4874,2025-12-07 23:31:41,COMPLETADA
2095,3571,2025-05-21 07:15:05,COMPLETADA
2096,3584,2025-08-26 17:01:12,COMPLETADA
2097,813,2025-08-04 16:22:55,CANCELADA
2098,851,2025-10-27 05:11:23,COMPLETADA
2099,135,2025-03-30 00:38:28,COMPLETADA
2100,3370,2025-06-19 04:33:50,COMPLETADA
2101,4463,2025-06-24 02:21:04,COMPLETADA
2102,3639,2025-07-12 17:42:20,COMPLETADA
2103,268,2025-09-29 21:18:10,PENDIENTE
2104,3446,2025-03-23 01:23:42,COMPLETADA
2105,3725,2025-01-22 03:30:30,COMPLETADA
2106,938,2025-10-31 05:50:30,COMPLETADA
2107,3847,2025-10-25 02:03:09,CANCELADA
2108,2873,2025-03-23 12:27:49,CANCELADA
2109,3801,2025-01-07 16:16:50,COMPLETADA
2110,3243,2025-01-18 02:33:00,COMPLETADA
2111,3070,2025-09-19 05:36:04,PENDIENTE
2112,4158,2025-03-17 02:34:59,COMPLETADA
2113,2167,2025-04-03 16:19:13,COMPLETADA
2114,3398,2025-10-07 12:43:21,PENDIENTE
2115,35,2025-05-27 11:48:38,CANCELADA
2116,3397,2025-03-05 04:09:59,COMPLETADA
2117,216,2025-07-18 18:43:01,COMPLETADA
2118,3068,2025-01-17 15:56:32,PENDIENTE
2119,4252,2025-07-23 22:42:27,PENDIENTE
2120,4915,2025-11-16 07:17:16,COMPLETADA
2121,1397,2025-09-29 10:07:37,CANCELADA
2122,3523,2025-02-21 04:50:54,COMPLETADA
2123,3207,2025-06-26 07:27:58,COMPLETADA
2124,3223,2025-05-26 23:29:57,PENDIENTE
2125,4734,2025-04-18 20:04:51,COMPLETADA
2126,3199,2025-11-07 09:18:07,CANCELADA
2127,1424,2025-09-10 19:19:17,COMPLETADA
2128,2607,2025-08-06 15:31:52,COMPLETADA
2129,3584,2025-05-31 09:22:32,COMPLETADA
2130,1035,2025-05-21 16:16:49,COMPLETADA
2131,4727,2025-03-10 12:33:26,PENDIENTE
2132,2132,2025-11-11 11:43:56,PENDIENTE
2133,1303,2025-09-27 08:33:31,CANCELADA
2134,1670,2025-04-04 21:00:11,COMPLETADA
2135,211,2025-07-12 15:35:15,COMPLETADA
2136,4861,2025-02-03 09:25:46,COMPLETADA
2137,4454,2025-08-08 17:15:19,CANCELADA
2138,646,2025-04-06 10:10:28,COMPLETADA
2139,208,2025-03-19 17:56:01,PENDIENTE
2140,1070,2025-07-31 09:51:48,CANCELADA
2141,2934,2025-05-23 08:31:38,COMPLETADA
2142,1817,2025-04-21 09:16:29,COMPLETADA
2143,4387,2025-09-20 14:34:02,PENDIENTE
2144,3098,2025-10-17 20:43:41,PENDIENTE
2145,424,2025-02-17 07:54:52,COMPLETADA
2146,1178,2025-03-07 20:10:00,COMPLETADA
2147,4747,2026-01-01 18:07:13,CANCELADA
2148,909,2025-05-11 06:49:35,COMPLETADA
2149,4882,2025-05-12 08:13:10,COMPLETADA
2150,1162,2025-07-25 09:21:50,COMPLETADA
2151,1480,2025-02-18 08:46:38,COMPLETADA
2152,4049,2025-06-27 17:22:28,PENDIENTE
2153,1704,2025-02-28 19:15:45,COMPLETADA
2154,4023,2025-10-04 00:48:33,PENDIENTE
2155,3390,2025-10-02 08:33:18,COMPLETADA
2156,626,2025-11-28 01:24:38,COMPLETADA
2157,3440,2025-10-03 05:53:01,COMPLETADA
2158,2569,2025-08-08 19:08:33,COMPLETADA
2159,3694,2025-09-27 07:08:02,PENDIENTE
2160,1473,2025-03-02 11:53:28,COMPLETADA
2161,1464,2025-05-17 20:18:11,PENDIENTE
2162,4970,2025-12-18 20:28:54,CANCELADA
2163,961,2025-07-07 06:09:56,CANCELADA
2164,2841,2025-12-28 08:26:45,COMPLETADA
2165,4916,2025-10-21 09:58:05,COMPLETADA
2166,1298,2025-05-28 19:47:08,COMPLETADA
2167,2085,2025-04-02 20:14:31,CANCELADA
2168,1580,2025-02-08 15:13:22,COMPLETADA
2169,4391,2025-08-16 08:34:34,COMPLETADA
2170,4193,2025-08-09 20:21:08,PENDIENTE
2171,1772,2025-11-17 23:17:49,CANCELADA
2172,941,2025-05-09 12:28:44,CANCELADA
2173,242,2025-10-22 08:27:49,COMPLETADA
2174,1801,2025-07-22 09:23:50,COMPLETADA
2175,1037,2025-06-07 12:48:34,COMPLETADA
2176,3946,2025-03-05 08:11:50,COMPLETADA
2177,754,2025-12-18 19:44:01,COMPLETADA
2178,4518,2025-06-15 02:44:16,PENDIENTE
2179,3827,2025-07-19 17:37:37,PENDIENTE
2180,4062,2025-07-29 21:39:34,COMPLETADA
2181,3277,2025-09-06 09:55:40,CANCELADA
2182,2049,2025-09-15 23:40:38,COMPLETADA
2183,2303,2025-10-23 13:54:54,CANCELADA
2184,843,2025-12-29 01:38:20,COMPLETADA
2185,4814,2025-01-24 15:52:51,COMPLETADA
2186,1687,2025-02-18 10:12:13,CANCELADA
2187,3997,2025-02-24 12:49:22,COMPLETADA
2188,3655,2025-01-09 09:58:17,COMPLETADA
2189,2226,2025-12-31 05:20:36,PENDIENTE
2190,882,2025-04-17 17:27:55,COMPLETADA
2191,3517,2025-08-02 13:24:47,COMPLETADA
2192,2892,2025-06-07 16:22:49,COMPLETADA
2193,527,2025-11-05 21:09:42,COMPLETADA
2194,277,2025-09-28 14:00:53,CANCELADA
2195,2074,2025-11-13 00:57:41,COMPLETADA
2196,2405,2025-12-09 00:30:53,COMPLETADA
2197,4346,2025-11-15 09:42:18,COMPLETADA
2198,246,2025-05-13 06:42:30,COMPLETADA
2199,2644,2025-02-09 17:33:03,COMPLETADA
2200,1524,2025-08-05 00:20:21,COMPLETADA
2201,596,2025-10-22 10:32:15,COMPLETADA
2202,3045,2025-08-09 22:33:31,COMPLETADA
2203,2576,2025-10-08 11:16:12,COMPLETADA
2204,2610,2025-06-10 03:02:33,PENDIENTE
2205,2695,2026-01-03 02:32:13,COMPLETADA
2206,4649,2025-02-27 06:56:46,PENDIENTE
2207,1906,2025-02-10 06:53:56,COMPLETADA
2208,3159,2025-03-13 18:28:23,COMPLETADA
2209,1739,2025-06-14 12:12:10,COMPLETADA
2210,844,2025-12-27 15:13:02,COMPLETADA
2211,4980,2025-12-26 12:30:35,CANCELADA
2212,613,2025-05-27 04:21:00,COMPLETADA
2213,3455,2025-09-17 08:18:20,PENDIENTE
2214,3566,2025-02-25 04:35:37,COMPLETADA
2215,2623,2025-10-10 07:44:55,COMPLETADA
2216,407,2025-07-08 10:59:43,PENDIENTE
2217,4085,2025-03-21 20:48:56,COMPLETADA
2218,2249,2025-10-07 06:10:25,COMPLETADA
2219,1017,2025-03-08 23:44:22,COMPLETADA
2220,4927,2025-03-17 23:53:05,COMPLETADA
2221,3137,2025-08-23 20:07:12,COMPLETADA
2222,175,2025-09-04 03:17:31,COMPLETADA
2223,4717,2025-06-13 12:32:38,CANCELADA
2224,3783,2025-05-28 00:27:17,COMPLETADA
2225,3300,2025-09-06 23:55:07,COMPLETADA
2226,4371,2025-11-25 13:04:56,CANCELADA
2227,321,2025-05-04 18:37:22,COMPLETADA
2228,134,2025-05-14 20:14:25,COMPLETADA
2229,780,2025-08-16 18:16:27,PENDIENTE
2230,3401,2025-05-24 14:56:52,PENDIENTE
2231,2251,2025-06-18 17:46:54,COMPLETADA
2232,2833,2025-01-31 01:14:45,COMPLETADA
2233,4559,2025-05-09 18:51:25,PENDIENTE
2234,4046,2025-12-02 07:52:18,COMPLETADA
2235,3223,2025-04-03 01:04:27,COMPLETADA
2236,3724,2025-09-17 04:30:11,COMPLETADA
2237,995,2025-07-08 12:26:06,PENDIENTE
2238,842,2025-03-10 00:18:47,COMPLETADA
2239,392,2025-02-05 08:40:57,PENDIENTE
2240,1137,2025-06-15 03:58:29,COMPLETADA
2241,2645,2025-10-26 14:19:57,CANCELADA
2242,3570,2025-12-29 07:43:18,COMPLETADA
2243,722,2025-01-13 18:27:12,COMPLETADA
2244,3022,2025-04-05 03:02:25,PENDIENTE
2245,4404,2025-01-12 16:19:15,CANCELADA
2246,431,2025-10-29 06:30:21,COMPLETADA
2247,353,2025-12-29 19:44:31,COMPLETADA
2248,2493,2025-05-20 05:46:04,COMPLETADA
2249,2698,2025-01-08 16:51:14,PENDIENTE
2250,3110,2025-02-11 04:18:26,COMPLETADA
2251,1396,2025-04-29 23:59:26,CANCELADA
2252,4780,2025-11-06 19:05:21,COMPLETADA
2253,1035,2025-02-08 17:11:51,COMPLETADA
2254,1213,2025-07-18 18:36:01,PENDIENTE
2255,3386,2025-03-08 08:47:35,COMPLETADA
2256,1003,2025-09-06 13:18:36,COMPLETADA
2257,1971,2025-05-29 08:50:02,COMPLETADA
2258,4015,2025-08-01 12:14:01,CANCELADA
2259,2638,2025-09-07 17:59:24,PENDIENTE
2260,3955,2025-07-06 00:18:03,COMPLETADA
2261,2162,2025-04-08 14:35:27,PENDIENTE
2262,679,2025-06-04 22:27:00,COMPLETADA
2263,1986,2025-09-04 08:45:58,PENDIENTE
2264,1687,2025-03-09 21:35:51,PENDIENTE
2265,616,2025-12-09 07:55:18,CANCELADA
2266,494,2025-12-05 17:05:21,COMPLETADA
2267,1771,2025-04-24 22:35:45,COMPLETADA
2268,3155,2025-11-30 17:16:54,COMPLETADA
2269,857,2025-06-07 21:05:37,COMPLETADA
2270,4838,2025-12-13 07:16:09,PENDIENTE
2271,4211,2025-05-17 08:35:22,CANCELADA
2272,2555,2025-09-03 11:37:26,PENDIENTE
2273,1262,2025-01-16 14:42:49,PENDIENTE
2274,866,2025-03-21 11:44:00,CANCELADA
2275,1793,2025-03-28 16:47:07,CANCELADA
2276,3159,2025-09-23 04:40:28,CANCELADA
2277,4207,2025-09-02 07:06:13,COMPLETADA
2278,3279,2025-08-22 03:47:12,COMPLETADA
2279,2277,2025-07-27 21:29:59,COMPLETADA
2280,2517,2025-03-09 15:46:06,CANCELADA
2281,4729,2025-05-22 20:21:32,COMPLETADA
2282,1207,2025-04-18 05:43:56,COMPLETADA
2283,878,2025-10-07 01:49:40,PENDIENTE
2284,1971,2025-09-20 03:30:06,COMPLETADA
2285,3776,2025-12-16 21:20:45,COMPLETADA
2286,235,2025-04-15 05:15:34,COMPLETADA
2287,4350,2025-09-14 12:41:21,COMPLETADA
2288,2176,2025-11-15 04:37:37,COMPLETADA
2289,4509,2025-05-20 11:24:40,COMPLETADA
2290,3535,2025-06-17 13:21:50,COMPLETADA
2291,3252,2025-03-24 01:57:12,COMPLETADA
2292,4161,2025-03-14 11:38:41,COMPLETADA
2293,3616,2025-09-24 13:10:51,COMPLETADA
2294,802,2025-04-17 18:34:23,COMPLETADA
2295,3134,2025-08-19 15:34:31,PENDIENTE
2296,3462,2025-11-06 07:37:57,COMPLETADA
2297,1552,2025-10-21 02:28:29,COMPLETADA
2298,4867,2025-09-29 06:20:43,COMPLETADA
2299,4977,2025-01-17 14:10:01,COMPLETADA
2300,3552,2025-01-29 08:06:50,COMPLETADA
2301,409,2025-01-25 03:17:10,COMPLETADA
2302,910,2025-08-08 00:35:41,COMPLETADA
2303,436,2025-04-05 05:02:00,CANCELADA
2304,4713,2025-01-19 06:24:31,COMPLETADA
2305,540,2025-08-14 21:21:54,COMPLETADA
2306,2257,2025-09-01 22:48:01,COMPLETADA
2307,3315,2025-06-05 19:37:00,COMPLETADA
2308,830,2025-02-10 00:39:41,COMPLETADA
2309,2198,2025-08-18 10:41:07,COMPLETADA
2310,1402,2025-07-21 22:52:28,PENDIENTE
2311,2848,2025-10-15 16:50:07,COMPLETADA
2312,4885,2025-04-13 03:26:34,COMPLETADA
2313,26,2025-03-06 04:45:38,COMPLETADA
2314,4123,2025-12-14 21:43:02,CANCELADA
2315,3906,2025-12-02 17:40:19,PENDIENTE
2316,1955,2025-09-30 06:21:59,COMPLETADA
2317,569,2025-11-20 14:07:14,COMPLETADA
2318,2722,2025-06-17 20:32:31,CANCELADA
2319,1162,2025-09-03 09:47:11,CANCELADA
2320,3888,2025-08-03 13:10:50,COMPLETADA
2321,171,2025-12-09 22:56:56,COMPLETADA
2322,2162,2025-03-20 07:36:56,CANCELADA
2323,1399,2025-05-23 11:41:57,PENDIENTE
2324,80,2025-09-30 14:04:39,COMPLETADA
2325,3882,2025-04-08 04:15:46,COMPLETADA
2326,4001,2025-10-14 02:06:29,CANCELADA
2327,3872,2025-05-20 17:09:37,COMPLETADA
2328,143,2025-05-30 08:48:52,COMPLETADA
2329,2382,2025-11-22 13:51:52,PENDIENTE
2330,4304,2025-05-27 22:08:05,COMPLETADA
2331,1201,2025-09-16 10:42:32,PENDIENTE
2332,820,2025-08-06 03:23:31,COMPLETADA
2333,2750,2025-08-17 16:34:59,COMPLETADA
2334,2874,2025-12-28 08:13:56,CANCELADA
2335,2109,2025-04-04 15:07:10,PENDIENTE
2336,2077,2025-06-09 23:38:44,COMPLETADA
2337,112,2025-07-17 20:08:53,PENDIENTE
2338,2467,2025-01-19 22:58:10,PENDIENTE
2339,4243,2025-11-19 12:32:00,PENDIENTE
2340,4881,2025-05-05 15:56:38,COMPLETADA
2341,2212,2025-02-25 20:54:51,PENDIENTE
2342,170,2025-07-27 21:41:55,COMPLETADA
2343,3362,2025-07-19 13:42:45,CANCELADA
2344,1161,2025-01-22 18:18:00,COMPLETADA
2345,254,2025-12-12 03:23:39,COMPLETADA
2346,3529,2025-03-23 15:14:48,COMPLETADA
2347,732,2025-06-09 07:38:18,COMPLETADA
2348,3095,2025-04-12 11:33:47,COMPLETADA
2349,2244,2025-10-01 11:23:48,CANCELADA
2350,4464,2025-10-25 15:39:10,CANCELADA
2351,3681,2025-05-04 03:38:36,CANCELADA
2352,4317,2025-03-12 16:14:42,COMPLETADA
2353,2858,2025-01-17 01:16:38,CANCELADA
2354,3204,2025-11-22 20:17:26,COMPLETADA
2355,2264,2025-11-06 10:53:36,COMPLETADA
2356,337,2025-01-04 12:56:54,COMPLETADA
2357,2813,2025-03-31 04:55:50,PENDIENTE
2358,1008,2025-05-27 19:52:57,COMPLETADA
2359,3728,2025-12-30 18:35:52,COMPLETADA
2360,2843,2025-12-09 00:07:56,COMPLETADA
2361,69,2025-01-11 02:50:01,COMPLETADA
2362,1206,2025-08-23 00:49:50,COMPLETADA
2363,1231,2025-02-17 22:45:17,COMPLETADA
2364,2374,2025-04-02 20:52:16,COMPLETADA
2365,1333,2025-01-29 05:15:21,COMPLETADA
2366,2362,2025-11-25 00:37:59,COMPLETADA
2367,2415,2025-11-20 18:28:15,COMPLETADA
2368,336,2025-04-15 23:02:50,COMPLETADA
2369,4859,2025-09-24 21:00:31,COMPLETADA
2370,4001,2025-05-06 07:02:25,COMPLETADA
2371,3526,2025-09-29 03:50:59,COMPLETADA
2372,6,2025-08-31 12:48:51,COMPLETADA
2373,1129,2025-12-10 07:27:15,COMPLETADA
2374,2321,2025-02-10 16:34:53,PENDIENTE
2375,4113,2025-03-12 08:36:01,PENDIENTE
2376,4594,2025-03-30 03:08:19,COMPLETADA
2377,705,2025-04-01 00:30:48,PENDIENTE
2378,1169,2025-10-15 07:07:18,CANCELADA
2379,1612,2025-12-14 16:22:59,COMPLETADA
2380,662,2025-01-27 10:51:26,COMPLETADA
2381,264,2025-07-21 06:22:02,COMPLETADA
2382,2906,2025-11-19 18:36:12,COMPLETADA
2383,3165,2025-08-16 03:23:17,COMPLETADA
2384,804,2025-02-21 18:50:14,CANCELADA
2385,2475,2025-11-20 04:00:25,COMPLETADA
2386,1420,2025-01-22 02:25:47,COMPLETADA
2387,2642,2025-06-30 06:51:15,PENDIENTE
2388,1141,2025-04-29 09:29:12,PENDIENTE
2389,1635,2025-08-15 15:34:40,COMPLETADA
2390,3411,2025-11-29 09:20:27,COMPLETADA
2391,2467,2025-03-28 19:19:01,COMPLETADA
2392,2436,2025-09-15 00:19:05,COMPLETADA
2393,3778,2025-07-06 01:15:02,COMPLETADA
2394,3080,2025-04-29 10:52:52,PENDIENTE
2395,3580,2025-10-12 01:50:41,COMPLETADA
2396,4314,2025-10-31 04:49:48,COMPLETADA
2397,2567,2025-05-24 06:21:17,COMPLETADA
2398,2930,2025-04-10 17:21:37,COMPLETADA
2399,3504,2025-08-14 07:12:50,COMPLETADA
2400,3361,2025-12-10 03:30:13,COMPLETADA
2401,4579,2025-09-15 10:39:21,COMPLETADA
2402,3449,2025-12-19 05:15:52,COMPLETADA
2403,1152,2025-04-28 16:29:25,COMPLETADA
2404,2478,2025-04-22 09:01:47,PENDIENTE
2405,4755,2025-03-23 16:41:08,COMPLETADA
2406,1043,2025-02-18 10:37:31,COMPLETADA
2407,4634,2025-11-01 06:02:31,CANCELADA
2408,439,2025-11-04 18:33:32,PENDIENTE
2409,3217,2025-07-28 13:15:01,COMPLETADA
2410,49,2025-06-08 10:10:18,COMPLETADA
2411,4244,2025-05-13 23:51:26,COMPLETADA
2412,446,2025-12-12 14:09:09,COMPLETADA
2413,2214,2025-05-06 13:17:09,PENDIENTE
2414,877,2025-08-20 19:15:21,COMPLETADA
2415,798,2025-12-30 08:38:17,PENDIENTE
2416,4633,2025-03-13 03:01:20,COMPLETADA
2417,2715,2025-06-20 13:32:06,CANCELADA
2418,995,2025-06-11 18:42:25,PENDIENTE
2419,4185,2025-10-10 19:02:17,PENDIENTE
2420,435,2025-09-13 05:49:33,PENDIENTE
2421,4230,2025-03-16 05:45:34,COMPLETADA
2422,4058,2025-06-04 14:36:43,COMPLETADA
2423,1268,2025-02-17 13:53:20,COMPLETADA
2424,2547,2025-10-27 00:19:09,PENDIENTE
2425,53,2025-01-19 13:25:57,PENDIENTE
2426,1645,2025-08-23 20:53:32,COMPLETADA
2427,1,2025-06-25 20:39:21,COMPLETADA
2428,992,2025-07-22 02:00:04,COMPLETADA
2429,2026,2025-09-11 17:46:41,COMPLETADA
2430,3881,2025-01-11 07:40:28,COMPLETADA
2431,4144,2025-06-03 14:21:04,COMPLETADA
2432,456,2025-09-01 13:58:32,CANCELADA
2433,2457,2025-10-07 17:28:46,COMPLETADA
2434,1508,2025-01-14 21:49:20,PENDIENTE
2435,4479,2025-04-21 19:13:52,COMPLETADA
2436,3598,2025-07-31 05:27:13,CANCELADA
2437,1010,2025-04-10 14:29:22,COMPLETADA
2438,178,2025-09-03 08:38:35,COMPLETADA
2439,1972,2025-10-13 06:21:12,COMPLETADA
2440,4479,2025-09-06 10:25:52,COMPLETADA
2441,3936,2025-03-22 10:50:04,COMPLETADA
2442,820,2025-01-15 21:29:50,CANCELADA
2443,4039,2025-09-30 05:09:09,COMPLETADA
2444,2255,2025-02-08 00:30:38,COMPLETADA
2445,880,2025-05-18 10:18:16,COMPLETADA
2446,3481,2025-09-13 22:47:37,COMPLETADA
2447,2322,2025-06-19 05:14:51,COMPLETADA
2448,4623,2025-06-12 17:43:18,COMPLETADA
2449,4756,2025-09-08 02:51:05,COMPLETADA
2450,3642,2025-03-13 14:55:00,COMPLETADA
2451,2906,2025-06-03 09:38:34,CANCELADA
2452,3834,2025-09-10 08:00:34,CANCELADA
2453,3755,2025-12-17 08:38:24,COMPLETADA
2454,1297,2025-02-08 05:17:59,COMPLETADA
2455,4123,2025-11-08 18:58:22,COMPLETADA
2456,4302,2025-11-03 22:47:41,COMPLETADA
2457,515,2025-12-21 14:02:20,COMPLETADA
2458,1241,2025-03-06 23:20:38,COMPLETADA
2459,4614,2025-03-26 22:21:31,COMPLETADA
2460,1148,2025-08-26 17:25:38,COMPLETADA
2461,2482,2025-05-21 13:02:54,CANCELADA
2462,559,2025-08-10 13:22:01,CANCELADA
2463,3963,2025-07-02 04:35:44,COMPLETADA
2464,3865,2025-12-16 12:08:06,COMPLETADA
2465,1478,2025-10-12 04:41:50,COMPLETADA
2466,4154,2025-08-04 12:39:09,PENDIENTE
2467,4305,2025-07-03 20:49:41,COMPLETADA
2468,2655,2025-08-13 03:21:08,COMPLETADA
2469,4758,2025-01-20 04:07:11,COMPLETADA
2470,3308,2025-04-02 05:51:01,COMPLETADA
2471,242,2025-01-29 15:52:59,CANCELADA
2472,1304,2025-07-15 14:20:30,COMPLETADA
2473,871,2025-08-04 17:15:11,COMPLETADA
2474,3903,2025-04-21 03:32:45,COMPLETADA
2475,1897,2025-10-27 16:07:14,CANCELADA
2476,1939,2025-05-31 20:44:58,COMPLETADA
2477,1426,2025-04-06 11:02:59,PENDIENTE
2478,3147,2025-09-28 20:19:42,PENDIENTE
2479,3442,2025-09-12 22:55:36,CANCELADA
2480,508,2025-01-17 17:34:23,COMPLETADA
2481,938,2025-10-14 21:05:40,COMPLETADA
2482,598,2025-09-16 04:31:52,COMPLETADA
2483,3067,2025-12-21 03:06:46,COMPLETADA
2484,242,2025-01-28 18:46:35,CANCELADA
2485,2631,2025-03-15 17:23:58,COMPLETADA
2486,3683,2025-01-09 17:14:57,COMPLETADA
2487,4701,2025-05-28 14:10:18,COMPLETADA
2488,1604,2025-06-10 16:03:57,COMPLETADA
2489,3585,2025-02-10 15:50:56,PENDIENTE
2490,1848,2025-04-25 08:49:45,COMPLETADA
2491,1328,2025-06-20 15:29:23,COMPLETADA
2492,4330,2025-02-24 06:16:13,PENDIENTE
2493,1576,2025-03-20 05:57:07,COMPLETADA
2494,199,2025-05-16 03:15:32,COMPLETADA
2495,789,2025-09-09 05:34:44,COMPLETADA
2496,1152,2025-11-24 23:37:43,CANCELADA
2497,2946,2025-12-07 21:48:11,PENDIENTE
2498,4656,2025-06-18 23:36:31,COMPLETADA
2499,590,2025-02-25 09:42:43,COMPLETADA
2500,4327,2025-09-07 16:54:27,COMPLETADA
2501,1700,2025-07-11 05:22:38,COMPLETADA
2502,3881,2025-06-09 03:17:59,COMPLETADA
2503,2921,2025-02-26 05:54:17,COMPLETADA
2504,4577,2025-05-05 08:08:11,CANCELADA
2505,551,2025-01-16 04:11:12,COMPLETADA
2506,3082,2025-10-21 19:55:45,CANCELADA
2507,4663,2025-08-24 05:28:35,COMPLETADA
2508,4238,2025-01-13 08:53:18,COMPLETADA
2509,967,2025-07-21 23:53:20,COMPLETADA
2510,422,2025-12-01 14:46:44,COMPLETADA
2511,2711,2025-03-27 01:40:37,COMPLETADA
2512,2375,2025-10-27 04:52:15,CANCELADA
2513,2060,2025-10-24 09:59:07,COMPLETADA
2514,2932,2025-01-24 09:44:51,COMPLETADA
2515,1294,2025-06-05 08:47:47,CANCELADA
2516,613,2025-04-26 12:23:23,COMPLETADA
2517,1978,2025-03-20 09:02:46,CANCELADA
2518,4097,2026-01-01 15:54:50,COMPLETADA
2519,465,2025-04-06 11:05:54,COMPLETADA
2520,909,2025-06-30 12:16:23,COMPLETADA
2521,2155,2025-11-01 20:01:00,PENDIENTE
2522,265,2025-05-15 23:32:42,COMPLETADA
2523,2138,2025-05-30 04:15:52,COMPLETADA
2524,487,2025-09-12 12:30:43,COMPLETADA
2525,4482,2025-11-09 06:55:54,PENDIENTE
2526,2701,2025-02-02 10:10:31,CANCELADA
2527,511,2025-03-09 23:06:23,COMPLETADA
2528,598,2025-06-11 16:55:07,PENDIENTE
2529,4620,2025-01-17 16:51:58,CANCELADA
2530,290,2025-10-21 11:32:01,COMPLETADA
2531,580,2025-11-22 13:49:32,CANCELADA
2532,4901,2025-08-07 10:34:31,PENDIENTE
2533,661,2025-02-21 04:27:49,CANCELADA
2534,3923,2025-05-13 13:32:45,CANCELADA
2535,2217,2025-02-19 19:29:32,PENDIENTE
2536,853,2025-04-06 19:10:42,COMPLETADA
2537,4159,2025-03-03 19:35:13,COMPLETADA
2538,2870,2025-05-27 03:58:23,COMPLETADA
2539,2486,2025-10-08 17:26:40,PENDIENTE
2540,1866,2025-05-17 00:55:19,COMPLETADA
2541,454,2025-01-15 10:27:34,COMPLETADA
2542,1608,2025-11-18 16:12:29,COMPLETADA
2543,3108,2025-10-06 02:35:52,PENDIENTE
2544,149,2025-09-15 11:01:23,COMPLETADA
2545,428,2025-11-08 02:42:31,COMPLETADA
2546,3091,2025-02-20 23:56:35,PENDIENTE
2547,3521,2025-03-04 23:53:11,PENDIENTE
2548,4502,2025-06-10 18:27:18,COMPLETADA
2549,3588,2025-11-07 08:06:16,COMPLETADA
2550,3013,2025-09-05 18:13:32,COMPLETADA
2551,2811,2025-10-23 23:52:19,COMPLETADA
2552,475,2025-08-10 09:36:31,COMPLETADA
2553,754,2025-11-02 16:35:38,COMPLETADA
2554,1861,2025-04-18 07:50:16,COMPLETADA
2555,4393,2025-11-20 03:44:14,COMPLETADA
2556,123,2025-08-25 20:29:33,CANCELADA
2557,2048,2025-09-28 21:44:24,PENDIENTE
2558,628,2025-11-17 00:58:03,COMPLETADA
2559,3593,2025-06-21 21:30:27,COMPLETADA
2560,359,2025-03-28 19:04:39,COMPLETADA
2561,4935,2025-12-07 04:47:42,PENDIENTE
2562,2001,2025-10-29 08:54:37,CANCELADA
2563,1063,2025-10-10 12:49:17,COMPLETADA
2564,3922,2025-09-02 07:53:31,PENDIENTE
2565,630,2025-07-20 21:19:00,COMPLETADA
2566,4454,2025-05-16 01:59:19,COMPLETADA
2567,2925,2025-09-30 01:28:00,CANCELADA
2568,1805,2026-01-03 09:20:12,COMPLETADA
2569,2480,2025-07-31 02:57:16,CANCELADA
2570,4518,2025-09-10 06:06:34,COMPLETADA
2571,2001,2025-04-21 03:36:02,COMPLETADA
2572,2192,2025-08-10 19:31:28,COMPLETADA
2573,4436,2025-05-08 03:39:18,COMPLETADA
2574,443,2025-12-26 17:42:26,COMPLETADA
2575,3366,2025-11-20 19:58:06,PENDIENTE
2576,3984,2025-02-01 14:43:43,COMPLETADA
2577,1668,2025-10-15 00:51:52,CANCELADA
2578,4268,2025-12-25 16:00:03,COMPLETADA
2579,4530,2025-09-18 20:41:01,COMPLETADA
2580,3051,2025-03-05 09:44:57,PENDIENTE
2581,1163,2025-08-18 23:15:31,COMPLETADA
2582,1926,2025-11-21 10:59:04,PENDIENTE
2583,3718,2025-08-19 11:31:07,CANCELADA
2584,175,2025-12-30 15:20:36,COMPLETADA
2585,277,2025-02-01 06:44:38,COMPLETADA
2586,4819,2025-04-25 08:01:55,COMPLETADA
2587,693,2025-02-18 23:25:27,COMPLETADA
2588,4996,2025-04-25 06:33:35,COMPLETADA
2589,155,2025-05-24 19:30:17,CANCELADA
2590,3152,2025-04-20 00:13:31,COMPLETADA
2591,1839,2025-02-17 22:20:53,COMPLETADA
2592,1511,2025-06-20 07:42:16,PENDIENTE
2593,4363,2025-07-23 22:56:34,COMPLETADA
2594,2500,2025-03-16 09:51:16,COMPLETADA
2595,2850,2025-12-27 05:58:05,CANCELADA
2596,4987,2025-06-17 19:18:13,PENDIENTE
2597,2755,2025-05-11 05:23:07,CANCELADA
2598,2151,2025-08-25 16:54:40,PENDIENTE
2599,4842,2025-03-08 20:17:40,COMPLETADA
2600,225,2025-02-17 21:39:45,COMPLETADA
2601,3556,2025-09-19 17:05:42,CANCELADA
2602,468,2025-10-27 16:31:32,PENDIENTE
2603,4533,2025-05-08 18:45:02,COMPLETADA
2604,2355,2025-11-18 04:41:51,CANCELADA
2605,4381,2025-02-25 01:42:37,COMPLETADA
2606,4691,2025-12-17 13:57:08,PENDIENTE
2607,4251,2025-10-21 03:16:34,COMPLETADA
2608,3124,2025-09-09 02:34:15,COMPLETADA
2609,1952,2025-11-11 19:23:15,COMPLETADA
2610,125,2025-05-27 04:30:28,COMPLETADA
2611,2248,2025-09-16 01:06:48,COMPLETADA
2612,2048,2025-08-21 01:36:44,PENDIENTE
2613,2424,2025-11-19 23:04:26,COMPLETADA
2614,3233,2025-05-28 19:54:31,COMPLETADA
2615,2247,2025-11-24 22:29:47,COMPLETADA
2616,2053,2025-01-23 00:59:26,PENDIENTE
2617,4981,2025-04-06 12:03:40,COMPLETADA
2618,2515,2025-09-05 02:24:53,COMPLETADA
2619,2630,2025-08-24 08:12:24,PENDIENTE
2620,1465,2025-11-08 03:03:20,COMPLETADA
2621,142,2025-07-01 01:22:46,COMPLETADA
2622,3822,2025-03-18 09:07:24,COMPLETADA
2623,2939,2025-08-19 22:51:17,COMPLETADA
2624,4560,2025-07-04 18:24:50,COMPLETADA
2625,480,2025-10-15 06:42:35,COMPLETADA
2626,652,2025-01-19 23:51:35,COMPLETADA
2627,5000,2025-11-04 09:22:39,COMPLETADA
2628,525,2025-01-10 23:11:06,COMPLETADA
2629,2114,2025-07-22 01:20:50,PENDIENTE
2630,2263,2025-01-08 19:30:23,COMPLETADA
2631,4055,2025-06-20 09:13:38,COMPLETADA
2632,1430,2025-04-17 18:28:47,COMPLETADA
2633,407,2025-05-24 23:46:30,COMPLETADA
2634,316,2025-07-06 10:16:04,COMPLETADA
2635,4152,2025-02-21 11:54:18,CANCELADA
2636,4751,2025-12-06 03:42:54,COMPLETADA
2637,4534,2025-02-12 02:17:53,PENDIENTE
2638,499,2025-02-28 17:02:53,CANCELADA
2639,2123,2025-10-25 22:53:22,CANCELADA
2640,133,2025-10-21 00:52:07,PENDIENTE
2641,2895,2025-08-15 06:58:10,COMPLETADA
2642,367,2025-10-03 23:27:32,COMPLETADA
2643,2865,2025-03-30 16:18:52,COMPLETADA
2644,4153,2025-01-14 17:44:32,COMPLETADA
2645,4187,2025-03-11 23:32:27,COMPLETADA
2646,1672,2025-04-13 23:17:31,COMPLETADA
2647,3043,2025-11-12 07:26:08,PENDIENTE
2648,3408,2025-06-01 01:33:47,COMPLETADA
2649,3494,2025-04-24 08:35:11,CANCELADA
2650,1173,2025-12-09 04:48:37,COMPLETADA
2651,4973,2025-02-14 05:36:25,PENDIENTE
2652,2745,2025-08-06 13:52:55,CANCELADA
2653,3070,2025-10-12 09:34:23,COMPLETADA
2654,2409,2025-06-26 17:27:02,COMPLETADA
2655,1314,2025-03-23 03:22:43,COMPLETADA
2656,2383,2025-11-06 00:43:07,CANCELADA
2657,4844,2025-09-23 13:54:02,COMPLETADA
2658,4990,2025-11-01 09:46:33,COMPLETADA
2659,2565,2025-10-15 17:20:33,COMPLETADA
2660,4164,2025-04-06 12:43:07,PENDIENTE
2661,2819,2025-10-16 08:29:30,CANCELADA
2662,3104,2025-11-16 18:40:43,PENDIENTE
2663,268,2025-05-20 10:51:47,PENDIENTE
2664,1230,2025-01-22 00:34:18,COMPLETADA
2665,643,2025-08-14 20:30:25,CANCELADA
2666,1840,2025-01-16 20:03:12,COMPLETADA
2667,4706,2025-10-25 08:27:49,COMPLETADA
2668,3425,2025-03-14 00:24:50,COMPLETADA
2669,994,2025-05-14 05:36:29,PENDIENTE
2670,4324,2025-06-14 09:20:06,PENDIENTE
2671,4974,2025-12-21 14:10:45,COMPLETADA
2672,4297,2025-05-07 17:26:42,COMPLETADA
2673,2597,2025-07-30 19:09:58,COMPLETADA
2674,4713,2025-11-06 07:40:02,COMPLETADA
2675,2000,2025-11-03 15:42:39,COMPLETADA
2676,2966,2025-08-13 05:05:47,COMPLETADA
2677,2579,2025-01-31 06:20:26,PENDIENTE
2678,946,2025-10-06 14:36:43,PENDIENTE
2679,3646,2025-03-16 02:11:38,PENDIENTE
2680,3359,2025-12-01 21:00:13,COMPLETADA
2681,2884,2025-01-27 17:55:16,COMPLETADA
2682,627,2025-05-01 10:15:21,CANCELADA
2683,3967,2025-03-10 21:22:26,COMPLETADA
2684,3678,2025-10-14 21:38:52,PENDIENTE
2685,1883,2025-04-03 04:43:59,COMPLETADA
2686,1027,2025-04-12 03:05:17,CANCELADA
2687,2007,2025-05-12 02:47:33,PENDIENTE
2688,3340,2025-01-04 06:35:37,PENDIENTE
2689,1132,2025-03-19 08:46:01,COMPLETADA
2690,2351,2025-07-30 02:14:09,COMPLETADA
2691,967,2025-11-25 05:54:35,COMPLETADA
2692,3450,2025-07-09 00:19:11,COMPLETADA
2693,1216,2025-11-15 13:16:44,COMPLETADA
2694,1623,2025-05-21 08:36:15,CANCELADA
2695,3720,2025-09-14 19:40:34,COMPLETADA
2696,990,2025-07-23 02:33:12,COMPLETADA
2697,4544,2025-11-18 22:18:22,PENDIENTE
2698,3850,2025-01-14 08:49:21,PENDIENTE
2699,1036,2025-04-29 03:11:05,CANCELADA
2700,3535,2025-06-20 11:19:07,COMPLETADA
2701,1368,2025-03-01 01:29:38,CANCELADA
2702,1085,2025-03-04 15:54:16,COMPLETADA
2703,4337,2025-07-02 17:08:34,CANCELADA
2704,3460,2025-09-27 14:16:05,COMPLETADA
2705,3296,2025-08-15 14:20:34,PENDIENTE
2706,1978,2025-12-28 08:27:36,PENDIENTE
2707,976,2025-07-14 23:28:26,COMPLETADA
2708,2758,2025-06-10 22:36:06,COMPLETADA
2709,883,2025-10-02 09:32:58,CANCELADA
2710,371,2025-12-04 22:10:11,COMPLETADA
2711,2908,2025-07-11 18:47:18,CANCELADA
2712,3350,2025-08-08 05:57:54,COMPLETADA
2713,3570,2025-11-13 08:13:32,COMPLETADA
2714,3909,2025-09-27 06:21:42,PENDIENTE
2715,1503,2025-07-02 07:40:44,PENDIENTE
2716,4830,2025-10-19 15:37:04,CANCELADA
2717,4173,2025-12-05 23:25:35,COMPLETADA
2718,64,2025-12-26 01:10:11,COMPLETADA
2719,3031,2025-05-03 16:24:25,PENDIENTE
2720,3716,2025-12-25 06:17:56,COMPLETADA
2721,3593,2025-07-24 21:27:38,COMPLETADA
2722,4818,2025-04-09 00:58:40,COMPLETADA
2723,794,2025-06-04 21:54:52,COMPLETADA
2724,4042,2025-04-23 01:05:35,COMPLETADA
2725,4622,2025-04-23 07:19:29,COMPLETADA
2726,4303,2025-11-11 09:49:56,COMPLETADA
2727,3496,2025-04-18 07:15:06,COMPLETADA
2728,3147,2025-02-22 14:13:16,COMPLETADA
2729,1462,2025-10-05 21:36:55,CANCELADA
2730,344,2025-01-09 21:59:31,PENDIENTE
2731,1726,2025-05-24 21:15:27,COMPLETADA
2732,2280,2025-02-08 22:19:14,COMPLETADA
2733,2576,2025-10-17 09:03:08,COMPLETADA
2734,2334,2025-12-28 23:32:58,COMPLETADA
2735,2359,2025-11-23 11:12:53,COMPLETADA
2736,3596,2025-01-17 06:01:11,COMPLETADA
2737,1388,2025-02-22 03:22:38,COMPLETADA
2738,2126,2025-02-18 22:38:43,CANCELADA
2739,870,2025-08-26 03:00:46,CANCELADA
2740,2283,2025-12-03 12:48:11,COMPLETADA
2741,1695,2025-01-30 10:27:34,COMPLETADA
2742,4168,2025-04-06 09:22:16,PENDIENTE
2743,225,2025-12-04 10:47:14,COMPLETADA
2744,326,2025-01-11 21:18:42,CANCELADA
2745,4423,2025-06-13 01:11:31,COMPLETADA
2746,1599,2025-04-28 05:40:53,COMPLETADA
2747,212,2025-01-15 12:57:28,COMPLETADA
2748,2309,2025-06-16 19:59:14,CANCELADA
2749,4679,2025-04-21 01:13:16,COMPLETADA
2750,3645,2025-08-16 14:33:53,COMPLETADA
2751,3718,2025-06-24 11:39:56,COMPLETADA
2752,898,2025-11-28 17:45:59,PENDIENTE
2753,983,2025-04-06 02:54:24,COMPLETADA
2754,3542,2025-06-11 03:37:49,COMPLETADA
2755,712,2025-03-18 17:21:12,CANCELADA
2756,2282,2025-07-25 21:05:01,PENDIENTE
2757,955,2025-09-29 16:15:18,CANCELADA
2758,648,2025-10-24 19:30:52,PENDIENTE
2759,1823,2025-03-21 20:29:48,PENDIENTE
2760,2680,2025-07-22 08:52:54,COMPLETADA
2761,2748,2025-12-08 10:40:12,COMPLETADA
2762,4202,2025-11-29 03:29:17,PENDIENTE
2763,607,2025-11-02 06:47:43,PENDIENTE
2764,2579,2025-09-16 21:38:28,CANCELADA
2765,315,2025-09-01 15:19:34,COMPLETADA
2766,4271,2025-05-28 20:38:16,COMPLETADA
2767,4573,2025-08-13 10:55:07,PENDIENTE
2768,292,2025-02-10 23:43:27,CANCELADA
2769,66,2025-12-24 12:06:27,COMPLETADA
2770,4804,2025-12-12 04:43:53,COMPLETADA
2771,1804,2025-11-02 22:47:15,PENDIENTE
2772,2174,2025-01-10 05:16:44,COMPLETADA
2773,3970,2025-06-26 11:12:47,PENDIENTE
2774,4070,2025-01-13 10:57:46,COMPLETADA
2775,1627,2025-06-07 07:35:37,COMPLETADA
2776,727,2025-09-09 11:31:39,CANCELADA
2777,1755,2025-02-15 15:19:13,COMPLETADA
2778,552,2025-01-15 22:26:33,COMPLETADA
2779,1709,2025-04-30 00:26:19,PENDIENTE
2780,318,2025-03-16 05:27:05,COMPLETADA
2781,2156,2025-11-19 02:03:51,COMPLETADA
2782,4784,2025-03-06 04:18:09,COMPLETADA
2783,2857,2025-08-27 00:10:49,COMPLETADA
2784,1476,2026-01-01 22:16:33,CANCELADA
2785,1900,2025-03-15 14:30:52,CANCELADA
2786,3974,2025-01-29 12:42:13,COMPLETADA
2787,3213,2025-04-13 02:49:50,COMPLETADA
2788,4452,2025-07-30 15:41:04,COMPLETADA
2789,791,2025-12-02 01:57:37,COMPLETADA
2790,2354,2025-05-30 15:32:17,COMPLETADA
2791,3664,2025-12-27 05:12:43,COMPLETADA
2792,3481,2025-04-14 05:37:15,COMPLETADA
2793,3808,2025-02-23 12:35:00,CANCELADA
2794,931,2025-05-05 00:51:52,COMPLETADA
2795,3262,2025-10-23 17:31:37,PENDIENTE
2796,3963,2025-03-22 05:46:38,PENDIENTE
2797,4008,2025-01-16 23:08:48,COMPLETADA
2798,1924,2025-06-22 07:51:11,COMPLETADA
2799,2195,2025-11-03 01:39:43,COMPLETADA
2800,3351,2025-01-11 05:05:02,COMPLETADA
2801,2648,2025-11-24 11:04:08,COMPLETADA
2802,2602,2025-09-21 00:33:50,COMPLETADA
2803,3621,2026-01-04 07:02:00,COMPLETADA
2804,2136,2025-02-24 04:44:54,CANCELADA
2805,2199,2025-08-07 14:45:58,COMPLETADA
2806,1794,2025-07-05 05:49:21,COMPLETADA
2807,374,2025-03-07 04:16:14,COMPLETADA
2808,3358,2025-10-23 07:00:02,COMPLETADA
2809,1365,2025-07-23 06:59:25,COMPLETADA
2810,904,2025-07-07 17:12:34,CANCELADA
2811,2701,2025-06-16 09:08:17,COMPLETADA
2812,4422,2025-01-16 18:42:26,COMPLETADA
2813,173,2025-02-19 08:25:35,PENDIENTE
2814,740,2025-09-06 12:04:52,PENDIENTE
2815,2731,2025-07-27 12:04:34,CANCELADA
2816,4530,2025-07-02 06:12:34,COMPLETADA
2817,404,2025-02-01 07:16:02,COMPLETADA
2818,2967,2025-12-04 08:10:19,COMPLETADA
2819,1287,2025-08-22 15:26:29,PENDIENTE
2820,3241,2025-03-02 01:54:04,CANCELADA
2821,1879,2025-05-15 02:34:18,COMPLETADA
2822,1323,2025-05-21 20:57:01,CANCELADA
2823,2716,2025-03-29 12:06:23,COMPLETADA
2824,4530,2025-11-27 06:41:02,PENDIENTE
2825,112,2025-06-17 05:04:49,COMPLETADA
2826,165,2025-06-21 13:17:33,PENDIENTE
2827,4314,2025-08-19 04:08:18,COMPLETADA
2828,3260,2025-12-05 02:37:29,PENDIENTE
2829,347,2025-04-20 01:52:23,COMPLETADA
2830,2470,2025-04-16 18:31:25,COMPLETADA
2831,2026,2025-04-02 09:17:51,COMPLETADA
2832,1013,2025-05-26 22:52:26,PENDIENTE
2833,3096,2025-05-08 20:53:03,PENDIENTE
2834,1075,2025-05-02 04:41:31,PENDIENTE
2835,2212,2025-09-01 00:23:21,CANCELADA
2836,627,2025-06-18 02:16:20,COMPLETADA
2837,3403,2025-07-11 11:23:13,COMPLETADA
2838,4438,2025-12-24 13:47:00,COMPLETADA
2839,1244,2025-04-08 11:30:33,COMPLETADA
2840,4819,2025-08-31 04:10:07,PENDIENTE
2841,1592,2025-07-20 04:21:37,PENDIENTE
2842,2558,2025-12-26 11:08:40,PENDIENTE
2843,3483,2025-04-27 01:48:06,COMPLETADA
2844,192,2025-11-18 09:03:04,COMPLETADA
2845,3760,2025-06-04 01:14:54,COMPLETADA
2846,2165,2025-07-09 06:54:37,CANCELADA
2847,4721,2025-11-24 09:26:54,COMPLETADA
2848,2386,2025-03-06 06:12:47,COMPLETADA
2849,1821,2025-04-21 01:15:02,CANCELADA
2850,4596,2025-03-25 13:08:27,COMPLETADA
2851,2330,2025-12-06 16:15:50,CANCELADA
2852,4369,2025-05-13 17:07:24,COMPLETADA
2853,3133,2025-02-23 04:31:37,COMPLETADA
2854,4072,2025-09-25 09:32:10,PENDIENTE
2855,3054,2025-11-23 14:17:20,PENDIENTE
2856,888,2025-12-17 08:04:58,COMPLETADA
2857,4734,2025-12-04 08:47:29,CANCELADA
2858,3256,2025-03-17 05:30:43,PENDIENTE
2859,3663,2025-06-21 08:29:42,COMPLETADA
2860,4614,2025-11-09 00:32:42,COMPLETADA
2861,2545,2025-10-28 07:01:38,COMPLETADA
2862,686,2025-04-25 21:06:38,COMPLETADA
2863,1387,2025-09-06 12:02:12,COMPLETADA
2864,4013,2025-06-04 13:55:29,COMPLETADA
2865,688,2025-08-03 13:26:00,COMPLETADA
2866,3880,2025-05-14 02:23:19,COMPLETADA
2867,4642,2025-10-07 21:58:42,PENDIENTE
2868,483,2025-05-23 07:43:33,PENDIENTE
2869,2065,2025-08-01 22:11:34,COMPLETADA
2870,2768,2025-02-02 17:41:39,PENDIENTE
2871,300,2025-04-21 17:41:21,COMPLETADA
2872,4632,2025-01-26 14:55:40,COMPLETADA
2873,46,2025-01-11 19:10:00,COMPLETADA
2874,1714,2025-01-26 18:45:41,PENDIENTE
2875,4004,2025-12-03 23:20:02,COMPLETADA
2876,2565,2025-10-06 06:23:27,CANCELADA
2877,1932,2025-06-12 09:28:29,COMPLETADA
2878,3957,2025-06-24 23:05:20,COMPLETADA
2879,668,2025-10-05 08:06:02,CANCELADA
2880,3488,2025-03-13 01:57:58,PENDIENTE
2881,3078,2025-02-12 15:09:53,COMPLETADA
2882,112,2025-10-23 13:07:50,COMPLETADA
2883,996,2025-04-12 16:32:35,COMPLETADA
2884,3585,2025-05-03 23:25:17,CANCELADA
2885,932,2025-03-15 21:49:04,COMPLETADA
2886,3475,2025-09-14 07:43:18,COMPLETADA
2887,4298,2025-06-18 03:07:57,COMPLETADA
2888,4482,2025-11-20 03:33:20,COMPLETADA
2889,76,2025-07-31 04:03:32,COMPLETADA
2890,3568,2025-07-29 16:26:56,CANCELADA
2891,2221,2025-03-18 04:42:19,COMPLETADA
2892,3045,2025-06-09 04:50:59,COMPLETADA
2893,1360,2025-04-17 06:17:31,COMPLETADA
2894,4287,2025-07-01 00:42:25,PENDIENTE
2895,3042,2025-09-13 11:54:31,COMPLETADA
2896,2059,2025-05-10 22:04:45,COMPLETADA
2897,1726,2025-02-06 20:44:06,CANCELADA
2898,1109,2025-07-19 14:57:07,COMPLETADA
2899,3882,2025-01-22 23:37:44,COMPLETADA
2900,3411,2025-03-06 05:34:40,COMPLETADA
2901,3855,2025-12-02 19:26:27,COMPLETADA
2902,46,2025-10-13 12:17:42,COMPLETADA
2903,1538,2025-08-26 17:46:47,COMPLETADA
2904,769,2025-09-19 15:14:15,COMPLETADA
2905,2712,2025-06-19 13:06:08,COMPLETADA
2906,3840,2025-04-07 21:06:07,COMPLETADA
2907,547,2025-02-14 18:17:18,COMPLETADA
2908,4581,2025-04-02 11:46:26,CANCELADA
2909,2826,2025-09-26 01:47:27,COMPLETADA
2910,1579,2025-03-11 22:33:02,COMPLETADA
2911,3492,2025-05-29 10:46:57,COMPLETADA
2912,2505,2025-11-18 09:16:45,COMPLETADA
2913,3304,2025-08-05 06:10:58,CANCELADA
2914,4597,2025-09-21 13:25:37,COMPLETADA
2915,1660,2025-09-27 22:49:06,COMPLETADA
2916,1249,2025-03-26 08:41:31,COMPLETADA
2917,1774,2025-02-19 14:05:54,COMPLETADA
2918,2154,2025-07-06 04:21:59,COMPLETADA
2919,1038,2025-06-30 13:22:47,PENDIENTE
2920,4812,2025-11-11 10:23:12,COMPLETADA
2921,3138,2025-11-17 23:37:23,COMPLETADA
2922,4852,2025-06-15 17:10:09,COMPLETADA
2923,3879,2025-05-04 21:32:08,COMPLETADA
2924,22,2025-03-09 13:22:03,PENDIENTE
2925,1774,2025-03-31 00:09:20,COMPLETADA
2926,1201,2025-06-22 23:15:18,COMPLETADA
2927,3896,2025-07-11 01:44:17,CANCELADA
2928,2649,2025-04-06 00:49:37,COMPLETADA
2929,428,2025-09-09 21:29:42,COMPLETADA
2930,3602,2025-08-02 10:31:30,COMPLETADA
2931,3865,2025-01-22 15:30:04,COMPLETADA
2932,4100,2025-07-22 19:22:51,PENDIENTE
2933,1973,2025-07-29 20:40:04,COMPLETADA
2934,3091,2025-11-19 13:47:06,PENDIENTE
2935,3887,2025-08-28 07:27:22,COMPLETADA
2936,4277,2025-11-30 06:11:53,COMPLETADA
2937,641,2025-04-19 01:27:42,CANCELADA
2938,1753,2025-06-14 23:54:55,CANCELADA
2939,2276,2025-05-16 08:45:33,PENDIENTE
2940,3582,2025-04-11 07:43:26,COMPLETADA
2941,4015,2025-06-23 20:29:04,PENDIENTE
2942,2053,2025-01-26 12:37:21,PENDIENTE
2943,4571,2025-04-13 18:08:55,CANCELADA
2944,2853,2025-02-22 07:59:22,COMPLETADA
2945,2996,2025-08-06 22:16:57,CANCELADA
2946,2835,2025-01-21 20:09:45,PENDIENTE
2947,1752,2025-08-16 09:22:23,COMPLETADA
2948,1565,2025-10-01 03:11:24,COMPLETADA
2949,1467,2025-07-15 13:53:19,CANCELADA
2950,88,2025-02-02 12:03:23,COMPLETADA
2951,2958,2025-04-21 00:05:51,COMPLETADA
2952,46,2025-08-20 07:11:48,COMPLETADA
2953,2691,2025-02-21 05:29:43,COMPLETADA
2954,3022,2025-04-26 14:20:13,CANCELADA
2955,4119,2025-11-29 21:48:37,CANCELADA
2956,4971,2025-04-04 05:00:46,COMPLETADA
2957,2253,2025-01-24 02:47:31,COMPLETADA
2958,3263,2025-10-25 05:13:37,COMPLETADA
2959,2073,2025-12-03 11:23:07,COMPLETADA
2960,469,2025-05-21 02:05:22,CANCELADA
2961,250,2025-05-17 03:51:22,CANCELADA
2962,3857,2025-02-14 08:17:08,CANCELADA
2963,3724,2025-12-17 23:55:37,COMPLETADA
2964,3879,2025-06-12 21:13:31,PENDIENTE
2965,4470,2025-02-25 03:39:21,PENDIENTE
2966,313,2025-06-01 17:08:23,COMPLETADA
2967,1255,2025-06-28 02:45:38,PENDIENTE
2968,1450,2025-11-07 11:40:47,CANCELADA
2969,1079,2025-05-31 14:42:32,COMPLETADA
2970,979,2025-12-06 02:00:44,COMPLETADA
2971,511,2025-11-21 22:51:06,COMPLETADA
2972,4458,2025-05-05 08:08:44,COMPLETADA
2973,1591,2025-01-24 00:29:10,PENDIENTE
2974,137,2025-12-24 02:15:01,COMPLETADA
2975,2593,2025-08-30 08:24:43,CANCELADA
2976,1387,2025-09-07 01:01:17,CANCELADA
2977,4808,2025-03-30 10:38:47,PENDIENTE
2978,3001,2025-12-23 02:27:56,COMPLETADA
2979,3303,2025-06-28 10:39:46,COMPLETADA
2980,504,2025-03-15 08:35:05,COMPLETADA
2981,4109,2025-06-28 18:33:18,COMPLETADA
2982,2185,2025-08-28 15:36:43,COMPLETADA
2983,3633,2025-09-22 10:13:09,COMPLETADA
2984,4986,2025-06-24 17:17:58,COMPLETADA
2985,4141,2025-12-27 00:30:12,COMPLETADA
2986,27,2025-05-27 15:22:39,COMPLETADA
2987,4593,2025-07-20 00:25:52,COMPLETADA
2988,2798,2025-01-23 12:39:16,COMPLETADA
2989,706,2025-08-23 03:21:24,COMPLETADA
2990,3793,2025-05-11 02:30:32,COMPLETADA
2991,742,2025-03-09 13:47:39,COMPLETADA
2992,708,2025-07-24 19:16:51,COMPLETADA
2993,4843,2025-05-01 00:44:24,COMPLETADA
2994,165,2025-05-11 18:39:33,PENDIENTE
2995,86,2025-06-23 07:42:55,COMPLETADA
2996,3069,2025-02-24 06:54:23,COMPLETADA
2997,2022,2025-02-15 02:21:40,COMPLETADA
2998,1566,2025-08-13 17:15:14,PENDIENTE
2999,1088,2025-11-03 15:11:14,COMPLETADA
3000,3108,2025-06-30 01:48:10,PENDIENTE
3001,1459,2025-06-27 19:23:50,COMPLETADA
3002,4629,2025-10-31 05:36:12,COMPLETADA
3003,1852,2025-04-04 14:04:56,PENDIENTE
3004,2235,2025-11-25 08:43:47,CANCELADA
3005,1451,2025-09-07 00:06:09,CANCELADA
3006,2125,2025-11-17 11:19:02,PENDIENTE
3007,2168,2025-05-07 03:40:05,COMPLETADA
3008,2910,2025-11-22 18:58:43,COMPLETADA
3009,2858,2025-10-07 17:06:25,PENDIENTE
3010,4285,2025-02-03 04:20:08,COMPLETADA
3011,1397,2025-02-02 03:29:52,COMPLETADA
3012,4795,2025-06-01 21:19:56,COMPLETADA
3013,4407,2025-04-06 02:30:29,COMPLETADA
3014,3555,2025-04-02 22:22:15,COMPLETADA
3015,2365,2025-12-14 16:11:29,COMPLETADA
3016,4127,2025-02-18 22:58:26,COMPLETADA
3017,2204,2025-07-03 09:13:04,COMPLETADA
3018,1727,2025-10-19 02:19:17,COMPLETADA
3019,3832,2025-08-17 14:06:11,COMPLETADA
3020,945,2025-05-06 17:06:02,COMPLETADA
3021,1528,2025-10-24 02:37:24,COMPLETADA
3022,3828,2025-12-17 15:50:16,COMPLETADA
3023,3050,2025-08-18 10:16:56,COMPLETADA
3024,4821,2025-08-09 10:29:01,CANCELADA
3025,2641,2025-02-28 16:27:22,PENDIENTE
3026,2940,2025-11-22 03:05:04,CANCELADA
3027,65,2025-08-31 12:59:58,COMPLETADA
3028,3896,2025-09-07 19:10:48,COMPLETADA
3029,821,2025-05-28 13:00:30,COMPLETADA
3030,2933,2025-04-28 10:43:23,COMPLETADA
3031,3825,2025-11-30 23:06:40,COMPLETADA
3032,179,2025-09-27 05:27:01,COMPLETADA
3033,3740,2025-03-09 02:07:35,COMPLETADA
3034,3564,2025-07-10 02:04:05,PENDIENTE
3035,3880,2025-11-26 17:53:23,PENDIENTE
3036,2070,2025-01-24 06:48:36,PENDIENTE
3037,4923,2025-10-23 22:28:12,COMPLETADA
3038,3287,2025-08-20 16:54:35,COMPLETADA
3039,1920,2025-06-09 22:51:50,PENDIENTE
3040,4154,2025-02-28 22:25:23,COMPLETADA
3041,3489,2025-11-24 07:44:35,PENDIENTE
3042,4731,2025-11-30 11:35:08,COMPLETADA
3043,234,2025-07-21 23:06:30,COMPLETADA
3044,1364,2025-02-21 11:52:02,CANCELADA
3045,4890,2026-01-04 11:49:58,CANCELADA
3046,4294,2025-12-25 05:28:39,COMPLETADA
3047,4653,2025-03-02 22:56:40,PENDIENTE
3048,1065,2025-03-06 20:08:06,PENDIENTE
3049,441,2025-09-10 10:57:14,CANCELADA
3050,2534,2025-06-07 14:29:07,PENDIENTE
3051,1159,2025-10-20 20:14:24,PENDIENTE
3052,3758,2025-08-03 09:22:52,COMPLETADA
3053,3774,2025-02-26 19:50:32,COMPLETADA
3054,1209,2025-08-10 21:21:29,COMPLETADA
3055,1410,2025-07-03 22:05:55,COMPLETADA
3056,659,2025-05-02 09:40:27,COMPLETADA
3057,1666,2025-10-12 00:31:48,COMPLETADA
3058,2005,2025-09-15 17:36:26,COMPLETADA
3059,4550,2025-11-15 11:11:51,PENDIENTE
3060,3066,2025-08-18 03:57:56,COMPLETADA
3061,1306,2025-06-12 06:12:36,COMPLETADA
3062,3857,2025-09-26 02:08:33,COMPLETADA
3063,3229,2025-01-18 02:48:31,PENDIENTE
3064,3870,2025-07-21 11:18:15,PENDIENTE
3065,3797,2025-09-01 00:44:31,PENDIENTE
3066,785,2025-10-27 22:23:06,COMPLETADA
3067,2608,2025-02-20 09:02:10,PENDIENTE
3068,1094,2025-05-30 14:52:19,COMPLETADA
3069,2680,2025-01-21 03:09:32,CANCELADA
3070,3479,2025-05-08 21:46:11,COMPLETADA
3071,4376,2025-07-23 14:43:04,COMPLETADA
3072,4001,2025-12-09 19:30:10,PENDIENTE
3073,4805,2025-09-27 22:34:21,COMPLETADA
3074,4986,2025-09-22 16:45:14,COMPLETADA
3075,1927,2025-11-23 17:47:08,COMPLETADA
3076,2785,2025-10-27 10:13:24,COMPLETADA
3077,14,2025-11-01 07:54:28,COMPLETADA
3078,3262,2025-03-21 14:57:17,CANCELADA
3079,1885,2025-06-10 00:44:32,COMPLETADA
3080,1540,2025-07-16 18:41:01,COMPLETADA
3081,2474,2025-09-25 00:42:49,COMPLETADA
3082,2782,2025-07-04 21:24:31,COMPLETADA
3083,1474,2025-03-15 15:56:28,COMPLETADA
3084,2335,2025-05-24 03:37:57,COMPLETADA
3085,3938,2025-04-10 21:05:04,COMPLETADA
3086,3455,2025-08-07 22:45:05,COMPLETADA
3087,3263,2025-08-11 20:02:58,PENDIENTE
3088,872,2025-01-21 18:42:10,COMPLETADA
3089,677,2025-08-12 10:29:32,COMPLETADA
3090,831,2025-10-05 15:38:19,PENDIENTE
3091,3314,2025-09-01 14:13:44,PENDIENTE
3092,101,2025-11-17 01:58:36,COMPLETADA
3093,1055,2025-01-31 08:11:22,COMPLETADA
3094,3146,2025-08-29 04:37:39,PENDIENTE
3095,95,2025-05-03 06:58:44,COMPLETADA
3096,3291,2025-01-13 11:08:40,COMPLETADA
3097,447,2025-03-05 23:14:57,COMPLETADA
3098,2119,2025-04-22 14:46:23,PENDIENTE
3099,950,2025-07-31 18:50:51,COMPLETADA
3100,3689,2025-02-09 17:35:55,COMPLETADA
3101,3880,2025-03-07 09:00:26,PENDIENTE
3102,4383,2025-11-11 07:15:30,CANCELADA
3103,915,2025-10-30 09:17:48,PENDIENTE
3104,3474,2025-05-14 21:18:26,COMPLETADA
3105,3142,2025-02-01 04:24:24,CANCELADA
3106,656,2025-04-22 15:19:19,COMPLETADA
3107,2762,2025-01-08 07:19:48,CANCELADA
3108,4835,2025-06-03 17:22:00,COMPLETADA
3109,4219,2025-02-09 17:45:35,PENDIENTE
3110,3728,2025-06-09 05:37:02,COMPLETADA
3111,3808,2025-07-30 20:48:17,COMPLETADA
3112,996,2025-12-15 13:59:18,CANCELADA
3113,3771,2025-07-18 03:23:36,COMPLETADA
3114,4910,2025-01-14 19:54:27,PENDIENTE
3115,2068,2025-08-21 18:57:24,COMPLETADA
3116,2427,2025-06-14 16:09:06,PENDIENTE
3117,193,2025-10-13 21:00:54,COMPLETADA
3118,1465,2025-04-12 09:07:48,COMPLETADA
3119,3417,2025-06-22 09:37:02,COMPLETADA
3120,2660,2025-12-30 13:48:52,COMPLETADA
3121,292,2025-05-19 08:42:56,COMPLETADA
3122,2927,2025-01-21 14:16:01,PENDIENTE
3123,4353,2025-03-23 08:38:54,PENDIENTE
3124,2037,2025-11-15 00:38:31,COMPLETADA
3125,4383,2025-07-26 08:05:43,COMPLETADA
3126,1185,2025-11-06 10:42:58,COMPLETADA
3127,3532,2025-04-02 11:35:52,CANCELADA
3128,2830,2025-12-30 09:30:52,CANCELADA
3129,2000,2025-05-11 17:04:38,CANCELADA
3130,4289,2025-08-25 10:20:32,COMPLETADA
3131,333,2025-10-12 15:24:42,COMPLETADA
3132,3054,2025-03-08 05:51:39,COMPLETADA
3133,4992,2025-08-22 18:39:04,CANCELADA
3134,829,2025-06-17 08:08:29,COMPLETADA
3135,646,2025-03-24 19:34:05,COMPLETADA
3136,2474,2025-07-02 04:05:58,COMPLETADA
3137,184,2025-11-29 01:53:46,COMPLETADA
3138,2105,2025-10-12 11:06:56,PENDIENTE
3139,650,2025-02-12 07:51:05,PENDIENTE
3140,3551,2025-11-25 01:13:37,CANCELADA
3141,1570,2025-11-12 22:40:52,COMPLETADA
3142,2484,2025-05-08 16:56:26,COMPLETADA
3143,4417,2025-01-31 09:51:15,CANCELADA
3144,1997,2025-11-05 02:55:03,PENDIENTE
3145,401,2025-06-29 16:24:19,COMPLETADA
3146,3875,2025-12-28 06:55:18,COMPLETADA
3147,3580,2025-03-28 01:25:23,COMPLETADA
3148,1522,2025-08-11 11:20:58,COMPLETADA
3149,375,2025-10-29 23:28:00,COMPLETADA
3150,1485,2025-10-05 10:16:49,PENDIENTE
3151,2234,2025-02-24 03:32:08,COMPLETADA
3152,1697,2025-06-14 13:22:58,COMPLETADA
3153,3395,2025-07-11 00:29:38,PENDIENTE
3154,2251,2025-04-14 15:39:36,COMPLETADA
3155,4908,2025-07-10 16:18:44,PENDIENTE
3156,2607,2025-06-04 03:26:45,COMPLETADA
3157,1842,2025-03-02 09:13:24,COMPLETADA
3158,2660,2025-06-18 12:48:27,COMPLETADA
3159,2358,2025-06-12 02:11:40,PENDIENTE
3160,4992,2025-10-15 19:39:30,PENDIENTE
3161,4817,2025-05-02 01:15:13,COMPLETADA
3162,4877,2025-05-22 18:04:45,COMPLETADA
3163,3188,2025-02-17 05:52:44,COMPLETADA
3164,4569,2025-11-06 16:31:57,COMPLETADA
3165,2791,2025-08-27 07:23:27,COMPLETADA
3166,3641,2025-04-15 07:43:11,COMPLETADA
3167,4088,2026-01-01 08:07:23,COMPLETADA
3168,1393,2025-07-06 12:10:18,PENDIENTE
3169,2095,2025-11-21 01:52:47,COMPLETADA
3170,4681,2025-08-12 17:06:11,CANCELADA
3171,3986,2025-08-30 02:46:54,COMPLETADA
3172,2829,2025-07-03 05:51:23,COMPLETADA
3173,4339,2025-04-12 21:22:11,COMPLETADA
3174,2391,2025-08-03 09:53:45,PENDIENTE
3175,3699,2025-02-28 13:14:55,PENDIENTE
3176,243,2025-08-05 09:25:27,COMPLETADA
3177,4792,2025-02-26 20:03:34,COMPLETADA
3178,2881,2025-03-29 19:53:26,COMPLETADA
3179,3403,2025-04-30 11:38:57,CANCELADA
3180,192,2025-11-03 17:55:59,PENDIENTE
3181,2326,2025-10-31 21:04:07,COMPLETADA
3182,4021,2025-11-18 23:40:07,CANCELADA
3183,3075,2025-07-30 15:08:39,CANCELADA
3184,1079,2025-03-04 23:32:44,COMPLETADA
3185,1012,2025-03-07 07:59:59,COMPLETADA
3186,1789,2025-08-28 23:37:45,COMPLETADA
3187,907,2025-10-13 18:23:04,COMPLETADA
3188,1464,2025-12-23 11:49:49,CANCELADA
3189,3286,2025-09-18 18:47:51,COMPLETADA
3190,2884,2025-11-19 17:32:58,PENDIENTE
3191,3426,2025-08-25 18:28:27,CANCELADA
3192,2285,2025-01-26 12:50:46,COMPLETADA
3193,2976,2025-12-12 02:20:54,COMPLETADA
3194,2604,2025-12-21 09:12:05,COMPLETADA
3195,4363,2025-11-15 22:42:58,COMPLETADA
3196,3310,2025-10-09 05:40:17,COMPLETADA
3197,3801,2025-11-11 17:52:43,COMPLETADA
3198,3682,2025-01-04 17:02:59,COMPLETADA
3199,1456,2025-08-03 01:09:32,COMPLETADA
3200,28,2025-09-09 05:10:14,COMPLETADA
3201,2737,2025-12-26 21:05:53,PENDIENTE
3202,1412,2025-07-26 06:20:22,PENDIENTE
3203,806,2025-05-16 02:07:19,COMPLETADA
3204,3426,2025-04-29 16:41:23,CANCELADA
3205,3362,2025-04-29 19:09:11,COMPLETADA
3206,238,2025-01-17 00:38:07,COMPLETADA
3207,1136,2025-03-28 05:32:13,COMPLETADA
3208,4124,2025-06-02 18:29:30,CANCELADA
3209,4912,2025-09-08 15:11:55,COMPLETADA
3210,3349,2025-12-26 07:36:02,CANCELADA
3211,2663,2025-02-06 21:36:40,COMPLETADA
3212,1364,2025-05-02 09:34:37,COMPLETADA
3213,3866,2025-09-11 08:31:55,PENDIENTE
3214,3034,2025-10-30 20:37:00,COMPLETADA
3215,4927,2025-03-16 16:51:21,CANCELADA
3216,3190,2025-10-22 09:58:12,COMPLETADA
3217,1582,2025-07-15 13:02:13,CANCELADA
3218,1323,2025-02-24 10:21:58,COMPLETADA
3219,1961,2025-11-05 05:32:33,COMPLETADA
3220,1637,2025-01-28 07:51:28,COMPLETADA
3221,2401,2025-10-01 03:27:04,COMPLETADA
3222,254,2025-03-20 08:05:57,COMPLETADA
3223,3778,2025-05-01 01:04:42,COMPLETADA
3224,4942,2025-01-21 19:40:57,COMPLETADA
3225,1982,2025-03-12 17:10:41,PENDIENTE
3226,3780,2025-12-13 10:28:53,COMPLETADA
3227,911,2025-03-30 03:54:25,PENDIENTE
3228,2714,2025-03-01 11:36:45,CANCELADA
3229,1305,2025-05-10 08:12:51,COMPLETADA
3230,573,2025-10-17 02:31:21,COMPLETADA
3231,265,2025-03-01 10:24:05,PENDIENTE
3232,3329,2025-07-04 08:08:33,CANCELADA
3233,3852,2025-12-09 10:42:27,CANCELADA
3234,577,2025-12-27 21:26:50,PENDIENTE
3235,2131,2025-11-01 15:55:33,CANCELADA
3236,4402,2025-10-26 04:05:46,COMPLETADA
3237,4973,2025-10-07 01:28:57,COMPLETADA
3238,4376,2025-09-02 09:54:50,PENDIENTE
3239,3593,2025-08-29 21:41:40,COMPLETADA
3240,490,2025-03-10 23:52:18,COMPLETADA
3241,3264,2025-03-05 07:27:30,PENDIENTE
3242,327,2025-07-18 10:13:29,COMPLETADA
3243,4191,2025-10-17 00:24:29,COMPLETADA
3244,3605,2025-11-09 17:57:51,COMPLETADA
3245,1017,2025-02-03 22:57:21,COMPLETADA
3246,2151,2025-11-24 06:45:28,PENDIENTE
3247,4750,2025-09-04 14:10:53,PENDIENTE
3248,916,2025-10-08 16:18:34,PENDIENTE
3249,3003,2025-03-17 03:02:39,COMPLETADA
3250,2784,2025-07-20 06:36:42,COMPLETADA
3251,1992,2025-03-18 15:06:10,PENDIENTE
3252,1722,2025-12-05 06:08:47,COMPLETADA
3253,2704,2025-06-11 19:24:51,COMPLETADA
3254,607,2025-03-17 10:15:44,COMPLETADA
3255,4027,2025-11-04 02:51:27,PENDIENTE
3256,2130,2025-07-19 12:41:34,COMPLETADA
3257,3643,2025-01-22 08:59:58,COMPLETADA
3258,3690,2025-06-20 13:30:44,PENDIENTE
3259,4655,2025-01-07 12:44:08,COMPLETADA
3260,293,2025-11-29 11:46:19,PENDIENTE
3261,1213,2025-05-12 11:16:19,COMPLETADA
3262,213,2025-12-30 03:19:36,COMPLETADA
3263,3039,2025-10-24 11:34:21,COMPLETADA
3264,2386,2025-02-01 08:49:01,COMPLETADA
3265,1297,2025-07-31 05:40:52,COMPLETADA
3266,2497,2025-10-22 21:52:07,COMPLETADA
3267,3604,2025-08-17 14:17:27,PENDIENTE
3268,1266,2025-06-01 07:34:27,PENDIENTE
3269,1054,2025-01-13 14:05:39,COMPLETADA
3270,2395,2025-05-25 23:52:23,CANCELADA
3271,2108,2025-01-24 18:22:56,COMPLETADA
3272,230,2025-01-23 18:36:33,CANCELADA
3273,4778,2025-03-18 07:57:03,COMPLETADA
3274,4787,2025-09-30 19:09:50,COMPLETADA
3275,2984,2025-06-17 08:45:04,PENDIENTE
3276,4234,2025-04-01 19:20:19,COMPLETADA
3277,1396,2025-05-28 13:50:03,CANCELADA
3278,1277,2025-11-13 06:48:19,COMPLETADA
3279,4105,2025-09-23 23:50:03,COMPLETADA
3280,3067,2025-04-09 21:15:38,COMPLETADA
3281,3976,2025-04-04 04:36:56,COMPLETADA
3282,4303,2025-02-11 06:22:29,COMPLETADA
3283,3965,2025-01-04 22:14:01,CANCELADA
3284,117,2025-11-25 23:52:51,PENDIENTE
3285,531,2025-11-03 04:17:22,COMPLETADA
3286,2534,2025-03-29 11:44:44,COMPLETADA
3287,1230,2025-12-31 23:43:30,COMPLETADA
3288,980,2025-10-13 23:59:47,COMPLETADA
3289,2921,2025-10-22 07:58:59,COMPLETADA
3290,4665,2025-06-18 07:13:30,CANCELADA
3291,100,2025-04-24 22:18:28,PENDIENTE
3292,4294,2025-12-15 21:51:32,CANCELADA
3293,1660,2025-04-02 12:08:03,COMPLETADA
3294,270,2025-03-28 08:43:23,COMPLETADA
3295,810,2025-01-08 08:55:53,CANCELADA
3296,4157,2025-03-20 11:56:41,COMPLETADA
3297,4533,2025-02-02 23:48:20,CANCELADA
3298,4406,2025-10-24 18:56:37,CANCELADA
3299,459,2025-07-28 05:18:39,COMPLETADA
3300,4284,2025-11-19 16:42:01,COMPLETADA
3301,2098,2025-04-21 17:58:30,PENDIENTE
3302,1497,2025-11-21 16:44:28,PENDIENTE
3303,2008,2025-11-17 13:37:24,COMPLETADA
3304,3737,2025-04-25 05:55:30,COMPLETADA
3305,4991,2025-04-09 19:06:38,COMPLETADA
3306,2274,2025-11-05 04:31:28,COMPLETADA
3307,1557,2025-02-03 18:47:43,PENDIENTE
3308,522,2025-04-17 20:58:51,CANCELADA
3309,1086,2025-10-08 15:44:46,COMPLETADA
3310,499,2025-05-08 19:56:16,COMPLETADA
3311,1999,2025-09-07 06:19:54,COMPLETADA
3312,4762,2025-03-25 00:27:42,COMPLETADA
3313,806,2025-03-18 16:19:24,COMPLETADA
3314,419,2025-12-30 02:47:55,COMPLETADA
3315,599,2025-02-23 21:44:21,COMPLETADA
3316,954,2025-09-18 05:55:53,COMPLETADA
3317,3900,2025-08-12 15:41:04,COMPLETADA
3318,4444,2025-10-19 01:50:10,COMPLETADA
3319,4902,2025-09-20 18:32:45,COMPLETADA
3320,4664,2025-08-02 20:05:35,COMPLETADA
3321,3521,2025-05-11 13:10:20,CANCELADA
3322,914,2025-07-17 18:53:23,PENDIENTE
3323,3627,2025-04-04 16:19:04,PENDIENTE
3324,1596,2025-11-01 08:37:56,COMPLETADA
3325,3738,2025-07-28 20:45:33,CANCELADA
3326,2063,2025-08-30 20:07:39,PENDIENTE
3327,4927,2025-10-14 04:01:15,COMPLETADA
3328,1447,2025-01-05 05:03:26,COMPLETADA
3329,3960,2025-09-25 09:52:14,COMPLETADA
3330,2455,2025-08-13 07:13:34,COMPLETADA
3331,4360,2025-06-07 00:55:39,COMPLETADA
3332,2256,2025-04-16 10:07:38,PENDIENTE
3333,4122,2025-02-09 19:17:24,COMPLETADA
3334,3605,2025-09-08 22:07:16,COMPLETADA
3335,1493,2025-12-06 16:35:33,COMPLETADA
3336,2615,2025-06-20 07:01:27,CANCELADA
3337,4175,2025-07-30 12:30:22,COMPLETADA
3338,1337,2025-08-18 13:40:36,COMPLETADA
3339,3540,2025-09-25 08:03:15,PENDIENTE
3340,775,2025-09-18 07:04:03,CANCELADA
3341,3631,2025-05-12 14:44:58,COMPLETADA
3342,4413,2025-07-26 03:22:28,PENDIENTE
3343,1586,2025-01-16 05:25:58,PENDIENTE
3344,1899,2025-07-16 13:31:06,COMPLETADA
3345,4111,2025-02-03 10:11:32,COMPLETADA
3346,4346,2025-04-17 11:18:12,COMPLETADA
3347,2459,2025-03-02 00:47:17,CANCELADA
3348,1723,2025-06-17 10:34:45,COMPLETADA
3349,1267,2025-10-05 05:02:12,COMPLETADA
3350,1573,2025-08-11 15:19:02,PENDIENTE
3351,1408,2025-02-04 11:00:38,CANCELADA
3352,4999,2025-05-10 19:23:51,PENDIENTE
3353,2668,2025-06-15 09:03:32,CANCELADA
3354,3882,2025-12-18 15:52:22,PENDIENTE
3355,3416,2025-04-03 20:54:15,PENDIENTE
3356,2207,2025-02-22 03:35:33,COMPLETADA
3357,2154,2025-05-11 15:16:37,COMPLETADA
3358,2488,2025-09-23 17:24:36,COMPLETADA
3359,2509,2025-09-18 11:12:45,COMPLETADA
3360,2900,2025-10-21 01:14:30,PENDIENTE
3361,2584,2025-07-11 12:27:24,COMPLETADA
3362,3485,2025-10-17 17:48:32,COMPLETADA
3363,3418,2025-02-12 09:17:23,COMPLETADA
3364,3311,2025-07-27 07:56:39,COMPLETADA
3365,3349,2025-01-10 17:02:27,COMPLETADA
3366,1147,2025-10-22 15:53:34,CANCELADA
3367,2247,2025-05-25 18:19:10,COMPLETADA
3368,1657,2025-07-20 12:34:40,COMPLETADA
3369,2097,2025-09-10 01:37:16,COMPLETADA
3370,3060,2025-02-04 20:10:26,COMPLETADA
3371,3503,2025-09-09 14:45:53,PENDIENTE
3372,2669,2025-12-12 08:05:25,COMPLETADA
3373,1634,2025-06-29 23:09:10,PENDIENTE
3374,4121,2025-02-12 15:35:11,COMPLETADA
3375,2245,2025-02-02 13:24:56,COMPLETADA
3376,1992,2025-03-25 05:14:59,COMPLETADA
3377,3930,2025-11-22 05:27:48,CANCELADA
3378,4858,2025-03-06 16:44:16,COMPLETADA
3379,377,2025-05-19 01:17:20,PENDIENTE
3380,3196,2025-07-14 20:37:05,PENDIENTE
3381,3990,2025-12-07 23:23:29,COMPLETADA
3382,4971,2025-11-02 03:43:32,COMPLETADA
3383,486,2025-06-05 12:59:25,COMPLETADA
3384,2808,2025-02-12 21:48:04,COMPLETADA
3385,3027,2025-10-25 18:02:37,COMPLETADA
3386,2329,2025-01-26 05:19:58,COMPLETADA
3387,1101,2025-10-03 12:08:00,CANCELADA
3388,607,2025-05-26 03:58:22,COMPLETADA
3389,3390,2025-03-18 12:29:47,PENDIENTE
3390,1233,2025-10-18 07:01:56,COMPLETADA
3391,4703,2025-02-22 22:54:02,COMPLETADA
3392,721,2025-08-07 16:27:50,COMPLETADA
3393,2686,2025-10-07 09:18:05,COMPLETADA
3394,2136,2025-08-21 15:49:36,COMPLETADA
3395,2388,2025-07-04 03:01:30,PENDIENTE
3396,1151,2025-06-12 18:40:09,PENDIENTE
3397,558,2025-04-09 15:12:51,CANCELADA
3398,2572,2025-04-18 03:58:29,CANCELADA
3399,2960,2025-07-08 13:05:21,CANCELADA
3400,3653,2025-05-28 13:59:29,PENDIENTE
3401,1760,2025-07-25 15:18:29,COMPLETADA
3402,3837,2025-03-10 00:08:49,COMPLETADA
3403,2968,2025-08-19 19:06:09,COMPLETADA
3404,2122,2025-04-02 04:52:21,COMPLETADA
3405,190,2025-02-15 09:18:56,COMPLETADA
3406,3366,2025-04-30 01:19:55,COMPLETADA
3407,3985,2025-10-11 06:25:05,PENDIENTE
3408,4329,2025-07-31 10:07:45,COMPLETADA
3409,4197,2025-04-10 15:01:15,COMPLETADA
3410,4635,2025-09-05 08:59:46,COMPLETADA
3411,263,2025-09-22 17:26:36,CANCELADA
3412,2680,2025-06-06 18:49:35,PENDIENTE
3413,4031,2025-04-17 04:08:25,COMPLETADA
3414,2735,2025-01-29 05:31:49,COMPLETADA
3415,619,2025-04-30 08:16:02,COMPLETADA
3416,4574,2025-10-15 08:00:52,PENDIENTE
3417,4357,2025-06-14 20:29:54,COMPLETADA
3418,4207,2025-02-19 09:57:34,PENDIENTE
3419,719,2025-03-27 05:24:33,COMPLETADA
3420,3838,2025-12-08 12:26:02,COMPLETADA
3421,1564,2025-08-22 05:32:02,PENDIENTE
3422,3531,2025-03-07 11:54:36,PENDIENTE
3423,3816,2025-05-21 17:07:57,COMPLETADA
3424,1247,2025-07-04 18:50:18,PENDIENTE
3425,599,2025-03-15 14:10:25,COMPLETADA
3426,4713,2025-08-30 18:57:38,COMPLETADA
3427,4324,2025-09-03 14:12:16,PENDIENTE
3428,3543,2025-10-08 01:17:04,CANCELADA
3429,3289,2025-11-01 18:58:33,COMPLETADA
3430,53,2025-07-20 12:03:45,COMPLETADA
3431,3195,2025-02-07 03:48:26,COMPLETADA
3432,1846,2025-02-09 08:27:16,COMPLETADA
3433,1233,2025-11-19 00:39:17,COMPLETADA
3434,1826,2025-07-26 18:13:10,COMPLETADA
3435,2676,2025-07-31 18:46:18,COMPLETADA
3436,1642,2025-03-05 01:36:34,PENDIENTE
3437,4706,2025-01-19 23:35:15,CANCELADA
3438,4726,2025-07-09 08:54:06,COMPLETADA
3439,1215,2025-04-02 06:58:06,COMPLETADA
3440,1488,2025-04-12 00:31:41,COMPLETADA
3441,4370,2025-04-08 11:05:41,COMPLETADA
3442,324,2025-10-21 16:21:12,PENDIENTE
3443,4425,2025-02-26 00:32:22,COMPLETADA
3444,568,2025-11-05 03:50:41,COMPLETADA
3445,2584,2025-02-14 10:40:23,CANCELADA
3446,1711,2025-05-03 21:05:06,COMPLETADA
3447,1338,2025-10-05 13:12:54,COMPLETADA
3448,2221,2025-04-12 16:32:00,COMPLETADA
3449,1780,2025-01-18 17:37:23,PENDIENTE
3450,224,2025-03-15 01:01:15,COMPLETADA
3451,3602,2025-12-20 09:09:12,COMPLETADA
3452,3073,2025-08-04 11:55:27,COMPLETADA
3453,1709,2025-01-08 20:48:51,COMPLETADA
3454,3661,2025-03-23 18:36:25,COMPLETADA
3455,1628,2025-02-19 06:00:55,COMPLETADA
3456,3118,2025-12-14 08:41:59,COMPLETADA
3457,1022,2025-01-14 06:32:55,COMPLETADA
3458,1435,2025-08-07 10:58:15,COMPLETADA
3459,4738,2025-11-12 07:34:32,PENDIENTE
3460,997,2026-01-02 08:33:50,COMPLETADA
3461,1718,2026-01-03 19:14:27,COMPLETADA
3462,4007,2025-02-04 04:51:15,PENDIENTE
3463,2936,2025-09-12 19:32:10,PENDIENTE
3464,2596,2025-01-10 12:44:51,COMPLETADA
3465,1724,2025-02-15 17:01:04,CANCELADA
3466,4153,2025-01-10 02:34:20,COMPLETADA
3467,2092,2025-10-28 08:21:24,COMPLETADA
3468,3744,2025-04-21 23:45:20,COMPLETADA
3469,3114,2025-02-13 02:55:57,PENDIENTE
3470,3280,2025-10-16 07:06:52,CANCELADA
3471,820,2025-07-18 08:44:05,COMPLETADA
3472,2540,2025-08-08 21:54:31,PENDIENTE
3473,3557,2025-04-22 16:42:41,CANCELADA
3474,2464,2025-10-27 13:45:42,COMPLETADA
3475,692,2025-03-28 19:10:34,PENDIENTE
3476,3193,2025-09-21 08:16:19,CANCELADA
3477,130,2025-03-25 16:37:51,CANCELADA
3478,2251,2025-12-20 09:47:03,PENDIENTE
3479,2649,2025-01-24 13:55:24,COMPLETADA
3480,2040,2025-09-21 02:27:58,COMPLETADA
3481,76,2025-02-26 06:21:25,COMPLETADA
3482,1276,2025-05-28 21:18:46,COMPLETADA
3483,3849,2025-01-16 22:10:53,PENDIENTE
3484,502,2025-02-03 14:19:09,COMPLETADA
3485,1719,2025-07-07 14:17:51,CANCELADA
3486,2401,2025-11-12 01:24:11,COMPLETADA
3487,3399,2025-02-12 04:22:24,PENDIENTE
3488,3435,2025-11-12 11:55:19,COMPLETADA
3489,4249,2025-08-11 07:08:29,CANCELADA
3490,1488,2025-03-01 08:49:30,COMPLETADA
3491,897,2025-11-28 10:13:35,PENDIENTE
3492,246,2025-07-04 18:00:18,COMPLETADA
3493,2508,2025-11-10 19:34:50,COMPLETADA
3494,3058,2025-04-02 14:01:02,CANCELADA
3495,2173,2025-01-10 19:17:36,COMPLETADA
3496,234,2025-05-25 05:41:38,PENDIENTE
3497,2717,2025-05-22 11:59:40,COMPLETADA
3498,3855,2025-04-20 13:24:31,COMPLETADA
3499,1183,2025-02-18 17:02:20,CANCELADA
3500,381,2025-05-26 10:32:55,COMPLETADA
3501,4903,2025-06-21 07:19:07,PENDIENTE
3502,1391,2025-11-20 23:35:28,COMPLETADA
3503,123,2025-02-19 20:01:17,COMPLETADA
3504,1825,2025-12-25 15:08:35,COMPLETADA
3505,544,2025-05-01 13:32:00,COMPLETADA
3506,3897,2025-11-07 07:58:11,COMPLETADA
3507,3401,2025-05-07 23:09:29,CANCELADA
3508,4397,2025-02-01 11:41:27,COMPLETADA
3509,4942,2025-06-03 18:03:37,PENDIENTE
3510,6,2025-04-26 06:45:10,COMPLETADA
3511,3847,2025-10-25 18:04:29,CANCELADA
3512,2105,2025-06-24 23:09:52,COMPLETADA
3513,4424,2025-11-19 12:53:28,COMPLETADA
3514,790,2025-01-11 17:42:59,COMPLETADA
3515,4680,2025-01-09 19:30:57,COMPLETADA
3516,1797,2025-10-27 09:04:40,COMPLETADA
3517,1169,2025-12-05 16:54:10,COMPLETADA
3518,674,2025-12-30 19:44:35,PENDIENTE
3519,3309,2025-11-09 09:02:47,COMPLETADA
3520,863,2025-12-28 00:29:11,COMPLETADA
3521,2054,2025-06-09 11:19:11,COMPLETADA
3522,2467,2025-09-02 08:08:56,COMPLETADA
3523,3786,2025-06-09 05:59:00,PENDIENTE
3524,4260,2025-04-09 23:10:48,COMPLETADA
3525,2186,2025-04-12 18:43:14,PENDIENTE
3526,1079,2025-10-02 13:29:15,COMPLETADA
3527,3071,2025-05-03 21:13:45,PENDIENTE
3528,4747,2025-12-22 00:10:35,PENDIENTE
3529,281,2025-12-03 16:07:36,PENDIENTE
3530,3155,2025-08-12 06:20:18,COMPLETADA
3531,1622,2025-11-01 20:31:08,CANCELADA
3532,118,2025-08-21 04:10:18,COMPLETADA
3533,280,2025-02-18 21:58:29,PENDIENTE
3534,1949,2025-05-11 20:16:16,COMPLETADA
3535,2643,2025-12-03 09:14:55,COMPLETADA
3536,3939,2025-09-14 18:43:41,COMPLETADA
3537,2818,2025-05-21 23:59:38,COMPLETADA
3538,4729,2025-02-16 00:55:50,COMPLETADA
3539,1760,2025-08-10 10:39:51,COMPLETADA
3540,2153,2025-04-27 22:30:19,COMPLETADA
3541,966,2025-09-10 06:33:02,PENDIENTE
3542,4215,2025-12-20 20:35:50,CANCELADA
3543,2763,2025-11-18 19:45:36,CANCELADA
3544,1527,2025-05-11 07:50:27,COMPLETADA
3545,3993,2025-07-09 17:35:34,PENDIENTE
3546,3739,2025-03-17 10:12:57,PENDIENTE
3547,2805,2025-09-08 09:22:53,PENDIENTE
3548,2154,2025-10-29 22:30:34,COMPLETADA
3549,2994,2025-01-10 00:10:14,COMPLETADA
3550,209,2025-12-01 07:03:16,CANCELADA
3551,1035,2025-12-29 18:14:40,COMPLETADA
3552,3748,2025-05-23 01:50:02,PENDIENTE
3553,986,2025-01-18 08:41:55,COMPLETADA
3554,2423,2025-11-28 23:24:24,COMPLETADA
3555,2848,2025-05-08 00:37:55,COMPLETADA
3556,3574,2025-05-16 18:02:24,COMPLETADA
3557,680,2025-07-20 03:30:00,CANCELADA
3558,4135,2025-07-27 04:24:03,COMPLETADA
3559,4186,2025-02-13 01:45:59,COMPLETADA
3560,1818,2025-04-15 04:27:26,PENDIENTE
3561,1628,2025-01-30 18:35:31,PENDIENTE
3562,2900,2025-06-28 09:43:26,COMPLETADA
3563,1244,2025-08-21 11:26:40,COMPLETADA
3564,4347,2025-08-08 18:08:28,COMPLETADA
3565,4368,2025-08-23 05:42:23,COMPLETADA
3566,1888,2025-04-21 06:03:49,PENDIENTE
3567,4349,2025-05-11 03:45:31,COMPLETADA
3568,1301,2025-12-15 02:55:30,COMPLETADA
3569,1357,2025-11-20 10:12:28,COMPLETADA
3570,1854,2025-04-22 14:18:59,PENDIENTE
3571,1246,2025-08-05 16:46:33,COMPLETADA
3572,4995,2025-05-14 15:21:09,COMPLETADA
3573,1657,2025-03-12 05:02:13,COMPLETADA
3574,3284,2025-03-01 15:42:44,COMPLETADA
3575,4275,2025-09-24 19:14:34,CANCELADA
3576,3904,2025-02-27 12:57:25,COMPLETADA
3577,1116,2025-06-25 08:35:00,PENDIENTE
3578,2458,2025-11-03 21:32:24,COMPLETADA
3579,2059,2025-12-13 19:25:09,PENDIENTE
3580,2553,2025-09-10 14:22:18,COMPLETADA
3581,4866,2025-02-17 15:02:10,CANCELADA
3582,486,2025-03-21 03:26:49,PENDIENTE
3583,1150,2025-08-30 20:34:59,COMPLETADA
3584,1313,2025-07-26 21:45:46,PENDIENTE
3585,1987,2025-12-12 18:22:46,COMPLETADA
3586,1307,2025-03-07 01:43:23,COMPLETADA
3587,3204,2025-09-14 21:07:34,COMPLETADA
3588,2037,2025-02-09 19:32:43,PENDIENTE
3589,578,2025-05-13 06:39:35,COMPLETADA
3590,2263,2025-02-15 11:13:06,COMPLETADA
3591,3289,2025-05-26 23:40:36,COMPLETADA
3592,4800,2025-09-09 11:49:27,CANCELADA
3593,1244,2025-10-06 15:01:39,COMPLETADA
3594,1167,2025-11-12 13:51:16,PENDIENTE
3595,2683,2025-03-31 05:30:36,COMPLETADA
3596,961,2025-04-27 02:27:06,COMPLETADA
3597,4295,2025-11-18 06:10:49,COMPLETADA
3598,4903,2025-05-12 13:36:18,COMPLETADA
3599,3591,2025-02-13 15:07:48,COMPLETADA
3600,1023,2025-06-07 15:37:51,COMPLETADA
3601,4998,2025-06-20 07:28:07,COMPLETADA
3602,577,2025-02-03 18:41:44,CANCELADA
3603,2797,2025-06-15 18:55:36,CANCELADA
3604,336,2025-02-10 05:09:33,COMPLETADA
3605,2093,2025-05-19 19:00:56,COMPLETADA
3606,3822,2025-03-24 07:49:12,COMPLETADA
3607,1380,2025-06-24 06:28:42,CANCELADA
3608,3992,2025-02-20 21:20:25,PENDIENTE
3609,1841,2025-12-28 11:51:46,COMPLETADA
3610,726,2025-06-12 23:25:12,CANCELADA
3611,4943,2025-12-29 18:41:04,CANCELADA
3612,2971,2025-07-10 04:14:37,COMPLETADA
3613,4052,2025-01-16 22:33:13,PENDIENTE
3614,3543,2025-07-23 18:48:01,COMPLETADA
3615,862,2025-04-05 07:31:21,CANCELADA
3616,2296,2025-08-14 13:20:48,PENDIENTE
3617,2260,2025-10-08 15:06:30,CANCELADA
3618,4161,2025-10-01 23:16:42,COMPLETADA
3619,2059,2025-11-10 01:09:47,CANCELADA
3620,681,2025-08-30 17:10:40,COMPLETADA
3621,3978,2025-08-15 09:07:43,COMPLETADA
3622,4055,2025-02-12 18:59:09,COMPLETADA
3623,3554,2025-12-06 22:52:18,PENDIENTE
3624,852,2025-10-22 00:48:42,CANCELADA
3625,3997,2025-11-06 07:13:08,COMPLETADA
3626,4634,2025-08-30 12:42:24,COMPLETADA
3627,4252,2025-05-18 13:39:49,CANCELADA
3628,3135,2025-06-02 11:48:42,COMPLETADA
3629,884,2025-09-06 12:52:57,COMPLETADA
3630,808,2025-04-25 10:49:27,COMPLETADA
3631,963,2025-08-05 20:39:39,CANCELADA
3632,1955,2025-07-28 01:29:31,COMPLETADA
3633,4947,2025-05-08 12:51:29,COMPLETADA
3634,3226,2025-11-17 15:42:25,PENDIENTE
3635,327,2025-11-25 02:16:22,COMPLETADA
3636,3607,2025-04-07 03:22:30,CANCELADA
3637,4697,2025-09-06 22:34:15,CANCELADA
3638,306,2025-11-29 08:55:35,CANCELADA
3639,3538,2025-08-22 12:37:50,PENDIENTE
3640,211,2025-03-05 13:15:06,COMPLETADA
3641,1481,2025-02-16 13:34:59,COMPLETADA
3642,2695,2025-02-15 00:13:00,COMPLETADA
3643,3377,2025-11-28 10:12:13,PENDIENTE
3644,3741,2025-03-11 23:11:21,PENDIENTE
3645,2077,2025-10-22 12:46:04,COMPLETADA
3646,2819,2025-09-04 13:24:16,COMPLETADA
3647,2038,2025-05-31 08:15:51,COMPLETADA
3648,392,2025-12-25 06:11:29,COMPLETADA
3649,2156,2025-01-27 01:10:38,PENDIENTE
3650,1316,2025-09-29 16:23:54,COMPLETADA
3651,4484,2025-03-05 10:38:40,COMPLETADA
3652,3288,2025-01-06 05:26:31,PENDIENTE
3653,1410,2025-12-29 18:32:51,PENDIENTE
3654,729,2025-01-09 16:50:30,COMPLETADA
3655,4410,2025-06-30 07:52:38,PENDIENTE
3656,1865,2025-05-10 02:56:59,COMPLETADA
3657,2506,2025-08-29 15:11:57,COMPLETADA
3658,741,2025-05-16 17:03:24,COMPLETADA
3659,2564,2025-09-08 14:55:27,COMPLETADA
3660,1526,2025-01-24 20:11:32,PENDIENTE
3661,1657,2025-06-18 18:54:18,COMPLETADA
3662,3977,2025-03-05 23:48:57,COMPLETADA
3663,3587,2025-01-11 08:19:13,CANCELADA
3664,1305,2025-05-13 06:07:49,CANCELADA
3665,2645,2025-11-28 22:17:52,COMPLETADA
3666,1555,2025-11-18 04:35:50,COMPLETADA
3667,4147,2025-12-26 11:57:56,PENDIENTE
3668,4592,2025-05-31 22:19:58,COMPLETADA
3669,4587,2025-03-18 06:44:38,COMPLETADA
3670,3261,2025-03-06 13:26:49,COMPLETADA
3671,623,2025-05-29 20:27:17,COMPLETADA
3672,742,2025-01-12 07:29:34,PENDIENTE
3673,3315,2025-12-14 19:40:34,CANCELADA
3674,1195,2025-04-15 11:53:55,PENDIENTE
3675,4365,2025-07-13 15:09:46,COMPLETADA
3676,1090,2025-08-16 11:09:54,CANCELADA
3677,849,2025-04-24 01:59:30,PENDIENTE
3678,2408,2025-11-29 22:42:14,COMPLETADA
3679,674,2025-02-07 16:46:40,COMPLETADA
3680,1842,2026-01-03 13:30:31,COMPLETADA
3681,335,2025-09-01 19:34:40,COMPLETADA
3682,1270,2025-10-07 09:00:28,PENDIENTE
3683,2243,2025-04-01 23:50:18,COMPLETADA
3684,1839,2025-09-18 08:10:28,PENDIENTE
3685,1794,2025-01-25 22:27:21,COMPLETADA
3686,1851,2025-07-11 20:38:22,COMPLETADA
3687,1770,2025-08-14 23:26:06,COMPLETADA
3688,2432,2025-09-30 11:22:49,COMPLETADA
3689,171,2025-10-10 06:10:00,CANCELADA
3690,3959,2025-06-12 04:25:28,PENDIENTE
3691,3396,2025-10-18 19:27:01,COMPLETADA
3692,4654,2025-01-20 23:10:48,COMPLETADA
3693,1525,2025-02-24 18:09:37,PENDIENTE
3694,4759,2025-04-21 04:00:31,COMPLETADA
3695,4715,2025-08-12 09:36:30,CANCELADA
3696,3172,2025-07-06 08:08:49,PENDIENTE
3697,2982,2025-04-21 14:55:25,PENDIENTE
3698,2160,2025-06-11 03:59:44,COMPLETADA
3699,2987,2025-04-28 17:32:34,CANCELADA
3700,1923,2025-05-27 17:10:40,COMPLETADA
3701,2926,2025-05-30 18:28:01,COMPLETADA
3702,1102,2025-09-24 12:04:00,COMPLETADA
3703,2023,2025-10-06 10:41:11,PENDIENTE
3704,4743,2025-12-23 23:43:53,COMPLETADA
3705,4158,2025-06-28 00:43:14,PENDIENTE
3706,4386,2025-04-01 12:48:26,COMPLETADA
3707,4949,2025-09-05 09:47:24,COMPLETADA
3708,2854,2025-03-09 04:02:19,PENDIENTE
3709,4539,2025-02-28 12:46:07,PENDIENTE
3710,1835,2025-06-09 22:40:12,COMPLETADA
3711,4705,2025-05-24 07:05:52,PENDIENTE
3712,3771,2025-09-05 06:41:12,COMPLETADA
3713,4073,2025-11-19 01:41:55,COMPLETADA
3714,530,2025-10-25 14:53:21,CANCELADA
3715,1404,2025-10-03 05:34:03,COMPLETADA
3716,3674,2025-12-03 15:56:20,COMPLETADA
3717,472,2025-08-07 15:39:41,CANCELADA
3718,3905,2025-03-27 10:16:58,CANCELADA
3719,1212,2025-01-23 20:12:03,COMPLETADA
3720,2904,2025-09-26 15:58:40,COMPLETADA
3721,2262,2025-12-23 05:52:50,COMPLETADA
3722,226,2025-09-25 19:21:36,PENDIENTE
3723,4021,2025-03-06 02:12:54,COMPLETADA
3724,1093,2025-07-11 17:09:25,CANCELADA
3725,1763,2025-12-03 07:49:47,PENDIENTE
3726,2539,2025-04-06 04:48:03,COMPLETADA
3727,2496,2025-06-15 13:53:14,COMPLETADA
3728,4669,2025-03-10 04:57:26,PENDIENTE
3729,4162,2025-08-02 05:45:16,CANCELADA
3730,1182,2025-08-31 02:11:15,PENDIENTE
3731,4808,2025-07-08 14:59:25,COMPLETADA
3732,56,2025-09-19 18:39:51,CANCELADA
3733,434,2025-04-22 23:43:38,PENDIENTE
3734,2936,2025-07-27 08:36:57,COMPLETADA
3735,582,2025-07-15 01:06:48,COMPLETADA
3736,4340,2025-10-24 05:10:47,COMPLETADA
3737,1321,2025-05-14 21:48:11,PENDIENTE
3738,2039,2025-07-08 20:21:36,CANCELADA
3739,1470,2025-06-11 08:46:56,PENDIENTE
3740,242,2025-04-13 04:58:07,COMPLETADA
3741,4055,2025-07-02 09:31:18,PENDIENTE
3742,2719,2025-02-01 18:24:50,COMPLETADA
3743,3306,2025-08-08 23:55:16,COMPLETADA
3744,3174,2025-08-06 13:09:39,PENDIENTE
3745,3124,2025-04-19 06:15:37,PENDIENTE
3746,1135,2025-03-11 14:28:33,PENDIENTE
3747,1500,2025-06-05 07:03:43,COMPLETADA
3748,2910,2025-02-11 03:23:50,COMPLETADA
3749,3526,2025-06-11 14:05:20,CANCELADA
3750,4094,2025-02-20 17:57:01,COMPLETADA
3751,2135,2025-05-12 23:15:17,COMPLETADA
3752,1857,2025-04-16 21:48:57,COMPLETADA
3753,669,2025-12-02 10:58:16,COMPLETADA
3754,771,2025-01-11 07:07:15,COMPLETADA
3755,168,2025-06-23 01:09:45,CANCELADA
3756,499,2025-08-04 09:05:51,CANCELADA
3757,485,2025-11-05 21:55:58,PENDIENTE
3758,783,2025-12-12 23:06:02,COMPLETADA
3759,4335,2025-10-28 15:36:57,COMPLETADA
3760,2678,2025-09-13 08:38:15,COMPLETADA
3761,227,2025-11-08 16:28:26,PENDIENTE
3762,4654,2025-10-07 06:04:17,COMPLETADA
3763,569,2025-09-21 15:59:03,CANCELADA
3764,1545,2025-10-02 05:14:06,COMPLETADA
3765,4082,2025-10-04 01:18:57,COMPLETADA
3766,1789,2025-01-22 23:43:01,CANCELADA
3767,795,2025-10-07 14:01:43,CANCELADA
3768,1268,2025-06-16 17:07:07,COMPLETADA
3769,4703,2025-11-13 11:54:05,COMPLETADA
3770,3611,2025-03-05 09:20:23,PENDIENTE
3771,1455,2025-04-19 06:42:25,COMPLETADA
3772,3647,2025-05-26 10:51:07,COMPLETADA
3773,318,2025-01-17 05:41:43,CANCELADA
3774,986,2025-10-12 07:42:40,PENDIENTE
3775,2554,2025-06-04 00:16:56,CANCELADA
3776,883,2025-04-11 18:00:19,COMPLETADA
3777,1478,2025-01-17 06:36:22,COMPLETADA
3778,1372,2025-11-24 05:40:49,CANCELADA
3779,4077,2025-09-19 06:07:14,COMPLETADA
3780,1272,2025-09-13 18:59:55,CANCELADA
3781,2764,2025-05-17 16:26:51,CANCELADA
3782,4490,2025-11-24 06:12:24,PENDIENTE
3783,3670,2025-10-04 00:04:10,CANCELADA
3784,4543,2025-10-14 01:03:40,COMPLETADA
3785,2018,2025-02-03 14:57:07,COMPLETADA
3786,1962,2025-06-17 01:28:15,CANCELADA
3787,4021,2025-08-26 05:25:46,COMPLETADA
3788,3312,2025-06-26 05:52:33,COMPLETADA
3789,481,2025-07-02 02:45:05,CANCELADA
3790,3936,2025-09-30 18:04:22,PENDIENTE
3791,4843,2025-08-23 07:32:10,COMPLETADA
3792,4259,2025-10-02 08:48:58,COMPLETADA
3793,2626,2025-10-17 00:42:11,CANCELADA
3794,4613,2025-01-06 15:28:54,COMPLETADA
3795,4358,2025-06-17 12:38:53,COMPLETADA
3796,4476,2025-06-01 03:27:55,COMPLETADA
3797,2315,2025-03-16 18:32:09,COMPLETADA
3798,3670,2025-05-16 07:39:04,PENDIENTE
3799,2400,2025-09-04 16:36:40,CANCELADA
3800,3493,2025-05-01 22:40:17,COMPLETADA
3801,3089,2025-11-14 17:24:38,COMPLETADA
3802,196,2025-01-12 02:16:04,COMPLETADA
3803,2634,2025-09-16 00:03:40,COMPLETADA
3804,4995,2025-03-12 06:06:12,COMPLETADA
3805,4077,2025-04-11 10:35:36,CANCELADA
3806,2353,2025-01-29 09:12:00,PENDIENTE
3807,452,2025-09-15 23:11:01,COMPLETADA
3808,342,2025-05-18 20:12:14,COMPLETADA
3809,731,2025-02-12 01:36:55,COMPLETADA
3810,4813,2025-06-21 15:07:08,PENDIENTE
3811,4680,2025-12-27 16:00:59,COMPLETADA
3812,2570,2025-06-28 22:19:27,PENDIENTE
3813,4377,2025-07-11 19:37:38,COMPLETADA
3814,2482,2025-03-16 21:44:46,COMPLETADA
3815,2882,2025-05-05 18:32:20,CANCELADA
3816,430,2025-04-15 05:33:16,PENDIENTE
3817,3554,2025-04-19 20:53:44,PENDIENTE
3818,4293,2025-10-07 04:22:22,PENDIENTE
3819,4168,2025-08-13 11:42:48,COMPLETADA
3820,367,2025-09-29 11:02:37,CANCELADA
3821,809,2025-11-17 17:58:17,COMPLETADA
3822,1522,2025-10-14 06:23:17,CANCELADA
3823,2624,2025-03-07 19:21:40,COMPLETADA
3824,1668,2025-06-14 20:40:55,COMPLETADA
3825,4679,2025-03-13 07:07:13,COMPLETADA
3826,128,2025-10-22 23:26:32,COMPLETADA
3827,3126,2025-09-18 08:01:59,COMPLETADA
3828,953,2025-11-08 18:55:50,CANCELADA
3829,39,2025-11-16 02:49:13,CANCELADA
3830,2710,2025-06-07 21:39:06,CANCELADA
3831,3195,2025-10-21 17:08:16,PENDIENTE
3832,3046,2025-05-07 14:24:36,CANCELADA
3833,3293,2025-04-27 10:07:30,COMPLETADA
3834,1161,2025-04-27 22:25:07,COMPLETADA
3835,2116,2025-03-04 16:53:27,CANCELADA
3836,3464,2025-05-14 02:19:45,PENDIENTE
3837,2538,2025-01-29 20:55:45,COMPLETADA
3838,2234,2025-05-14 17:46:36,COMPLETADA
3839,84,2025-05-01 02:30:28,COMPLETADA
3840,3389,2025-05-09 04:18:15,COMPLETADA
3841,1553,2025-10-09 20:11:38,PENDIENTE
3842,4000,2025-03-06 17:06:09,COMPLETADA
3843,86,2025-10-22 05:07:10,COMPLETADA
3844,3240,2025-12-02 00:11:16,COMPLETADA
3845,3680,2025-08-07 11:31:17,COMPLETADA
3846,1827,2025-07-22 05:56:25,COMPLETADA
3847,938,2025-06-03 02:07:15,COMPLETADA
3848,4003,2025-08-19 23:09:57,COMPLETADA
3849,4399,2025-06-24 04:27:29,COMPLETADA
3850,2102,2025-03-15 22:39:59,CANCELADA
3851,3263,2026-01-02 23:15:29,COMPLETADA
3852,2347,2025-01-31 14:18:09,COMPLETADA
3853,4671,2025-12-30 00:25:08,COMPLETADA
3854,979,2025-05-23 00:09:39,COMPLETADA
3855,1656,2025-11-16 12:53:43,CANCELADA
3856,4545,2025-05-05 20:41:22,PENDIENTE
3857,1645,2025-10-02 11:03:47,COMPLETADA
3858,293,2025-08-11 18:29:58,COMPLETADA
3859,896,2025-01-25 09:22:38,COMPLETADA
3860,312,2025-12-29 16:01:05,PENDIENTE
3861,1512,2025-10-22 02:22:21,COMPLETADA
3862,553,2025-03-31 10:11:43,COMPLETADA
3863,3039,2025-10-28 11:31:47,COMPLETADA
3864,1170,2025-04-14 11:18:43,COMPLETADA
3865,337,2025-08-28 03:26:18,PENDIENTE
3866,4126,2025-04-02 20:17:50,PENDIENTE
3867,1549,2025-09-08 21:19:21,PENDIENTE
3868,2605,2025-11-07 18:49:23,COMPLETADA
3869,117,2025-01-28 10:24:24,CANCELADA
3870,2797,2025-10-14 02:01:21,CANCELADA
3871,2055,2025-08-20 02:43:39,CANCELADA
3872,2869,2025-02-05 09:32:11,COMPLETADA
3873,463,2025-06-17 09:21:05,COMPLETADA
3874,1255,2025-10-23 00:29:34,CANCELADA
3875,4142,2025-07-15 16:03:59,COMPLETADA
3876,1508,2025-10-12 01:11:25,COMPLETADA
3877,2752,2025-12-12 16:54:50,PENDIENTE
3878,3596,2025-12-05 09:11:02,COMPLETADA
3879,3609,2025-03-29 14:43:38,COMPLETADA
3880,2014,2025-03-21 00:34:44,COMPLETADA
3881,2358,2025-02-06 17:04:06,COMPLETADA
3882,1175,2025-11-14 06:01:39,COMPLETADA
3883,2602,2025-08-12 20:37:03,COMPLETADA
3884,534,2025-09-13 22:34:33,COMPLETADA
3885,4377,2025-01-09 18:11:10,COMPLETADA
3886,1392,2025-01-13 04:37:22,PENDIENTE
3887,2636,2025-08-07 22:29:57,COMPLETADA
3888,1176,2025-11-08 18:12:03,CANCELADA
3889,1915,2025-08-22 10:51:32,COMPLETADA
3890,29,2025-06-12 08:49:57,COMPLETADA
3891,3175,2025-12-19 08:46:55,PENDIENTE
3892,981,2025-07-24 19:36:39,CANCELADA
3893,289,2025-09-21 01:54:09,COMPLETADA
3894,606,2025-12-02 07:55:58,COMPLETADA
3895,3903,2025-08-31 01:52:45,CANCELADA
3896,3163,2025-09-25 21:20:33,COMPLETADA
3897,3169,2025-09-13 15:41:49,COMPLETADA
3898,1947,2025-08-14 09:22:07,PENDIENTE
3899,2049,2025-02-22 00:40:55,COMPLETADA
3900,3728,2025-01-26 21:11:41,COMPLETADA
3901,1255,2025-12-07 19:54:11,COMPLETADA
3902,2951,2026-01-04 00:31:26,COMPLETADA
3903,2350,2025-06-08 07:44:03,COMPLETADA
3904,1429,2025-08-26 01:57:40,CANCELADA
3905,3183,2025-06-23 20:02:12,CANCELADA
3906,1314,2025-10-21 09:00:45,COMPLETADA
3907,172,2025-10-29 05:52:35,COMPLETADA
3908,2457,2025-04-10 12:37:57,COMPLETADA
3909,3768,2025-08-08 09:53:42,COMPLETADA
3910,4436,2025-05-31 02:16:00,CANCELADA
3911,3296,2025-06-15 14:10:13,COMPLETADA
3912,2892,2025-08-08 14:57:22,COMPLETADA
3913,3325,2025-03-03 09:23:51,COMPLETADA
3914,3423,2025-04-15 11:32:38,COMPLETADA
3915,3706,2025-06-16 18:08:30,COMPLETADA
3916,3183,2025-04-23 15:33:37,COMPLETADA
3917,2768,2025-03-25 21:54:22,COMPLETADA
3918,3268,2025-04-17 06:18:24,COMPLETADA
3919,4342,2025-05-23 14:42:20,COMPLETADA
3920,1778,2025-10-21 02:29:46,PENDIENTE
3921,4657,2025-07-17 09:57:49,COMPLETADA
3922,2978,2025-12-08 14:47:17,CANCELADA
3923,4491,2025-02-01 23:07:13,CANCELADA
3924,3345,2025-02-24 18:41:23,COMPLETADA
3925,2515,2025-07-30 09:11:23,COMPLETADA
3926,1158,2025-08-09 14:53:34,COMPLETADA
3927,4447,2025-12-28 22:37:07,PENDIENTE
3928,2461,2025-06-06 12:23:09,CANCELADA
3929,3377,2025-06-18 12:03:41,COMPLETADA
3930,1780,2025-02-24 07:50:09,COMPLETADA
3931,1284,2025-04-07 03:45:57,PENDIENTE
3932,4240,2025-04-03 14:36:19,COMPLETADA
3933,3629,2025-05-17 14:28:18,COMPLETADA
3934,1692,2025-01-05 20:19:31,COMPLETADA
3935,1412,2025-04-16 04:46:36,COMPLETADA
3936,4616,2026-01-01 21:05:45,PENDIENTE
3937,3293,2025-12-28 05:50:00,COMPLETADA
3938,1621,2025-11-07 14:05:23,COMPLETADA
3939,2593,2025-07-31 10:11:51,COMPLETADA
3940,1070,2025-08-30 18:57:36,PENDIENTE
3941,3987,2025-06-23 07:27:28,COMPLETADA
3942,4347,2025-12-19 12:12:35,PENDIENTE
3943,290,2025-08-23 02:11:05,PENDIENTE
3944,536,2025-04-15 06:24:22,COMPLETADA
3945,72,2025-08-30 00:43:44,CANCELADA
3946,433,2025-10-27 05:12:27,COMPLETADA
3947,737,2025-05-13 17:50:49,COMPLETADA
3948,2923,2025-11-04 22:01:20,COMPLETADA
3949,1234,2025-10-20 04:33:39,CANCELADA
3950,2520,2025-06-26 07:51:31,PENDIENTE
3951,2974,2025-05-14 04:17:30,COMPLETADA
3952,2585,2025-03-30 19:19:12,COMPLETADA
3953,3659,2025-12-25 14:53:57,COMPLETADA
3954,1436,2025-04-06 01:38:52,COMPLETADA
3955,832,2025-03-03 12:37:43,PENDIENTE
3956,1310,2025-01-11 19:54:24,CANCELADA
3957,1246,2025-04-17 02:34:27,COMPLETADA
3958,971,2025-10-05 01:25:02,COMPLETADA
3959,3357,2025-02-08 02:06:07,COMPLETADA
3960,4525,2025-01-13 03:24:16,COMPLETADA
3961,2304,2025-10-17 04:55:23,PENDIENTE
3962,2044,2025-10-11 18:53:23,CANCELADA
3963,1202,2025-11-07 04:45:27,CANCELADA
3964,796,2025-04-16 03:38:07,PENDIENTE
3965,1111,2025-02-21 04:58:00,CANCELADA
3966,3874,2025-03-09 04:42:53,COMPLETADA
3967,1397,2025-05-24 17:02:09,PENDIENTE
3968,4802,2025-05-09 08:11:45,PENDIENTE
3969,2969,2025-05-12 08:42:02,CANCELADA
3970,4792,2025-02-02 03:08:19,COMPLETADA
3971,3665,2025-04-20 03:23:35,CANCELADA
3972,4029,2025-05-19 05:32:59,CANCELADA
3973,4644,2025-07-28 08:50:53,COMPLETADA
3974,2784,2025-08-03 21:40:12,CANCELADA
3975,3031,2025-07-09 07:56:38,COMPLETADA
3976,1106,2025-04-19 00:23:37,COMPLETADA
3977,3225,2025-09-01 04:31:40,CANCELADA
3978,910,2025-03-21 08:56:38,CANCELADA
3979,1615,2025-09-11 12:17:19,CANCELADA
3980,2628,2025-07-08 06:21:06,COMPLETADA
3981,681,2025-01-18 12:13:40,COMPLETADA
3982,4053,2025-11-10 15:26:23,COMPLETADA
3983,4836,2025-06-27 00:44:33,COMPLETADA
3984,1385,2025-08-28 10:03:30,COMPLETADA
3985,2071,2025-04-16 12:04:27,COMPLETADA
3986,2296,2025-08-14 00:55:13,CANCELADA
3987,193,2025-10-29 15:44:38,COMPLETADA
3988,1368,2025-09-22 04:30:34,COMPLETADA
3989,1957,2025-09-19 02:17:58,PENDIENTE
3990,2156,2025-07-01 19:27:16,COMPLETADA
3991,3547,2025-12-18 13:25:25,COMPLETADA
3992,2236,2025-12-28 09:44:13,PENDIENTE
3993,3753,2025-09-23 15:51:23,PENDIENTE
3994,2728,2025-09-18 02:45:37,COMPLETADA
3995,1071,2025-09-20 16:41:53,CANCELADA
3996,88,2025-08-08 21:53:45,PENDIENTE
3997,158,2025-10-02 23:49:55,COMPLETADA
3998,1636,2025-03-31 18:39:55,CANCELADA
3999,3114,2025-06-09 17:16:40,COMPLETADA
4000,2215,2025-06-02 14:23:27,PENDIENTE
4001,2750,2025-05-15 08:58:29,COMPLETADA
4002,4200,2025-09-10 04:51:37,CANCELADA
4003,3478,2025-04-06 16:15:49,COMPLETADA
4004,2803,2025-10-16 14:53:46,COMPLETADA
4005,2837,2025-07-15 08:47:00,PENDIENTE
4006,4526,2025-03-09 08:32:00,COMPLETADA
4007,2308,2025-11-21 10:47:55,COMPLETADA
4008,3686,2025-10-12 06:26:14,CANCELADA
4009,695,2025-11-28 09:54:30,PENDIENTE
4010,2611,2025-05-16 12:30:01,CANCELADA
4011,930,2025-10-12 22:52:43,COMPLETADA
4012,1053,2025-09-12 05:20:07,PENDIENTE
4013,877,2025-01-26 15:16:16,COMPLETADA
4014,1451,2025-11-21 15:12:18,COMPLETADA
4015,1262,2025-01-08 14:35:02,COMPLETADA
4016,1942,2025-05-22 09:52:59,PENDIENTE
4017,618,2025-07-31 03:35:18,COMPLETADA
4018,111,2025-09-12 03:02:55,PENDIENTE
4019,2795,2025-07-07 08:19:39,CANCELADA
4020,577,2025-11-14 15:52:03,COMPLETADA
4021,3775,2025-04-03 01:10:39,COMPLETADA
4022,2711,2025-01-21 16:46:35,PENDIENTE
4023,867,2025-07-16 10:19:03,COMPLETADA
4024,461,2025-08-28 19:49:18,PENDIENTE
4025,1635,2025-02-09 20:42:18,CANCELADA
4026,665,2025-04-03 18:23:44,COMPLETADA
4027,751,2025-02-04 09:30:26,COMPLETADA
4028,1910,2025-05-20 04:47:13,COMPLETADA
4029,651,2025-08-30 01:50:23,COMPLETADA
4030,4337,2025-05-26 11:54:59,COMPLETADA
4031,1617,2025-06-18 15:06:53,PENDIENTE
4032,4058,2025-11-29 12:49:38,COMPLETADA
4033,1525,2025-10-27 19:16:35,COMPLETADA
4034,4849,2025-03-31 05:13:58,CANCELADA
4035,502,2025-12-20 19:29:13,COMPLETADA
4036,4159,2025-09-20 23:57:09,COMPLETADA
4037,1441,2025-05-07 17:56:13,CANCELADA
4038,2157,2025-09-06 22:38:28,COMPLETADA
4039,4441,2025-05-07 10:22:38,COMPLETADA
4040,1552,2025-05-02 07:29:24,PENDIENTE
4041,621,2025-02-22 04:21:18,COMPLETADA
4042,2633,2025-03-09 11:47:10,PENDIENTE
4043,1866,2025-10-25 06:16:29,COMPLETADA
4044,4853,2026-01-02 01:22:28,COMPLETADA
4045,3378,2025-05-09 00:05:35,COMPLETADA
4046,2339,2025-01-19 15:08:50,COMPLETADA
4047,2056,2025-12-15 06:43:57,PENDIENTE
4048,1973,2025-04-09 00:02:15,COMPLETADA
4049,2062,2025-05-03 13:13:01,COMPLETADA
4050,1322,2026-01-04 08:13:55,COMPLETADA
4051,515,2025-04-05 02:00:38,COMPLETADA
4052,495,2025-10-01 04:54:40,COMPLETADA
4053,3524,2025-04-07 17:18:24,COMPLETADA
4054,3654,2025-07-19 18:42:35,COMPLETADA
4055,723,2025-02-18 22:45:43,COMPLETADA
4056,2962,2025-08-13 19:38:28,PENDIENTE
4057,4961,2025-03-20 17:16:11,PENDIENTE
4058,540,2025-12-06 22:32:59,COMPLETADA
4059,2614,2025-02-14 10:04:19,COMPLETADA
4060,3936,2025-12-12 06:22:23,COMPLETADA
4061,2460,2025-05-13 21:52:03,PENDIENTE
4062,2568,2025-07-03 14:38:02,COMPLETADA
4063,1559,2025-11-19 12:55:19,COMPLETADA
4064,1398,2025-08-13 12:18:26,COMPLETADA
4065,2891,2025-05-20 14:17:48,COMPLETADA
4066,3782,2025-06-30 23:49:08,COMPLETADA
4067,3304,2026-01-03 05:26:15,COMPLETADA
4068,3805,2025-05-19 19:06:56,COMPLETADA
4069,1164,2025-05-05 11:22:38,PENDIENTE
4070,3159,2025-07-20 10:30:33,COMPLETADA
4071,201,2025-02-13 19:44:42,CANCELADA
4072,2595,2025-05-24 22:32:28,COMPLETADA
4073,1224,2025-12-11 06:06:31,COMPLETADA
4074,115,2025-08-13 09:00:50,COMPLETADA
4075,1416,2025-05-25 16:25:03,COMPLETADA
4076,1507,2025-07-01 11:18:17,COMPLETADA
4077,135,2025-08-12 15:35:44,COMPLETADA
4078,1228,2025-12-25 10:44:02,COMPLETADA
4079,1621,2025-10-26 14:21:06,COMPLETADA
4080,3214,2025-03-27 17:17:59,COMPLETADA
4081,4501,2025-10-08 12:12:12,COMPLETADA
4082,1557,2025-02-20 13:18:36,COMPLETADA
4083,4089,2025-10-13 00:21:34,COMPLETADA
4084,1310,2025-01-17 14:25:35,COMPLETADA
4085,490,2025-04-07 22:09:50,COMPLETADA
4086,869,2025-07-06 07:45:59,COMPLETADA
4087,2649,2025-12-12 03:15:37,PENDIENTE
4088,4980,2025-06-09 23:00:49,COMPLETADA
4089,1927,2025-12-16 15:20:08,COMPLETADA
4090,4049,2025-06-09 22:35:09,PENDIENTE
4091,3411,2025-01-16 03:51:08,COMPLETADA
4092,2524,2025-11-19 00:36:07,COMPLETADA
4093,2774,2025-08-12 23:54:08,COMPLETADA
4094,3515,2025-09-20 00:32:12,COMPLETADA
4095,4908,2025-05-03 01:34:35,COMPLETADA
4096,2310,2025-03-20 23:14:53,COMPLETADA
4097,3059,2025-01-30 10:05:42,PENDIENTE
4098,1050,2025-09-23 01:26:11,COMPLETADA
4099,3880,2025-03-17 22:42:09,COMPLETADA
4100,3663,2025-09-28 16:41:21,COMPLETADA
4101,2017,2025-03-10 12:36:32,COMPLETADA
4102,2673,2025-02-21 00:59:42,PENDIENTE
4103,2561,2025-08-13 11:21:43,COMPLETADA
4104,3901,2025-12-27 02:11:22,PENDIENTE
4105,4547,2025-12-10 08:21:17,COMPLETADA
4106,2713,2025-09-16 08:55:38,PENDIENTE
4107,1042,2025-09-08 02:48:30,CANCELADA
4108,4689,2025-01-31 01:23:44,CANCELADA
4109,1876,2025-05-21 04:31:49,PENDIENTE
4110,4993,2025-07-28 11:08:21,COMPLETADA
4111,2041,2025-11-13 07:39:53,COMPLETADA
4112,3849,2025-02-28 06:25:19,CANCELADA
4113,2568,2025-03-25 20:05:18,COMPLETADA
4114,784,2025-05-21 02:32:34,COMPLETADA
4115,1216,2025-03-11 07:31:49,COMPLETADA
4116,667,2025-05-08 13:33:04,COMPLETADA
4117,3791,2025-12-30 10:55:54,COMPLETADA
4118,2180,2025-11-25 08:10:23,COMPLETADA
4119,3192,2025-04-17 09:54:16,PENDIENTE
4120,2263,2025-10-10 08:51:34,PENDIENTE
4121,2981,2025-11-04 05:32:08,PENDIENTE
4122,484,2025-07-10 13:50:21,COMPLETADA
4123,1830,2025-11-22 14:03:11,COMPLETADA
4124,2681,2025-06-30 03:13:07,COMPLETADA
4125,3954,2025-09-08 06:00:29,COMPLETADA
4126,2235,2025-10-19 06:49:21,CANCELADA
4127,3971,2025-11-27 15:07:17,CANCELADA
4128,4955,2025-06-10 22:26:14,CANCELADA
4129,1639,2025-05-03 04:18:02,PENDIENTE
4130,1542,2025-06-09 12:38:09,CANCELADA
4131,4896,2025-01-28 19:24:48,COMPLETADA
4132,2422,2025-04-13 17:46:16,PENDIENTE
4133,1597,2025-09-19 00:41:57,COMPLETADA
4134,4130,2025-12-21 12:37:34,COMPLETADA
4135,3081,2025-12-10 21:31:03,COMPLETADA
4136,90,2025-05-06 19:51:43,COMPLETADA
4137,1674,2025-11-14 20:47:16,COMPLETADA
4138,208,2025-10-29 23:27:16,COMPLETADA
4139,3453,2025-08-05 07:32:33,COMPLETADA
4140,3809,2025-06-01 06:55:02,PENDIENTE
4141,1210,2025-04-28 16:39:43,COMPLETADA
4142,3130,2025-11-12 13:44:24,COMPLETADA
4143,4865,2025-12-21 22:24:12,COMPLETADA
4144,2574,2025-10-06 00:21:13,COMPLETADA
4145,2241,2025-03-19 07:00:16,COMPLETADA
4146,1621,2025-10-27 22:29:21,PENDIENTE
4147,3714,2025-10-16 10:41:32,COMPLETADA
4148,4805,2025-11-21 03:02:45,COMPLETADA
4149,139,2025-09-01 23:40:50,COMPLETADA
4150,2675,2025-04-11 05:31:45,COMPLETADA
4151,3022,2025-06-29 04:57:16,COMPLETADA
4152,3073,2025-06-23 15:14:25,COMPLETADA
4153,3558,2025-06-09 17:31:38,COMPLETADA
4154,3241,2025-11-13 17:00:44,COMPLETADA
4155,283,2025-06-04 01:28:02,COMPLETADA
4156,2655,2025-12-01 09:40:05,COMPLETADA
4157,4658,2025-03-09 11:46:06,COMPLETADA
4158,4192,2025-10-26 02:30:57,COMPLETADA
4159,1081,2025-12-30 13:34:21,COMPLETADA
4160,557,2025-06-07 06:51:42,COMPLETADA
4161,838,2025-08-13 12:09:17,COMPLETADA
4162,1926,2025-10-19 19:54:21,COMPLETADA
4163,2952,2025-03-26 08:21:31,CANCELADA
4164,2771,2025-04-27 04:29:55,COMPLETADA
4165,2815,2025-06-10 11:12:44,PENDIENTE
4166,4035,2025-11-12 02:21:44,COMPLETADA
4167,510,2025-07-13 02:19:00,COMPLETADA
4168,3244,2025-12-27 12:11:07,PENDIENTE
4169,4491,2025-06-30 16:08:09,PENDIENTE
4170,1698,2025-01-25 04:20:13,COMPLETADA
4171,945,2025-05-29 03:13:29,PENDIENTE
4172,2137,2025-03-27 18:21:08,COMPLETADA
4173,463,2025-12-15 12:03:16,COMPLETADA
4174,4569,2025-06-14 14:03:53,COMPLETADA
4175,1848,2025-06-25 15:21:54,COMPLETADA
4176,346,2025-08-30 07:14:25,COMPLETADA
4177,1906,2025-08-28 18:02:18,CANCELADA
4178,1128,2025-04-11 20:58:12,COMPLETADA
4179,2646,2025-05-28 22:16:31,COMPLETADA
4180,3243,2025-10-03 10:43:25,COMPLETADA
4181,2373,2025-12-12 01:28:47,COMPLETADA
4182,3400,2025-03-07 22:05:44,COMPLETADA
4183,329,2025-06-16 04:58:26,COMPLETADA
4184,295,2025-03-27 21:02:54,COMPLETADA
4185,4774,2025-09-18 22:45:37,COMPLETADA
4186,2863,2025-11-30 08:54:28,PENDIENTE
4187,4765,2025-08-23 07:06:46,CANCELADA
4188,4171,2025-02-03 12:04:44,CANCELADA
4189,1345,2025-02-24 03:38:52,COMPLETADA
4190,1248,2025-09-24 00:07:04,COMPLETADA
4191,2306,2026-01-03 13:40:55,COMPLETADA
4192,3067,2025-05-13 08:13:56,COMPLETADA
4193,1310,2025-12-29 17:54:18,PENDIENTE
4194,4978,2025-07-25 13:07:43,COMPLETADA
4195,1604,2025-09-09 12:25:50,COMPLETADA
4196,2133,2025-12-01 08:23:17,COMPLETADA
4197,2338,2025-04-09 21:52:59,COMPLETADA
4198,3650,2025-05-08 03:04:35,COMPLETADA
4199,4193,2025-08-12 03:44:01,PENDIENTE
4200,1677,2025-12-17 17:10:11,COMPLETADA
4201,342,2025-03-17 22:06:48,COMPLETADA
4202,875,2025-06-24 13:31:32,PENDIENTE
4203,1685,2025-02-15 09:15:11,COMPLETADA
4204,4672,2025-12-25 13:03:15,PENDIENTE
4205,2447,2025-07-17 15:16:02,PENDIENTE
4206,1756,2025-11-17 18:16:54,CANCELADA
4207,2486,2025-10-02 21:45:10,COMPLETADA
4208,446,2025-07-05 02:19:31,COMPLETADA
4209,1883,2025-03-27 23:59:24,COMPLETADA
4210,2068,2026-01-01 18:23:02,COMPLETADA
4211,196,2025-04-19 03:57:14,COMPLETADA
4212,1773,2025-01-10 19:16:34,PENDIENTE
4213,2736,2025-11-01 13:39:52,COMPLETADA
4214,3184,2025-03-02 17:17:01,PENDIENTE
4215,3751,2025-01-15 08:46:25,CANCELADA
4216,4931,2025-10-18 05:35:46,PENDIENTE
4217,4028,2025-10-03 00:27:53,COMPLETADA
4218,4889,2025-02-22 17:51:32,COMPLETADA
4219,2036,2025-01-17 03:28:21,COMPLETADA
4220,879,2025-06-03 13:14:51,CANCELADA
4221,256,2025-03-01 21:11:15,COMPLETADA
4222,92,2025-12-04 21:52:43,CANCELADA
4223,1,2025-02-11 23:36:33,COMPLETADA
4224,3125,2025-04-29 17:23:25,PENDIENTE
4225,1307,2025-10-14 01:44:22,COMPLETADA
4226,3016,2025-02-21 07:34:14,COMPLETADA
4227,1563,2025-11-10 15:50:16,CANCELADA
4228,3055,2025-08-15 09:14:39,COMPLETADA
4229,3421,2025-05-11 13:25:02,PENDIENTE
4230,2437,2025-07-31 06:04:44,PENDIENTE
4231,984,2025-10-25 15:41:55,COMPLETADA
4232,2153,2025-07-31 18:36:50,COMPLETADA
4233,1677,2025-11-18 08:24:08,COMPLETADA
4234,249,2025-05-31 02:17:23,CANCELADA
4235,3904,2025-07-03 01:38:03,COMPLETADA
4236,923,2025-09-12 15:08:32,COMPLETADA
4237,1924,2025-05-22 04:15:54,COMPLETADA
4238,4750,2025-08-23 22:42:30,PENDIENTE
4239,2238,2025-11-25 07:43:46,COMPLETADA
4240,4614,2025-06-29 15:09:42,COMPLETADA
4241,1256,2025-10-11 11:05:14,COMPLETADA
4242,3257,2025-11-25 12:38:33,PENDIENTE
4243,245,2025-03-13 01:22:10,COMPLETADA
4244,3543,2025-05-23 19:31:12,PENDIENTE
4245,3379,2025-02-10 10:47:11,COMPLETADA
4246,109,2025-10-23 10:51:32,COMPLETADA
4247,361,2025-01-22 14:54:48,PENDIENTE
4248,2301,2025-03-04 11:02:24,PENDIENTE
4249,3926,2025-10-20 05:52:20,COMPLETADA
4250,2190,2025-04-26 04:13:39,COMPLETADA
4251,2228,2025-10-28 06:57:41,CANCELADA
4252,1541,2025-12-16 19:18:49,COMPLETADA
4253,3670,2025-04-06 16:27:31,PENDIENTE
4254,362,2025-12-16 01:43:36,CANCELADA
4255,3567,2025-05-18 13:21:16,COMPLETADA
4256,4003,2025-12-09 15:11:58,PENDIENTE
4257,388,2025-04-26 17:10:08,COMPLETADA
4258,725,2025-12-17 04:36:04,COMPLETADA
4259,3738,2025-12-02 11:32:19,PENDIENTE
4260,4462,2025-08-25 07:52:46,COMPLETADA
4261,3042,2025-10-04 18:35:05,PENDIENTE
4262,4430,2025-07-05 10:33:43,COMPLETADA
4263,2841,2025-12-05 06:48:28,COMPLETADA
4264,4754,2025-03-12 12:49:42,COMPLETADA
4265,3830,2025-06-12 11:35:46,CANCELADA
4266,2396,2025-12-15 08:44:14,COMPLETADA
4267,4052,2025-10-08 12:34:24,PENDIENTE
4268,3341,2025-05-24 16:23:38,COMPLETADA
4269,3537,2025-08-18 09:38:50,COMPLETADA
4270,2075,2025-04-03 14:17:38,CANCELADA
4271,2727,2025-10-13 18:51:54,CANCELADA
4272,3823,2025-09-19 11:35:19,COMPLETADA
4273,4418,2025-12-16 23:06:44,CANCELADA
4274,1346,2025-03-31 13:06:59,CANCELADA
4275,2814,2025-10-05 17:06:41,COMPLETADA
4276,1189,2025-06-25 02:41:33,COMPLETADA
4277,4426,2025-12-19 22:20:09,COMPLETADA
4278,1307,2025-02-21 14:30:29,CANCELADA
4279,4700,2025-04-20 07:48:10,COMPLETADA
4280,1687,2025-04-02 00:45:29,PENDIENTE
4281,3247,2025-05-02 03:58:14,COMPLETADA
4282,3433,2026-01-01 20:27:08,CANCELADA
4283,4108,2025-09-10 08:26:22,COMPLETADA
4284,4257,2025-04-16 14:48:33,COMPLETADA
4285,34,2025-01-25 04:22:25,COMPLETADA
4286,4510,2025-10-10 03:28:33,PENDIENTE
4287,1350,2025-12-22 03:57:03,PENDIENTE
4288,2744,2025-08-29 23:18:56,COMPLETADA
4289,2667,2025-03-20 15:40:07,PENDIENTE
4290,3059,2025-12-11 06:26:15,COMPLETADA
4291,3236,2025-09-25 15:58:45,COMPLETADA
4292,3218,2025-05-11 15:57:42,COMPLETADA
4293,2877,2025-01-15 07:42:15,PENDIENTE
4294,872,2025-07-06 07:52:52,COMPLETADA
4295,3717,2025-03-19 11:07:49,COMPLETADA
4296,1543,2025-04-18 14:55:39,PENDIENTE
4297,4133,2025-12-09 18:48:47,PENDIENTE
4298,4057,2025-02-08 02:44:59,COMPLETADA
4299,592,2025-02-03 10:29:23,PENDIENTE
4300,2512,2025-10-23 20:45:02,COMPLETADA
4301,3327,2025-08-12 20:50:12,COMPLETADA
4302,1715,2025-10-28 07:54:22,COMPLETADA
4303,792,2025-07-28 08:02:22,CANCELADA
4304,1565,2025-05-11 16:21:21,COMPLETADA
4305,255,2025-06-24 05:30:59,COMPLETADA
4306,1697,2025-10-01 02:08:17,COMPLETADA
4307,585,2025-06-08 03:49:11,COMPLETADA
4308,3708,2025-01-14 04:15:41,CANCELADA
4309,3457,2025-11-08 04:00:40,CANCELADA
4310,3302,2025-06-03 09:59:29,COMPLETADA
4311,4896,2025-08-31 11:09:42,COMPLETADA
4312,3177,2025-02-27 03:21:37,COMPLETADA
4313,2489,2025-04-11 07:59:20,COMPLETADA
4314,4831,2025-04-23 10:01:27,CANCELADA
4315,4861,2025-09-22 19:38:53,COMPLETADA
4316,4026,2025-05-06 19:56:10,CANCELADA
4317,4096,2025-10-15 12:03:42,COMPLETADA
4318,255,2025-09-25 22:36:15,COMPLETADA
4319,3880,2025-08-13 10:18:44,CANCELADA
4320,3144,2025-09-17 06:31:21,PENDIENTE
4321,803,2025-08-23 08:43:44,COMPLETADA
4322,4810,2025-04-04 19:54:22,COMPLETADA
4323,2876,2025-02-25 06:08:19,CANCELADA
4324,4017,2025-01-25 03:08:48,CANCELADA
4325,3113,2025-09-17 10:23:58,COMPLETADA
4326,3994,2025-05-27 04:45:56,PENDIENTE
4327,712,2025-04-13 03:50:00,COMPLETADA
4328,4455,2025-11-25 00:41:16,COMPLETADA
4329,2011,2025-04-23 11:14:18,PENDIENTE
4330,771,2025-12-16 14:51:29,COMPLETADA
4331,2764,2025-05-06 05:25:42,COMPLETADA
4332,3845,2025-06-26 05:21:52,COMPLETADA
4333,2538,2025-02-19 14:36:14,COMPLETADA
4334,3697,2025-05-13 09:01:47,COMPLETADA
4335,3364,2025-11-05 14:26:20,COMPLETADA
4336,1052,2025-08-04 06:16:00,COMPLETADA
4337,232,2025-06-08 17:24:26,CANCELADA
4338,3641,2025-03-26 12:25:14,COMPLETADA
4339,1485,2025-12-31 15:48:29,COMPLETADA
4340,4629,2025-01-11 22:58:52,COMPLETADA
4341,4389,2025-08-07 09:32:52,PENDIENTE
4342,400,2025-11-11 07:33:26,COMPLETADA
4343,964,2025-12-12 22:45:03,PENDIENTE
4344,4024,2025-03-17 01:00:14,COMPLETADA
4345,3701,2025-11-29 11:30:45,COMPLETADA
4346,1334,2025-03-12 14:30:21,COMPLETADA
4347,4925,2025-08-31 20:07:32,COMPLETADA
4348,899,2025-10-15 06:03:33,PENDIENTE
4349,630,2025-05-12 00:49:13,COMPLETADA
4350,3984,2025-07-19 16:55:42,COMPLETADA
4351,3173,2025-08-24 04:27:52,PENDIENTE
4352,1447,2025-09-14 22:59:27,PENDIENTE
4353,360,2025-08-05 12:50:37,COMPLETADA
4354,1831,2025-06-20 15:53:38,COMPLETADA
4355,4781,2025-11-04 01:17:11,PENDIENTE
4356,1874,2025-06-05 07:23:58,PENDIENTE
4357,952,2025-12-10 07:16:42,COMPLETADA
4358,1141,2025-09-21 02:45:48,COMPLETADA
4359,4958,2025-09-16 10:09:21,COMPLETADA
4360,3589,2025-09-17 11:13:15,COMPLETADA
4361,3523,2025-11-10 00:47:16,COMPLETADA
4362,4303,2025-01-10 02:17:54,CANCELADA
4363,3018,2025-07-11 00:26:24,COMPLETADA
4364,872,2025-02-04 02:43:31,COMPLETADA
4365,275,2025-07-23 21:18:07,COMPLETADA
4366,4566,2025-12-04 02:16:08,PENDIENTE
4367,549,2025-09-29 20:15:49,COMPLETADA
4368,2153,2025-04-10 01:02:30,CANCELADA
4369,2930,2025-01-05 22:29:24,COMPLETADA
4370,4155,2025-10-10 04:14:22,CANCELADA
4371,1127,2025-01-10 09:16:15,COMPLETADA
4372,1328,2025-12-27 20:51:59,COMPLETADA
4373,1531,2025-09-28 10:06:09,PENDIENTE
4374,3655,2025-01-31 08:48:30,PENDIENTE
4375,4473,2025-02-07 00:48:59,COMPLETADA
4376,2155,2025-03-27 23:58:16,COMPLETADA
4377,1520,2025-11-30 11:37:42,COMPLETADA
4378,950,2025-10-17 08:42:46,COMPLETADA
4379,1903,2025-07-31 01:36:25,COMPLETADA
4380,2461,2025-11-21 15:02:18,COMPLETADA
4381,3201,2025-06-17 09:49:27,COMPLETADA
4382,492,2025-06-03 08:38:14,COMPLETADA
4383,100,2025-11-16 17:15:28,COMPLETADA
4384,2179,2025-05-22 21:10:47,COMPLETADA
4385,73,2025-08-26 04:58:12,COMPLETADA
4386,1123,2025-03-30 14:57:09,COMPLETADA
4387,1997,2025-12-29 04:19:38,CANCELADA
4388,1750,2025-09-17 04:02:37,COMPLETADA
4389,3890,2025-07-24 08:51:25,COMPLETADA
4390,1755,2025-02-08 20:55:21,COMPLETADA
4391,3178,2025-11-06 20:08:21,COMPLETADA
4392,4436,2025-01-24 06:02:41,CANCELADA
4393,581,2025-04-13 00:00:37,COMPLETADA
4394,1041,2025-02-22 00:45:04,CANCELADA
4395,1192,2025-11-03 06:31:03,CANCELADA
4396,558,2025-07-01 13:02:17,COMPLETADA
4397,595,2025-09-17 18:02:10,COMPLETADA
4398,2024,2025-04-24 01:28:43,COMPLETADA
4399,3388,2025-04-30 23:22:23,PENDIENTE
4400,2964,2025-03-25 23:58:53,CANCELADA
4401,2151,2025-08-26 11:19:32,COMPLETADA
4402,3538,2025-05-10 12:08:34,COMPLETADA
4403,2626,2025-04-07 17:33:28,PENDIENTE
4404,227,2025-05-29 03:24:42,COMPLETADA
4405,3062,2025-06-15 01:07:16,COMPLETADA
4406,4968,2025-02-26 00:57:18,PENDIENTE
4407,1841,2025-04-18 14:48:51,PENDIENTE
4408,1044,2025-02-01 06:58:50,COMPLETADA
4409,4175,2025-09-01 17:15:57,CANCELADA
4410,1289,2025-10-12 01:47:46,COMPLETADA
4411,4271,2025-01-06 00:48:21,COMPLETADA
4412,615,2025-04-18 17:07:45,COMPLETADA
4413,254,2025-10-09 08:38:48,COMPLETADA
4414,4602,2025-01-16 17:33:45,COMPLETADA
4415,1193,2025-11-13 16:19:08,PENDIENTE
4416,328,2025-10-01 03:28:02,COMPLETADA
4417,3222,2025-11-25 23:50:54,COMPLETADA
4418,2798,2025-05-17 23:32:42,COMPLETADA
4419,4386,2025-01-25 11:33:32,COMPLETADA
4420,2525,2025-02-15 01:54:20,CANCELADA
4421,3850,2025-10-15 18:46:22,COMPLETADA
4422,3163,2025-09-21 00:54:50,PENDIENTE
4423,4830,2025-09-14 05:04:40,PENDIENTE
4424,4958,2025-12-31 07:21:02,COMPLETADA
4425,4703,2025-07-30 01:54:33,COMPLETADA
4426,2762,2025-03-31 00:19:46,COMPLETADA
4427,4012,2025-08-12 22:24:26,CANCELADA
4428,4365,2025-04-19 20:51:28,COMPLETADA
4429,516,2025-07-09 09:24:04,COMPLETADA
4430,2198,2025-12-28 10:06:20,CANCELADA
4431,2368,2025-07-04 16:43:57,COMPLETADA
4432,1867,2025-05-16 07:54:40,COMPLETADA
4433,2656,2025-07-01 01:15:10,CANCELADA
4434,4637,2025-05-22 07:38:50,COMPLETADA
4435,2510,2025-03-10 22:33:33,COMPLETADA
4436,2745,2025-03-01 03:05:48,COMPLETADA
4437,3372,2025-03-16 15:33:17,COMPLETADA
4438,4897,2025-04-20 13:06:24,COMPLETADA
4439,1543,2025-02-27 08:58:50,PENDIENTE
4440,1141,2025-06-26 04:20:27,PENDIENTE
4441,2417,2025-08-23 05:04:39,COMPLETADA
4442,2962,2025-04-18 16:25:34,PENDIENTE
4443,4530,2025-09-24 15:22:02,COMPLETADA
4444,3791,2025-08-28 19:40:18,COMPLETADA
4445,1421,2025-04-18 14:22:54,COMPLETADA
4446,2388,2025-05-10 22:20:27,COMPLETADA
4447,1686,2025-08-29 06:18:52,COMPLETADA
4448,2764,2025-10-14 06:07:25,COMPLETADA
4449,4072,2025-03-08 13:47:36,COMPLETADA
4450,3209,2025-01-13 09:28:28,COMPLETADA
4451,2218,2025-02-18 07:00:13,CANCELADA
4452,3761,2025-10-23 10:42:01,COMPLETADA
4453,1199,2025-09-16 22:11:58,COMPLETADA
4454,591,2025-12-18 06:33:12,COMPLETADA
4455,3085,2025-10-03 12:42:46,PENDIENTE
4456,3221,2025-02-22 20:45:15,COMPLETADA
4457,1548,2025-11-02 20:01:38,PENDIENTE
4458,2088,2025-12-18 03:09:31,CANCELADA
4459,3726,2025-07-20 22:22:12,CANCELADA
4460,4511,2025-12-30 22:25:05,COMPLETADA
4461,2270,2025-09-17 14:15:36,COMPLETADA
4462,3445,2025-12-26 04:52:09,COMPLETADA
4463,418,2025-02-06 02:05:21,CANCELADA
4464,4011,2025-08-29 18:35:08,COMPLETADA
4465,3903,2025-11-09 05:54:22,COMPLETADA
4466,2566,2025-06-12 07:52:29,COMPLETADA
4467,1484,2025-04-11 10:35:27,COMPLETADA
4468,447,2025-03-14 18:02:47,COMPLETADA
4469,576,2025-09-03 06:12:42,COMPLETADA
4470,4494,2025-10-07 17:57:21,COMPLETADA
4471,1044,2025-07-07 05:50:28,PENDIENTE
4472,3468,2025-06-09 16:26:48,COMPLETADA
4473,4642,2025-03-05 06:28:48,COMPLETADA
4474,913,2025-07-26 06:09:03,COMPLETADA
4475,2271,2025-07-04 07:55:49,COMPLETADA
4476,1972,2025-01-08 16:10:28,COMPLETADA
4477,4946,2025-07-17 19:42:26,COMPLETADA
4478,2186,2025-08-16 18:44:05,CANCELADA
4479,2897,2025-01-04 13:58:42,PENDIENTE
4480,1243,2025-06-22 16:20:46,COMPLETADA
4481,4786,2025-02-28 14:53:11,COMPLETADA
4482,1802,2025-12-01 22:48:06,COMPLETADA
4483,3140,2025-04-17 04:23:07,COMPLETADA
4484,143,2025-02-11 13:48:22,CANCELADA
4485,747,2025-10-20 03:55:23,COMPLETADA
4486,2210,2025-02-05 08:58:41,PENDIENTE
4487,1021,2025-03-07 15:25:17,COMPLETADA
4488,3330,2025-03-04 02:57:19,COMPLETADA
4489,3765,2025-05-13 03:34:11,COMPLETADA
4490,1422,2025-12-01 15:05:20,CANCELADA
4491,2290,2025-02-28 09:36:19,COMPLETADA
4492,1957,2025-02-17 03:26:31,PENDIENTE
4493,3566,2025-12-17 19:32:46,COMPLETADA
4494,4913,2025-03-01 15:11:42,PENDIENTE
4495,3655,2025-06-16 18:33:58,COMPLETADA
4496,823,2025-08-24 23:01:23,PENDIENTE
4497,3347,2025-03-22 23:58:31,PENDIENTE
4498,3626,2025-07-07 05:22:35,COMPLETADA
4499,3150,2025-02-13 15:35:05,CANCELADA
4500,3115,2025-06-19 17:29:01,COMPLETADA
4501,2226,2025-03-27 18:47:07,COMPLETADA
4502,4027,2025-04-26 05:31:17,COMPLETADA
4503,4293,2025-02-07 14:15:50,COMPLETADA
4504,170,2025-01-26 12:48:24,COMPLETADA
4505,3178,2025-08-11 10:02:16,PENDIENTE
4506,4969,2025-02-05 09:29:20,COMPLETADA
4507,1184,2025-10-07 18:21:52,PENDIENTE
4508,4924,2025-12-11 09:43:48,PENDIENTE
4509,3094,2025-03-30 18:01:46,COMPLETADA
4510,3310,2025-07-14 15:21:20,COMPLETADA
4511,2575,2025-08-21 01:22:03,COMPLETADA
4512,2246,2025-08-18 22:25:29,COMPLETADA
4513,2382,2025-02-21 10:11:50,CANCELADA
4514,3109,2025-08-24 02:02:10,COMPLETADA
4515,3848,2025-04-01 04:12:02,CANCELADA
4516,4615,2025-11-18 04:46:59,COMPLETADA
4517,530,2025-06-24 10:29:20,COMPLETADA
4518,180,2025-03-18 03:19:04,COMPLETADA
4519,2828,2025-10-03 22:47:12,COMPLETADA
4520,168,2025-12-01 00:56:53,COMPLETADA
4521,3649,2025-07-31 11:33:24,CANCELADA
4522,733,2025-07-28 03:35:54,COMPLETADA
4523,2853,2025-02-18 07:05:48,COMPLETADA
4524,3004,2025-03-22 11:41:20,CANCELADA
4525,2129,2025-10-17 20:58:13,COMPLETADA
4526,1381,2025-03-07 01:56:43,COMPLETADA
4527,4797,2025-06-27 13:48:03,COMPLETADA
4528,4908,2025-03-20 17:43:23,COMPLETADA
4529,1604,2025-09-11 02:30:44,PENDIENTE
4530,3125,2025-12-30 09:01:58,COMPLETADA
4531,1873,2025-12-24 19:26:17,COMPLETADA
4532,1301,2025-01-30 13:39:30,COMPLETADA
4533,4529,2025-05-18 19:52:55,COMPLETADA
4534,650,2025-07-18 13:19:21,COMPLETADA
4535,2091,2025-09-25 09:02:07,COMPLETADA
4536,2402,2025-10-27 08:27:26,COMPLETADA
4537,3571,2025-04-01 13:20:13,COMPLETADA
4538,1524,2025-09-21 16:38:08,COMPLETADA
4539,2553,2025-04-20 22:25:24,COMPLETADA
4540,548,2025-01-13 23:43:14,COMPLETADA
4541,756,2025-04-15 10:07:00,COMPLETADA
4542,4691,2025-10-30 14:34:01,PENDIENTE
4543,1442,2025-12-07 19:59:37,COMPLETADA
4544,3853,2025-09-03 21:57:42,CANCELADA
4545,1376,2025-04-25 10:01:54,COMPLETADA
4546,1601,2025-02-06 09:44:03,COMPLETADA
4547,632,2025-08-18 18:24:09,COMPLETADA
4548,832,2025-10-19 15:15:26,COMPLETADA
4549,1465,2025-09-25 17:59:21,COMPLETADA
4550,3790,2025-09-18 21:19:56,COMPLETADA
4551,3023,2026-01-03 05:02:46,PENDIENTE
4552,1252,2025-12-14 00:42:12,COMPLETADA
4553,1531,2025-08-05 15:41:33,COMPLETADA
4554,72,2025-03-08 03:33:19,COMPLETADA
4555,1408,2025-10-21 01:31:02,PENDIENTE
4556,4205,2025-10-25 18:23:58,PENDIENTE
4557,4104,2025-07-10 01:16:05,COMPLETADA
4558,466,2025-04-05 09:48:09,COMPLETADA
4559,1369,2025-02-05 17:34:33,COMPLETADA
4560,1278,2025-02-10 09:30:11,PENDIENTE
4561,1982,2025-04-22 08:25:19,CANCELADA
4562,3009,2025-04-17 03:27:52,COMPLETADA
4563,2288,2025-01-27 02:22:46,COMPLETADA
4564,3727,2025-02-17 16:15:38,COMPLETADA
4565,901,2025-07-09 06:59:51,PENDIENTE
4566,1328,2025-07-13 02:17:14,COMPLETADA
4567,347,2025-01-20 02:12:31,COMPLETADA
4568,3092,2025-02-22 20:09:20,COMPLETADA
4569,2353,2025-05-19 21:28:31,COMPLETADA
4570,4014,2025-10-08 12:53:06,PENDIENTE
4571,3236,2025-03-09 13:55:07,COMPLETADA
4572,3309,2025-02-05 08:51:09,CANCELADA
4573,3823,2025-01-06 18:58:51,CANCELADA
4574,4258,2025-12-21 01:16:43,COMPLETADA
4575,4961,2025-07-20 16:49:33,COMPLETADA
4576,3320,2025-07-21 20:46:29,PENDIENTE
4577,4289,2025-07-12 23:02:23,CANCELADA
4578,1368,2025-07-07 02:13:02,COMPLETADA
4579,4094,2025-09-20 01:12:44,COMPLETADA
4580,299,2025-05-28 21:11:08,COMPLETADA
4581,4914,2025-08-31 05:51:21,CANCELADA
4582,2445,2025-05-10 14:38:00,COMPLETADA
4583,3379,2025-03-29 00:36:37,COMPLETADA
4584,2454,2025-12-05 03:23:20,COMPLETADA
4585,2577,2025-06-30 22:06:15,COMPLETADA
4586,132,2025-02-25 18:53:26,COMPLETADA
4587,1206,2025-10-11 14:18:17,COMPLETADA
4588,4837,2025-11-01 05:48:27,PENDIENTE
4589,1146,2025-03-07 12:22:26,COMPLETADA
4590,2474,2025-02-17 20:59:15,COMPLETADA
4591,1166,2025-04-14 08:39:24,COMPLETADA
4592,1861,2025-08-20 18:38:06,CANCELADA
4593,2072,2025-06-17 03:49:40,COMPLETADA
4594,3821,2025-07-27 20:55:18,PENDIENTE
4595,3044,2025-05-10 11:43:36,CANCELADA
4596,3796,2025-07-17 00:13:44,COMPLETADA
4597,421,2025-05-27 21:46:44,COMPLETADA
4598,1193,2025-10-22 10:52:23,CANCELADA
4599,830,2025-09-08 15:31:24,COMPLETADA
4600,436,2025-04-28 04:55:25,COMPLETADA
4601,3167,2025-02-11 02:38:17,CANCELADA
4602,3551,2025-07-20 06:50:55,COMPLETADA
4603,2409,2025-01-27 15:10:17,COMPLETADA
4604,4199,2026-01-03 14:31:58,COMPLETADA
4605,332,2025-06-13 17:23:58,CANCELADA
4606,3928,2025-12-03 10:44:24,COMPLETADA
4607,2716,2025-06-07 16:32:46,COMPLETADA
4608,4152,2025-02-24 04:58:29,COMPLETADA
4609,830,2025-08-11 09:21:31,COMPLETADA
4610,4601,2025-03-18 06:11:17,COMPLETADA
4611,203,2025-01-23 15:42:07,COMPLETADA
4612,4269,2025-03-05 01:56:49,COMPLETADA
4613,3673,2025-04-16 20:21:30,COMPLETADA
4614,3771,2025-10-05 23:44:37,COMPLETADA
4615,2676,2025-09-15 10:52:57,COMPLETADA
4616,418,2025-07-24 16:26:38,PENDIENTE
4617,4798,2025-12-07 08:45:41,COMPLETADA
4618,3592,2025-05-07 15:42:35,PENDIENTE
4619,3551,2025-03-28 17:13:05,PENDIENTE
4620,297,2025-12-25 12:27:48,PENDIENTE
4621,4490,2025-10-29 04:48:25,PENDIENTE
4622,4640,2025-02-22 04:58:36,COMPLETADA
4623,1257,2025-05-27 19:13:22,CANCELADA
4624,3096,2025-01-27 03:22:47,COMPLETADA
4625,3604,2025-06-23 19:17:38,PENDIENTE
4626,2189,2025-04-11 21:46:32,COMPLETADA
4627,1609,2025-12-25 20:38:11,COMPLETADA
4628,3145,2025-06-03 08:39:24,COMPLETADA
4629,1805,2025-04-12 04:06:13,COMPLETADA
4630,2482,2025-12-25 20:52:36,COMPLETADA
4631,1090,2025-06-03 18:24:21,COMPLETADA
4632,4664,2025-04-08 05:01:08,COMPLETADA
4633,1243,2025-04-21 21:17:51,COMPLETADA
4634,4655,2025-07-15 21:06:58,COMPLETADA
4635,1726,2025-08-11 04:00:57,COMPLETADA
4636,543,2025-11-21 06:36:28,COMPLETADA
4637,307,2025-04-26 05:28:37,COMPLETADA
4638,3954,2025-06-08 14:32:26,PENDIENTE
4639,1795,2025-06-15 16:39:37,COMPLETADA
4640,1357,2025-12-03 09:32:38,CANCELADA
4641,4043,2025-01-07 22:04:13,COMPLETADA
4642,3766,2025-12-21 04:39:18,PENDIENTE
4643,2808,2025-04-16 18:14:25,COMPLETADA
4644,3049,2025-05-25 04:48:10,CANCELADA
4645,2115,2025-12-09 19:35:03,COMPLETADA
4646,4489,2025-11-20 02:05:06,CANCELADA
4647,2709,2025-10-12 20:57:29,COMPLETADA
4648,2675,2025-06-27 14:09:34,COMPLETADA
4649,4832,2025-01-15 10:14:56,COMPLETADA
4650,2286,2025-12-20 03:18:37,PENDIENTE
4651,2010,2025-10-26 22:12:10,COMPLETADA
4652,183,2025-11-07 20:11:24,COMPLETADA
4653,2230,2025-05-26 03:57:34,COMPLETADA
4654,4169,2025-10-17 19:40:08,COMPLETADA
4655,3316,2025-09-18 22:16:53,COMPLETADA
4656,4848,2025-09-18 19:29:43,COMPLETADA
4657,2111,2025-06-23 01:28:16,COMPLETADA
4658,1213,2025-11-11 05:42:06,COMPLETADA
4659,1794,2025-11-09 16:34:28,CANCELADA
4660,2038,2025-07-23 00:42:38,COMPLETADA
4661,1256,2025-05-20 21:52:13,CANCELADA
4662,4442,2025-04-21 02:24:31,COMPLETADA
4663,3381,2025-09-14 05:46:59,PENDIENTE
4664,3435,2025-04-06 01:59:08,COMPLETADA
4665,2451,2025-12-15 17:08:19,COMPLETADA
4666,1331,2025-07-31 01:30:06,COMPLETADA
4667,544,2025-06-29 15:34:14,PENDIENTE
4668,467,2025-04-12 20:24:31,COMPLETADA
4669,3541,2025-04-16 23:44:52,COMPLETADA
4670,3877,2025-04-27 23:14:50,CANCELADA
4671,2735,2025-04-14 00:25:50,CANCELADA
4672,969,2025-05-21 07:12:02,COMPLETADA
4673,3986,2025-09-12 08:48:58,CANCELADA
4674,4030,2025-06-23 00:22:46,CANCELADA
4675,3247,2025-12-16 16:05:57,COMPLETADA
4676,3321,2025-10-25 03:27:11,COMPLETADA
4677,1927,2025-05-27 15:41:16,COMPLETADA
4678,1351,2025-11-25 17:46:06,COMPLETADA
4679,4899,2025-05-18 07:58:54,COMPLETADA
4680,3088,2025-02-07 05:06:32,CANCELADA
4681,825,2025-02-25 04:36:14,COMPLETADA
4682,70,2025-10-14 10:04:24,COMPLETADA
4683,3511,2025-12-14 20:25:24,COMPLETADA
4684,757,2025-11-21 03:01:27,CANCELADA
4685,1245,2025-06-17 06:53:29,CANCELADA
4686,18,2025-01-28 00:56:13,COMPLETADA
4687,268,2025-02-25 11:46:38,COMPLETADA
4688,3005,2025-03-27 06:45:11,PENDIENTE
4689,2927,2025-03-12 21:51:53,PENDIENTE
4690,717,2025-03-09 20:18:03,COMPLETADA
4691,2538,2025-04-24 19:59:12,COMPLETADA
4692,320,2025-05-02 23:18:23,CANCELADA
4693,675,2025-10-10 05:09:22,CANCELADA
4694,2,2025-10-13 21:03:36,PENDIENTE
4695,1575,2025-07-06 14:48:25,PENDIENTE
4696,3202,2025-11-02 15:28:00,PENDIENTE
4697,4018,2025-09-26 15:52:22,COMPLETADA
4698,4861,2025-04-27 06:05:32,COMPLETADA
4699,4310,2025-03-17 09:13:46,COMPLETADA
4700,2331,2025-11-18 21:30:03,COMPLETADA
4701,3788,2025-02-05 03:26:04,COMPLETADA
4702,2130,2025-02-17 02:46:53,COMPLETADA
4703,4218,2025-03-30 14:04:03,COMPLETADA
4704,4969,2025-02-26 20:58:29,COMPLETADA
4705,2325,2025-09-12 12:46:33,COMPLETADA
4706,2775,2025-01-20 17:38:43,PENDIENTE
4707,3873,2025-08-27 21:39:27,PENDIENTE
4708,2939,2025-05-01 12:45:09,CANCELADA
4709,2511,2025-12-18 07:43:32,COMPLETADA
4710,3286,2025-09-22 16:16:54,COMPLETADA
4711,1927,2025-02-10 06:24:37,PENDIENTE
4712,2534,2025-02-19 03:23:15,PENDIENTE
4713,1725,2025-02-10 20:14:57,COMPLETADA
4714,1219,2025-05-25 00:02:56,PENDIENTE
4715,302,2025-04-13 17:55:32,COMPLETADA
4716,4815,2025-03-08 02:02:33,CANCELADA
4717,1210,2025-06-26 00:34:10,COMPLETADA
4718,3678,2025-10-13 19:46:56,COMPLETADA
4719,602,2025-07-14 04:02:54,COMPLETADA
4720,2726,2025-02-09 17:38:18,PENDIENTE
4721,4746,2025-07-09 12:11:43,COMPLETADA
4722,3946,2025-04-01 11:00:48,COMPLETADA
4723,1005,2025-07-22 22:51:53,CANCELADA
4724,4523,2025-01-29 18:16:15,PENDIENTE
4725,2479,2025-05-10 13:22:29,CANCELADA
4726,1719,2025-03-27 23:31:15,CANCELADA
4727,278,2025-09-04 03:03:13,COMPLETADA
4728,3202,2025-03-27 19:31:12,COMPLETADA
4729,542,2025-07-22 11:26:10,COMPLETADA
4730,2066,2025-01-05 23:04:15,COMPLETADA
4731,4077,2025-02-25 15:50:01,COMPLETADA
4732,3257,2025-04-06 18:44:47,PENDIENTE
4733,2651,2025-12-13 22:34:37,COMPLETADA
4734,2679,2025-05-03 08:57:02,PENDIENTE
4735,3460,2025-02-26 01:43:24,PENDIENTE
4736,4642,2025-05-03 13:34:19,CANCELADA
4737,1508,2025-07-02 07:20:56,COMPLETADA
4738,1345,2025-07-11 09:14:40,CANCELADA
4739,3407,2025-09-15 00:49:54,COMPLETADA
4740,2741,2025-09-09 03:25:01,COMPLETADA
4741,1150,2025-02-02 16:23:31,COMPLETADA
4742,4948,2025-07-20 01:52:42,COMPLETADA
4743,2277,2025-12-30 00:54:50,CANCELADA
4744,1479,2025-02-16 15:44:55,COMPLETADA
4745,76,2025-10-20 03:11:16,COMPLETADA
4746,2810,2025-09-10 14:19:51,PENDIENTE
4747,3056,2025-06-28 22:41:15,COMPLETADA
4748,857,2025-10-12 05:37:06,COMPLETADA
4749,4105,2025-05-09 14:34:38,COMPLETADA
4750,1211,2025-10-25 21:23:56,COMPLETADA
4751,4137,2025-07-19 13:51:32,COMPLETADA
4752,3201,2025-05-24 02:45:12,CANCELADA
4753,4838,2025-01-08 10:17:00,COMPLETADA
4754,1612,2025-05-13 20:28:15,COMPLETADA
4755,323,2025-12-30 04:18:35,COMPLETADA
4756,4842,2025-05-26 18:20:28,COMPLETADA
4757,4414,2025-12-10 10:25:30,CANCELADA
4758,3740,2025-10-18 11:28:46,COMPLETADA
4759,2725,2025-06-06 01:23:31,COMPLETADA
4760,4828,2025-10-09 16:08:34,COMPLETADA
4761,515,2025-05-15 21:36:38,COMPLETADA
4762,3419,2025-09-29 12:35:48,CANCELADA
4763,4987,2025-02-27 09:23:35,COMPLETADA
4764,2582,2025-12-07 12:38:56,PENDIENTE
4765,1826,2025-09-21 21:39:09,COMPLETADA
4766,2460,2025-08-31 13:44:20,CANCELADA
4767,318,2025-01-05 07:51:27,PENDIENTE
4768,4748,2025-08-29 03:44:35,COMPLETADA
4769,2174,2025-04-30 20:25:51,COMPLETADA
4770,1878,2025-08-24 11:17:19,COMPLETADA
4771,3681,2025-10-07 07:10:36,COMPLETADA
4772,19,2025-02-10 16:02:57,COMPLETADA
4773,624,2025-07-06 15:41:30,PENDIENTE
4774,2242,2025-02-15 04:49:30,COMPLETADA
4775,4478,2025-11-05 17:00:19,CANCELADA
4776,134,2025-11-27 12:55:30,COMPLETADA
4777,2509,2025-10-23 08:01:27,PENDIENTE
4778,420,2025-01-10 21:30:21,COMPLETADA
4779,4753,2025-02-14 23:34:48,COMPLETADA
4780,4525,2025-05-19 07:42:35,COMPLETADA
4781,950,2025-08-19 09:12:21,CANCELADA
4782,3187,2025-06-04 17:12:20,COMPLETADA
4783,2692,2025-04-01 07:03:22,COMPLETADA
4784,1641,2025-02-25 16:39:12,COMPLETADA
4785,3519,2025-04-16 00:00:15,COMPLETADA
4786,2012,2025-08-10 05:18:38,CANCELADA
4787,170,2025-02-14 12:44:30,COMPLETADA
4788,2116,2025-04-29 21:24:49,COMPLETADA
4789,2395,2025-09-03 01:10:28,PENDIENTE
4790,3405,2025-08-16 15:57:25,COMPLETADA
4791,3494,2025-11-30 16:41:16,COMPLETADA
4792,1343,2025-08-04 11:45:33,COMPLETADA
4793,2366,2025-08-28 18:15:05,COMPLETADA
4794,4443,2025-04-12 13:04:00,PENDIENTE
4795,562,2025-02-19 15:09:11,COMPLETADA
4796,1275,2025-04-17 05:28:53,CANCELADA
4797,28,2025-06-03 10:25:37,CANCELADA
4798,541,2025-09-04 20:37:29,PENDIENTE
4799,2213,2025-02-10 17:33:44,CANCELADA
4800,929,2025-12-22 20:45:06,PENDIENTE
4801,2766,2025-01-25 06:40:40,COMPLETADA
4802,4380,2025-10-26 02:12:19,COMPLETADA
4803,1001,2025-08-21 05:04:03,COMPLETADA
4804,2280,2025-05-20 11:15:11,PENDIENTE
4805,2919,2025-05-14 11:23:34,PENDIENTE
4806,2894,2025-06-06 03:58:48,COMPLETADA
4807,1551,2025-12-22 18:54:10,COMPLETADA
4808,2051,2025-07-17 15:28:12,PENDIENTE
4809,708,2025-06-10 17:17:56,CANCELADA
4810,1330,2025-07-11 06:25:04,COMPLETADA
4811,1314,2025-12-22 03:42:49,COMPLETADA
4812,4382,2025-09-23 16:21:15,COMPLETADA
4813,2879,2025-02-06 19:23:33,COMPLETADA
4814,3189,2025-09-24 10:16:28,PENDIENTE
4815,3543,2025-03-13 04:14:18,COMPLETADA
4816,4198,2025-08-26 23:00:17,PENDIENTE
4817,3297,2025-07-15 21:34:45,COMPLETADA
4818,1558,2025-08-03 19:12:28,COMPLETADA
4819,3961,2025-05-24 22:38:26,PENDIENTE
4820,549,2025-11-26 18:35:32,CANCELADA
4821,1858,2025-08-28 05:21:23,PENDIENTE
4822,4050,2025-07-22 22:28:39,COMPLETADA
4823,3751,2025-01-10 09:00:18,COMPLETADA
4824,3022,2026-01-01 20:16:51,COMPLETADA
4825,344,2025-03-01 05:01:08,COMPLETADA
4826,1541,2025-11-01 07:49:00,COMPLETADA
4827,2912,2025-05-23 17:17:49,COMPLETADA
4828,3052,2025-12-01 17:31:46,COMPLETADA
4829,3405,2025-02-14 07:16:54,PENDIENTE
4830,61,2025-12-21 09:37:04,CANCELADA
4831,3797,2025-03-10 23:55:12,COMPLETADA
4832,787,2025-10-13 20:28:00,COMPLETADA
4833,4600,2026-01-03 07:53:22,PENDIENTE
4834,4857,2025-11-06 00:23:23,COMPLETADA
4835,4050,2025-07-07 04:33:22,COMPLETADA
4836,4519,2025-04-19 17:15:59,PENDIENTE
4837,2792,2025-06-06 23:01:08,COMPLETADA
4838,267,2025-05-31 21:48:57,PENDIENTE
4839,2598,2025-02-22 11:19:53,COMPLETADA
4840,4400,2025-10-31 06:50:11,PENDIENTE
4841,2404,2025-10-09 11:04:19,COMPLETADA
4842,874,2025-05-20 22:11:40,COMPLETADA
4843,2460,2025-02-02 03:34:29,PENDIENTE
4844,1122,2025-01-11 21:12:57,PENDIENTE
4845,3110,2025-05-04 03:45:51,CANCELADA
4846,2300,2025-07-15 16:42:25,COMPLETADA
4847,3376,2025-08-31 14:51:17,CANCELADA
4848,4350,2025-05-17 01:06:31,COMPLETADA
4849,4082,2025-09-24 16:12:54,COMPLETADA
4850,2457,2025-08-16 07:05:15,COMPLETADA
4851,215,2025-08-13 16:51:50,CANCELADA
4852,2685,2025-06-30 18:22:00,COMPLETADA
4853,763,2025-11-21 15:01:41,CANCELADA
4854,4301,2025-02-17 11:06:45,COMPLETADA
4855,821,2025-02-14 11:17:00,COMPLETADA
4856,780,2025-01-16 13:19:35,CANCELADA
4857,2735,2025-01-31 05:47:04,COMPLETADA
4858,1014,2025-12-30 07:57:51,COMPLETADA
4859,1740,2025-12-19 14:14:53,COMPLETADA
4860,646,2025-10-03 02:30:37,COMPLETADA
4861,2266,2025-05-21 13:00:56,COMPLETADA
4862,4508,2025-03-02 12:12:45,PENDIENTE
4863,653,2025-10-02 14:28:27,PENDIENTE
4864,4497,2025-10-18 18:41:49,CANCELADA
4865,4474,2025-11-29 15:49:14,COMPLETADA
4866,4525,2025-09-12 06:45:56,PENDIENTE
4867,823,2025-03-20 15:03:06,CANCELADA
4868,334,2025-10-02 06:09:22,COMPLETADA
4869,3443,2025-05-16 10:54:00,COMPLETADA
4870,2731,2025-06-16 09:36:14,COMPLETADA
4871,427,2025-02-13 03:08:05,COMPLETADA
4872,773,2025-04-01 16:54:49,CANCELADA
4873,4820,2025-10-07 10:48:30,COMPLETADA
4874,3908,2025-10-25 05:40:31,COMPLETADA
4875,2959,2025-01-11 08:46:47,COMPLETADA
4876,876,2025-03-15 00:56:33,COMPLETADA
4877,4841,2025-08-17 23:14:02,CANCELADA
4878,2029,2025-06-19 22:14:07,COMPLETADA
4879,1380,2025-05-23 15:09:34,COMPLETADA
4880,4662,2025-08-20 21:49:46,PENDIENTE
4881,851,2025-08-04 07:17:26,COMPLETADA
4882,138,2025-07-01 18:41:08,COMPLETADA
4883,1038,2025-11-08 01:20:47,COMPLETADA
4884,4176,2025-02-23 02:43:41,COMPLETADA
4885,3342,2025-07-01 03:25:23,COMPLETADA
4886,4285,2025-02-14 22:06:43,CANCELADA
4887,4725,2025-02-12 10:48:12,PENDIENTE
4888,1537,2025-02-07 21:20:26,COMPLETADA
4889,1949,2025-01-06 05:20:38,COMPLETADA
4890,1729,2025-02-09 20:37:58,COMPLETADA
4891,3183,2025-07-30 05:16:06,COMPLETADA
4892,4324,2025-12-22 15:25:48,COMPLETADA
4893,1116,2025-08-24 11:21:21,COMPLETADA
4894,4840,2025-07-27 21:05:17,COMPLETADA
4895,4738,2025-06-02 00:55:14,COMPLETADA
4896,2041,2025-03-06 04:03:23,COMPLETADA
4897,1022,2025-04-08 15:46:09,PENDIENTE
4898,2089,2025-03-30 08:22:26,COMPLETADA
4899,4077,2025-02-03 09:58:23,COMPLETADA
4900,939,2025-02-24 15:22:13,COMPLETADA
4901,1567,2025-01-06 15:46:44,PENDIENTE
4902,1051,2025-08-20 15:22:18,COMPLETADA
4903,4754,2025-05-15 21:38:20,COMPLETADA
4904,2039,2025-01-09 03:15:40,COMPLETADA
4905,330,2025-06-30 11:59:20,COMPLETADA
4906,2048,2025-06-02 19:26:02,PENDIENTE
4907,592,2025-11-02 01:57:19,PENDIENTE
4908,1090,2025-11-03 23:51:34,CANCELADA
4909,2266,2025-04-18 18:41:49,CANCELADA
4910,4707,2025-03-28 07:15:28,COMPLETADA
4911,1722,2025-03-03 07:46:17,PENDIENTE
4912,113,2025-08-29 00:15:57,COMPLETADA
4913,2797,2025-12-26 05:34:29,COMPLETADA
4914,1183,2025-12-25 23:13:24,COMPLETADA
4915,1010,2025-02-12 12:39:20,CANCELADA
4916,2664,2025-08-22 09:33:50,CANCELADA
4917,3103,2025-03-10 13:14:30,PENDIENTE
4918,2254,2025-09-14 12:01:12,COMPLETADA
4919,1652,2025-03-13 04:52:41,CANCELADA
4920,1196,2025-06-08 00:19:07,COMPLETADA
4921,2894,2025-11-17 01:28:36,COMPLETADA
4922,1989,2025-05-27 22:50:47,COMPLETADA
4923,2244,2025-08-11 14:15:24,COMPLETADA
4924,2066,2025-07-28 01:16:31,COMPLETADA
4925,3798,2025-03-22 04:01:00,COMPLETADA
4926,489,2025-12-23 08:21:54,PENDIENTE
4927,4295,2025-08-26 06:31:33,COMPLETADA
4928,3387,2025-10-03 20:31:11,COMPLETADA
4929,2353,2025-12-30 04:48:29,COMPLETADA
4930,2289,2025-02-10 21:57:34,COMPLETADA
4931,113,2025-03-30 01:45:47,COMPLETADA
4932,4339,2025-05-01 01:02:20,COMPLETADA
4933,3723,2025-12-08 00:02:17,COMPLETADA
4934,1838,2025-09-27 18:25:36,COMPLETADA
4935,2258,2025-05-20 12:06:05,PENDIENTE
4936,3200,2025-09-08 16:15:18,COMPLETADA
4937,3936,2025-12-03 19:55:24,COMPLETADA
4938,1094,2025-03-25 17:02:36,COMPLETADA
4939,1921,2025-03-03 12:15:04,COMPLETADA
4940,3151,2025-07-25 01:46:01,COMPLETADA
4941,4520,2025-05-19 23:31:06,COMPLETADA
4942,1186,2025-11-11 01:16:17,COMPLETADA
4943,3038,2025-06-11 11:38:33,COMPLETADA
4944,810,2025-08-20 22:58:13,COMPLETADA
4945,4232,2025-12-10 07:41:16,PENDIENTE
4946,3308,2025-09-06 16:19:34,COMPLETADA
4947,4647,2025-11-21 00:57:33,CANCELADA
4948,878,2025-04-22 03:40:57,COMPLETADA
4949,2317,2025-01-09 21:39:19,COMPLETADA
4950,2002,2025-09-16 13:00:45,PENDIENTE
4951,4555,2025-12-21 06:17:41,CANCELADA
4952,4706,2025-05-22 12:09:23,PENDIENTE
4953,4342,2025-10-11 19:44:09,CANCELADA
4954,4072,2025-05-24 07:45:10,CANCELADA
4955,28,2025-05-19 08:15:44,COMPLETADA
4956,161,2025-05-14 01:35:23,COMPLETADA
4957,4538,2025-05-06 13:10:53,COMPLETADA
4958,2796,2025-07-15 10:03:03,COMPLETADA
4959,1585,2025-11-18 06:10:37,COMPLETADA
4960,2510,2025-06-15 07:42:22,PENDIENTE
4961,3481,2025-12-18 11:10:15,COMPLETADA
4962,2228,2025-02-28 16:59:33,COMPLETADA
4963,3293,2025-10-23 11:17:21,PENDIENTE
4964,4929,2025-12-27 07:17:50,COMPLETADA
4965,2924,2025-04-19 09:02:26,COMPLETADA
4966,3866,2025-07-06 00:01:18,COMPLETADA
4967,2007,2025-09-28 08:24:01,COMPLETADA
4968,2754,2025-02-11 17:13:00,COMPLETADA
4969,1976,2025-09-05 16:20:01,COMPLETADA
4970,4040,2025-09-07 07:16:17,COMPLETADA
4971,4608,2025-02-06 23:43:39,COMPLETADA
4972,625,2025-11-20 10:15:17,COMPLETADA
4973,1123,2025-07-10 00:49:59,COMPLETADA
4974,360,2025-12-05 16:01:35,COMPLETADA
4975,3379,2025-04-16 09:39:57,COMPLETADA
4976,595,2025-05-09 19:30:03,COMPLETADA
4977,4494,2025-04-02 13:01:52,COMPLETADA
4978,1112,2025-12-03 12:56:24,COMPLETADA
4979,1758,2025-07-10 12:54:25,COMPLETADA
4980,794,2025-08-21 22:58:48,COMPLETADA
4981,96,2025-07-05 20:23:49,CANCELADA
4982,3352,2025-12-02 13:11:38,COMPLETADA
4983,2298,2025-05-11 01:17:45,COMPLETADA
4984,3686,2025-08-28 08:57:37,CANCELADA
4985,766,2025-12-01 21:27:48,COMPLETADA
4986,1940,2025-10-10 10:21:50,COMPLETADA
4987,767,2025-03-25 20:00:35,PENDIENTE
4988,4902,2025-09-18 08:47:49,COMPLETADA
4989,1976,2025-05-12 16:53:52,COMPLETADA
4990,2270,2025-01-26 10:05:46,COMPLETADA
4991,53,2025-11-15 16:59:08,CANCELADA
4992,4011,2025-10-08 08:10:53,PENDIENTE
4993,1773,2025-04-18 11:52:17,PENDIENTE
4994,2710,2026-01-02 12:55:02,COMPLETADA
4995,4127,2025-02-18 21:58:25,COMPLETADA
4996,4716,2025-05-08 03:38:05,COMPLETADA
4997,3499,2025-07-28 20:34:02,PENDIENTE
4998,2924,2025-05-02 22:40:03,PENDIENTE
4999,4558,2025-03-23 04:40:27,PENDIENTE
5000,221,2025-04-12 06:33:56,PENDIENTE
5001,4684,2025-03-16 08:34:12,COMPLETADA
5002,2255,2025-06-06 22:55:04,COMPLETADA
5003,1286,2025-12-08 01:59:53,COMPLETADA
5004,371,2025-05-24 01:16:31,PENDIENTE
5005,1605,2025-07-29 04:06:32,PENDIENTE
5006,1620,2025-12-10 04:28:06,COMPLETADA
5007,3776,2025-05-05 18:25:13,COMPLETADA
5008,3683,2025-05-23 05:09:40,COMPLETADA
5009,1102,2025-08-08 03:43:21,COMPLETADA
5010,1673,2025-11-05 02:29:09,COMPLETADA
5011,2455,2025-10-12 11:06:03,PENDIENTE
5012,3538,2025-01-08 09:47:11,COMPLETADA
5013,519,2025-05-15 05:13:17,PENDIENTE
5014,1304,2025-05-28 21:41:38,COMPLETADA
5015,63,2025-01-12 07:58:42,COMPLETADA
5016,288,2025-10-08 07:01:47,COMPLETADA
5017,3444,2025-02-20 01:58:33,COMPLETADA
5018,1291,2025-10-14 06:50:09,COMPLETADA
5019,1260,2025-05-16 06:38:34,COMPLETADA
5020,3561,2025-07-13 02:42:55,COMPLETADA
5021,1362,2025-07-12 00:56:29,COMPLETADA
5022,4262,2025-01-06 18:58:37,PENDIENTE
5023,4349,2025-05-27 07:42:55,CANCELADA
5024,4848,2025-05-26 20:49:41,CANCELADA
5025,4798,2025-10-31 00:27:25,CANCELADA
5026,3712,2025-05-18 21:03:29,COMPLETADA
5027,4869,2025-10-07 18:51:05,COMPLETADA
5028,4648,2025-10-06 11:26:55,COMPLETADA
5029,3679,2025-04-24 11:10:44,COMPLETADA
5030,3647,2025-04-27 17:12:06,COMPLETADA
5031,2132,2025-06-12 22:24:53,COMPLETADA
5032,165,2025-09-10 19:44:03,COMPLETADA
5033,2422,2025-02-22 14:40:06,COMPLETADA
5034,4387,2025-08-30 16:27:04,COMPLETADA
5035,746,2025-03-01 09:13:58,CANCELADA
5036,945,2025-10-04 05:37:14,PENDIENTE
5037,1039,2025-06-16 18:20:01,CANCELADA
5038,1883,2025-07-08 19:19:28,PENDIENTE
5039,4371,2025-10-30 20:27:34,CANCELADA
5040,928,2025-12-19 02:08:21,COMPLETADA
5041,3233,2025-09-18 04:23:31,CANCELADA
5042,4757,2025-01-20 09:24:05,PENDIENTE
5043,1108,2025-03-16 14:17:29,COMPLETADA
5044,1473,2026-01-03 15:31:19,COMPLETADA
5045,1899,2025-08-10 07:06:22,PENDIENTE
5046,1971,2025-08-23 23:06:50,CANCELADA
5047,4165,2025-02-09 23:24:53,CANCELADA
5048,4454,2025-08-20 00:51:43,CANCELADA
5049,1979,2025-05-11 02:14:46,COMPLETADA
5050,685,2025-07-01 03:26:56,COMPLETADA
5051,4404,2025-06-20 23:00:12,COMPLETADA
5052,2140,2025-01-04 21:31:14,COMPLETADA
5053,1116,2025-07-28 11:18:50,PENDIENTE
5054,361,2025-12-23 21:35:01,COMPLETADA
5055,1682,2025-10-05 21:01:11,COMPLETADA
5056,1807,2025-04-05 12:35:03,PENDIENTE
5057,733,2025-10-10 18:17:12,COMPLETADA
5058,3624,2025-10-03 13:16:25,COMPLETADA
5059,4479,2025-09-28 14:30:32,COMPLETADA
5060,2637,2025-12-25 02:01:26,COMPLETADA
5061,2264,2025-12-07 17:39:42,CANCELADA
5062,2767,2025-10-28 20:11:13,COMPLETADA
5063,95,2025-03-13 20:31:20,PENDIENTE
5064,199,2025-01-31 08:02:01,CANCELADA
5065,249,2025-06-05 11:38:14,COMPLETADA
5066,1352,2025-11-05 20:32:01,PENDIENTE
5067,4800,2025-01-30 19:08:45,COMPLETADA
5068,1560,2025-09-27 18:13:47,COMPLETADA
5069,805,2025-06-03 21:25:20,COMPLETADA
5070,4416,2026-01-04 05:56:14,COMPLETADA
5071,469,2025-01-20 15:16:05,PENDIENTE
5072,4956,2025-02-14 17:07:06,COMPLETADA
5073,1227,2025-12-25 19:39:08,CANCELADA
5074,2563,2025-10-28 09:38:54,COMPLETADA
5075,944,2025-04-13 13:12:40,PENDIENTE
5076,4129,2025-06-02 13:05:45,COMPLETADA
5077,2394,2025-08-14 18:49:15,COMPLETADA
5078,697,2025-05-03 05:46:57,COMPLETADA
5079,1212,2025-07-31 09:27:28,COMPLETADA
5080,4722,2025-09-15 01:05:20,COMPLETADA
5081,2353,2025-06-21 12:53:47,COMPLETADA
5082,628,2025-07-17 09:59:44,COMPLETADA
5083,2368,2025-11-27 04:07:52,COMPLETADA
5084,348,2025-01-07 23:47:51,COMPLETADA
5085,3842,2025-09-05 18:39:53,COMPLETADA
5086,3561,2025-06-05 20:38:37,COMPLETADA
5087,362,2025-12-07 14:09:15,COMPLETADA
5088,23,2025-01-24 19:05:18,PENDIENTE
5089,2013,2025-03-28 13:58:25,COMPLETADA
5090,2798,2025-03-27 03:09:03,COMPLETADA
5091,4227,2025-12-16 22:57:18,COMPLETADA
5092,1229,2025-10-26 21:27:26,COMPLETADA
5093,4613,2025-04-18 00:09:05,COMPLETADA
5094,3384,2025-09-12 04:18:36,COMPLETADA
5095,2208,2026-01-01 01:40:00,COMPLETADA
5096,2635,2025-02-27 05:03:02,COMPLETADA
5097,402,2025-02-13 00:34:34,COMPLETADA
5098,1395,2025-02-25 07:37:55,PENDIENTE
5099,3075,2025-12-04 11:43:13,PENDIENTE
5100,4527,2025-06-08 19:57:17,PENDIENTE
5101,3849,2025-06-28 17:29:04,COMPLETADA
5102,1704,2025-06-19 19:13:27,COMPLETADA
5103,4933,2025-05-31 12:53:33,CANCELADA
5104,4574,2025-09-22 15:11:32,COMPLETADA
5105,2909,2025-01-28 10:42:34,PENDIENTE
5106,140,2025-10-24 06:23:08,PENDIENTE
5107,4308,2025-09-13 19:40:27,COMPLETADA
5108,529,2025-07-26 16:17:09,COMPLETADA
5109,385,2025-04-16 23:03:39,CANCELADA
5110,3209,2025-08-11 16:30:47,COMPLETADA
5111,4331,2025-01-22 03:44:47,COMPLETADA
5112,4554,2025-08-10 09:00:58,CANCELADA
5113,41,2025-04-04 12:09:46,COMPLETADA
5114,2119,2025-08-27 23:46:05,CANCELADA
5115,1454,2025-04-29 14:52:03,COMPLETADA
5116,3881,2025-04-20 07:24:18,COMPLETADA
5117,2040,2025-10-04 06:28:03,COMPLETADA
5118,3098,2025-11-15 20:19:53,PENDIENTE
5119,1538,2025-08-15 08:10:04,COMPLETADA
5120,526,2025-08-29 06:57:55,COMPLETADA
5121,1985,2025-07-12 11:56:52,COMPLETADA
5122,537,2025-10-21 02:03:46,COMPLETADA
5123,3278,2025-08-25 20:43:01,COMPLETADA
5124,2418,2025-05-30 22:08:22,PENDIENTE
5125,4274,2025-07-31 16:36:53,COMPLETADA
5126,2520,2025-11-29 16:17:21,COMPLETADA
5127,1300,2025-01-20 11:34:34,COMPLETADA
5128,3439,2025-07-08 20:11:43,PENDIENTE
5129,1070,2025-02-18 01:32:28,COMPLETADA
5130,4329,2025-09-30 00:55:02,COMPLETADA
5131,853,2025-11-03 05:08:12,COMPLETADA
5132,2064,2025-05-13 18:10:10,COMPLETADA
5133,335,2025-08-01 03:41:23,PENDIENTE
5134,2389,2025-02-01 22:54:52,CANCELADA
5135,3194,2025-01-30 20:11:54,COMPLETADA
5136,3062,2025-04-01 13:53:47,PENDIENTE
5137,347,2025-08-08 02:19:29,COMPLETADA
5138,1877,2025-03-15 19:59:34,PENDIENTE
5139,3024,2025-01-16 04:04:29,COMPLETADA
5140,1532,2025-11-21 18:17:56,COMPLETADA
5141,191,2025-05-06 17:33:53,PENDIENTE
5142,3849,2025-01-17 16:11:15,COMPLETADA
5143,3369,2025-07-14 02:13:38,PENDIENTE
5144,2381,2025-08-01 10:45:28,COMPLETADA
5145,4345,2025-12-30 12:25:50,COMPLETADA
5146,185,2025-01-05 18:33:09,PENDIENTE
5147,893,2025-04-12 20:18:23,COMPLETADA
5148,4556,2025-08-27 15:12:24,PENDIENTE
5149,4250,2025-04-10 16:12:19,COMPLETADA
5150,2257,2025-02-25 18:20:34,COMPLETADA
5151,1100,2025-11-21 13:30:38,COMPLETADA
5152,505,2025-08-29 08:16:27,PENDIENTE
5153,2785,2025-06-20 08:14:03,COMPLETADA
5154,472,2025-11-09 20:09:10,CANCELADA
5155,2387,2025-05-20 05:18:06,COMPLETADA
5156,1771,2025-12-01 10:50:40,COMPLETADA
5157,2909,2025-05-31 08:00:06,COMPLETADA
5158,4311,2025-01-24 13:29:49,COMPLETADA
5159,2582,2025-01-31 03:09:13,CANCELADA
5160,1001,2025-11-09 00:48:34,COMPLETADA
5161,1818,2025-07-19 21:01:51,PENDIENTE
5162,838,2025-09-03 02:50:52,COMPLETADA
5163,4915,2025-06-13 22:49:51,COMPLETADA
5164,3822,2025-09-09 11:03:01,PENDIENTE
5165,1014,2025-07-07 07:10:02,COMPLETADA
5166,4969,2025-04-15 00:35:15,CANCELADA
5167,1976,2025-04-14 10:28:32,COMPLETADA
5168,1622,2025-02-03 23:23:23,COMPLETADA
5169,1104,2025-12-11 11:21:47,COMPLETADA
5170,2647,2025-05-19 06:05:06,CANCELADA
5171,322,2025-01-11 07:24:16,CANCELADA
5172,285,2025-03-19 01:41:59,PENDIENTE
5173,688,2025-12-13 18:56:57,CANCELADA
5174,4137,2025-10-05 03:46:13,COMPLETADA
5175,2683,2025-09-17 03:31:11,CANCELADA
5176,781,2025-06-14 15:06:08,COMPLETADA
5177,4102,2025-04-02 01:15:14,CANCELADA
5178,4527,2025-07-17 11:16:53,PENDIENTE
5179,4297,2025-01-26 03:29:08,CANCELADA
5180,88,2025-07-05 06:34:58,CANCELADA
5181,1710,2025-06-17 10:17:24,PENDIENTE
5182,241,2025-09-24 17:29:12,COMPLETADA
5183,2741,2025-12-10 15:00:03,PENDIENTE
5184,918,2025-01-06 05:02:08,COMPLETADA
5185,4893,2025-11-05 21:05:12,COMPLETADA
5186,108,2025-08-16 03:06:14,COMPLETADA
5187,3091,2025-11-26 22:37:59,COMPLETADA
5188,4075,2025-01-05 04:17:18,COMPLETADA
5189,2324,2025-06-04 14:32:47,PENDIENTE
5190,4884,2025-09-14 10:28:54,COMPLETADA
5191,3404,2025-06-23 11:25:33,CANCELADA
5192,1751,2025-05-30 03:57:28,COMPLETADA
5193,4996,2025-03-11 04:24:27,PENDIENTE
5194,1098,2025-01-27 14:58:34,CANCELADA
5195,625,2025-04-06 21:42:07,COMPLETADA
5196,581,2025-05-09 23:16:30,PENDIENTE
5197,4309,2025-02-11 16:26:21,COMPLETADA
5198,4711,2025-08-07 20:40:03,COMPLETADA
5199,4418,2025-11-02 11:16:09,COMPLETADA
5200,1896,2025-01-30 17:17:11,COMPLETADA
5201,3911,2025-12-29 09:17:07,COMPLETADA
5202,217,2025-03-10 06:04:46,COMPLETADA
5203,3337,2025-08-03 20:52:39,COMPLETADA
5204,1292,2025-12-02 10:12:34,CANCELADA
5205,4970,2025-01-22 21:31:05,COMPLETADA
5206,1212,2025-08-12 15:53:45,COMPLETADA
5207,3697,2025-02-21 12:44:24,COMPLETADA
5208,2767,2025-06-18 18:58:03,COMPLETADA
5209,756,2025-07-04 14:17:08,COMPLETADA
5210,299,2025-01-10 15:01:08,PENDIENTE
5211,2409,2025-05-25 10:10:14,COMPLETADA
5212,4392,2025-10-08 16:08:55,COMPLETADA
5213,352,2025-05-10 21:04:55,PENDIENTE
5214,175,2025-02-23 07:02:48,PENDIENTE
5215,2765,2025-06-23 05:41:10,COMPLETADA
5216,3240,2025-10-21 20:26:17,COMPLETADA
5217,380,2025-10-30 18:49:44,COMPLETADA
5218,787,2025-01-28 00:15:08,COMPLETADA
5219,1056,2025-10-22 20:13:56,COMPLETADA
5220,148,2025-12-30 15:37:00,CANCELADA
5221,1581,2025-12-21 03:20:03,CANCELADA
5222,454,2025-01-18 09:43:34,COMPLETADA
5223,1665,2025-10-04 16:52:16,COMPLETADA
5224,3260,2025-11-26 19:00:50,CANCELADA
5225,725,2025-02-26 21:49:41,PENDIENTE
5226,224,2025-09-26 15:19:33,COMPLETADA
5227,3733,2025-05-27 03:09:03,COMPLETADA
5228,1744,2025-09-26 08:47:14,COMPLETADA
5229,1438,2025-03-02 05:16:33,PENDIENTE
5230,2081,2025-11-14 12:36:19,CANCELADA
5231,2915,2025-10-18 21:03:02,COMPLETADA
5232,3521,2025-12-30 11:22:27,COMPLETADA
5233,1503,2025-06-08 20:29:15,COMPLETADA
5234,892,2025-11-02 15:07:58,COMPLETADA
5235,3976,2025-04-26 13:58:53,COMPLETADA
5236,4599,2025-08-05 20:30:20,COMPLETADA
5237,1169,2025-10-15 15:39:37,COMPLETADA
5238,4297,2025-04-22 19:34:25,PENDIENTE
5239,2379,2025-11-03 05:13:22,PENDIENTE
5240,331,2025-01-26 03:04:55,COMPLETADA
5241,2491,2025-02-23 00:05:51,CANCELADA
5242,41,2025-11-03 06:07:37,PENDIENTE
5243,3666,2025-08-17 06:33:52,PENDIENTE
5244,2807,2025-06-11 06:18:53,COMPLETADA
5245,3907,2025-09-01 23:25:40,CANCELADA
5246,4508,2025-01-18 18:00:55,PENDIENTE
5247,4331,2025-01-19 15:03:38,COMPLETADA
5248,378,2025-02-28 13:56:53,COMPLETADA
5249,3067,2025-01-13 21:40:09,COMPLETADA
5250,1017,2025-09-02 18:15:19,COMPLETADA
5251,3036,2025-11-03 12:19:16,COMPLETADA
5252,148,2025-06-04 22:27:40,COMPLETADA
5253,390,2025-05-27 11:28:13,COMPLETADA
5254,4625,2025-02-14 15:33:53,COMPLETADA
5255,532,2025-01-31 00:32:08,PENDIENTE
5256,2341,2025-01-21 14:06:42,COMPLETADA
5257,130,2025-04-08 10:42:06,PENDIENTE
5258,3712,2025-04-24 02:57:22,CANCELADA
5259,4776,2025-12-14 01:12:54,PENDIENTE
5260,3301,2025-04-16 17:51:05,PENDIENTE
5261,4693,2025-03-06 06:22:55,COMPLETADA
5262,3447,2025-03-12 11:32:53,PENDIENTE
5263,4692,2025-04-08 03:11:50,PENDIENTE
5264,2429,2025-07-09 05:28:03,PENDIENTE
5265,4954,2025-04-21 00:33:29,PENDIENTE
5266,3738,2025-10-10 23:09:11,COMPLETADA
5267,4278,2025-05-05 20:16:15,COMPLETADA
5268,4385,2025-04-19 05:20:10,PENDIENTE
5269,4746,2025-02-20 01:37:07,COMPLETADA
5270,4660,2025-08-05 05:33:56,COMPLETADA
5271,2707,2025-08-05 19:13:34,COMPLETADA
5272,2412,2025-06-25 12:55:14,COMPLETADA
5273,4100,2025-10-25 12:59:13,CANCELADA
5274,4666,2025-02-08 03:23:19,COMPLETADA
5275,1593,2025-01-19 02:20:25,CANCELADA
5276,1560,2025-02-17 23:45:27,COMPLETADA
5277,1828,2025-04-20 08:13:36,COMPLETADA
5278,1158,2025-05-11 21:34:08,PENDIENTE
5279,3522,2025-04-04 06:04:24,COMPLETADA
5280,4587,2025-06-30 15:26:42,CANCELADA
5281,449,2025-05-14 10:26:22,COMPLETADA
5282,189,2025-03-15 09:08:00,CANCELADA
5283,3875,2025-05-09 07:05:17,COMPLETADA
5284,965,2025-01-07 00:58:29,COMPLETADA
5285,3422,2025-10-07 04:43:47,CANCELADA
5286,251,2025-07-30 14:53:42,COMPLETADA
5287,1425,2025-05-28 13:41:01,PENDIENTE
5288,2536,2025-01-08 04:49:16,COMPLETADA
5289,1869,2025-05-28 03:59:10,COMPLETADA
5290,1806,2025-12-11 03:58:21,COMPLETADA
5291,4935,2025-03-08 15:17:00,CANCELADA
5292,1999,2025-09-21 07:10:46,CANCELADA
5293,4262,2025-09-17 03:24:36,COMPLETADA
5294,4597,2025-02-21 06:50:28,PENDIENTE
5295,2333,2025-09-08 20:00:40,PENDIENTE
5296,2824,2025-11-06 21:26:29,CANCELADA
5297,966,2025-12-22 04:06:42,CANCELADA
5298,4639,2025-12-26 20:32:07,COMPLETADA
5299,2797,2025-04-09 00:27:04,COMPLETADA
5300,1207,2025-03-14 23:09:18,COMPLETADA
5301,2939,2025-03-31 10:02:41,COMPLETADA
5302,1202,2025-07-26 11:22:55,COMPLETADA
5303,2180,2025-09-30 00:40:12,COMPLETADA
5304,4511,2025-10-25 08:41:18,COMPLETADA
5305,3100,2025-03-13 08:32:20,COMPLETADA
5306,597,2025-10-12 08:14:40,CANCELADA
5307,1775,2025-10-08 21:28:08,COMPLETADA
5308,3948,2025-03-15 23:33:16,PENDIENTE
5309,805,2025-12-18 18:48:37,PENDIENTE
5310,1194,2025-02-18 03:57:03,PENDIENTE
5311,4330,2025-04-04 23:42:47,COMPLETADA
5312,2760,2025-12-24 03:50:40,CANCELADA
5313,985,2025-08-15 06:16:20,COMPLETADA
5314,1574,2025-09-16 22:38:00,PENDIENTE
5315,3266,2025-04-19 02:14:18,COMPLETADA
5316,1972,2025-05-25 15:52:34,COMPLETADA
5317,2546,2025-06-11 07:15:33,PENDIENTE
5318,2228,2025-01-18 12:06:58,COMPLETADA
5319,333,2025-01-04 16:07:47,CANCELADA
5320,1346,2025-02-11 17:54:43,COMPLETADA
5321,1833,2025-08-16 09:31:15,COMPLETADA
5322,4210,2025-05-15 17:30:41,COMPLETADA
5323,3201,2025-10-21 09:56:18,CANCELADA
5324,3190,2025-07-15 05:20:04,COMPLETADA
5325,452,2025-05-28 15:24:59,COMPLETADA
5326,3172,2025-08-14 23:24:23,COMPLETADA
5327,615,2025-09-25 02:33:12,COMPLETADA
5328,1584,2025-02-27 02:00:12,PENDIENTE
5329,2744,2025-12-13 01:43:06,PENDIENTE
5330,209,2025-08-26 11:54:11,COMPLETADA
5331,543,2025-05-31 21:36:21,COMPLETADA
5332,459,2025-12-08 04:51:23,COMPLETADA
5333,2288,2025-12-04 22:59:10,COMPLETADA
5334,4969,2025-03-27 05:17:16,COMPLETADA
5335,2633,2025-10-11 12:40:42,COMPLETADA
5336,3341,2025-06-21 22:39:40,PENDIENTE
5337,4275,2025-01-12 16:41:29,COMPLETADA
5338,4772,2025-04-20 00:48:06,CANCELADA
5339,3369,2025-07-31 15:05:01,COMPLETADA
5340,413,2025-01-26 16:45:26,PENDIENTE
5341,1807,2025-10-29 13:28:59,COMPLETADA
5342,2213,2025-10-20 04:10:31,COMPLETADA
5343,4058,2025-02-08 23:34:29,COMPLETADA
5344,4906,2025-01-04 19:08:13,COMPLETADA
5345,1330,2025-04-11 15:15:49,COMPLETADA
5346,3679,2025-04-14 11:47:07,CANCELADA
5347,3304,2025-12-20 01:16:05,PENDIENTE
5348,3373,2025-09-11 10:59:53,PENDIENTE
5349,4885,2025-07-04 05:53:56,COMPLETADA
5350,160,2025-06-16 23:52:51,COMPLETADA
5351,755,2025-04-11 11:35:53,PENDIENTE
5352,4032,2025-03-09 19:15:37,PENDIENTE
5353,3885,2025-06-17 02:41:22,CANCELADA
5354,391,2025-05-21 16:12:08,CANCELADA
5355,4632,2025-07-16 03:05:37,PENDIENTE
5356,4930,2025-05-01 21:18:46,COMPLETADA
5357,2159,2025-09-27 01:40:00,COMPLETADA
5358,4293,2025-11-09 11:27:31,PENDIENTE
5359,2153,2025-11-15 04:46:09,COMPLETADA
5360,1600,2025-12-26 12:29:02,COMPLETADA
5361,3719,2025-01-10 23:36:42,COMPLETADA
5362,1087,2025-11-02 07:36:12,CANCELADA
5363,2574,2025-06-13 10:09:30,COMPLETADA
5364,1403,2025-12-28 22:01:47,COMPLETADA
5365,3288,2025-02-15 14:38:40,COMPLETADA
5366,4463,2025-03-08 23:49:57,CANCELADA
5367,3804,2025-03-17 20:34:49,COMPLETADA
5368,1346,2025-02-06 02:36:19,PENDIENTE
5369,644,2025-04-04 03:14:48,COMPLETADA
5370,4,2025-01-15 13:15:08,COMPLETADA
5371,1793,2025-11-13 20:06:09,PENDIENTE
5372,1950,2025-06-03 14:01:30,PENDIENTE
5373,2604,2025-08-30 16:26:45,COMPLETADA
5374,4062,2025-07-25 10:00:13,COMPLETADA
5375,2826,2025-02-08 18:08:18,COMPLETADA
5376,1560,2026-01-02 11:12:54,COMPLETADA
5377,609,2025-04-30 11:37:29,CANCELADA
5378,4467,2025-06-22 08:55:27,COMPLETADA
5379,2168,2025-05-11 00:40:57,COMPLETADA
5380,1382,2025-01-04 18:49:33,CANCELADA
5381,2647,2025-04-25 08:54:54,COMPLETADA
5382,3241,2025-01-16 05:54:03,COMPLETADA
5383,353,2025-10-18 17:47:37,CANCELADA
5384,775,2025-11-28 22:49:39,COMPLETADA
5385,2333,2025-10-12 06:55:06,CANCELADA
5386,1938,2026-01-02 00:50:08,COMPLETADA
5387,2050,2025-10-28 17:13:32,PENDIENTE
5388,3264,2025-04-14 04:05:09,COMPLETADA
5389,888,2025-11-04 19:10:58,CANCELADA
5390,3795,2025-02-25 01:22:18,PENDIENTE
5391,4094,2025-06-13 11:33:07,PENDIENTE
5392,1396,2026-01-03 20:46:17,CANCELADA
5393,616,2025-08-31 21:00:36,COMPLETADA
5394,1323,2025-06-09 18:48:33,COMPLETADA
5395,4027,2025-10-29 23:20:28,CANCELADA
5396,4826,2025-10-20 22:11:14,COMPLETADA
5397,1495,2025-02-21 07:57:44,COMPLETADA
5398,1585,2025-10-05 11:00:31,COMPLETADA
5399,3440,2025-10-28 12:54:45,COMPLETADA
5400,4474,2025-10-08 01:59:01,COMPLETADA
5401,4025,2025-07-13 16:51:38,PENDIENTE
5402,4969,2025-03-05 19:44:28,COMPLETADA
5403,3490,2025-01-06 19:17:00,CANCELADA
5404,1898,2025-06-17 08:22:29,CANCELADA
5405,4419,2025-05-08 06:32:32,COMPLETADA
5406,942,2025-12-17 19:21:29,PENDIENTE
5407,1452,2025-07-11 14:34:42,COMPLETADA
5408,2609,2025-06-03 12:08:52,COMPLETADA
5409,2773,2025-07-05 08:40:30,COMPLETADA
5410,3684,2025-02-25 11:04:01,CANCELADA
5411,188,2025-05-09 06:07:14,COMPLETADA
5412,4822,2025-01-05 17:22:35,COMPLETADA
5413,3512,2025-05-14 09:17:39,COMPLETADA
5414,975,2025-08-15 03:44:10,COMPLETADA
5415,501,2025-05-27 23:30:02,COMPLETADA
5416,4068,2025-10-07 03:05:03,COMPLETADA
5417,3319,2025-09-02 01:29:56,COMPLETADA
5418,1201,2025-10-27 11:51:21,CANCELADA
5419,127,2025-07-25 18:08:22,COMPLETADA
5420,19,2025-12-18 00:31:31,COMPLETADA
5421,1177,2025-11-22 23:28:33,COMPLETADA
5422,1401,2025-10-16 14:30:36,COMPLETADA
5423,2862,2025-08-13 12:44:16,COMPLETADA
5424,1305,2025-02-26 11:22:07,COMPLETADA
5425,3223,2025-02-09 15:08:13,PENDIENTE
5426,2999,2025-07-22 17:05:27,COMPLETADA
5427,2745,2025-12-25 12:09:29,COMPLETADA
5428,3665,2025-10-04 18:47:49,CANCELADA
5429,2171,2025-06-12 13:19:05,COMPLETADA
5430,1232,2025-08-23 22:59:06,PENDIENTE
5431,4284,2025-12-14 17:26:42,PENDIENTE
5432,1428,2025-01-07 06:10:07,COMPLETADA
5433,4675,2025-10-06 01:54:38,COMPLETADA
5434,4652,2025-08-16 10:12:31,COMPLETADA
5435,3742,2025-03-16 08:23:46,PENDIENTE
5436,324,2025-02-17 14:05:51,COMPLETADA
5437,4377,2025-08-12 21:54:32,PENDIENTE
5438,2200,2025-03-06 00:11:38,COMPLETADA
5439,4989,2025-07-06 12:28:04,COMPLETADA
5440,4479,2025-11-09 23:02:29,CANCELADA
5441,1298,2025-03-04 19:44:29,COMPLETADA
5442,310,2025-11-27 11:24:42,CANCELADA
5443,278,2025-10-29 02:47:18,CANCELADA
5444,1883,2025-07-22 03:23:14,PENDIENTE
5445,4443,2025-09-03 20:04:52,COMPLETADA
5446,4901,2025-04-17 06:22:56,PENDIENTE
5447,2055,2025-11-18 05:51:45,COMPLETADA
5448,2391,2025-08-11 08:03:35,COMPLETADA
5449,2443,2025-01-05 06:04:59,CANCELADA
5450,2767,2025-04-30 00:26:22,PENDIENTE
5451,4995,2025-12-18 02:03:16,COMPLETADA
5452,541,2025-05-17 01:58:17,COMPLETADA
5453,2323,2025-03-21 22:50:15,COMPLETADA
5454,4471,2025-02-25 17:49:30,COMPLETADA
5455,294,2025-08-30 17:06:42,PENDIENTE
5456,3616,2025-05-26 15:34:32,COMPLETADA
5457,1467,2025-04-01 10:09:46,COMPLETADA
5458,4457,2025-12-07 00:12:06,COMPLETADA
5459,3199,2025-03-25 22:03:43,COMPLETADA
5460,4418,2025-11-24 12:53:35,PENDIENTE
5461,1530,2025-02-12 00:10:13,COMPLETADA
5462,3703,2025-06-03 14:27:49,COMPLETADA
5463,639,2025-02-09 18:32:11,CANCELADA
5464,521,2025-07-21 19:43:56,PENDIENTE
5465,3780,2025-08-10 23:37:18,COMPLETADA
5466,4360,2025-03-06 19:12:11,COMPLETADA
5467,4440,2025-06-25 16:12:35,COMPLETADA
5468,4708,2025-01-09 14:34:26,CANCELADA
5469,4144,2025-12-15 06:46:40,COMPLETADA
5470,1261,2025-03-30 00:57:11,PENDIENTE
5471,1061,2025-08-19 19:50:31,COMPLETADA
5472,4726,2025-04-06 17:48:40,COMPLETADA
5473,313,2025-07-20 11:53:48,PENDIENTE
5474,4360,2025-03-19 20:40:32,COMPLETADA
5475,4296,2025-08-13 22:26:57,COMPLETADA
5476,1526,2025-01-22 10:57:13,PENDIENTE
5477,1946,2025-02-09 11:46:36,COMPLETADA
5478,2207,2025-03-10 01:49:18,CANCELADA
5479,2953,2025-12-19 03:02:25,PENDIENTE
5480,3197,2025-04-02 05:05:08,COMPLETADA
5481,2719,2025-04-21 06:27:04,PENDIENTE
5482,4663,2025-08-28 04:20:14,COMPLETADA
5483,1023,2025-07-03 10:56:29,COMPLETADA
5484,4439,2025-09-18 23:27:54,COMPLETADA
5485,2807,2025-08-29 05:09:51,CANCELADA
5486,2199,2025-09-06 06:35:56,COMPLETADA
5487,4290,2025-02-11 12:55:53,COMPLETADA
5488,4863,2025-08-15 08:22:49,COMPLETADA
5489,1150,2025-05-23 21:32:31,COMPLETADA
5490,2410,2025-10-17 19:43:16,COMPLETADA
5491,2021,2025-12-09 02:36:29,COMPLETADA
5492,1091,2025-07-11 21:06:44,PENDIENTE
5493,4720,2025-12-14 22:06:07,PENDIENTE
5494,3207,2025-07-09 13:25:14,PENDIENTE
5495,1821,2025-05-20 19:18:00,CANCELADA
5496,1594,2025-09-06 21:42:58,COMPLETADA
5497,4691,2025-08-26 05:29:47,CANCELADA
5498,2787,2025-09-18 13:40:27,COMPLETADA
5499,2136,2025-02-04 15:28:39,COMPLETADA
5500,2686,2025-11-23 02:29:51,COMPLETADA
5501,2768,2025-09-30 13:15:30,PENDIENTE
5502,3960,2025-03-24 02:54:17,COMPLETADA
5503,2813,2025-11-29 22:09:55,COMPLETADA
5504,4715,2025-11-27 19:21:14,COMPLETADA
5505,4827,2025-05-20 00:36:38,COMPLETADA
5506,1821,2025-08-20 14:43:15,COMPLETADA
5507,4981,2025-11-25 15:18:24,PENDIENTE
5508,3032,2025-04-16 09:11:34,COMPLETADA
5509,4133,2025-01-07 20:18:12,COMPLETADA
5510,3205,2025-12-30 16:11:17,COMPLETADA
5511,211,2025-10-24 02:36:55,CANCELADA
5512,4012,2025-06-03 10:52:27,COMPLETADA
5513,3165,2025-12-04 17:28:34,CANCELADA
5514,4577,2025-03-14 14:26:32,COMPLETADA
5515,4997,2025-11-30 05:39:11,COMPLETADA
5516,3996,2025-10-15 16:31:56,PENDIENTE
5517,2354,2025-11-17 06:55:32,PENDIENTE
5518,1837,2025-07-21 01:28:01,COMPLETADA
5519,2512,2025-05-25 16:17:27,COMPLETADA
5520,983,2025-05-13 08:53:18,CANCELADA
5521,4197,2025-07-28 15:39:33,PENDIENTE
5522,611,2025-11-04 14:03:57,CANCELADA
5523,928,2025-08-29 21:29:56,CANCELADA
5524,4908,2025-10-31 15:21:57,COMPLETADA
5525,385,2025-05-10 07:43:13,COMPLETADA
5526,2733,2025-08-23 02:45:50,COMPLETADA
5527,2205,2025-01-25 11:58:01,PENDIENTE
5528,705,2025-02-21 06:11:21,PENDIENTE
5529,1722,2025-07-31 23:21:51,COMPLETADA
5530,723,2025-04-18 13:14:53,COMPLETADA
5531,3717,2025-11-18 21:58:02,COMPLETADA
5532,2686,2025-05-08 20:36:36,COMPLETADA
5533,1775,2025-09-08 16:54:35,PENDIENTE
5534,3000,2025-04-11 02:27:52,COMPLETADA
5535,1757,2025-05-01 16:25:22,PENDIENTE
5536,3899,2025-11-06 19:21:23,PENDIENTE
5537,4297,2025-12-23 19:56:14,COMPLETADA
5538,3492,2025-06-16 07:25:36,COMPLETADA
5539,2600,2025-09-08 17:44:34,COMPLETADA
5540,2178,2025-08-15 21:26:20,CANCELADA
5541,1227,2025-02-24 04:24:20,PENDIENTE
5542,894,2025-04-21 06:37:23,COMPLETADA
5543,714,2025-03-25 20:01:16,COMPLETADA
5544,2899,2025-08-14 05:09:39,COMPLETADA
5545,3137,2025-03-09 11:54:04,COMPLETADA
5546,1000,2025-06-06 00:25:12,PENDIENTE
5547,4291,2025-04-27 01:49:01,COMPLETADA
5548,493,2025-05-22 16:54:32,COMPLETADA
5549,1079,2025-05-31 13:51:51,PENDIENTE
5550,56,2025-09-12 20:22:36,COMPLETADA
5551,1064,2025-12-01 07:40:16,COMPLETADA
5552,4213,2025-07-29 04:43:44,COMPLETADA
5553,2854,2025-08-22 20:55:19,COMPLETADA
5554,1122,2025-08-15 19:58:07,CANCELADA
5555,4567,2025-07-08 01:03:07,PENDIENTE
5556,3508,2025-06-23 11:22:16,COMPLETADA
5557,2658,2025-03-20 20:30:14,CANCELADA
5558,4781,2025-02-10 05:18:13,COMPLETADA
5559,3685,2025-08-28 02:39:33,COMPLETADA
5560,2290,2026-01-04 04:16:20,COMPLETADA
5561,1373,2025-09-04 07:30:07,COMPLETADA
5562,2768,2025-10-23 13:28:55,COMPLETADA
5563,2291,2025-09-16 18:41:27,COMPLETADA
5564,2782,2025-10-24 07:19:38,PENDIENTE
5565,3457,2025-07-06 16:35:04,CANCELADA
5566,2600,2025-04-05 03:10:28,PENDIENTE
5567,2360,2025-07-03 12:53:01,COMPLETADA
5568,1056,2025-07-18 20:21:41,COMPLETADA
5569,973,2025-03-02 18:06:24,CANCELADA
5570,3508,2025-05-06 07:42:16,CANCELADA
5571,209,2025-02-21 23:23:26,COMPLETADA
5572,52,2025-10-26 08:17:08,CANCELADA
5573,352,2025-06-18 15:38:31,COMPLETADA
5574,2514,2025-12-20 16:41:06,COMPLETADA
5575,1881,2025-09-09 07:20:19,COMPLETADA
5576,1902,2025-08-19 20:10:19,COMPLETADA
5577,1937,2025-11-29 07:00:10,COMPLETADA
5578,949,2025-10-04 22:10:04,PENDIENTE
5579,2600,2025-11-01 09:50:13,COMPLETADA
5580,46,2025-09-28 15:04:27,COMPLETADA
5581,3937,2025-10-14 15:29:53,COMPLETADA
5582,1672,2025-04-23 00:49:17,COMPLETADA
5583,3488,2025-03-15 15:05:52,COMPLETADA
5584,1493,2025-12-03 19:41:34,PENDIENTE
5585,2326,2025-08-02 14:35:58,COMPLETADA
5586,4259,2025-01-19 06:58:22,COMPLETADA
5587,3139,2025-01-09 05:07:17,COMPLETADA
5588,4020,2025-01-18 06:10:21,COMPLETADA
5589,1820,2025-07-25 09:28:27,COMPLETADA
5590,3614,2025-11-21 06:37:22,PENDIENTE
5591,2398,2025-07-10 20:02:17,COMPLETADA
5592,1227,2025-08-02 04:25:00,PENDIENTE
5593,1063,2025-07-17 09:14:19,COMPLETADA
5594,4222,2025-09-22 15:55:13,CANCELADA
5595,1374,2025-04-11 21:18:42,CANCELADA
5596,2359,2025-04-07 19:23:36,COMPLETADA
5597,571,2025-01-20 15:28:32,COMPLETADA
5598,1417,2025-01-10 06:54:18,PENDIENTE
5599,868,2025-01-10 23:27:15,PENDIENTE
5600,1560,2025-08-29 23:46:44,PENDIENTE
5601,1035,2025-03-16 01:02:50,COMPLETADA
5602,1174,2025-11-09 21:41:55,CANCELADA
5603,59,2025-03-24 17:19:20,COMPLETADA
5604,759,2025-04-27 12:05:36,COMPLETADA
5605,67,2025-04-29 00:54:59,CANCELADA
5606,4257,2025-06-30 16:49:45,COMPLETADA
5607,2150,2025-06-05 19:48:15,COMPLETADA
5608,1671,2025-06-21 22:54:58,PENDIENTE
5609,3795,2025-02-15 18:16:55,COMPLETADA
5610,4363,2025-02-16 23:23:04,COMPLETADA
5611,3864,2025-01-09 21:09:12,COMPLETADA
5612,714,2025-05-02 20:25:14,PENDIENTE
5613,1450,2025-05-12 05:08:05,PENDIENTE
5614,2868,2025-08-23 08:12:47,COMPLETADA
5615,2629,2025-09-20 12:03:59,COMPLETADA
5616,2976,2025-05-14 05:20:04,COMPLETADA
5617,2177,2025-02-25 19:45:23,COMPLETADA
5618,3105,2025-12-25 10:38:35,COMPLETADA
5619,4680,2025-02-01 17:51:24,CANCELADA
5620,2666,2025-01-24 19:38:44,COMPLETADA
5621,740,2025-10-15 05:34:54,COMPLETADA
5622,3716,2025-05-09 00:51:56,COMPLETADA
5623,4537,2025-04-18 23:55:15,COMPLETADA
5624,838,2025-06-11 06:15:02,COMPLETADA
5625,4501,2025-08-13 16:30:08,CANCELADA
5626,3601,2025-12-20 04:05:26,CANCELADA
5627,3841,2025-04-05 12:59:42,COMPLETADA
5628,3746,2025-08-19 05:46:39,PENDIENTE
5629,1625,2025-08-28 23:42:47,COMPLETADA
5630,1780,2025-11-20 17:52:59,CANCELADA
5631,4773,2025-01-06 19:04:57,CANCELADA
5632,240,2025-07-25 03:32:27,COMPLETADA
5633,1414,2025-08-25 09:30:39,COMPLETADA
5634,4644,2025-06-05 08:03:57,CANCELADA
5635,1754,2025-04-03 02:43:31,PENDIENTE
5636,1403,2025-10-06 10:07:37,CANCELADA
5637,3499,2025-12-23 23:09:41,PENDIENTE
5638,4794,2025-08-01 01:53:14,COMPLETADA
5639,2484,2025-06-30 11:11:38,COMPLETADA
5640,4511,2025-10-06 01:32:35,COMPLETADA
5641,1365,2025-05-05 13:57:54,COMPLETADA
5642,2980,2025-10-15 05:25:25,PENDIENTE
5643,2004,2025-11-08 05:56:09,PENDIENTE
5644,4426,2025-02-14 08:44:21,COMPLETADA
5645,4555,2025-05-06 12:22:30,CANCELADA
5646,2186,2025-10-08 16:24:22,COMPLETADA
5647,4007,2025-04-29 19:16:48,PENDIENTE
5648,3794,2025-10-11 09:57:12,PENDIENTE
5649,4040,2025-09-11 05:35:19,COMPLETADA
5650,3221,2025-12-10 02:22:56,COMPLETADA
5651,161,2025-10-02 04:07:02,COMPLETADA
5652,2139,2025-09-18 18:13:09,CANCELADA
5653,4732,2025-03-31 03:41:22,PENDIENTE
5654,4081,2025-05-01 22:47:44,COMPLETADA
5655,955,2025-10-29 11:50:18,COMPLETADA
5656,3661,2025-07-05 18:57:16,COMPLETADA
5657,4770,2025-08-28 07:29:26,COMPLETADA
5658,1531,2025-08-16 02:27:46,COMPLETADA
5659,3606,2025-05-28 23:57:22,COMPLETADA
5660,455,2025-01-08 15:21:51,COMPLETADA
5661,4882,2025-08-09 13:16:57,COMPLETADA
5662,4318,2025-04-24 08:09:59,CANCELADA
5663,922,2025-02-16 17:06:35,COMPLETADA
5664,2678,2025-01-12 12:50:22,COMPLETADA
5665,4574,2025-07-04 12:50:58,CANCELADA
5666,4252,2025-03-02 15:42:17,COMPLETADA
5667,1223,2025-05-04 10:34:25,COMPLETADA
5668,808,2025-10-19 02:26:02,COMPLETADA
5669,2985,2025-07-21 14:33:59,COMPLETADA
5670,445,2025-08-03 22:19:35,COMPLETADA
5671,1420,2025-04-18 10:22:28,COMPLETADA
5672,365,2025-07-30 14:48:53,COMPLETADA
5673,4541,2025-04-04 15:56:23,COMPLETADA
5674,3815,2025-01-19 16:00:46,COMPLETADA
5675,4145,2025-12-30 15:22:37,CANCELADA
5676,3592,2025-09-27 19:11:18,COMPLETADA
5677,1726,2025-07-22 05:33:01,PENDIENTE
5678,3050,2025-09-20 14:12:02,PENDIENTE
5679,2928,2025-11-07 19:43:23,COMPLETADA
5680,4383,2025-02-05 15:41:34,COMPLETADA
5681,499,2025-01-20 01:23:45,PENDIENTE
5682,332,2025-04-19 06:51:12,COMPLETADA
5683,2279,2025-12-14 16:49:54,CANCELADA
5684,1936,2025-03-31 20:51:07,CANCELADA
5685,672,2025-12-19 21:14:58,PENDIENTE
5686,4701,2025-01-20 13:17:12,COMPLETADA
5687,3771,2025-06-07 07:12:49,COMPLETADA
5688,1336,2025-03-01 10:09:41,CANCELADA
5689,4674,2025-01-17 15:34:39,CANCELADA
5690,767,2025-10-22 13:55:48,COMPLETADA
5691,1223,2025-08-14 08:25:55,COMPLETADA
5692,1372,2025-10-20 18:40:36,PENDIENTE
5693,4808,2025-09-03 05:17:50,PENDIENTE
5694,197,2025-07-29 11:41:31,COMPLETADA
5695,1629,2026-01-02 03:26:18,COMPLETADA
5696,4190,2025-07-26 00:57:02,COMPLETADA
5697,1609,2025-12-02 19:42:14,CANCELADA
5698,4724,2025-11-14 18:49:44,COMPLETADA
5699,3852,2025-05-28 21:38:13,COMPLETADA
5700,4862,2025-07-22 01:49:03,COMPLETADA
5701,4987,2025-12-30 20:45:03,CANCELADA
5702,1190,2025-03-29 19:42:44,COMPLETADA
5703,1237,2025-10-31 00:00:22,PENDIENTE
5704,947,2025-01-23 07:34:12,COMPLETADA
5705,968,2025-03-29 12:35:25,CANCELADA
5706,3772,2025-02-20 17:34:59,COMPLETADA
5707,1144,2025-05-30 18:33:24,COMPLETADA
5708,4964,2025-12-30 19:43:26,PENDIENTE
5709,732,2025-11-20 04:05:27,COMPLETADA
5710,3135,2025-02-14 15:39:04,COMPLETADA
5711,1061,2025-08-09 17:24:52,CANCELADA
5712,343,2025-01-25 08:06:20,COMPLETADA
5713,262,2025-08-27 13:08:30,COMPLETADA
5714,2810,2025-03-14 06:43:55,PENDIENTE
5715,4335,2025-10-29 06:40:30,PENDIENTE
5716,2038,2025-07-15 21:54:27,COMPLETADA
5717,1754,2025-03-17 18:55:48,COMPLETADA
5718,4685,2025-03-31 05:11:22,COMPLETADA
5719,3116,2025-05-19 20:22:32,COMPLETADA
5720,4393,2025-10-27 16:24:42,COMPLETADA
5721,1466,2025-01-23 20:44:42,COMPLETADA
5722,2470,2025-01-13 06:30:32,PENDIENTE
5723,849,2025-11-07 09:48:21,COMPLETADA
5724,2311,2025-07-04 15:14:56,COMPLETADA
5725,739,2025-02-25 02:09:29,COMPLETADA
5726,4575,2025-01-18 16:53:22,PENDIENTE
5727,4300,2026-01-03 05:05:16,COMPLETADA
5728,2762,2025-07-09 08:15:28,CANCELADA
5729,4723,2025-11-03 07:48:07,PENDIENTE
5730,1103,2025-07-16 08:10:39,COMPLETADA
5731,2349,2025-10-07 23:07:33,COMPLETADA
5732,141,2025-07-27 04:28:03,PENDIENTE
5733,4845,2025-05-31 08:49:21,COMPLETADA
5734,3005,2025-01-15 03:56:19,CANCELADA
5735,2867,2025-02-19 18:25:55,PENDIENTE
5736,541,2025-12-08 02:09:47,PENDIENTE
5737,11,2025-07-20 12:16:39,PENDIENTE
5738,1759,2025-02-04 11:12:29,PENDIENTE
5739,4661,2025-07-28 12:10:09,COMPLETADA
5740,1051,2025-07-20 16:30:43,PENDIENTE
5741,4780,2025-07-30 01:58:50,COMPLETADA
5742,140,2025-08-13 10:45:29,PENDIENTE
5743,1875,2025-01-23 17:58:38,CANCELADA
5744,972,2025-06-29 02:14:13,COMPLETADA
5745,1563,2025-06-14 18:35:06,COMPLETADA
5746,2942,2025-04-02 08:09:19,COMPLETADA
5747,4421,2025-12-06 15:27:01,COMPLETADA
5748,2515,2025-04-13 00:56:36,PENDIENTE
5749,1068,2025-07-04 22:10:33,COMPLETADA
5750,222,2025-12-04 12:45:14,COMPLETADA
5751,614,2025-11-19 03:05:17,CANCELADA
5752,1280,2025-01-27 17:41:20,COMPLETADA
5753,3948,2025-02-18 08:56:45,CANCELADA
5754,3461,2025-01-17 02:40:09,COMPLETADA
5755,1327,2025-03-31 17:33:23,COMPLETADA
5756,4568,2025-09-04 03:46:27,COMPLETADA
5757,495,2025-02-03 19:45:06,COMPLETADA
5758,504,2025-06-19 03:06:46,COMPLETADA
5759,700,2025-03-10 05:00:39,COMPLETADA
5760,4840,2025-07-19 18:09:59,COMPLETADA
5761,1870,2025-12-14 17:44:58,COMPLETADA
5762,2306,2025-11-17 02:37:39,COMPLETADA
5763,877,2025-07-03 20:57:03,COMPLETADA
5764,2139,2025-10-26 22:15:18,CANCELADA
5765,1300,2025-09-09 01:35:18,PENDIENTE
5766,63,2025-01-30 05:50:07,COMPLETADA
5767,2339,2025-06-20 09:23:16,COMPLETADA
5768,481,2025-07-07 18:55:56,COMPLETADA
5769,2976,2025-02-04 03:20:12,CANCELADA
5770,3323,2025-06-09 23:05:38,CANCELADA
5771,4624,2025-08-02 18:00:54,CANCELADA
5772,3699,2025-12-30 02:55:43,COMPLETADA
5773,2526,2025-04-17 23:27:30,COMPLETADA
5774,3039,2025-12-04 09:48:55,COMPLETADA
5775,2852,2025-10-26 18:44:21,COMPLETADA
5776,3483,2025-12-02 08:06:47,PENDIENTE
5777,2017,2025-07-15 20:40:19,COMPLETADA
5778,872,2025-11-29 20:22:59,COMPLETADA
5779,2058,2025-01-18 22:12:29,COMPLETADA
5780,23,2025-02-03 15:39:13,COMPLETADA
5781,4547,2025-03-25 19:19:56,COMPLETADA
5782,971,2025-05-24 19:11:41,PENDIENTE
5783,4213,2025-11-05 21:22:07,COMPLETADA
5784,1698,2025-09-26 08:37:12,COMPLETADA
5785,3380,2025-06-20 06:18:16,COMPLETADA
5786,823,2025-08-28 03:53:04,COMPLETADA
5787,2263,2025-09-17 15:03:49,PENDIENTE
5788,738,2026-01-02 10:41:15,COMPLETADA
5789,3472,2025-05-10 18:02:52,COMPLETADA
5790,4460,2025-07-27 01:31:52,COMPLETADA
5791,799,2025-08-09 22:48:19,PENDIENTE
5792,3001,2025-05-12 23:09:47,COMPLETADA
5793,1214,2025-05-25 15:40:49,COMPLETADA
5794,887,2025-11-03 05:44:29,CANCELADA
5795,499,2025-03-29 21:00:24,COMPLETADA
5796,1602,2025-09-10 23:39:38,COMPLETADA
5797,3348,2025-09-06 03:14:59,COMPLETADA
5798,2020,2025-08-15 13:40:22,COMPLETADA
5799,1878,2025-05-03 04:54:20,COMPLETADA
5800,392,2025-02-20 13:13:54,PENDIENTE
5801,2358,2025-11-06 17:11:37,COMPLETADA
5802,4348,2025-12-27 16:29:39,CANCELADA
5803,4031,2025-08-03 20:46:08,COMPLETADA
5804,3282,2025-04-18 05:11:42,COMPLETADA
5805,1611,2025-02-06 04:13:59,COMPLETADA
5806,4630,2025-02-11 10:39:19,COMPLETADA
5807,2859,2025-12-07 21:15:53,COMPLETADA
5808,4327,2025-07-29 14:53:22,PENDIENTE
5809,3661,2025-05-21 06:15:26,COMPLETADA
5810,3519,2025-05-30 06:31:11,COMPLETADA
5811,4065,2025-10-27 11:22:28,COMPLETADA
5812,988,2025-02-03 13:52:19,COMPLETADA
5813,2735,2025-02-08 10:34:19,COMPLETADA
5814,1642,2025-07-26 03:19:49,COMPLETADA
5815,1283,2025-01-05 10:50:07,PENDIENTE
5816,3601,2025-06-04 05:01:54,CANCELADA
5817,3584,2025-06-17 13:39:31,CANCELADA
5818,3579,2025-03-03 23:07:12,PENDIENTE
5819,647,2025-10-07 18:05:15,COMPLETADA
5820,525,2025-01-06 18:04:31,COMPLETADA
5821,1133,2025-05-15 00:34:25,PENDIENTE
5822,3892,2025-01-14 16:07:31,COMPLETADA
5823,472,2025-12-20 21:53:38,CANCELADA
5824,3302,2025-02-23 23:14:31,COMPLETADA
5825,821,2025-03-17 12:49:10,COMPLETADA
5826,2707,2025-10-24 01:46:13,COMPLETADA
5827,205,2025-03-18 09:30:10,PENDIENTE
5828,955,2025-10-24 03:02:10,COMPLETADA
5829,4822,2025-07-16 18:37:44,COMPLETADA
5830,3829,2025-06-03 17:55:50,COMPLETADA
5831,2067,2025-05-19 05:53:40,COMPLETADA
5832,2152,2026-01-01 19:43:47,COMPLETADA
5833,4456,2025-05-16 04:22:21,PENDIENTE
5834,4523,2025-06-11 13:02:59,COMPLETADA
5835,4612,2025-01-04 06:27:45,PENDIENTE
5836,2209,2025-02-23 08:20:59,COMPLETADA
5837,2581,2025-07-07 08:31:27,COMPLETADA
5838,539,2025-12-28 12:18:59,COMPLETADA
5839,1411,2025-04-11 02:14:38,COMPLETADA
5840,4988,2025-04-27 01:48:23,COMPLETADA
5841,4831,2025-07-08 18:12:40,COMPLETADA
5842,4899,2025-02-13 19:21:10,PENDIENTE
5843,3236,2025-10-20 17:05:02,PENDIENTE
5844,4336,2025-06-07 19:51:27,CANCELADA
5845,1833,2025-12-17 17:24:27,COMPLETADA
5846,1628,2025-10-10 00:20:54,COMPLETADA
5847,3597,2025-08-01 15:51:06,PENDIENTE
5848,3397,2025-03-27 19:15:39,COMPLETADA
5849,4560,2025-12-29 12:15:39,PENDIENTE
5850,837,2025-09-21 08:32:44,COMPLETADA
5851,3130,2025-02-02 11:55:47,CANCELADA
5852,1217,2025-08-23 19:58:07,COMPLETADA
5853,2349,2025-01-06 04:23:05,CANCELADA
5854,3974,2025-07-23 21:40:08,COMPLETADA
5855,2181,2025-10-20 11:29:50,COMPLETADA
5856,1428,2025-12-30 23:13:28,PENDIENTE
5857,3580,2025-05-05 21:14:00,COMPLETADA
5858,4223,2025-06-19 00:02:56,PENDIENTE
5859,4876,2025-11-21 06:21:08,COMPLETADA
5860,4657,2025-11-26 14:04:15,CANCELADA
5861,3655,2025-09-22 15:46:03,PENDIENTE
5862,549,2025-08-30 03:28:21,PENDIENTE
5863,2164,2025-06-25 20:25:04,COMPLETADA
5864,3530,2025-08-14 13:40:13,PENDIENTE
5865,1144,2025-02-08 03:54:08,COMPLETADA
5866,3828,2025-04-02 20:11:25,COMPLETADA
5867,3775,2025-02-26 13:05:20,PENDIENTE
5868,4429,2025-05-22 08:53:59,PENDIENTE
5869,866,2025-08-04 05:30:03,COMPLETADA
5870,450,2025-06-04 23:16:40,PENDIENTE
5871,225,2025-08-28 00:58:15,COMPLETADA
5872,2126,2025-09-16 08:10:10,COMPLETADA
5873,4471,2025-04-07 04:54:09,CANCELADA
5874,686,2025-03-01 23:44:54,COMPLETADA
5875,4683,2025-09-01 07:31:38,COMPLETADA
5876,4133,2025-08-29 07:26:24,CANCELADA
5877,4790,2025-12-15 22:41:01,COMPLETADA
5878,1201,2025-07-29 01:48:14,CANCELADA
5879,685,2025-04-13 03:09:53,CANCELADA
5880,184,2025-06-05 14:08:56,PENDIENTE
5881,4404,2025-04-21 04:28:53,COMPLETADA
5882,4815,2025-06-29 20:38:14,CANCELADA
5883,4164,2025-01-30 02:00:22,COMPLETADA
5884,579,2025-09-29 15:13:42,CANCELADA
5885,3269,2025-08-27 20:15:53,CANCELADA
5886,2492,2025-07-22 04:48:47,COMPLETADA
5887,1317,2025-07-10 05:46:58,PENDIENTE
5888,3697,2025-02-03 06:58:09,CANCELADA
5889,2917,2025-05-07 00:56:33,COMPLETADA
5890,1910,2025-06-23 23:33:44,COMPLETADA
5891,3608,2025-09-10 06:18:00,CANCELADA
5892,3063,2025-01-27 09:46:53,COMPLETADA
5893,95,2025-03-31 13:20:33,COMPLETADA
5894,506,2025-09-09 09:54:04,PENDIENTE
5895,2126,2025-12-20 11:03:30,COMPLETADA
5896,3431,2025-02-24 02:56:19,COMPLETADA
5897,3878,2025-11-23 13:29:22,PENDIENTE
5898,1474,2025-06-12 13:23:34,PENDIENTE
5899,3116,2025-09-06 08:29:46,COMPLETADA
5900,2454,2025-04-24 02:18:15,COMPLETADA
5901,750,2025-05-17 10:48:19,PENDIENTE
5902,689,2025-12-25 10:58:40,CANCELADA
5903,4186,2025-12-06 12:26:54,CANCELADA
5904,4837,2025-04-30 02:49:11,COMPLETADA
5905,1355,2025-10-23 03:31:16,COMPLETADA
5906,3470,2025-06-04 01:06:30,COMPLETADA
5907,4135,2025-11-11 08:39:20,COMPLETADA
5908,3213,2025-08-17 07:56:40,COMPLETADA
5909,3909,2025-05-20 23:30:30,PENDIENTE
5910,410,2025-07-02 13:02:19,COMPLETADA
5911,4824,2025-11-30 14:38:56,COMPLETADA
5912,966,2025-08-07 23:21:08,COMPLETADA
5913,725,2025-08-22 22:58:37,PENDIENTE
5914,3470,2025-01-08 22:07:33,COMPLETADA
5915,3500,2025-07-19 01:16:31,COMPLETADA
5916,4521,2025-12-15 05:44:58,COMPLETADA
5917,1451,2025-03-14 12:00:53,COMPLETADA
5918,4532,2025-07-13 18:46:15,COMPLETADA
5919,2731,2025-04-25 15:30:38,PENDIENTE
5920,2901,2025-08-27 03:18:20,COMPLETADA
5921,3771,2025-10-23 01:33:59,COMPLETADA
5922,3262,2025-02-06 08:47:16,COMPLETADA
5923,371,2026-01-01 19:39:11,CANCELADA
5924,3455,2025-11-08 14:18:13,PENDIENTE
5925,2319,2025-03-14 14:21:32,PENDIENTE
5926,3083,2025-04-20 00:11:28,COMPLETADA
5927,2037,2025-10-23 23:59:06,PENDIENTE
5928,3517,2025-02-11 18:32:27,COMPLETADA
5929,3712,2025-10-26 15:17:13,COMPLETADA
5930,1243,2025-12-13 14:14:27,COMPLETADA
5931,96,2025-02-18 13:19:43,COMPLETADA
5932,2770,2025-05-17 00:39:24,COMPLETADA
5933,1167,2025-09-07 01:55:28,COMPLETADA
5934,2913,2025-08-17 01:12:55,COMPLETADA
5935,1992,2025-09-09 10:47:01,PENDIENTE
5936,3332,2025-07-10 03:02:25,COMPLETADA
5937,4479,2025-10-13 11:17:31,COMPLETADA
5938,4117,2025-03-05 13:42:47,CANCELADA
5939,1819,2025-05-11 22:18:38,COMPLETADA
5940,3278,2025-12-18 11:20:10,COMPLETADA
5941,4111,2025-04-10 14:22:09,COMPLETADA
5942,337,2025-07-04 23:45:01,CANCELADA
5943,1127,2025-08-21 09:06:30,CANCELADA
5944,3238,2025-01-13 16:39:02,COMPLETADA
5945,4319,2025-06-23 21:28:42,COMPLETADA
5946,4717,2025-01-15 07:18:28,COMPLETADA
5947,181,2025-05-23 19:39:01,COMPLETADA
5948,520,2025-02-26 06:14:10,COMPLETADA
5949,606,2025-07-20 23:12:03,COMPLETADA
5950,926,2025-12-29 14:47:25,COMPLETADA
5951,2034,2025-07-10 09:51:43,COMPLETADA
5952,4913,2025-12-14 10:34:21,COMPLETADA
5953,1338,2025-12-05 21:27:39,CANCELADA
5954,1676,2025-02-19 00:40:43,PENDIENTE
5955,885,2025-05-18 02:59:42,COMPLETADA
5956,3893,2025-02-10 03:09:44,PENDIENTE
5957,4,2025-05-10 13:43:38,COMPLETADA
5958,2037,2025-03-11 07:23:51,COMPLETADA
5959,2085,2025-05-23 20:34:05,COMPLETADA
5960,4187,2025-06-24 21:11:11,COMPLETADA
5961,2724,2025-08-01 07:48:41,PENDIENTE
5962,180,2025-05-18 01:16:24,CANCELADA
5963,2952,2025-10-21 17:50:20,CANCELADA
5964,2281,2025-04-04 02:53:06,PENDIENTE
5965,4060,2025-01-26 07:22:33,COMPLETADA
5966,1021,2025-12-22 09:43:01,COMPLETADA
5967,3514,2025-11-25 14:15:50,COMPLETADA
5968,259,2025-06-02 19:53:35,CANCELADA
5969,2369,2025-02-13 15:03:48,COMPLETADA
5970,4647,2025-03-11 17:29:34,COMPLETADA
5971,518,2025-09-24 22:40:57,COMPLETADA
5972,3967,2025-08-31 07:12:07,CANCELADA
5973,536,2025-11-22 10:00:04,PENDIENTE
5974,1039,2025-12-05 15:47:32,PENDIENTE
5975,4871,2025-12-20 13:43:47,COMPLETADA
5976,4478,2025-07-28 22:11:18,COMPLETADA
5977,4479,2025-03-11 10:51:15,COMPLETADA
5978,24,2025-10-12 16:36:29,CANCELADA
5979,3783,2025-01-22 17:05:42,PENDIENTE
5980,1192,2025-09-08 10:41:59,COMPLETADA
5981,653,2025-03-13 21:10:55,COMPLETADA
5982,3390,2025-02-19 03:46:22,COMPLETADA
5983,857,2025-12-08 18:57:50,PENDIENTE
5984,2675,2025-05-17 11:41:36,COMPLETADA
5985,3232,2025-04-18 17:24:20,COMPLETADA
5986,2172,2025-01-18 06:02:51,COMPLETADA
5987,4411,2025-06-28 20:39:57,COMPLETADA
5988,2040,2025-10-28 21:42:50,PENDIENTE
5989,4766,2025-10-13 12:32:28,COMPLETADA
5990,4502,2025-06-30 20:03:40,COMPLETADA
5991,4152,2025-01-29 11:12:59,COMPLETADA
5992,2559,2025-06-13 12:03:15,PENDIENTE
5993,740,2025-06-30 09:09:37,COMPLETADA
5994,4820,2025-05-31 19:34:19,COMPLETADA
5995,2569,2025-08-27 15:15:54,PENDIENTE
5996,404,2025-03-21 05:08:06,COMPLETADA
5997,1105,2025-09-02 08:23:09,PENDIENTE
5998,1480,2025-05-24 23:31:56,COMPLETADA
5999,3914,2025-02-26 21:18:08,CANCELADA
6000,2019,2025-11-20 12:48:46,PENDIENTE
6001,3126,2025-11-21 01:34:36,CANCELADA
6002,365,2025-09-27 08:17:55,COMPLETADA
6003,577,2025-12-18 12:05:34,COMPLETADA
6004,3461,2025-01-19 04:22:11,PENDIENTE
6005,507,2025-01-27 19:05:44,COMPLETADA
6006,4883,2025-10-01 04:41:33,COMPLETADA
6007,4549,2025-01-20 07:32:28,PENDIENTE
6008,1697,2025-10-04 09:59:20,COMPLETADA
6009,2037,2025-07-05 13:49:30,COMPLETADA
6010,1031,2025-08-03 00:29:45,COMPLETADA
6011,4746,2025-05-21 00:56:07,COMPLETADA
6012,3051,2025-09-03 07:44:40,COMPLETADA
6013,3105,2025-07-03 22:27:47,COMPLETADA
6014,403,2025-01-14 02:45:15,COMPLETADA
6015,4690,2025-12-20 03:58:06,COMPLETADA
6016,1114,2025-03-14 07:03:33,COMPLETADA
6017,4755,2025-03-20 13:44:04,COMPLETADA
6018,385,2025-06-18 17:52:31,COMPLETADA
6019,3083,2025-11-07 11:48:41,CANCELADA
6020,2245,2025-09-17 14:34:29,PENDIENTE
6021,4561,2025-03-25 11:11:29,COMPLETADA
6022,3534,2025-12-01 11:18:53,COMPLETADA
6023,410,2025-03-11 03:30:30,COMPLETADA
6024,3571,2025-02-23 02:37:50,COMPLETADA
6025,118,2025-11-04 18:27:37,PENDIENTE
6026,2546,2025-10-24 21:08:06,COMPLETADA
6027,2984,2025-11-01 15:43:36,COMPLETADA
6028,3630,2025-12-05 03:29:04,COMPLETADA
6029,240,2025-08-05 04:09:03,COMPLETADA
6030,2528,2026-01-02 09:15:58,PENDIENTE
6031,1809,2025-04-20 10:27:39,COMPLETADA
6032,4149,2025-12-06 23:11:04,PENDIENTE
6033,237,2025-11-02 06:26:36,COMPLETADA
6034,1987,2025-07-07 01:39:52,CANCELADA
6035,3028,2025-03-07 20:53:10,COMPLETADA
6036,3314,2025-07-21 01:39:27,CANCELADA
6037,1072,2025-03-31 21:56:34,CANCELADA
6038,1510,2025-11-03 10:37:22,PENDIENTE
6039,2757,2025-10-27 02:51:18,PENDIENTE
6040,444,2025-10-08 03:33:15,COMPLETADA
6041,2737,2025-09-29 17:11:12,COMPLETADA
6042,2843,2025-01-22 13:19:15,COMPLETADA
6043,440,2025-07-27 06:43:07,COMPLETADA
6044,3486,2025-05-02 20:36:59,COMPLETADA
6045,1530,2025-01-05 09:51:15,COMPLETADA
6046,1247,2025-04-27 20:15:58,COMPLETADA
6047,3703,2025-07-08 20:38:31,COMPLETADA
6048,3919,2025-05-07 05:46:22,PENDIENTE
6049,3883,2025-10-22 11:34:30,COMPLETADA
6050,1101,2025-01-07 01:55:01,PENDIENTE
6051,552,2025-01-18 16:43:14,COMPLETADA
6052,850,2025-11-09 19:17:20,COMPLETADA
6053,2302,2025-06-24 07:10:11,PENDIENTE
6054,819,2025-10-30 15:27:10,COMPLETADA
6055,4124,2025-10-11 11:34:06,PENDIENTE
6056,2058,2025-12-24 18:01:39,COMPLETADA
6057,4236,2025-05-09 06:03:10,COMPLETADA
6058,492,2025-01-13 18:57:56,COMPLETADA
6059,4398,2025-02-02 23:24:51,COMPLETADA
6060,3888,2025-06-30 10:18:54,COMPLETADA
6061,3245,2025-09-24 08:36:08,COMPLETADA
6062,4052,2025-12-22 12:28:41,CANCELADA
6063,1048,2025-12-27 14:16:58,COMPLETADA
6064,649,2025-11-20 01:36:10,COMPLETADA
6065,4879,2025-12-16 09:26:04,CANCELADA
6066,2936,2025-09-06 05:20:13,COMPLETADA
6067,112,2025-08-07 04:10:59,CANCELADA
6068,2239,2025-02-08 17:09:39,COMPLETADA
6069,3347,2025-01-07 18:46:16,PENDIENTE
6070,1345,2025-01-22 20:07:17,COMPLETADA
6071,3482,2025-07-20 08:54:39,COMPLETADA
6072,909,2025-04-12 22:40:09,CANCELADA
6073,439,2025-08-30 20:29:30,COMPLETADA
6074,2059,2025-03-18 20:50:41,COMPLETADA
6075,3922,2025-07-21 06:36:12,COMPLETADA
6076,3524,2025-12-21 07:19:14,COMPLETADA
6077,4823,2025-04-30 13:19:43,PENDIENTE
6078,4361,2025-11-25 17:10:26,COMPLETADA
6079,4540,2025-11-14 17:23:28,COMPLETADA
6080,1383,2025-07-06 15:53:18,COMPLETADA
6081,2169,2025-10-11 17:08:32,CANCELADA
6082,1433,2025-03-10 01:56:24,COMPLETADA
6083,1011,2025-06-08 11:07:25,PENDIENTE
6084,1906,2025-09-22 05:20:16,COMPLETADA
6085,2075,2025-03-17 22:31:05,COMPLETADA
6086,2199,2025-06-18 14:07:23,COMPLETADA
6087,3517,2025-02-01 20:08:35,COMPLETADA
6088,3010,2025-05-18 22:59:24,COMPLETADA
6089,3828,2025-03-27 17:09:40,COMPLETADA
6090,1194,2025-01-24 05:47:24,CANCELADA
6091,629,2025-11-13 16:43:23,COMPLETADA
6092,1586,2025-10-20 00:29:18,COMPLETADA
6093,3666,2025-09-09 19:20:50,COMPLETADA
6094,4402,2025-06-26 20:52:17,COMPLETADA
6095,4025,2025-10-19 03:49:38,PENDIENTE
6096,696,2025-10-09 19:01:33,COMPLETADA
6097,3262,2025-07-03 22:36:52,PENDIENTE
6098,1990,2025-11-12 23:02:55,PENDIENTE
6099,1363,2025-11-22 12:55:50,COMPLETADA
6100,252,2025-04-07 11:36:19,COMPLETADA
6101,4548,2025-01-19 11:16:20,COMPLETADA
6102,1391,2025-03-28 05:48:22,PENDIENTE
6103,3890,2025-12-30 19:00:18,COMPLETADA
6104,104,2025-01-18 18:18:14,PENDIENTE
6105,498,2025-02-11 17:46:20,PENDIENTE
6106,552,2025-06-17 07:21:50,COMPLETADA
6107,3171,2025-04-16 02:03:57,CANCELADA
6108,342,2025-04-06 13:17:01,COMPLETADA
6109,1593,2025-02-20 13:57:49,COMPLETADA
6110,4988,2025-01-05 03:02:32,CANCELADA
6111,1881,2025-12-08 18:20:33,COMPLETADA
6112,4468,2025-09-16 05:01:12,COMPLETADA
6113,1187,2025-04-30 18:49:37,COMPLETADA
6114,1880,2025-06-04 06:09:22,COMPLETADA
6115,1881,2025-07-26 18:15:44,CANCELADA
6116,97,2025-03-10 03:15:52,COMPLETADA
6117,851,2025-08-28 15:44:21,COMPLETADA
6118,3247,2025-03-28 19:46:08,COMPLETADA
6119,4139,2025-08-18 01:02:32,COMPLETADA
6120,549,2025-05-23 01:57:24,PENDIENTE
6121,2830,2025-02-20 22:13:05,CANCELADA
6122,2285,2025-03-07 15:32:35,COMPLETADA
6123,2945,2025-05-17 21:37:13,COMPLETADA
6124,3503,2025-04-22 23:31:55,COMPLETADA
6125,4356,2025-05-04 13:00:40,COMPLETADA
6126,4384,2025-08-04 17:05:45,CANCELADA
6127,541,2025-07-10 23:35:47,COMPLETADA
6128,1782,2025-12-27 23:30:02,COMPLETADA
6129,4526,2025-12-18 13:40:01,COMPLETADA
6130,2626,2025-03-04 23:32:53,COMPLETADA
6131,4881,2025-11-25 09:54:39,COMPLETADA
6132,4397,2025-06-03 13:30:41,COMPLETADA
6133,4116,2025-12-05 22:02:03,COMPLETADA
6134,2093,2025-12-11 06:42:07,CANCELADA
6135,3163,2025-12-17 17:19:04,PENDIENTE
6136,4653,2025-08-05 13:56:28,COMPLETADA
6137,4804,2025-04-13 02:54:51,COMPLETADA
6138,1270,2025-07-28 00:25:14,CANCELADA
6139,4906,2025-03-24 17:24:39,COMPLETADA
6140,2577,2025-09-27 16:34:25,COMPLETADA
6141,1089,2025-09-04 22:37:24,PENDIENTE
6142,858,2025-11-26 07:24:21,COMPLETADA
6143,3682,2025-12-16 02:23:04,PENDIENTE
6144,2080,2025-01-26 15:03:36,COMPLETADA
6145,299,2025-01-10 05:34:12,PENDIENTE
6146,4901,2025-01-17 12:42:36,COMPLETADA
6147,3124,2025-10-14 20:34:50,PENDIENTE
6148,1434,2025-03-16 20:28:21,COMPLETADA
6149,1669,2025-07-31 21:41:42,PENDIENTE
6150,1855,2025-03-03 04:50:26,COMPLETADA
6151,1334,2025-06-05 13:58:18,COMPLETADA
6152,1952,2025-07-11 11:25:47,COMPLETADA
6153,846,2025-03-18 11:32:56,COMPLETADA
6154,924,2025-02-06 17:55:38,CANCELADA
6155,4504,2025-06-28 23:09:31,COMPLETADA
6156,3211,2025-07-12 06:14:18,CANCELADA
6157,1288,2025-11-12 19:30:15,CANCELADA
6158,4642,2025-10-27 08:21:06,COMPLETADA
6159,1413,2025-11-25 22:42:08,COMPLETADA
6160,4217,2025-11-20 17:42:15,CANCELADA
6161,4736,2025-02-13 18:45:27,COMPLETADA
6162,1738,2025-08-19 08:10:34,COMPLETADA
6163,993,2025-12-08 04:13:35,COMPLETADA
6164,959,2025-02-04 15:52:07,COMPLETADA
6165,1885,2025-01-28 01:32:45,COMPLETADA
6166,18,2025-07-12 11:26:35,COMPLETADA
6167,4277,2025-03-23 19:43:52,COMPLETADA
6168,3556,2025-03-06 10:21:17,COMPLETADA
6169,372,2025-09-02 04:10:15,CANCELADA
6170,4161,2025-04-26 03:28:58,PENDIENTE
6171,4890,2025-05-22 06:31:01,PENDIENTE
6172,4573,2025-08-25 10:02:11,CANCELADA
6173,3940,2025-03-06 04:48:17,PENDIENTE
6174,997,2025-02-08 11:37:21,COMPLETADA
6175,685,2025-12-18 18:32:34,PENDIENTE
6176,1552,2025-12-18 06:48:28,COMPLETADA
6177,762,2025-11-18 15:16:33,COMPLETADA
6178,1928,2025-07-21 15:50:57,CANCELADA
6179,2371,2025-06-28 05:34:29,CANCELADA
6180,1999,2025-01-28 20:39:31,COMPLETADA
6181,697,2025-12-29 04:49:30,COMPLETADA
6182,389,2025-03-11 04:15:21,PENDIENTE
6183,2264,2025-10-04 11:16:06,COMPLETADA
6184,4509,2025-04-03 19:47:52,COMPLETADA
6185,1598,2025-11-23 02:05:02,COMPLETADA
6186,3348,2026-01-02 02:06:53,CANCELADA
6187,4823,2025-03-06 12:41:28,COMPLETADA
6188,801,2025-04-27 00:09:29,COMPLETADA
6189,1627,2025-07-21 00:06:27,PENDIENTE
6190,139,2025-05-31 13:15:53,COMPLETADA
6191,3312,2025-08-05 14:46:33,CANCELADA
6192,29,2025-06-30 18:25:08,COMPLETADA
6193,2286,2025-11-10 10:33:40,CANCELADA
6194,4820,2025-01-10 06:36:34,COMPLETADA
6195,611,2025-03-22 02:58:49,COMPLETADA
6196,378,2025-07-07 13:30:03,COMPLETADA
6197,3195,2025-01-18 18:44:47,COMPLETADA
6198,754,2025-04-08 15:55:48,COMPLETADA
6199,3220,2025-02-19 11:52:05,CANCELADA
6200,2451,2025-06-29 14:34:48,CANCELADA
6201,740,2025-09-15 07:34:56,PENDIENTE
6202,1842,2025-10-21 03:24:09,CANCELADA
6203,13,2025-08-27 16:42:31,PENDIENTE
6204,4438,2025-11-29 16:23:45,COMPLETADA
6205,3268,2025-05-27 01:55:13,COMPLETADA
6206,4846,2025-11-15 16:03:41,COMPLETADA
6207,3846,2025-11-15 01:16:43,COMPLETADA
6208,124,2025-06-14 04:31:39,COMPLETADA
6209,4602,2025-11-08 09:27:56,PENDIENTE
6210,3522,2025-07-16 02:25:57,COMPLETADA
6211,1658,2025-05-25 09:56:51,COMPLETADA
6212,1154,2025-06-13 09:37:55,COMPLETADA
6213,4649,2025-02-10 01:35:37,COMPLETADA
6214,3320,2025-04-22 08:21:09,COMPLETADA
6215,4972,2025-10-06 03:45:49,COMPLETADA
6216,127,2025-03-29 22:43:15,COMPLETADA
6217,4424,2025-03-20 10:43:08,COMPLETADA
6218,4551,2025-11-13 20:28:55,COMPLETADA
6219,4635,2025-07-31 23:38:07,COMPLETADA
6220,4335,2025-11-23 02:33:26,CANCELADA
6221,3976,2025-06-10 10:14:23,PENDIENTE
6222,596,2025-09-23 00:38:51,COMPLETADA
6223,3040,2025-08-05 08:17:30,PENDIENTE
6224,3513,2025-09-05 23:50:18,COMPLETADA
6225,3716,2025-02-23 04:46:04,PENDIENTE
6226,4665,2025-04-22 12:44:51,COMPLETADA
6227,3089,2025-03-10 23:08:40,COMPLETADA
6228,4872,2025-03-25 04:05:05,COMPLETADA
6229,183,2025-04-03 01:35:21,CANCELADA
6230,1088,2025-11-29 16:16:45,COMPLETADA
6231,2937,2025-11-05 00:12:06,COMPLETADA
6232,4277,2025-06-09 00:52:55,COMPLETADA
6233,1531,2025-12-05 20:35:13,COMPLETADA
6234,2480,2025-08-24 22:06:14,CANCELADA
6235,4533,2025-06-08 17:02:53,CANCELADA
6236,4683,2025-08-23 20:32:45,COMPLETADA
6237,1141,2025-06-29 03:18:23,CANCELADA
6238,3777,2025-05-21 17:10:09,COMPLETADA
6239,4182,2025-04-09 06:05:45,COMPLETADA
6240,965,2025-08-29 05:07:08,COMPLETADA
6241,3744,2025-07-21 18:03:42,COMPLETADA
6242,740,2025-04-27 20:59:08,PENDIENTE
6243,1131,2025-01-10 09:11:19,COMPLETADA
6244,3155,2025-07-27 03:50:37,COMPLETADA
6245,612,2025-08-22 05:56:59,COMPLETADA
6246,4518,2025-12-15 18:52:24,COMPLETADA
6247,753,2025-11-21 15:52:07,COMPLETADA
6248,4852,2025-01-25 22:13:17,COMPLETADA
6249,1129,2025-03-04 22:07:56,COMPLETADA
6250,1451,2025-06-13 18:34:32,COMPLETADA
6251,4942,2025-09-05 03:34:27,CANCELADA
6252,2739,2025-10-15 18:06:11,COMPLETADA
6253,610,2025-07-11 20:23:41,COMPLETADA
6254,2166,2025-09-12 15:43:47,PENDIENTE
6255,3002,2025-11-11 18:43:33,COMPLETADA
6256,1081,2025-09-01 03:24:06,COMPLETADA
6257,4535,2025-12-27 20:11:20,COMPLETADA
6258,2406,2025-01-10 08:06:14,COMPLETADA
6259,372,2025-07-03 03:04:36,COMPLETADA
6260,4144,2025-05-28 00:42:08,COMPLETADA
6261,4735,2025-06-13 23:45:59,COMPLETADA
6262,3008,2025-01-18 19:26:17,COMPLETADA
6263,1,2025-11-11 07:27:45,PENDIENTE
6264,148,2025-02-18 02:50:53,CANCELADA
6265,408,2025-03-30 03:22:48,COMPLETADA
6266,3272,2025-05-21 23:39:14,COMPLETADA
6267,2804,2025-08-27 16:15:18,COMPLETADA
6268,433,2025-11-04 03:38:36,COMPLETADA
6269,1731,2025-02-19 10:00:33,PENDIENTE
6270,2282,2025-12-13 22:36:02,PENDIENTE
6271,3851,2025-03-21 08:35:35,CANCELADA
6272,4122,2025-03-19 07:35:14,COMPLETADA
6273,4588,2025-08-27 15:23:10,COMPLETADA
6274,2294,2025-01-22 15:36:26,COMPLETADA
6275,729,2025-08-07 06:22:02,COMPLETADA
6276,4233,2025-02-27 00:39:58,COMPLETADA
6277,2145,2025-05-16 10:14:52,PENDIENTE
6278,1970,2025-05-17 09:04:56,COMPLETADA
6279,3439,2025-12-27 03:06:14,COMPLETADA
6280,4443,2025-02-10 03:15:51,CANCELADA
6281,3057,2025-09-17 16:49:10,COMPLETADA
6282,540,2025-09-29 13:02:15,COMPLETADA
6283,2879,2025-09-02 22:47:30,CANCELADA
6284,484,2025-01-27 21:25:01,COMPLETADA
6285,4706,2025-11-03 17:36:19,COMPLETADA
6286,9,2025-11-06 14:24:26,COMPLETADA
6287,3800,2025-05-28 01:52:04,CANCELADA
6288,895,2025-02-02 23:33:09,CANCELADA
6289,706,2025-06-16 11:35:02,COMPLETADA
6290,3502,2025-12-27 01:52:08,COMPLETADA
6291,358,2025-01-13 21:56:47,PENDIENTE
6292,1863,2025-12-07 17:21:05,CANCELADA
6293,3610,2025-09-09 00:14:06,COMPLETADA
6294,4666,2025-10-11 14:26:12,COMPLETADA
6295,360,2025-07-11 23:22:57,COMPLETADA
6296,581,2025-02-26 08:22:29,PENDIENTE
6297,4864,2025-04-13 00:25:41,COMPLETADA
6298,121,2025-06-30 02:40:32,COMPLETADA
6299,3964,2025-08-07 01:26:16,COMPLETADA
6300,710,2025-10-21 17:32:48,CANCELADA
6301,4703,2025-01-16 15:57:33,PENDIENTE
6302,4603,2025-03-08 07:53:04,PENDIENTE
6303,2401,2025-07-28 10:58:28,COMPLETADA
6304,1154,2025-01-19 04:42:49,PENDIENTE
6305,4276,2025-06-24 00:09:20,COMPLETADA
6306,4859,2025-07-19 22:13:18,COMPLETADA
6307,1748,2025-07-09 01:20:45,CANCELADA
6308,3377,2025-02-17 16:25:44,COMPLETADA
6309,4876,2025-08-19 02:45:51,COMPLETADA
6310,3869,2025-01-21 14:05:08,PENDIENTE
6311,3387,2025-06-15 02:26:02,PENDIENTE
6312,722,2025-05-02 03:59:00,CANCELADA
6313,4217,2025-05-18 19:25:57,CANCELADA
6314,3885,2025-12-20 21:32:18,COMPLETADA
6315,2547,2025-03-11 03:22:17,PENDIENTE
6316,678,2025-05-19 05:12:52,COMPLETADA
6317,580,2025-11-28 07:21:35,COMPLETADA
6318,2723,2025-10-29 16:36:17,COMPLETADA
6319,2882,2025-01-15 12:01:26,PENDIENTE
6320,3304,2025-04-19 13:00:08,COMPLETADA
6321,1501,2025-07-20 23:18:04,COMPLETADA
6322,2432,2025-07-07 02:56:15,COMPLETADA
6323,2949,2025-04-27 13:51:46,COMPLETADA
6324,4293,2025-02-03 14:12:07,PENDIENTE
6325,1983,2025-04-12 17:14:36,COMPLETADA
6326,1241,2025-12-26 06:42:17,COMPLETADA
6327,496,2025-05-03 05:39:49,COMPLETADA
6328,2237,2025-07-22 12:45:24,CANCELADA
6329,3567,2025-05-09 12:25:21,COMPLETADA
6330,3517,2025-02-18 17:24:46,COMPLETADA
6331,4820,2025-12-28 01:43:30,COMPLETADA
6332,2060,2025-01-10 08:52:38,CANCELADA
6333,4440,2025-04-22 17:19:30,COMPLETADA
6334,4483,2025-02-21 10:08:29,COMPLETADA
6335,1449,2025-06-13 23:08:20,COMPLETADA
6336,1867,2025-07-08 21:19:39,COMPLETADA
6337,2441,2025-11-16 03:22:51,COMPLETADA
6338,1130,2025-12-16 16:50:13,COMPLETADA
6339,2711,2025-12-28 10:21:12,COMPLETADA
6340,3650,2025-07-01 18:18:26,PENDIENTE
6341,2267,2025-08-25 20:19:29,PENDIENTE
6342,3224,2025-04-30 15:46:56,COMPLETADA
6343,2749,2025-12-04 13:47:18,COMPLETADA
6344,2984,2025-04-04 17:36:23,CANCELADA
6345,1307,2025-03-07 01:53:53,COMPLETADA
6346,1498,2025-04-30 19:56:13,PENDIENTE
6347,80,2025-01-09 04:18:37,COMPLETADA
6348,4431,2025-04-04 23:41:44,CANCELADA
6349,2659,2025-09-18 05:41:48,COMPLETADA
6350,4042,2025-09-09 09:56:51,COMPLETADA
6351,2536,2025-04-17 11:25:07,PENDIENTE
6352,4916,2025-02-03 09:59:04,COMPLETADA
6353,1914,2025-12-07 23:58:26,COMPLETADA
6354,683,2025-05-02 06:58:16,CANCELADA
6355,3791,2025-12-28 13:38:57,PENDIENTE
6356,3178,2025-11-05 06:33:17,COMPLETADA
6357,157,2025-12-11 18:04:28,COMPLETADA
6358,2417,2025-04-07 01:30:18,PENDIENTE
6359,3647,2025-08-26 15:45:43,PENDIENTE
6360,443,2025-05-06 13:25:24,PENDIENTE
6361,1452,2025-08-23 12:11:00,COMPLETADA
6362,195,2025-05-20 12:44:34,COMPLETADA
6363,3039,2025-03-22 14:12:02,CANCELADA
6364,2582,2025-03-08 05:41:12,PENDIENTE
6365,2196,2025-01-26 04:44:59,PENDIENTE
6366,682,2025-02-21 21:20:16,PENDIENTE
6367,6,2025-09-27 06:08:06,CANCELADA
6368,1108,2025-08-13 14:24:48,COMPLETADA
6369,2571,2025-08-05 02:44:22,PENDIENTE
6370,4636,2025-08-27 23:20:20,COMPLETADA
6371,488,2025-08-23 02:03:32,COMPLETADA
6372,3422,2025-05-29 07:10:30,PENDIENTE
6373,416,2025-10-08 21:10:39,COMPLETADA
6374,910,2025-10-02 06:05:45,COMPLETADA
6375,1500,2025-10-02 20:03:31,CANCELADA
6376,2843,2025-04-15 18:40:17,CANCELADA
6377,4819,2025-10-09 22:51:44,COMPLETADA
6378,2784,2025-04-20 16:45:26,COMPLETADA
6379,2315,2025-03-26 01:00:08,COMPLETADA
6380,4034,2025-05-08 09:29:04,COMPLETADA
6381,3629,2025-06-07 07:46:25,PENDIENTE
6382,1058,2025-07-05 14:40:23,COMPLETADA
6383,4512,2025-11-01 15:15:51,COMPLETADA
6384,2899,2025-12-26 20:57:03,PENDIENTE
6385,4833,2025-05-06 04:32:14,PENDIENTE
6386,230,2025-07-19 03:43:15,CANCELADA
6387,539,2025-10-22 15:56:14,COMPLETADA
6388,3217,2025-10-29 14:35:25,COMPLETADA
6389,1772,2025-01-13 19:29:49,CANCELADA
6390,100,2025-03-07 06:32:41,COMPLETADA
6391,4743,2025-12-15 22:49:34,COMPLETADA
6392,2273,2025-05-25 12:12:04,COMPLETADA
6393,258,2025-11-16 06:54:30,CANCELADA
6394,3510,2025-01-25 13:45:47,COMPLETADA
6395,2329,2025-06-29 22:44:34,COMPLETADA
6396,4447,2025-12-01 15:34:24,COMPLETADA
6397,769,2025-04-05 03:19:55,CANCELADA
6398,2760,2025-09-11 03:58:32,CANCELADA
6399,1428,2025-03-15 13:36:10,CANCELADA
6400,2943,2025-02-24 10:53:35,COMPLETADA
6401,1996,2025-04-29 09:26:47,CANCELADA
6402,4646,2025-11-11 13:03:42,COMPLETADA
6403,375,2025-03-20 13:56:00,COMPLETADA
6404,579,2025-05-20 20:06:24,COMPLETADA
6405,3339,2025-03-02 20:53:00,CANCELADA
6406,4665,2025-06-03 11:05:30,CANCELADA
6407,107,2025-03-13 05:45:57,COMPLETADA
6408,3259,2025-07-03 00:51:23,COMPLETADA
6409,4486,2025-05-19 01:23:12,COMPLETADA
6410,4479,2025-12-30 11:37:21,COMPLETADA
6411,3599,2025-04-23 01:53:48,COMPLETADA
6412,362,2025-06-17 08:21:10,PENDIENTE
6413,1980,2025-08-13 18:06:50,CANCELADA
6414,4104,2025-04-24 09:07:48,COMPLETADA
6415,1027,2025-02-16 00:06:57,PENDIENTE
6416,1785,2025-03-02 12:14:05,PENDIENTE
6417,4672,2025-06-30 05:56:09,PENDIENTE
6418,2513,2025-11-16 06:26:10,COMPLETADA
6419,3072,2025-11-24 17:07:56,CANCELADA
6420,169,2025-06-08 23:55:10,COMPLETADA
6421,4021,2025-05-21 01:27:00,COMPLETADA
6422,1288,2025-09-21 01:06:10,COMPLETADA
6423,66,2025-01-20 02:00:43,COMPLETADA
6424,2851,2025-06-28 21:08:53,PENDIENTE
6425,598,2025-10-17 11:23:39,COMPLETADA
6426,3109,2025-11-05 00:10:06,COMPLETADA
6427,1066,2025-11-10 05:17:21,CANCELADA
6428,1505,2025-12-21 23:24:49,COMPLETADA
6429,3764,2026-01-03 23:16:25,COMPLETADA
6430,1506,2025-12-31 03:25:46,COMPLETADA
6431,1531,2025-11-16 11:11:23,PENDIENTE
6432,4692,2025-10-01 01:01:28,PENDIENTE
6433,1225,2025-09-07 23:18:48,COMPLETADA
6434,1814,2025-12-20 17:40:10,COMPLETADA
6435,781,2025-11-10 21:47:09,COMPLETADA
6436,262,2025-04-18 18:49:15,COMPLETADA
6437,3456,2025-12-23 23:12:34,PENDIENTE
6438,381,2025-02-24 05:52:08,COMPLETADA
6439,47,2025-10-07 02:27:27,COMPLETADA
6440,4432,2025-11-27 08:41:34,COMPLETADA
6441,3392,2025-12-10 05:43:11,COMPLETADA
6442,1991,2025-08-22 18:31:38,COMPLETADA
6443,956,2025-02-12 21:01:52,COMPLETADA
6444,3217,2025-04-08 20:42:12,COMPLETADA
6445,1115,2025-07-03 22:25:10,COMPLETADA
6446,54,2025-01-17 11:41:19,COMPLETADA
6447,2741,2025-08-06 15:54:39,CANCELADA
6448,3740,2025-11-30 15:25:47,COMPLETADA
6449,4609,2025-07-31 00:56:51,COMPLETADA
6450,4449,2025-11-23 21:40:20,COMPLETADA
6451,4634,2025-04-22 02:33:32,CANCELADA
6452,719,2025-05-21 12:10:18,COMPLETADA
6453,4863,2025-01-06 14:24:40,PENDIENTE
6454,2554,2025-11-25 03:01:43,COMPLETADA
6455,381,2025-08-26 01:53:45,COMPLETADA
6456,1969,2025-01-04 11:20:42,COMPLETADA
6457,1468,2025-10-07 14:19:26,PENDIENTE
6458,1159,2025-10-04 22:25:59,COMPLETADA
6459,2898,2025-02-20 04:44:45,COMPLETADA
6460,637,2025-11-14 04:38:44,COMPLETADA
6461,3796,2025-12-18 11:46:00,CANCELADA
6462,4882,2025-03-21 21:20:16,COMPLETADA
6463,3645,2025-05-11 05:14:35,COMPLETADA
6464,2821,2025-08-01 13:36:22,PENDIENTE
6465,1849,2025-09-06 05:58:01,PENDIENTE
6466,4512,2025-12-15 08:34:33,COMPLETADA
6467,1549,2025-05-15 02:13:37,COMPLETADA
6468,1379,2025-06-17 03:35:04,COMPLETADA
6469,4981,2025-06-04 10:38:57,PENDIENTE
6470,1401,2025-10-08 14:48:56,COMPLETADA
6471,4297,2025-07-26 20:31:42,PENDIENTE
6472,4279,2025-12-03 05:34:25,COMPLETADA
6473,4005,2025-07-23 01:16:59,PENDIENTE
6474,2999,2025-07-13 10:05:03,COMPLETADA
6475,3554,2025-04-10 06:34:06,COMPLETADA
6476,919,2025-01-10 09:03:43,COMPLETADA
6477,1733,2025-08-01 22:01:26,COMPLETADA
6478,2723,2025-08-28 04:45:39,COMPLETADA
6479,669,2025-03-06 01:08:04,PENDIENTE
6480,2564,2025-02-19 06:18:19,COMPLETADA
6481,3800,2025-02-16 15:31:46,PENDIENTE
6482,3854,2025-07-10 00:27:56,COMPLETADA
6483,772,2025-03-28 13:47:26,COMPLETADA
6484,4234,2025-08-26 21:41:38,COMPLETADA
6485,413,2025-03-05 21:19:59,PENDIENTE
6486,2783,2025-04-04 08:27:50,CANCELADA
6487,3922,2025-11-11 15:47:39,COMPLETADA
6488,4947,2025-02-07 05:39:06,CANCELADA
6489,551,2025-01-17 09:41:58,COMPLETADA
6490,3076,2026-01-01 02:53:11,COMPLETADA
6491,1267,2025-10-08 07:24:54,COMPLETADA
6492,4767,2025-03-30 10:28:58,COMPLETADA
6493,1413,2025-05-20 00:07:20,PENDIENTE
6494,2262,2026-01-02 19:10:13,COMPLETADA
6495,2548,2025-10-30 20:06:33,CANCELADA
6496,787,2025-08-07 20:03:36,CANCELADA
6497,1132,2025-04-06 13:08:10,COMPLETADA
6498,3906,2025-06-24 06:39:48,COMPLETADA
6499,443,2025-07-19 22:49:30,COMPLETADA
6500,1752,2025-10-13 20:06:19,COMPLETADA
6501,4397,2025-09-26 06:34:57,COMPLETADA
6502,1874,2025-09-25 08:08:51,COMPLETADA
6503,1274,2025-03-31 07:33:07,COMPLETADA
6504,727,2025-10-27 05:40:13,COMPLETADA
6505,3992,2025-10-28 23:37:32,CANCELADA
6506,1732,2025-10-18 00:34:35,PENDIENTE
6507,4300,2025-08-05 19:30:22,PENDIENTE
6508,541,2025-04-13 10:28:56,COMPLETADA
6509,2949,2025-08-30 14:11:44,COMPLETADA
6510,1608,2025-12-26 19:35:00,PENDIENTE
6511,1037,2025-07-09 10:16:33,PENDIENTE
6512,107,2025-04-10 09:34:20,COMPLETADA
6513,1703,2025-01-24 08:44:25,CANCELADA
6514,2270,2025-06-29 09:06:14,CANCELADA
6515,1223,2025-04-20 12:06:07,COMPLETADA
6516,1075,2025-03-25 16:06:57,COMPLETADA
6517,3596,2025-01-27 19:48:46,COMPLETADA
6518,1042,2025-10-02 21:32:41,PENDIENTE
6519,846,2025-06-07 15:40:02,COMPLETADA
6520,1589,2025-07-26 05:43:58,COMPLETADA
6521,1071,2025-07-23 19:55:58,COMPLETADA
6522,3424,2025-06-07 12:21:19,COMPLETADA
6523,386,2025-05-07 06:25:16,COMPLETADA
6524,3243,2025-11-30 22:56:45,COMPLETADA
6525,471,2025-02-04 01:47:25,COMPLETADA
6526,4874,2025-02-16 00:46:17,COMPLETADA
6527,3605,2025-04-10 23:28:59,COMPLETADA
6528,2916,2025-01-10 13:26:31,COMPLETADA
6529,4789,2025-01-29 20:40:17,COMPLETADA
6530,4402,2025-10-18 17:31:02,COMPLETADA
6531,582,2025-09-02 19:58:48,PENDIENTE
6532,1327,2025-09-12 12:19:31,CANCELADA
6533,735,2025-10-09 13:25:23,COMPLETADA
6534,607,2025-07-12 08:36:23,COMPLETADA
6535,3098,2025-01-10 09:31:07,CANCELADA
6536,335,2025-07-03 17:57:58,CANCELADA
6537,1304,2025-04-16 00:33:45,COMPLETADA
6538,4350,2025-08-21 10:10:54,COMPLETADA
6539,239,2025-07-09 19:11:35,COMPLETADA
6540,4434,2025-04-29 01:49:06,PENDIENTE
6541,548,2025-05-25 12:59:04,COMPLETADA
6542,3211,2025-04-26 03:28:44,COMPLETADA
6543,4649,2025-08-29 17:08:31,COMPLETADA
6544,1664,2025-06-14 13:05:40,CANCELADA
6545,3439,2025-09-01 11:41:40,COMPLETADA
6546,4105,2025-05-24 13:58:31,COMPLETADA
6547,3325,2025-01-17 16:55:44,COMPLETADA
6548,3020,2025-10-04 10:26:01,CANCELADA
6549,3422,2025-09-04 08:50:55,PENDIENTE
6550,3222,2025-03-15 18:15:21,COMPLETADA
6551,333,2025-04-15 03:58:08,COMPLETADA
6552,3228,2025-04-12 14:47:18,CANCELADA
6553,690,2025-07-15 06:25:39,COMPLETADA
6554,3226,2025-03-24 17:45:19,COMPLETADA
6555,496,2025-07-27 17:05:16,COMPLETADA
6556,2351,2025-10-19 07:30:35,PENDIENTE
6557,2087,2025-06-13 08:13:32,COMPLETADA
6558,297,2025-08-15 06:51:04,COMPLETADA
6559,3535,2025-08-22 17:31:19,COMPLETADA
6560,1609,2025-12-01 18:26:47,PENDIENTE
6561,4954,2025-01-05 12:00:57,PENDIENTE
6562,1841,2025-06-19 14:28:09,COMPLETADA
6563,2817,2025-04-17 01:45:45,COMPLETADA
6564,4953,2025-04-27 03:53:41,COMPLETADA
6565,3717,2025-02-24 11:45:25,COMPLETADA
6566,1384,2025-03-12 18:37:42,COMPLETADA
6567,3555,2025-07-10 03:12:34,CANCELADA
6568,963,2025-07-09 01:16:05,COMPLETADA
6569,1204,2025-11-04 16:38:43,COMPLETADA
6570,3367,2025-08-07 02:20:42,PENDIENTE
6571,2815,2025-10-30 18:41:22,CANCELADA
6572,4545,2025-09-10 03:45:05,PENDIENTE
6573,2184,2025-10-05 00:32:22,PENDIENTE
6574,831,2025-09-09 18:33:19,PENDIENTE
6575,4205,2025-07-13 03:33:50,COMPLETADA
6576,322,2025-07-18 09:35:28,COMPLETADA
6577,4039,2025-01-18 10:10:06,CANCELADA
6578,4868,2025-03-11 21:59:54,CANCELADA
6579,804,2025-06-04 09:01:59,PENDIENTE
6580,3339,2025-02-20 21:30:58,COMPLETADA
6581,1967,2025-11-08 05:42:16,PENDIENTE
6582,694,2025-09-25 02:35:30,PENDIENTE
6583,4677,2025-02-03 18:18:51,PENDIENTE
6584,2160,2025-05-18 06:22:12,COMPLETADA
6585,4586,2025-12-01 20:37:31,COMPLETADA
6586,1962,2025-08-31 00:19:11,CANCELADA
6587,2308,2025-08-19 08:56:15,CANCELADA
6588,1530,2025-01-17 06:24:10,CANCELADA
6589,472,2025-12-10 03:13:41,COMPLETADA
6590,1933,2025-06-08 17:56:21,COMPLETADA
6591,2136,2025-12-02 09:15:43,CANCELADA
6592,285,2025-05-20 20:43:23,PENDIENTE
6593,1974,2025-10-21 10:08:41,COMPLETADA
6594,2997,2025-12-10 04:19:08,PENDIENTE
6595,4334,2025-02-10 08:28:33,COMPLETADA
6596,230,2025-07-05 23:51:49,COMPLETADA
6597,2188,2025-04-15 07:10:08,COMPLETADA
6598,3825,2025-08-29 06:34:58,PENDIENTE
6599,3199,2025-11-23 22:36:38,CANCELADA
6600,4618,2025-09-23 21:01:35,PENDIENTE
6601,4091,2025-08-13 11:44:58,COMPLETADA
6602,3716,2025-03-15 08:54:08,COMPLETADA
6603,2198,2025-05-12 11:47:54,PENDIENTE
6604,2749,2025-08-05 15:56:35,CANCELADA
6605,2954,2025-06-24 14:24:48,CANCELADA
6606,3577,2025-10-17 03:29:22,COMPLETADA
6607,3869,2025-11-30 11:49:10,CANCELADA
6608,2219,2025-11-13 14:42:59,COMPLETADA
6609,4872,2025-09-06 06:59:12,PENDIENTE
6610,3132,2025-04-13 07:45:35,CANCELADA
6611,521,2025-09-28 11:53:57,COMPLETADA
6612,2297,2025-03-26 21:47:19,COMPLETADA
6613,1451,2025-04-09 08:21:59,COMPLETADA
6614,3031,2025-05-04 15:00:42,COMPLETADA
6615,65,2025-01-08 00:19:06,COMPLETADA
6616,2510,2025-04-26 23:21:49,COMPLETADA
6617,2800,2025-09-30 06:09:23,COMPLETADA
6618,3270,2025-03-29 18:01:26,COMPLETADA
6619,2647,2025-01-24 21:19:41,PENDIENTE
6620,3041,2025-01-25 05:35:01,COMPLETADA
6621,3253,2025-08-21 18:54:31,COMPLETADA
6622,3660,2025-04-10 14:21:57,COMPLETADA
6623,1963,2025-09-04 03:23:13,COMPLETADA
6624,2263,2025-02-12 07:38:49,COMPLETADA
6625,3015,2025-03-27 17:57:59,PENDIENTE
6626,4822,2025-08-23 22:15:17,CANCELADA
6627,2177,2025-02-05 02:15:32,COMPLETADA
6628,1004,2025-08-27 06:34:10,CANCELADA
6629,2343,2025-03-11 10:17:45,COMPLETADA
6630,2170,2025-09-23 08:59:33,PENDIENTE
6631,4781,2025-04-03 04:21:43,COMPLETADA
6632,1290,2025-09-09 15:51:54,CANCELADA
6633,954,2025-01-13 02:53:29,COMPLETADA
6634,2595,2025-03-15 22:10:24,CANCELADA
6635,1749,2026-01-04 05:16:35,PENDIENTE
6636,458,2025-01-26 07:15:42,COMPLETADA
6637,3381,2025-01-28 21:27:36,COMPLETADA
6638,3752,2025-09-06 06:36:41,COMPLETADA
6639,149,2025-07-13 18:42:21,COMPLETADA
6640,1000,2025-03-04 09:46:12,COMPLETADA
6641,4349,2025-05-04 14:41:10,PENDIENTE
6642,1369,2025-08-13 03:04:40,COMPLETADA
6643,986,2025-02-16 03:33:57,COMPLETADA
6644,4498,2025-12-13 12:56:27,COMPLETADA
6645,4563,2025-02-06 22:49:08,COMPLETADA
6646,1282,2025-06-18 19:16:46,COMPLETADA
6647,2289,2025-02-24 14:36:33,PENDIENTE
6648,1444,2025-03-31 02:28:59,COMPLETADA
6649,4141,2025-12-19 18:45:04,PENDIENTE
6650,2128,2025-05-28 13:22:15,COMPLETADA
6651,4081,2025-08-28 01:01:15,COMPLETADA
6652,4074,2025-01-12 23:43:39,COMPLETADA
6653,1341,2025-04-29 14:33:55,CANCELADA
6654,208,2025-10-06 05:02:27,PENDIENTE
6655,3367,2025-09-24 10:40:14,PENDIENTE
6656,1210,2025-11-06 12:15:50,COMPLETADA
6657,3644,2025-04-04 07:30:16,COMPLETADA
6658,1082,2025-05-26 11:44:16,COMPLETADA
6659,3280,2025-02-17 15:27:16,PENDIENTE
6660,3332,2025-12-16 20:46:03,COMPLETADA
6661,3835,2025-07-19 01:31:20,COMPLETADA
6662,2283,2025-04-13 07:20:45,CANCELADA
6663,383,2025-11-27 18:27:23,CANCELADA
6664,2926,2025-10-09 23:06:46,PENDIENTE
6665,3599,2025-02-03 20:03:27,CANCELADA
6666,516,2025-10-05 14:54:36,COMPLETADA
6667,3011,2025-03-21 07:50:03,COMPLETADA
6668,4253,2025-03-29 19:20:48,PENDIENTE
6669,374,2025-03-25 09:22:16,COMPLETADA
6670,1246,2025-03-17 02:48:55,COMPLETADA
6671,1460,2025-04-30 00:25:10,PENDIENTE
6672,539,2025-02-24 20:01:33,COMPLETADA
6673,2620,2025-12-17 09:37:08,COMPLETADA
6674,1597,2025-10-24 13:22:56,COMPLETADA
6675,217,2025-06-27 02:43:46,COMPLETADA
6676,1858,2025-02-02 12:39:32,CANCELADA
6677,1012,2025-04-22 08:27:17,PENDIENTE
6678,1783,2025-02-19 14:36:12,PENDIENTE
6679,4335,2025-08-10 06:01:24,PENDIENTE
6680,712,2025-08-09 10:36:15,COMPLETADA
6681,1348,2025-02-22 08:55:39,CANCELADA
6682,1626,2025-01-24 08:18:32,COMPLETADA
6683,3098,2025-10-08 01:06:20,COMPLETADA
6684,2876,2025-10-31 06:50:05,PENDIENTE
6685,4245,2025-09-12 06:03:15,PENDIENTE
6686,1442,2025-10-28 17:01:09,CANCELADA
6687,220,2025-06-06 22:54:13,COMPLETADA
6688,1528,2025-04-11 22:20:48,COMPLETADA
6689,3971,2025-12-07 11:53:56,PENDIENTE
6690,2818,2025-02-24 12:44:01,COMPLETADA
6691,3060,2025-02-19 04:50:41,CANCELADA
6692,2886,2025-08-28 06:49:49,PENDIENTE
6693,1747,2025-04-03 09:40:59,CANCELADA
6694,1216,2025-11-04 20:33:13,COMPLETADA
6695,3627,2025-06-29 15:39:27,COMPLETADA
6696,1558,2025-07-11 04:53:06,CANCELADA
6697,4943,2025-01-27 04:39:18,COMPLETADA
6698,12,2025-05-02 22:15:45,COMPLETADA
6699,3881,2025-09-19 04:49:39,PENDIENTE
6700,1820,2025-11-25 14:33:50,PENDIENTE
6701,1848,2025-10-01 00:15:01,COMPLETADA
6702,3468,2025-02-02 04:47:31,COMPLETADA
6703,4156,2025-04-28 05:10:34,COMPLETADA
6704,285,2025-03-08 10:15:00,COMPLETADA
6705,751,2025-09-15 12:14:56,CANCELADA
6706,4516,2025-07-11 10:34:58,CANCELADA
6707,374,2025-12-12 22:57:53,COMPLETADA
6708,3188,2025-04-10 09:06:18,COMPLETADA
6709,990,2025-05-20 11:09:16,PENDIENTE
6710,1298,2025-03-30 16:05:05,PENDIENTE
6711,1638,2025-06-20 20:07:38,COMPLETADA
6712,809,2025-12-09 10:16:10,COMPLETADA
6713,1022,2025-04-18 11:10:07,COMPLETADA
6714,818,2025-05-12 13:05:58,COMPLETADA
6715,4536,2025-03-03 03:06:02,COMPLETADA
6716,4574,2025-09-18 07:03:47,PENDIENTE
6717,1499,2025-04-26 14:08:28,PENDIENTE
6718,4039,2025-07-27 15:25:00,PENDIENTE
6719,3562,2025-08-28 22:50:38,CANCELADA
6720,2148,2025-10-24 05:19:09,COMPLETADA
6721,2116,2025-07-14 17:18:40,PENDIENTE
6722,3920,2025-09-17 10:08:09,COMPLETADA
6723,3626,2025-11-12 14:36:57,PENDIENTE
6724,1074,2025-03-08 20:11:54,COMPLETADA
6725,1776,2025-10-11 10:48:44,CANCELADA
6726,1252,2025-08-15 17:28:55,COMPLETADA
6727,1323,2025-02-08 00:02:10,CANCELADA
6728,4165,2025-03-19 08:11:09,COMPLETADA
6729,870,2025-03-15 10:14:45,PENDIENTE
6730,2393,2025-06-28 23:44:53,COMPLETADA
6731,1262,2025-05-28 12:47:12,COMPLETADA
6732,4638,2025-11-09 08:34:37,COMPLETADA
6733,1509,2025-12-28 08:32:04,COMPLETADA
6734,2898,2025-07-21 20:45:45,COMPLETADA
6735,3089,2025-06-13 04:02:11,COMPLETADA
6736,2766,2025-01-21 03:47:32,COMPLETADA
6737,404,2025-07-22 17:33:19,CANCELADA
6738,1985,2025-08-31 19:39:50,PENDIENTE
6739,3923,2025-06-30 03:19:27,CANCELADA
6740,2005,2025-01-12 00:05:51,COMPLETADA
6741,940,2025-10-23 16:30:10,COMPLETADA
6742,2225,2025-03-24 09:35:51,COMPLETADA
6743,4029,2025-02-13 03:51:04,COMPLETADA
6744,1936,2025-03-22 13:32:59,COMPLETADA
6745,2583,2025-11-04 14:51:36,COMPLETADA
6746,4579,2025-02-26 10:35:46,CANCELADA
6747,1000,2025-03-23 21:58:03,PENDIENTE
6748,2654,2025-08-27 02:43:36,COMPLETADA
6749,588,2025-08-22 20:51:14,COMPLETADA
6750,3157,2025-08-11 04:31:03,COMPLETADA
6751,470,2025-09-28 06:28:46,COMPLETADA
6752,2350,2025-08-10 08:17:36,PENDIENTE
6753,1878,2025-11-04 23:29:56,COMPLETADA
6754,3880,2025-02-12 07:12:10,PENDIENTE
6755,3164,2025-03-10 01:35:53,COMPLETADA
6756,2268,2025-09-10 23:46:15,PENDIENTE
6757,369,2025-02-13 01:45:21,COMPLETADA
6758,2060,2025-06-10 09:22:20,COMPLETADA
6759,1428,2025-10-19 22:36:28,CANCELADA
6760,552,2025-11-09 15:56:45,COMPLETADA
6761,3508,2025-07-18 11:42:50,CANCELADA
6762,2193,2025-03-17 05:50:43,COMPLETADA
6763,4639,2025-10-08 18:41:15,PENDIENTE
6764,2804,2025-03-16 07:29:56,COMPLETADA
6765,2226,2025-06-27 04:34:49,COMPLETADA
6766,749,2025-12-11 14:53:13,COMPLETADA
6767,3080,2025-05-28 20:11:43,COMPLETADA
6768,1733,2025-02-16 22:10:39,COMPLETADA
6769,3694,2025-02-17 18:22:48,COMPLETADA
6770,2931,2025-10-15 20:17:16,PENDIENTE
6771,494,2025-02-26 01:17:15,COMPLETADA
6772,5,2025-10-27 17:06:09,PENDIENTE
6773,149,2025-12-05 20:03:28,COMPLETADA
6774,3561,2025-10-30 18:30:16,CANCELADA
6775,123,2025-05-25 14:04:36,COMPLETADA
6776,4065,2025-11-04 06:38:44,COMPLETADA
6777,736,2025-06-17 09:23:05,COMPLETADA
6778,601,2025-06-06 21:42:23,CANCELADA
6779,4683,2025-11-14 17:26:30,COMPLETADA
6780,3523,2025-12-04 02:10:33,CANCELADA
6781,3306,2025-09-01 09:44:10,COMPLETADA
6782,4642,2025-09-08 11:35:59,COMPLETADA
6783,3326,2025-09-10 23:15:05,COMPLETADA
6784,4287,2025-01-08 00:37:03,COMPLETADA
6785,608,2025-11-23 11:00:06,COMPLETADA
6786,4019,2025-03-26 13:36:50,CANCELADA
6787,1896,2025-06-22 17:12:39,COMPLETADA
6788,4932,2025-11-15 13:41:56,CANCELADA
6789,1519,2025-01-26 16:17:41,COMPLETADA
6790,3190,2025-07-14 20:40:09,PENDIENTE
6791,232,2025-01-21 03:40:17,COMPLETADA
6792,2779,2025-04-25 11:16:43,PENDIENTE
6793,4346,2025-01-21 21:49:46,COMPLETADA
6794,3893,2025-03-15 02:29:49,COMPLETADA
6795,3444,2025-01-06 05:56:53,COMPLETADA
6796,1704,2025-05-21 15:31:39,CANCELADA
6797,4684,2025-03-26 22:34:52,CANCELADA
6798,2530,2025-03-23 02:41:58,COMPLETADA
6799,4937,2025-02-23 07:53:46,COMPLETADA
6800,3132,2025-07-26 07:07:13,COMPLETADA
6801,1544,2025-06-18 22:05:28,COMPLETADA
6802,4199,2025-11-12 11:23:39,PENDIENTE
6803,4737,2025-04-09 02:29:45,COMPLETADA
6804,1489,2025-03-09 01:47:29,COMPLETADA
6805,1186,2025-10-15 16:12:52,COMPLETADA
6806,992,2025-12-02 22:17:42,COMPLETADA
6807,2884,2025-06-12 19:50:45,PENDIENTE
6808,2860,2025-04-19 23:02:33,COMPLETADA
6809,3098,2025-10-16 02:40:55,COMPLETADA
6810,2317,2025-12-31 17:59:49,COMPLETADA
6811,3737,2025-07-13 04:45:51,PENDIENTE
6812,2328,2025-09-06 23:26:38,COMPLETADA
6813,410,2025-04-23 12:40:31,COMPLETADA
6814,3448,2025-04-03 17:34:50,CANCELADA
6815,3804,2025-07-11 10:32:25,COMPLETADA
6816,2533,2025-10-14 23:24:32,COMPLETADA
6817,3566,2025-08-28 07:16:23,COMPLETADA
6818,2440,2025-05-14 20:23:18,COMPLETADA
6819,4859,2025-12-11 15:40:15,COMPLETADA
6820,2536,2025-07-23 14:53:23,CANCELADA
6821,730,2025-02-25 02:02:15,COMPLETADA
6822,1650,2025-08-15 06:58:06,COMPLETADA
6823,2848,2025-12-18 06:20:28,COMPLETADA
6824,277,2025-09-13 20:25:09,COMPLETADA
6825,2709,2025-01-26 17:07:55,COMPLETADA
6826,3332,2025-07-03 18:48:16,COMPLETADA
6827,2579,2025-03-08 20:19:14,PENDIENTE
6828,3853,2025-09-21 23:27:11,COMPLETADA
6829,4824,2025-03-16 11:50:44,PENDIENTE
6830,2232,2025-02-26 02:03:09,COMPLETADA
6831,1528,2025-07-30 06:45:15,CANCELADA
6832,3616,2025-05-06 00:47:00,COMPLETADA
6833,4633,2025-05-02 01:39:12,PENDIENTE
6834,1126,2025-01-23 04:39:24,COMPLETADA
6835,3115,2025-03-08 19:01:58,COMPLETADA
6836,1687,2025-04-01 11:26:51,COMPLETADA
6837,3039,2025-07-28 02:54:28,COMPLETADA
6838,66,2025-06-13 07:30:50,COMPLETADA
6839,2866,2025-08-20 06:36:28,COMPLETADA
6840,4334,2025-08-24 23:50:36,COMPLETADA
6841,3388,2025-03-25 01:49:58,PENDIENTE
6842,3495,2025-05-03 02:07:39,COMPLETADA
6843,642,2025-09-01 14:15:19,CANCELADA
6844,2376,2025-05-07 20:29:29,CANCELADA
6845,4585,2025-10-24 11:19:36,PENDIENTE
6846,2748,2025-05-10 04:10:55,COMPLETADA
6847,2857,2025-02-06 20:43:19,CANCELADA
6848,3392,2025-04-15 14:02:06,PENDIENTE
6849,2032,2025-12-05 18:45:25,COMPLETADA
6850,2707,2025-11-13 21:15:16,PENDIENTE
6851,2394,2025-03-03 09:04:50,PENDIENTE
6852,2519,2025-11-07 10:59:57,PENDIENTE
6853,598,2025-08-29 12:50:08,PENDIENTE
6854,2502,2025-11-19 19:29:36,COMPLETADA
6855,3241,2025-06-27 03:03:12,COMPLETADA
6856,4944,2025-08-15 07:10:39,COMPLETADA
6857,4977,2025-11-03 12:30:26,COMPLETADA
6858,2118,2025-07-08 23:18:15,COMPLETADA
6859,3694,2025-08-07 23:19:07,COMPLETADA
6860,4710,2025-02-04 17:03:49,CANCELADA
6861,3359,2025-01-24 13:54:36,COMPLETADA
6862,4308,2025-02-15 06:53:45,PENDIENTE
6863,4599,2025-01-04 18:22:27,COMPLETADA
6864,1840,2025-04-21 16:54:51,COMPLETADA
6865,2689,2025-06-16 18:29:50,COMPLETADA
6866,1052,2025-06-11 10:05:40,COMPLETADA
6867,3908,2025-12-12 19:09:59,PENDIENTE
6868,1791,2025-06-23 12:55:40,CANCELADA
6869,4368,2025-04-19 15:02:13,COMPLETADA
6870,4280,2025-07-31 16:48:06,COMPLETADA
6871,2209,2025-12-25 13:04:18,COMPLETADA
6872,1292,2025-01-18 10:54:51,COMPLETADA
6873,66,2025-01-30 13:37:52,CANCELADA
6874,4678,2025-07-21 15:57:25,COMPLETADA
6875,502,2025-12-04 01:21:55,PENDIENTE
6876,944,2025-09-09 22:20:26,CANCELADA
6877,356,2025-08-25 23:22:29,COMPLETADA
6878,2469,2025-02-26 20:19:32,CANCELADA
6879,4249,2025-03-13 19:50:14,COMPLETADA
6880,2352,2025-01-28 17:12:45,COMPLETADA
6881,3382,2025-01-30 05:42:57,COMPLETADA
6882,3872,2025-06-30 11:49:09,PENDIENTE
6883,1081,2025-06-03 05:22:21,CANCELADA
6884,1030,2025-05-14 10:48:21,COMPLETADA
6885,84,2025-12-06 13:02:40,COMPLETADA
6886,2279,2025-09-16 18:14:01,COMPLETADA
6887,2494,2025-12-26 04:29:59,COMPLETADA
6888,526,2025-09-16 06:15:43,COMPLETADA
6889,1831,2025-04-08 18:36:48,COMPLETADA
6890,225,2025-01-29 02:28:47,COMPLETADA
6891,2915,2025-10-11 20:25:36,COMPLETADA
6892,941,2025-07-21 20:55:02,COMPLETADA
6893,3781,2025-07-27 18:31:41,COMPLETADA
6894,3224,2025-09-29 09:59:50,CANCELADA
6895,4332,2025-05-24 14:01:51,PENDIENTE
6896,3209,2025-10-27 07:19:02,COMPLETADA
6897,4771,2025-09-17 19:57:24,COMPLETADA
6898,3862,2025-10-24 14:25:08,CANCELADA
6899,4550,2025-07-13 04:18:17,CANCELADA
6900,647,2025-03-21 16:31:10,CANCELADA
6901,4993,2025-09-25 14:45:38,COMPLETADA
6902,564,2025-10-26 20:10:32,COMPLETADA
6903,2954,2025-02-05 01:42:35,COMPLETADA
6904,1550,2025-05-09 11:50:26,COMPLETADA
6905,2681,2025-12-09 16:24:08,COMPLETADA
6906,1813,2025-11-22 00:00:19,COMPLETADA
6907,1826,2025-02-28 13:43:14,CANCELADA
6908,4512,2025-09-10 20:26:32,COMPLETADA
6909,1677,2025-04-04 09:42:24,COMPLETADA
6910,1504,2025-02-08 19:30:42,COMPLETADA
6911,3338,2025-11-26 22:47:59,COMPLETADA
6912,1112,2025-08-03 12:32:20,COMPLETADA
6913,2038,2025-11-07 04:07:23,COMPLETADA
6914,3748,2025-03-12 07:59:59,COMPLETADA
6915,2172,2025-04-07 17:37:13,COMPLETADA
6916,883,2025-08-27 11:45:28,COMPLETADA
6917,1901,2025-04-19 11:52:21,PENDIENTE
6918,4747,2025-12-31 18:52:47,COMPLETADA
6919,3247,2025-04-20 19:09:57,PENDIENTE
6920,4426,2025-11-15 19:40:36,PENDIENTE
6921,268,2025-12-18 01:39:30,COMPLETADA
6922,2571,2025-05-19 19:04:53,PENDIENTE
6923,1154,2025-10-19 22:42:36,COMPLETADA
6924,2299,2025-11-09 11:19:29,COMPLETADA
6925,4773,2025-07-20 23:29:40,CANCELADA
6926,1254,2025-11-16 20:48:19,CANCELADA
6927,735,2025-07-28 00:00:05,COMPLETADA
6928,3992,2025-03-30 14:08:10,COMPLETADA
6929,2344,2025-12-31 15:42:03,COMPLETADA
6930,2159,2025-02-20 09:50:35,COMPLETADA
6931,308,2025-08-15 00:09:44,COMPLETADA
6932,2610,2025-11-26 08:23:43,COMPLETADA
6933,1871,2025-12-28 01:04:30,COMPLETADA
6934,3004,2025-04-07 00:42:26,CANCELADA
6935,1339,2025-02-24 07:28:19,COMPLETADA
6936,4581,2025-10-31 01:09:10,COMPLETADA
6937,2297,2025-07-02 10:12:09,COMPLETADA
6938,2772,2025-07-28 05:40:10,COMPLETADA
6939,2759,2025-09-18 04:04:21,PENDIENTE
6940,1307,2025-03-02 11:08:02,COMPLETADA
6941,1094,2025-05-02 14:55:17,COMPLETADA
6942,1256,2025-01-10 06:43:21,COMPLETADA
6943,1916,2025-09-10 01:38:37,COMPLETADA
6944,134,2025-09-08 10:08:47,COMPLETADA
6945,3288,2025-10-19 07:55:01,COMPLETADA
6946,884,2025-06-21 13:52:04,COMPLETADA
6947,82,2025-06-11 01:45:03,COMPLETADA
6948,1798,2025-09-05 15:22:20,COMPLETADA
6949,3345,2025-01-27 15:04:00,COMPLETADA
6950,555,2025-12-18 16:46:28,PENDIENTE
6951,1007,2025-07-07 18:23:16,PENDIENTE
6952,3505,2025-10-25 18:45:12,PENDIENTE
6953,2992,2025-09-26 20:18:24,CANCELADA
6954,88,2025-08-30 10:07:25,COMPLETADA
6955,3497,2025-12-12 15:39:41,COMPLETADA
6956,3919,2025-08-03 15:20:23,COMPLETADA
6957,2846,2025-07-19 07:02:11,PENDIENTE
6958,2583,2025-07-20 05:17:11,COMPLETADA
6959,465,2025-03-13 17:25:06,COMPLETADA
6960,3033,2025-04-30 01:10:16,COMPLETADA
6961,641,2025-06-15 11:26:20,CANCELADA
6962,1418,2025-04-27 04:44:02,CANCELADA
6963,4766,2026-01-02 07:35:58,COMPLETADA
6964,2117,2025-09-11 23:38:08,PENDIENTE
6965,1398,2025-02-16 19:43:13,COMPLETADA
6966,1776,2025-05-03 14:37:31,COMPLETADA
6967,1080,2025-01-13 11:36:05,COMPLETADA
6968,4426,2025-04-11 23:17:18,COMPLETADA
6969,558,2025-04-18 16:54:27,CANCELADA
6970,4764,2025-07-01 07:27:15,PENDIENTE
6971,135,2025-06-10 05:39:01,COMPLETADA
6972,1336,2025-04-17 09:40:24,CANCELADA
6973,1085,2025-05-30 19:58:03,COMPLETADA
6974,3059,2025-09-11 18:09:42,COMPLETADA
6975,3389,2025-03-22 18:18:30,CANCELADA
6976,2122,2025-09-04 02:25:13,PENDIENTE
6977,4477,2025-04-29 17:22:26,COMPLETADA
6978,833,2025-06-16 04:01:17,PENDIENTE
6979,3902,2025-11-12 23:12:19,COMPLETADA
6980,4057,2025-06-21 18:19:47,COMPLETADA
6981,2134,2025-08-20 15:05:01,COMPLETADA
6982,4922,2025-04-08 15:59:10,CANCELADA
6983,1499,2025-04-09 01:54:46,CANCELADA
6984,410,2025-05-07 01:54:36,COMPLETADA
6985,4437,2025-04-09 21:43:22,COMPLETADA
6986,3611,2025-05-27 03:22:04,COMPLETADA
6987,3844,2025-07-07 04:14:07,COMPLETADA
6988,2782,2025-06-23 07:32:56,COMPLETADA
6989,526,2025-05-04 16:45:09,COMPLETADA
6990,2595,2025-03-08 21:05:39,COMPLETADA
6991,4792,2025-12-22 01:45:26,PENDIENTE
6992,2812,2025-11-06 21:28:31,COMPLETADA
6993,4373,2025-09-10 17:08:22,COMPLETADA
6994,2087,2025-02-12 08:42:31,CANCELADA
6995,1208,2025-04-25 15:40:56,CANCELADA
6996,3977,2025-01-18 18:18:05,COMPLETADA
6997,1538,2025-12-03 01:00:24,COMPLETADA
6998,626,2025-08-01 04:13:13,PENDIENTE
6999,817,2025-05-13 23:09:00,COMPLETADA
7000,705,2025-08-15 00:23:03,CANCELADA
7001,977,2025-10-10 15:56:07,COMPLETADA
7002,4207,2025-10-31 12:32:26,COMPLETADA
7003,2840,2025-07-21 15:45:07,CANCELADA
7004,4529,2025-05-23 09:23:15,COMPLETADA
7005,410,2025-04-12 06:07:11,PENDIENTE
7006,606,2025-07-07 13:21:29,COMPLETADA
7007,406,2025-11-25 15:20:14,CANCELADA
7008,3971,2025-12-17 11:11:52,COMPLETADA
7009,296,2025-11-07 05:00:23,PENDIENTE
7010,1848,2025-02-16 13:08:25,COMPLETADA
7011,2888,2025-12-02 02:36:40,COMPLETADA
7012,2063,2025-10-22 18:19:55,PENDIENTE
7013,1460,2025-08-29 09:39:41,COMPLETADA
7014,897,2025-09-19 08:45:09,COMPLETADA
7015,1415,2025-01-10 07:38:45,COMPLETADA
7016,4033,2025-03-25 18:29:30,CANCELADA
7017,2086,2025-11-16 01:02:07,COMPLETADA
7018,4568,2025-12-01 22:36:21,COMPLETADA
7019,1340,2025-02-23 11:28:35,COMPLETADA
7020,2370,2025-12-17 08:12:30,COMPLETADA
7021,926,2025-07-14 16:29:33,COMPLETADA
7022,3088,2025-01-15 07:36:00,PENDIENTE
7023,2136,2025-02-19 21:20:09,COMPLETADA
7024,3134,2025-04-26 19:12:21,PENDIENTE
7025,1576,2025-10-06 10:55:47,CANCELADA
7026,13,2025-10-09 03:01:55,PENDIENTE
7027,1602,2025-10-27 22:55:23,COMPLETADA
7028,2375,2025-08-09 16:05:22,COMPLETADA
7029,3628,2025-04-06 14:16:03,CANCELADA
7030,152,2025-09-15 03:39:14,COMPLETADA
7031,4249,2025-05-01 12:21:58,COMPLETADA
7032,4909,2025-05-10 02:46:38,COMPLETADA
7033,2709,2025-09-23 14:50:38,COMPLETADA
7034,3807,2025-08-13 01:17:07,COMPLETADA
7035,1362,2025-11-13 17:25:36,COMPLETADA
7036,3066,2025-12-08 17:52:06,COMPLETADA
7037,3093,2025-03-17 00:16:52,PENDIENTE
7038,2862,2025-01-06 17:26:34,COMPLETADA
7039,2566,2025-09-04 20:28:00,COMPLETADA
7040,3672,2025-11-15 02:29:45,COMPLETADA
7041,1489,2025-06-04 21:43:55,COMPLETADA
7042,1714,2025-01-09 06:14:24,COMPLETADA
7043,4897,2025-05-09 21:05:56,PENDIENTE
7044,3393,2025-01-04 18:42:37,COMPLETADA
7045,1516,2025-04-29 16:58:25,COMPLETADA
7046,4080,2025-06-16 08:17:14,COMPLETADA
7047,1397,2025-09-24 20:21:29,COMPLETADA
7048,2939,2025-01-30 12:10:04,COMPLETADA
7049,144,2025-11-24 00:47:18,COMPLETADA
7050,3272,2025-02-22 03:09:15,COMPLETADA
7051,686,2025-01-16 22:30:17,COMPLETADA
7052,4953,2025-03-18 18:06:30,COMPLETADA
7053,3022,2025-12-27 16:29:04,COMPLETADA
7054,1292,2025-09-18 00:55:36,COMPLETADA
7055,2342,2025-07-30 19:23:12,COMPLETADA
7056,2643,2025-06-10 13:36:56,CANCELADA
7057,3363,2025-08-30 18:09:23,COMPLETADA
7058,1243,2025-08-23 23:01:04,COMPLETADA
7059,2588,2025-05-02 22:16:46,PENDIENTE
7060,4765,2025-09-20 16:12:11,COMPLETADA
7061,3571,2025-08-17 05:42:31,COMPLETADA
7062,1263,2025-04-27 11:28:33,COMPLETADA
7063,1412,2025-06-30 17:07:13,PENDIENTE
7064,2431,2025-02-27 23:36:41,PENDIENTE
7065,1474,2025-06-03 19:13:31,COMPLETADA
7066,3089,2025-03-13 12:20:08,COMPLETADA
7067,2124,2025-03-26 03:31:52,COMPLETADA
7068,222,2025-12-08 07:33:42,COMPLETADA
7069,4516,2025-04-17 05:06:27,COMPLETADA
7070,1594,2025-03-13 23:01:06,COMPLETADA
7071,877,2025-12-13 14:05:28,COMPLETADA
7072,4410,2025-11-02 23:06:05,PENDIENTE
7073,332,2025-06-21 23:36:04,COMPLETADA
7074,4702,2025-04-05 00:44:09,COMPLETADA
7075,1839,2025-05-13 20:30:38,PENDIENTE
7076,1287,2025-04-28 16:32:18,COMPLETADA
7077,686,2025-10-07 04:03:36,COMPLETADA
7078,1244,2025-05-01 07:21:52,COMPLETADA
7079,1417,2025-05-17 05:38:22,PENDIENTE
7080,3049,2025-02-20 23:30:11,PENDIENTE
7081,4190,2025-06-18 07:56:33,PENDIENTE
7082,923,2025-12-02 12:50:00,PENDIENTE
7083,4410,2025-11-08 04:22:40,COMPLETADA
7084,3568,2025-01-20 01:55:25,COMPLETADA
7085,4390,2025-08-15 20:30:06,COMPLETADA
7086,3289,2025-11-26 15:49:11,COMPLETADA
7087,70,2025-01-04 06:40:48,COMPLETADA
7088,4775,2025-11-27 14:08:58,COMPLETADA
7089,2677,2025-11-09 15:11:45,COMPLETADA
7090,4402,2025-10-29 02:53:42,COMPLETADA
7091,2534,2025-01-22 22:57:32,CANCELADA
7092,1095,2025-01-15 07:52:13,PENDIENTE
7093,8,2025-12-26 00:48:41,COMPLETADA
7094,3181,2025-03-21 09:27:52,COMPLETADA
7095,4117,2025-09-02 21:56:04,CANCELADA
7096,4079,2025-08-05 05:42:41,COMPLETADA
7097,4297,2025-05-09 13:12:10,COMPLETADA
7098,2570,2025-05-08 23:55:02,COMPLETADA
7099,3177,2025-08-22 17:36:14,COMPLETADA
7100,2309,2025-05-18 04:41:52,CANCELADA
7101,3272,2025-01-08 16:16:16,PENDIENTE
7102,973,2025-05-23 05:23:41,COMPLETADA
7103,1060,2025-11-04 05:30:28,COMPLETADA
7104,1477,2025-02-12 12:05:37,COMPLETADA
7105,1155,2025-07-07 14:12:19,PENDIENTE
7106,3573,2025-10-08 23:46:42,PENDIENTE
7107,1467,2025-12-23 01:02:05,COMPLETADA
7108,1500,2025-12-24 19:43:03,COMPLETADA
7109,524,2025-05-11 15:58:19,COMPLETADA
7110,1337,2025-12-11 20:09:59,COMPLETADA
7111,4358,2025-09-08 05:22:44,COMPLETADA
7112,924,2025-03-31 13:41:26,COMPLETADA
7113,3979,2025-11-23 09:04:11,CANCELADA
7114,4656,2025-10-16 09:27:53,PENDIENTE
7115,917,2025-01-22 11:11:05,COMPLETADA
7116,3658,2025-08-20 11:49:02,COMPLETADA
7117,3329,2025-01-20 12:07:18,COMPLETADA
7118,4867,2025-07-21 20:25:43,CANCELADA
7119,2275,2025-12-27 06:04:20,COMPLETADA
7120,4316,2025-12-17 06:13:57,COMPLETADA
7121,1318,2025-09-18 21:36:34,COMPLETADA
7122,1632,2025-04-26 18:15:28,COMPLETADA
7123,4502,2025-06-13 03:28:35,COMPLETADA
7124,1797,2025-01-04 10:31:31,CANCELADA
7125,3460,2025-11-29 14:00:03,COMPLETADA
7126,1378,2025-12-14 21:31:03,PENDIENTE
7127,512,2025-05-10 13:08:39,COMPLETADA
7128,1612,2025-05-05 23:30:17,PENDIENTE
7129,4418,2025-12-25 19:07:55,COMPLETADA
7130,4457,2025-06-08 08:40:49,COMPLETADA
7131,790,2025-11-05 04:05:17,COMPLETADA
7132,381,2025-11-03 10:16:39,COMPLETADA
7133,1471,2025-02-25 00:31:29,COMPLETADA
7134,4338,2025-02-14 22:35:56,CANCELADA
7135,4505,2025-10-08 00:56:04,PENDIENTE
7136,2911,2025-01-28 05:52:45,COMPLETADA
7137,1326,2025-07-27 09:46:30,CANCELADA
7138,1401,2025-11-02 23:23:59,PENDIENTE
7139,4625,2025-11-14 06:26:31,PENDIENTE
7140,512,2025-05-20 04:54:25,COMPLETADA
7141,3262,2025-12-09 10:57:46,COMPLETADA
7142,3541,2025-09-12 00:47:16,COMPLETADA
7143,3747,2025-03-07 06:16:05,PENDIENTE
7144,2000,2025-07-12 19:50:16,CANCELADA
7145,1453,2025-04-13 04:55:54,PENDIENTE
7146,1695,2025-04-25 17:04:44,CANCELADA
7147,4110,2025-05-25 18:11:18,COMPLETADA
7148,3157,2025-03-29 02:15:24,PENDIENTE
7149,1670,2025-02-11 00:33:41,COMPLETADA
7150,3963,2025-12-23 11:36:17,COMPLETADA
7151,683,2025-02-07 18:15:32,COMPLETADA
7152,935,2025-01-17 13:48:30,CANCELADA
7153,4443,2025-11-27 08:44:30,CANCELADA
7154,3298,2025-06-05 04:08:10,COMPLETADA
7155,3727,2025-02-23 13:12:53,COMPLETADA
7156,3556,2025-04-07 23:42:12,COMPLETADA
7157,891,2025-05-13 11:44:41,COMPLETADA
7158,610,2025-08-26 16:43:05,COMPLETADA
7159,4144,2025-11-10 12:45:48,PENDIENTE
7160,1648,2025-01-19 02:14:44,CANCELADA
7161,4988,2025-02-05 04:34:57,COMPLETADA
7162,4429,2025-03-15 11:20:39,PENDIENTE
7163,1834,2025-01-08 07:17:33,COMPLETADA
7164,1531,2025-03-31 10:43:15,COMPLETADA
7165,4916,2025-02-26 19:07:17,PENDIENTE
7166,519,2025-03-20 21:16:49,COMPLETADA
7167,2666,2025-06-16 00:38:42,PENDIENTE
7168,163,2025-08-17 07:48:00,COMPLETADA
7169,3951,2025-02-22 20:09:57,COMPLETADA
7170,779,2025-08-03 12:58:16,PENDIENTE
7171,3462,2025-01-09 05:34:37,PENDIENTE
7172,3033,2025-01-12 11:52:25,PENDIENTE
7173,1369,2025-01-08 10:45:01,COMPLETADA
7174,4410,2025-08-11 18:56:11,COMPLETADA
7175,2183,2025-11-26 21:39:40,COMPLETADA
7176,615,2025-06-03 05:32:10,COMPLETADA
7177,3827,2025-02-19 10:15:50,COMPLETADA
7178,3357,2025-06-13 17:37:53,COMPLETADA
7179,4122,2025-07-02 17:07:26,PENDIENTE
7180,2887,2025-12-13 00:53:52,CANCELADA
7181,3433,2025-01-09 23:41:23,COMPLETADA
7182,4369,2026-01-01 10:36:26,COMPLETADA
7183,4433,2025-03-20 23:22:59,PENDIENTE
7184,2867,2025-03-25 16:38:46,PENDIENTE
7185,1460,2025-02-25 02:42:16,PENDIENTE
7186,137,2025-08-11 00:04:19,CANCELADA
7187,1235,2025-10-03 23:24:10,PENDIENTE
7188,3088,2025-08-22 00:45:14,COMPLETADA
7189,3271,2025-07-23 18:11:41,COMPLETADA
7190,1400,2025-12-17 16:47:20,COMPLETADA
7191,2900,2025-06-30 03:32:11,COMPLETADA
7192,772,2025-08-31 19:57:29,COMPLETADA
7193,3672,2025-08-18 19:09:46,COMPLETADA
7194,4156,2025-03-10 16:55:56,COMPLETADA
7195,1332,2025-02-21 14:26:45,COMPLETADA
7196,1832,2025-05-17 21:14:51,COMPLETADA
7197,3565,2025-04-10 20:49:21,COMPLETADA
7198,74,2025-06-10 06:02:36,PENDIENTE
7199,2441,2025-09-09 08:49:59,CANCELADA
7200,4746,2025-03-02 10:35:08,CANCELADA
7201,185,2025-07-30 02:35:19,COMPLETADA
7202,3893,2025-01-14 09:26:45,COMPLETADA
7203,3376,2025-01-27 08:00:03,COMPLETADA
7204,2495,2025-04-02 19:30:35,COMPLETADA
7205,3588,2025-11-22 14:57:20,COMPLETADA
7206,3247,2025-04-08 22:29:50,COMPLETADA
7207,4608,2025-09-14 11:39:58,COMPLETADA
7208,4877,2025-11-17 03:04:29,COMPLETADA
7209,4080,2025-09-24 05:58:37,COMPLETADA
7210,2884,2025-12-09 14:14:05,PENDIENTE
7211,4678,2025-11-03 02:37:00,COMPLETADA
7212,2260,2025-02-21 21:55:50,COMPLETADA
7213,4171,2025-07-24 22:40:24,COMPLETADA
7214,4983,2025-11-11 14:03:09,PENDIENTE
7215,2477,2025-10-04 14:34:25,COMPLETADA
7216,3786,2025-01-11 03:57:58,COMPLETADA
7217,3755,2025-10-21 20:53:11,COMPLETADA
7218,2813,2025-03-23 23:48:39,COMPLETADA
7219,4764,2025-08-13 14:13:28,COMPLETADA
7220,4369,2025-10-31 13:19:46,COMPLETADA
7221,3120,2025-12-18 19:47:43,COMPLETADA
7222,4787,2025-05-02 01:29:55,COMPLETADA
7223,2173,2025-04-09 19:32:55,COMPLETADA
7224,81,2025-06-26 21:25:03,PENDIENTE
7225,1366,2025-03-05 22:49:55,PENDIENTE
7226,4217,2025-12-30 20:59:31,PENDIENTE
7227,82,2025-11-29 18:14:09,COMPLETADA
7228,1401,2025-06-22 05:35:26,COMPLETADA
7229,258,2025-11-16 00:05:25,COMPLETADA
7230,1144,2025-08-01 11:19:58,CANCELADA
7231,321,2025-02-15 21:39:13,COMPLETADA
7232,2375,2025-08-30 18:16:54,COMPLETADA
7233,502,2025-02-27 02:52:39,COMPLETADA
7234,4460,2025-06-20 12:11:39,COMPLETADA
7235,4380,2025-04-24 13:51:50,PENDIENTE
7236,2938,2025-08-27 19:11:03,COMPLETADA
7237,1815,2025-05-23 05:25:00,COMPLETADA
7238,4421,2025-07-18 09:31:02,COMPLETADA
7239,1557,2025-04-11 07:07:57,CANCELADA
7240,338,2025-03-06 02:39:06,COMPLETADA
7241,2500,2025-03-18 11:34:04,PENDIENTE
7242,4431,2025-01-19 09:40:33,COMPLETADA
7243,4875,2025-03-07 09:06:02,PENDIENTE
7244,2146,2025-07-27 20:53:33,PENDIENTE
7245,869,2025-02-25 15:50:09,COMPLETADA
7246,3408,2025-01-06 06:33:13,CANCELADA
7247,1938,2025-03-20 20:40:22,COMPLETADA
7248,3663,2025-02-25 03:02:15,PENDIENTE
7249,105,2025-09-01 12:56:45,COMPLETADA
7250,1744,2025-02-27 00:58:16,COMPLETADA
7251,2826,2025-07-01 10:52:42,PENDIENTE
7252,3304,2025-07-31 18:23:51,COMPLETADA
7253,4887,2025-09-08 14:42:31,COMPLETADA
7254,1666,2025-07-10 11:16:19,COMPLETADA
7255,2929,2025-01-09 19:13:51,COMPLETADA
7256,796,2025-12-30 06:53:00,COMPLETADA
7257,4632,2025-12-24 10:59:26,COMPLETADA
7258,3591,2025-09-26 19:49:57,CANCELADA
7259,2411,2025-06-30 21:33:23,COMPLETADA
7260,4666,2025-05-31 17:28:52,COMPLETADA
7261,3931,2025-03-24 18:21:18,CANCELADA
7262,160,2025-04-21 09:22:10,PENDIENTE
7263,4349,2025-11-26 09:32:29,COMPLETADA
7264,3396,2025-08-31 17:12:56,CANCELADA
7265,287,2025-02-09 04:11:57,COMPLETADA
7266,1672,2025-07-15 02:42:40,COMPLETADA
7267,1007,2025-01-28 04:13:01,COMPLETADA
7268,2224,2025-10-17 15:05:06,CANCELADA
7269,2483,2025-09-10 05:12:49,CANCELADA
7270,2065,2025-01-24 20:27:13,COMPLETADA
7271,4877,2025-08-17 00:11:51,CANCELADA
7272,3223,2025-09-15 11:12:18,COMPLETADA
7273,2810,2025-05-28 03:15:59,CANCELADA
7274,4577,2025-03-27 14:00:45,CANCELADA
7275,3284,2025-08-10 20:01:14,PENDIENTE
7276,3066,2025-04-21 00:17:02,COMPLETADA
7277,317,2025-10-15 03:20:31,COMPLETADA
7278,1033,2025-02-20 16:18:06,COMPLETADA
7279,2820,2025-02-18 08:41:39,COMPLETADA
7280,3574,2025-05-13 18:49:30,CANCELADA
7281,1122,2025-06-15 10:48:03,COMPLETADA
7282,3486,2025-12-03 00:22:33,PENDIENTE
7283,1510,2025-04-30 06:43:43,CANCELADA
7284,1482,2025-12-14 16:42:17,COMPLETADA
7285,65,2025-04-23 14:04:31,COMPLETADA
7286,1766,2025-03-02 01:43:58,CANCELADA
7287,2416,2025-03-17 04:58:16,COMPLETADA
7288,241,2025-04-01 15:25:18,COMPLETADA
7289,2518,2025-02-03 13:41:48,COMPLETADA
7290,3186,2025-07-26 14:29:22,COMPLETADA
7291,2364,2025-09-27 23:46:36,PENDIENTE
7292,2668,2025-09-27 21:40:14,COMPLETADA
7293,1826,2025-04-12 19:17:33,COMPLETADA
7294,2673,2025-08-26 06:08:27,COMPLETADA
7295,1899,2025-05-06 13:07:33,COMPLETADA
7296,2561,2025-07-25 00:47:34,COMPLETADA
7297,671,2025-07-17 14:48:54,CANCELADA
7298,2355,2025-05-17 12:08:56,COMPLETADA
7299,2849,2025-06-01 11:13:57,COMPLETADA
7300,1362,2025-01-26 12:27:16,PENDIENTE
7301,4882,2025-06-04 02:06:21,COMPLETADA
7302,2041,2025-10-15 22:43:45,COMPLETADA
7303,1515,2025-07-15 17:37:42,CANCELADA
7304,557,2025-06-06 21:03:08,CANCELADA
7305,3870,2025-09-25 11:30:39,COMPLETADA
7306,1173,2025-10-28 23:31:38,COMPLETADA
7307,3796,2025-10-11 15:33:13,COMPLETADA
7308,3487,2025-03-25 02:18:21,PENDIENTE
7309,4392,2025-09-23 05:48:05,COMPLETADA
7310,2019,2025-03-29 10:14:39,COMPLETADA
7311,4553,2025-09-13 05:57:41,COMPLETADA
7312,2632,2025-12-04 00:48:34,COMPLETADA
7313,1401,2025-07-02 20:41:11,COMPLETADA
7314,2501,2025-02-15 21:23:14,COMPLETADA
7315,2837,2025-04-01 22:24:48,COMPLETADA
7316,2562,2025-06-17 12:14:26,COMPLETADA
7317,948,2025-12-12 07:22:35,CANCELADA
7318,2685,2025-01-29 17:21:06,COMPLETADA
7319,689,2025-08-30 15:40:26,COMPLETADA
7320,449,2025-05-21 19:39:52,COMPLETADA
7321,428,2025-10-04 00:52:36,COMPLETADA
7322,387,2025-02-20 05:26:06,COMPLETADA
7323,4910,2025-06-13 23:09:47,COMPLETADA
7324,3672,2025-10-16 15:01:34,COMPLETADA
7325,2206,2025-08-15 20:21:08,COMPLETADA
7326,3000,2025-09-27 13:35:21,COMPLETADA
7327,2922,2025-03-22 10:12:07,PENDIENTE
7328,2438,2025-11-15 20:02:28,COMPLETADA
7329,4333,2026-01-03 17:08:50,PENDIENTE
7330,2424,2025-02-25 12:37:20,COMPLETADA
7331,3779,2025-04-19 13:41:15,COMPLETADA
7332,4757,2026-01-02 14:50:48,COMPLETADA
7333,4679,2025-01-19 07:59:21,COMPLETADA
7334,2130,2025-04-17 22:51:42,COMPLETADA
7335,4941,2025-08-19 15:31:14,COMPLETADA
7336,2731,2025-01-17 15:17:07,COMPLETADA
7337,4183,2025-03-04 23:31:53,COMPLETADA
7338,1821,2025-08-05 05:04:07,COMPLETADA
7339,4341,2025-07-07 05:23:01,COMPLETADA
7340,682,2025-04-20 01:31:42,CANCELADA
7341,563,2025-12-02 14:18:41,PENDIENTE
7342,1964,2025-08-28 10:06:54,PENDIENTE
7343,4270,2025-08-14 20:57:56,CANCELADA
7344,1493,2025-11-04 09:32:42,COMPLETADA
7345,307,2025-01-27 14:52:40,COMPLETADA
7346,4146,2025-11-06 21:34:09,COMPLETADA
7347,1435,2025-12-23 04:48:45,PENDIENTE
7348,4562,2025-10-15 04:35:37,COMPLETADA
7349,1427,2025-02-25 02:16:19,COMPLETADA
7350,3893,2025-07-18 04:53:09,COMPLETADA
7351,2337,2025-07-07 04:31:31,PENDIENTE
7352,3562,2025-10-27 19:08:20,COMPLETADA
7353,513,2025-12-13 17:55:22,COMPLETADA
7354,1002,2025-05-07 15:34:55,COMPLETADA
7355,2505,2025-12-29 10:56:48,COMPLETADA
7356,1743,2025-04-28 16:36:20,CANCELADA
7357,1855,2025-07-29 02:12:06,COMPLETADA
7358,4194,2025-01-12 09:46:04,COMPLETADA
7359,4194,2025-02-19 17:28:20,COMPLETADA
7360,880,2025-11-17 18:09:41,COMPLETADA
7361,3919,2025-01-18 07:23:11,COMPLETADA
7362,2288,2025-02-17 13:49:04,CANCELADA
7363,4068,2025-01-09 16:03:19,COMPLETADA
7364,3926,2025-12-24 16:32:11,COMPLETADA
7365,3104,2025-08-08 06:09:44,CANCELADA
7366,4854,2025-02-06 14:10:07,PENDIENTE
7367,4824,2025-04-02 00:25:36,CANCELADA
7368,2543,2026-01-02 02:49:35,COMPLETADA
7369,3245,2025-09-09 02:12:38,COMPLETADA
7370,4953,2025-03-19 21:32:47,COMPLETADA
7371,3081,2025-02-13 06:55:51,COMPLETADA
7372,3523,2025-04-30 15:06:47,COMPLETADA
7373,2798,2025-07-01 20:08:28,COMPLETADA
7374,4814,2025-09-13 07:31:02,COMPLETADA
7375,238,2025-09-30 08:09:42,PENDIENTE
7376,919,2025-06-23 02:41:01,COMPLETADA
7377,4879,2025-10-03 01:19:28,COMPLETADA
7378,3930,2025-10-09 11:55:46,COMPLETADA
7379,139,2025-03-18 19:50:53,COMPLETADA
7380,1917,2025-07-08 11:08:30,PENDIENTE
7381,2789,2025-07-23 09:49:10,COMPLETADA
7382,697,2025-07-19 08:08:17,COMPLETADA
7383,3356,2025-03-24 12:05:12,PENDIENTE
7384,2380,2025-08-25 20:32:45,CANCELADA
7385,1395,2025-09-27 10:36:16,PENDIENTE
7386,3194,2026-01-01 04:29:25,COMPLETADA
7387,4216,2025-05-31 03:56:03,PENDIENTE
7388,2438,2025-08-16 02:12:24,COMPLETADA
7389,3751,2025-02-24 21:51:07,COMPLETADA
7390,3589,2025-06-12 14:29:48,COMPLETADA
7391,3039,2025-12-07 12:48:17,PENDIENTE
7392,4017,2025-12-14 12:43:26,COMPLETADA
7393,4678,2025-10-10 05:49:36,COMPLETADA
7394,4260,2025-11-04 22:21:28,COMPLETADA
7395,4247,2025-09-09 21:31:20,PENDIENTE
7396,4853,2025-10-26 20:58:45,COMPLETADA
7397,1176,2025-05-30 14:14:02,COMPLETADA
7398,4783,2025-08-05 20:11:29,COMPLETADA
7399,4414,2025-08-02 18:54:22,COMPLETADA
7400,607,2025-11-28 16:06:25,PENDIENTE
7401,2452,2025-03-22 18:11:04,COMPLETADA
7402,1537,2025-03-08 22:30:06,COMPLETADA
7403,3702,2025-04-02 23:17:14,CANCELADA
7404,3786,2025-01-09 19:45:10,COMPLETADA
7405,2689,2025-08-18 05:29:13,PENDIENTE
7406,4335,2025-12-08 03:04:03,COMPLETADA
7407,2152,2025-12-09 10:38:15,CANCELADA
7408,811,2025-08-16 23:35:56,PENDIENTE
7409,1689,2025-05-20 06:33:12,COMPLETADA
7410,1310,2025-02-20 19:22:48,COMPLETADA
7411,3205,2025-08-30 02:31:14,CANCELADA
7412,859,2025-03-09 21:24:56,COMPLETADA
7413,1783,2025-02-04 06:36:55,COMPLETADA
7414,1720,2025-12-28 01:13:49,COMPLETADA
7415,2800,2025-07-14 11:39:30,PENDIENTE
7416,4394,2025-01-18 11:13:22,COMPLETADA
7417,672,2025-03-29 02:25:45,COMPLETADA
7418,4996,2025-09-25 04:40:18,CANCELADA
7419,4028,2025-03-16 09:05:01,PENDIENTE
7420,654,2025-10-01 03:06:31,COMPLETADA
7421,2758,2025-07-04 23:40:40,COMPLETADA
7422,186,2025-12-04 03:26:41,PENDIENTE
7423,4693,2025-01-27 14:27:59,COMPLETADA
7424,1368,2025-02-23 19:32:34,PENDIENTE
7425,3648,2025-05-03 02:15:22,COMPLETADA
7426,385,2025-11-01 00:46:17,COMPLETADA
7427,1211,2025-04-21 14:27:46,COMPLETADA
7428,3484,2025-06-15 20:06:10,CANCELADA
7429,4794,2025-02-16 13:44:52,COMPLETADA
7430,3062,2025-08-22 05:52:19,COMPLETADA
7431,2565,2025-09-01 05:40:12,PENDIENTE
7432,4412,2025-09-13 13:06:50,PENDIENTE
7433,3807,2025-04-24 04:34:38,CANCELADA
7434,98,2025-05-24 17:47:17,PENDIENTE
7435,2609,2025-12-24 17:39:16,COMPLETADA
7436,3233,2025-11-10 21:42:06,COMPLETADA
7437,996,2025-04-18 22:44:39,COMPLETADA
7438,1976,2025-08-06 17:52:46,PENDIENTE
7439,654,2025-04-24 11:36:02,COMPLETADA
7440,4364,2025-01-16 03:27:47,COMPLETADA
7441,4699,2025-04-10 17:23:14,CANCELADA
7442,2519,2025-10-17 00:33:10,COMPLETADA
7443,2582,2025-09-12 05:16:01,COMPLETADA
7444,1994,2025-02-18 03:41:07,PENDIENTE
7445,347,2025-10-15 01:10:52,COMPLETADA
7446,4351,2025-05-03 16:17:39,COMPLETADA
7447,4383,2025-03-11 10:17:21,PENDIENTE
7448,4115,2025-03-27 10:19:53,PENDIENTE
7449,350,2025-05-01 16:02:03,COMPLETADA
7450,500,2025-05-26 22:52:54,CANCELADA
7451,2453,2025-12-04 07:34:22,COMPLETADA
7452,3777,2025-12-03 17:24:27,COMPLETADA
7453,571,2025-11-15 09:17:39,CANCELADA
7454,4350,2025-12-28 16:08:51,COMPLETADA
7455,3106,2025-12-04 17:04:57,PENDIENTE
7456,1146,2025-12-25 10:09:13,CANCELADA
7457,647,2025-10-13 08:17:42,COMPLETADA
7458,2857,2025-08-11 03:30:59,COMPLETADA
7459,4912,2025-03-18 16:56:19,COMPLETADA
7460,2010,2025-05-27 01:14:32,COMPLETADA
7461,1983,2025-11-28 19:58:56,PENDIENTE
7462,495,2025-12-30 07:35:14,PENDIENTE
7463,2736,2025-10-09 08:59:33,COMPLETADA
7464,3525,2025-08-14 02:08:48,COMPLETADA
7465,2392,2025-12-19 01:43:46,COMPLETADA
7466,2018,2025-05-14 04:49:51,COMPLETADA
7467,2739,2025-08-07 00:51:19,CANCELADA
7468,3077,2025-03-29 02:26:44,COMPLETADA
7469,3993,2025-10-06 23:30:33,COMPLETADA
7470,2926,2025-11-16 03:10:19,COMPLETADA
7471,948,2025-05-14 08:55:44,COMPLETADA
7472,2378,2025-05-12 19:28:40,COMPLETADA
7473,349,2025-04-23 20:56:21,PENDIENTE
7474,4163,2025-10-11 04:07:55,CANCELADA
7475,3863,2025-03-16 06:45:46,COMPLETADA
7476,3744,2025-02-09 21:54:39,COMPLETADA
7477,1298,2025-08-22 18:20:25,COMPLETADA
7478,3456,2025-04-09 13:31:54,CANCELADA
7479,3099,2025-09-12 12:23:16,COMPLETADA
7480,2811,2025-09-21 13:40:13,CANCELADA
7481,2417,2025-06-21 17:59:28,COMPLETADA
7482,674,2025-06-16 18:35:36,COMPLETADA
7483,2089,2025-07-24 22:02:51,COMPLETADA
7484,3377,2025-05-07 16:17:08,COMPLETADA
7485,859,2025-01-21 23:42:00,COMPLETADA
7486,3784,2025-02-23 11:35:46,CANCELADA
7487,2649,2025-01-09 12:05:19,COMPLETADA
7488,1678,2025-05-26 03:58:09,COMPLETADA
7489,2455,2025-11-24 14:36:34,COMPLETADA
7490,2176,2025-03-17 20:01:29,COMPLETADA
7491,3059,2025-04-05 07:51:10,CANCELADA
7492,307,2025-01-19 06:52:04,COMPLETADA
7493,4590,2025-02-09 13:30:53,COMPLETADA
7494,1109,2025-08-31 21:57:54,COMPLETADA
7495,1754,2025-06-18 19:12:57,COMPLETADA
7496,1170,2025-11-25 19:27:49,COMPLETADA
7497,1709,2025-06-10 18:05:37,COMPLETADA
7498,4171,2025-05-31 07:43:09,CANCELADA
7499,2157,2025-07-06 04:44:51,COMPLETADA
7500,2217,2025-11-23 03:25:06,COMPLETADA
7501,4333,2025-08-17 19:22:42,PENDIENTE
7502,1884,2025-08-02 09:10:09,COMPLETADA
7503,1732,2025-01-11 16:22:02,CANCELADA
7504,4714,2025-03-09 01:09:28,COMPLETADA
7505,368,2025-03-01 13:07:10,COMPLETADA
7506,3295,2025-03-24 02:03:52,COMPLETADA
7507,4972,2025-12-09 02:11:36,COMPLETADA
7508,30,2025-01-20 12:11:51,COMPLETADA
7509,1419,2025-09-07 19:07:27,COMPLETADA
7510,2280,2025-05-27 06:21:46,CANCELADA
7511,4171,2025-02-15 00:47:43,COMPLETADA
7512,2209,2025-11-04 16:45:55,CANCELADA
7513,2873,2025-08-08 12:42:52,COMPLETADA
7514,1943,2025-11-15 00:54:17,PENDIENTE
7515,2693,2025-06-26 21:11:46,COMPLETADA
7516,3717,2025-09-23 08:22:57,COMPLETADA
7517,4022,2025-10-07 21:49:31,COMPLETADA
7518,2179,2025-12-12 00:31:07,CANCELADA
7519,175,2025-04-01 10:45:57,COMPLETADA
7520,3481,2025-06-02 05:53:10,PENDIENTE
7521,4588,2025-05-26 11:06:08,CANCELADA
7522,866,2025-06-23 22:06:03,PENDIENTE
7523,2220,2025-09-28 09:48:56,PENDIENTE
7524,288,2025-03-31 17:30:53,COMPLETADA
7525,1707,2025-07-18 00:18:15,COMPLETADA
7526,4283,2025-01-10 04:15:39,CANCELADA
7527,4156,2025-11-22 08:17:51,COMPLETADA
7528,4493,2025-09-20 16:02:43,COMPLETADA
7529,2943,2025-10-01 05:06:17,CANCELADA
7530,1823,2025-12-27 13:42:56,PENDIENTE
7531,1757,2025-11-19 19:49:45,COMPLETADA
7532,3891,2025-12-31 20:41:44,COMPLETADA
7533,2057,2025-05-20 05:53:39,COMPLETADA
7534,70,2025-08-17 06:36:57,COMPLETADA
7535,924,2025-02-21 21:05:29,CANCELADA
7536,2860,2025-07-26 00:50:56,COMPLETADA
7537,3434,2025-04-16 21:53:52,CANCELADA
7538,1527,2025-06-20 18:32:37,COMPLETADA
7539,3244,2025-12-28 23:37:33,COMPLETADA
7540,2167,2025-03-16 08:40:12,PENDIENTE
7541,324,2025-05-01 16:20:41,CANCELADA
7542,556,2025-06-28 19:40:12,PENDIENTE
7543,1396,2025-11-20 22:56:08,CANCELADA
7544,1906,2025-11-26 01:28:59,CANCELADA
7545,286,2025-02-18 22:21:06,PENDIENTE
7546,2918,2025-09-17 22:10:47,COMPLETADA
7547,1098,2025-11-02 03:02:34,COMPLETADA
7548,2290,2025-06-05 07:30:31,COMPLETADA
7549,464,2025-11-07 12:33:57,PENDIENTE
7550,4053,2025-02-13 03:41:50,PENDIENTE
7551,2230,2025-02-21 23:54:21,COMPLETADA
7552,1763,2025-08-05 10:01:34,COMPLETADA
7553,3042,2025-07-26 10:20:26,CANCELADA
7554,1968,2025-12-07 19:04:52,PENDIENTE
7555,617,2025-06-21 11:33:58,COMPLETADA
7556,3955,2025-07-26 09:39:12,PENDIENTE
7557,2536,2025-11-29 22:15:12,COMPLETADA
7558,1184,2025-01-31 11:21:19,COMPLETADA
7559,2270,2025-03-30 12:26:21,COMPLETADA
7560,3815,2025-06-15 11:47:28,COMPLETADA
7561,4572,2025-09-19 19:53:20,COMPLETADA
7562,3194,2025-09-13 23:15:49,CANCELADA
7563,4705,2025-09-26 10:16:44,COMPLETADA
7564,1502,2025-09-09 07:04:49,COMPLETADA
7565,641,2025-07-07 09:38:59,CANCELADA
7566,2446,2025-03-23 05:24:20,PENDIENTE
7567,1520,2025-08-24 22:41:34,COMPLETADA
7568,2172,2025-09-14 00:31:58,PENDIENTE
7569,1753,2025-01-17 05:59:05,COMPLETADA
7570,817,2025-07-03 16:45:42,COMPLETADA
7571,423,2025-06-20 08:03:17,COMPLETADA
7572,2503,2025-02-20 15:27:19,COMPLETADA
7573,3536,2025-04-25 08:29:42,COMPLETADA
7574,3126,2025-09-27 13:27:42,COMPLETADA
7575,3891,2025-07-10 02:00:49,COMPLETADA
7576,4475,2025-01-22 14:46:52,COMPLETADA
7577,1392,2025-11-09 08:40:34,COMPLETADA
7578,1241,2025-02-06 16:33:40,PENDIENTE
7579,261,2025-03-25 12:01:35,COMPLETADA
7580,1937,2025-10-09 09:40:45,COMPLETADA
7581,3393,2025-03-26 06:15:16,PENDIENTE
7582,575,2025-08-07 17:06:30,COMPLETADA
7583,1611,2025-12-21 22:38:39,COMPLETADA
7584,4455,2025-07-14 02:34:15,COMPLETADA
7585,82,2025-10-21 07:18:25,COMPLETADA
7586,3898,2025-09-08 07:53:09,COMPLETADA
7587,246,2025-08-16 20:21:42,COMPLETADA
7588,4055,2025-03-11 00:05:11,COMPLETADA
7589,2733,2025-07-14 11:52:32,CANCELADA
7590,4613,2025-02-28 11:42:26,CANCELADA
7591,213,2025-04-03 13:16:37,PENDIENTE
7592,1772,2025-10-30 02:14:02,COMPLETADA
7593,733,2025-08-13 20:23:51,COMPLETADA
7594,284,2025-06-23 00:06:54,PENDIENTE
7595,1407,2025-07-05 01:58:53,COMPLETADA
7596,895,2025-06-07 22:50:20,COMPLETADA
7597,3119,2025-09-17 19:14:09,COMPLETADA
7598,4173,2025-06-20 08:18:00,COMPLETADA
7599,620,2025-12-24 19:26:56,PENDIENTE
7600,4061,2025-09-28 12:19:57,COMPLETADA
7601,983,2025-01-24 08:02:48,COMPLETADA
7602,2080,2025-02-15 08:50:14,COMPLETADA
7603,2289,2025-09-16 22:50:58,PENDIENTE
7604,917,2025-01-05 19:44:01,CANCELADA
7605,909,2025-10-11 04:34:00,COMPLETADA
7606,4483,2025-03-16 15:13:39,PENDIENTE
7607,561,2025-11-20 23:48:17,COMPLETADA
7608,52,2025-12-03 05:28:13,COMPLETADA
7609,2510,2025-05-30 10:16:06,COMPLETADA
7610,441,2025-08-05 16:35:55,CANCELADA
7611,1186,2025-02-12 21:17:44,PENDIENTE
7612,2471,2025-07-17 14:40:09,COMPLETADA
7613,1080,2025-07-11 16:54:55,COMPLETADA
7614,1182,2025-04-30 10:28:28,COMPLETADA
7615,3255,2025-12-29 20:15:14,COMPLETADA
7616,2805,2025-12-31 03:36:46,COMPLETADA
7617,4815,2025-03-26 22:38:00,COMPLETADA
7618,675,2025-05-21 06:44:28,COMPLETADA
7619,140,2025-10-29 14:56:22,COMPLETADA
7620,2500,2026-01-01 05:16:48,PENDIENTE
7621,3655,2025-10-29 23:37:33,PENDIENTE
7622,3887,2025-04-19 21:35:09,CANCELADA
7623,3079,2025-11-15 09:19:05,COMPLETADA
7624,1706,2025-12-29 22:59:36,PENDIENTE
7625,3447,2025-01-18 09:45:52,COMPLETADA
7626,2893,2025-11-26 07:16:40,COMPLETADA
7627,1841,2025-10-16 05:25:38,CANCELADA
7628,3853,2025-11-03 11:07:01,COMPLETADA
7629,3815,2025-09-13 01:55:45,COMPLETADA
7630,2459,2025-03-14 00:53:39,PENDIENTE
7631,198,2025-10-02 11:04:45,CANCELADA
7632,1098,2025-02-16 01:32:39,COMPLETADA
7633,2826,2025-10-16 11:51:44,PENDIENTE
7634,2942,2025-01-16 12:08:39,COMPLETADA
7635,2874,2025-11-22 04:56:10,COMPLETADA
7636,304,2025-05-19 05:47:48,COMPLETADA
7637,871,2025-07-30 19:36:25,COMPLETADA
7638,905,2025-12-22 13:07:32,COMPLETADA
7639,4400,2025-06-27 04:54:48,COMPLETADA
7640,745,2026-01-04 00:56:39,COMPLETADA
7641,3522,2025-04-25 15:48:34,COMPLETADA
7642,3315,2025-11-12 20:21:02,CANCELADA
7643,2340,2025-01-23 03:02:55,PENDIENTE
7644,4390,2025-03-10 03:03:58,CANCELADA
7645,2092,2025-04-09 09:24:21,COMPLETADA
7646,3506,2025-01-13 23:18:49,PENDIENTE
7647,4209,2025-11-02 01:41:47,PENDIENTE
7648,1040,2025-04-01 21:06:53,COMPLETADA
7649,3108,2025-06-28 21:45:30,CANCELADA
7650,80,2025-11-29 08:46:09,COMPLETADA
7651,2206,2025-08-31 04:52:44,COMPLETADA
7652,2121,2025-11-28 13:47:42,COMPLETADA
7653,1891,2026-01-01 03:35:15,COMPLETADA
7654,4567,2025-12-22 21:25:41,CANCELADA
7655,4625,2025-10-19 08:04:54,COMPLETADA
7656,267,2025-11-24 03:41:42,COMPLETADA
7657,4647,2025-05-20 02:27:45,COMPLETADA
7658,3582,2025-01-12 15:41:57,COMPLETADA
7659,413,2025-09-26 23:13:09,COMPLETADA
7660,4335,2025-12-19 04:00:07,CANCELADA
7661,1652,2025-12-10 09:27:52,COMPLETADA
7662,1048,2025-12-02 23:49:20,PENDIENTE
7663,2671,2025-10-29 16:00:32,CANCELADA
7664,2283,2025-07-04 17:55:51,COMPLETADA
7665,4177,2025-06-03 01:51:13,COMPLETADA
7666,3679,2025-10-02 14:12:15,CANCELADA
7667,321,2025-05-21 19:51:54,COMPLETADA
7668,961,2025-05-08 20:00:25,COMPLETADA
7669,4324,2025-11-20 12:46:50,COMPLETADA
7670,2248,2025-06-30 22:02:07,COMPLETADA
7671,1213,2025-06-21 09:13:33,PENDIENTE
7672,80,2025-06-06 06:22:39,COMPLETADA
7673,1364,2025-12-05 15:41:59,COMPLETADA
7674,4028,2025-03-26 00:15:57,PENDIENTE
7675,1216,2025-01-16 23:35:52,CANCELADA
7676,2944,2025-10-26 06:40:49,CANCELADA
7677,13,2025-10-04 00:26:45,CANCELADA
7678,1785,2025-06-13 12:31:42,COMPLETADA
7679,169,2025-07-09 19:41:57,COMPLETADA
7680,4252,2025-11-17 10:25:38,COMPLETADA
7681,2390,2025-02-10 07:29:28,PENDIENTE
7682,3304,2025-09-29 20:51:20,COMPLETADA
7683,4864,2025-06-07 08:33:29,COMPLETADA
7684,40,2025-06-24 11:29:08,COMPLETADA
7685,4269,2025-10-14 12:20:52,COMPLETADA
7686,4655,2025-03-05 11:18:31,CANCELADA
7687,994,2025-12-23 12:48:52,COMPLETADA
7688,3328,2025-02-12 14:27:29,PENDIENTE
7689,190,2025-04-09 19:00:59,COMPLETADA
7690,757,2025-06-16 13:26:20,COMPLETADA
7691,1248,2025-08-28 06:03:18,PENDIENTE
7692,1138,2025-07-11 12:00:07,PENDIENTE
7693,1652,2025-06-27 13:04:14,CANCELADA
7694,4768,2025-06-22 05:39:45,PENDIENTE
7695,4729,2025-10-04 05:31:15,PENDIENTE
7696,367,2025-11-30 03:14:26,COMPLETADA
7697,4439,2025-03-23 04:34:10,PENDIENTE
7698,2760,2025-06-22 07:05:18,COMPLETADA
7699,674,2025-09-20 07:15:07,CANCELADA
7700,4487,2025-12-16 00:54:09,COMPLETADA
7701,2114,2025-04-16 11:14:43,COMPLETADA
7702,333,2025-02-27 20:13:19,COMPLETADA
7703,4889,2025-03-28 18:44:17,PENDIENTE
7704,4830,2025-07-30 13:29:16,COMPLETADA
7705,1796,2025-01-22 20:04:05,COMPLETADA
7706,973,2025-10-19 03:17:15,CANCELADA
7707,2002,2025-09-23 11:35:11,CANCELADA
7708,676,2025-04-18 10:32:09,CANCELADA
7709,4288,2025-03-19 09:15:24,CANCELADA
7710,2608,2025-08-05 15:56:34,COMPLETADA
7711,4950,2025-12-09 11:43:31,COMPLETADA
7712,3026,2025-04-01 08:16:40,PENDIENTE
7713,2702,2025-12-24 02:15:38,COMPLETADA
7714,4697,2025-10-31 19:56:29,CANCELADA
7715,2532,2025-10-04 03:26:01,COMPLETADA
7716,149,2025-10-22 04:15:02,COMPLETADA
7717,2129,2025-04-21 08:01:09,PENDIENTE
7718,99,2025-04-27 09:09:02,COMPLETADA
7719,1667,2025-11-30 08:05:23,COMPLETADA
7720,1960,2025-05-01 20:43:37,COMPLETADA
7721,3368,2025-04-14 10:27:53,COMPLETADA
7722,2635,2025-04-14 16:32:31,COMPLETADA
7723,4709,2025-03-17 01:41:09,COMPLETADA
7724,2052,2025-08-29 01:12:50,COMPLETADA
7725,2240,2025-05-13 21:07:48,CANCELADA
7726,3539,2025-09-18 04:58:02,COMPLETADA
7727,440,2025-10-13 18:02:06,COMPLETADA
7728,4510,2025-06-28 03:41:09,COMPLETADA
7729,132,2025-02-04 16:31:10,PENDIENTE
7730,4417,2025-12-09 01:32:01,CANCELADA
7731,4154,2025-10-02 17:52:14,COMPLETADA
7732,1129,2025-08-01 10:23:02,PENDIENTE
7733,4206,2025-05-02 05:06:47,COMPLETADA
7734,2368,2025-03-15 04:11:56,CANCELADA
7735,1223,2025-08-20 07:17:47,CANCELADA
7736,3204,2025-01-06 12:11:26,COMPLETADA
7737,4349,2025-08-02 10:39:21,COMPLETADA
7738,574,2025-06-08 11:08:31,COMPLETADA
7739,2661,2025-03-07 13:02:56,CANCELADA
7740,3831,2025-07-17 06:07:11,COMPLETADA
7741,2937,2025-04-27 23:32:58,COMPLETADA
7742,1579,2025-12-27 15:38:31,COMPLETADA
7743,1309,2025-07-15 21:50:04,CANCELADA
7744,1821,2025-08-29 22:27:33,COMPLETADA
7745,3723,2025-02-13 14:25:19,COMPLETADA
7746,2414,2025-01-07 06:39:28,COMPLETADA
7747,776,2025-04-17 13:49:18,CANCELADA
7748,4588,2025-05-02 03:28:52,CANCELADA
7749,4520,2025-06-17 21:21:22,PENDIENTE
7750,879,2025-07-15 20:44:39,COMPLETADA
7751,3430,2025-04-12 12:19:17,CANCELADA
7752,1448,2025-09-23 21:58:32,PENDIENTE
7753,2682,2025-07-11 22:03:59,COMPLETADA
7754,147,2025-04-19 01:42:32,COMPLETADA
7755,3257,2025-12-23 15:22:37,COMPLETADA
7756,260,2025-11-25 13:00:23,COMPLETADA
7757,4929,2025-03-09 10:15:55,COMPLETADA
7758,454,2025-04-17 08:36:57,COMPLETADA
7759,3346,2025-10-29 19:00:29,COMPLETADA
7760,699,2025-01-19 13:59:29,COMPLETADA
7761,1985,2025-09-28 21:56:27,COMPLETADA
7762,3755,2025-08-06 05:45:48,COMPLETADA
7763,736,2025-03-27 04:28:32,PENDIENTE
7764,1440,2025-09-04 08:00:43,COMPLETADA
7765,1042,2025-11-28 09:19:12,COMPLETADA
7766,3500,2025-06-19 19:11:10,COMPLETADA
7767,734,2025-06-28 22:06:09,COMPLETADA
7768,2167,2025-03-10 05:31:01,CANCELADA
7769,3066,2025-08-06 16:38:16,COMPLETADA
7770,3518,2025-03-27 01:01:35,COMPLETADA
7771,2664,2025-10-15 05:52:42,COMPLETADA
7772,2119,2025-09-14 04:17:44,COMPLETADA
7773,377,2025-07-26 12:33:34,CANCELADA
7774,2503,2025-12-16 15:49:02,PENDIENTE
7775,1183,2025-11-19 01:03:42,CANCELADA
7776,3433,2025-06-12 09:06:53,CANCELADA
7777,2457,2025-04-11 22:58:37,COMPLETADA
7778,207,2025-07-06 05:11:49,COMPLETADA
7779,722,2025-10-29 13:43:58,COMPLETADA
7780,57,2025-10-18 10:29:22,COMPLETADA
7781,1680,2025-08-06 12:19:46,CANCELADA
7782,2533,2025-07-04 04:53:59,COMPLETADA
7783,1220,2025-12-01 19:14:14,COMPLETADA
7784,2865,2025-11-01 07:08:26,COMPLETADA
7785,3456,2025-06-13 01:36:10,COMPLETADA
7786,3358,2025-03-14 14:10:25,COMPLETADA
7787,1337,2025-12-24 04:18:19,CANCELADA
7788,832,2025-08-08 01:38:08,PENDIENTE
7789,1034,2025-06-22 18:36:40,PENDIENTE
7790,1502,2025-03-09 13:22:14,COMPLETADA
7791,32,2025-09-29 03:42:04,COMPLETADA
7792,3427,2025-04-23 20:53:40,PENDIENTE
7793,3174,2025-06-26 20:28:18,CANCELADA
7794,3279,2025-07-27 19:04:07,CANCELADA
7795,1066,2025-11-30 15:47:10,COMPLETADA
7796,628,2025-08-19 04:44:15,CANCELADA
7797,3621,2025-06-01 06:47:11,CANCELADA
7798,3349,2025-10-27 03:50:56,CANCELADA
7799,3621,2025-07-01 09:50:41,COMPLETADA
7800,2209,2025-06-16 16:18:45,PENDIENTE
7801,2404,2025-12-25 14:51:08,COMPLETADA
7802,660,2025-09-19 17:33:47,PENDIENTE
7803,4737,2025-10-24 00:44:11,COMPLETADA
7804,1702,2025-04-19 04:41:06,COMPLETADA
7805,300,2025-08-18 10:30:25,COMPLETADA
7806,892,2025-07-27 19:23:49,PENDIENTE
7807,2485,2025-12-04 08:42:46,COMPLETADA
7808,3960,2025-06-26 14:02:15,CANCELADA
7809,1193,2025-09-05 06:25:16,COMPLETADA
7810,2566,2025-11-13 08:55:46,CANCELADA
7811,1717,2025-03-19 00:56:38,COMPLETADA
7812,2517,2025-08-10 07:54:07,PENDIENTE
7813,3100,2025-10-16 21:28:22,COMPLETADA
7814,905,2025-11-09 12:41:01,COMPLETADA
7815,2755,2025-05-12 18:08:16,PENDIENTE
7816,3546,2025-06-09 21:29:20,PENDIENTE
7817,4953,2025-04-10 19:24:56,PENDIENTE
7818,2919,2025-08-03 21:51:58,COMPLETADA
7819,2104,2025-06-26 18:36:48,COMPLETADA
7820,1410,2025-10-07 19:07:05,COMPLETADA
7821,3275,2025-06-20 16:27:41,PENDIENTE
7822,2265,2025-08-20 17:23:12,PENDIENTE
7823,721,2025-07-19 12:55:02,PENDIENTE
7824,829,2025-05-04 15:58:55,PENDIENTE
7825,4040,2025-07-11 08:21:49,PENDIENTE
7826,4479,2025-04-20 23:19:40,COMPLETADA
7827,4352,2025-05-18 05:08:08,COMPLETADA
7828,2041,2025-04-25 14:31:41,COMPLETADA
7829,3515,2025-09-15 03:01:26,COMPLETADA
7830,1847,2025-03-09 14:43:03,COMPLETADA
7831,4807,2025-09-21 08:52:48,PENDIENTE
7832,4100,2025-02-09 20:29:01,CANCELADA
7833,4119,2025-04-05 05:17:06,PENDIENTE
7834,531,2025-05-02 10:13:52,COMPLETADA
7835,2272,2025-04-13 17:40:15,COMPLETADA
7836,3439,2025-09-06 18:26:22,COMPLETADA
7837,3320,2025-10-20 15:33:13,COMPLETADA
7838,150,2025-12-08 22:32:57,COMPLETADA
7839,806,2025-08-12 01:12:57,PENDIENTE
7840,359,2025-09-11 10:19:23,COMPLETADA
7841,1319,2025-03-25 16:48:50,PENDIENTE
7842,3040,2025-08-10 05:33:21,COMPLETADA
7843,2286,2025-01-24 13:55:45,COMPLETADA
7844,1528,2025-01-21 21:37:46,COMPLETADA
7845,241,2025-02-19 02:44:02,COMPLETADA
7846,3289,2025-05-03 02:04:27,COMPLETADA
7847,4325,2025-05-23 19:19:31,COMPLETADA
7848,1964,2025-12-20 23:14:35,COMPLETADA
7849,824,2025-08-28 02:16:53,PENDIENTE
7850,4139,2025-01-07 21:40:23,COMPLETADA
7851,479,2025-10-31 18:09:06,COMPLETADA
7852,512,2025-11-24 04:32:45,CANCELADA
7853,1652,2025-03-17 21:55:26,COMPLETADA
7854,3660,2025-12-31 07:02:57,COMPLETADA
7855,4852,2025-08-17 09:08:22,COMPLETADA
7856,406,2025-05-02 05:39:34,COMPLETADA
7857,2262,2025-02-18 14:36:27,COMPLETADA
7858,109,2025-07-16 14:13:23,COMPLETADA
7859,3890,2025-07-20 08:26:57,PENDIENTE
7860,1972,2025-01-20 10:42:34,COMPLETADA
7861,4067,2025-07-12 07:25:17,PENDIENTE
7862,4831,2025-04-09 22:55:10,PENDIENTE
7863,4545,2025-02-13 20:47:46,COMPLETADA
7864,860,2025-01-09 11:16:53,CANCELADA
7865,3179,2025-05-27 18:47:22,CANCELADA
7866,1275,2025-05-09 06:03:20,PENDIENTE
7867,2907,2025-12-07 16:42:09,PENDIENTE
7868,418,2025-07-17 22:32:27,PENDIENTE
7869,2117,2025-05-07 01:47:02,COMPLETADA
7870,2334,2025-11-06 14:14:05,PENDIENTE
7871,3823,2025-01-14 21:14:57,PENDIENTE
7872,2693,2025-08-05 06:23:13,CANCELADA
7873,78,2025-03-11 20:56:28,COMPLETADA
7874,632,2025-10-19 05:39:52,COMPLETADA
7875,3585,2025-05-28 20:58:28,COMPLETADA
7876,2767,2025-05-09 13:54:49,COMPLETADA
7877,978,2025-09-02 00:55:42,COMPLETADA
7878,1364,2025-04-15 12:57:54,COMPLETADA
7879,3635,2025-10-04 22:37:35,COMPLETADA
7880,29,2025-02-09 06:47:35,COMPLETADA
7881,3834,2025-10-14 19:41:40,COMPLETADA
7882,461,2025-08-12 07:39:22,PENDIENTE
7883,3834,2025-04-06 00:35:32,COMPLETADA
7884,3404,2025-10-09 22:24:36,COMPLETADA
7885,226,2025-11-05 05:21:27,COMPLETADA
7886,4195,2025-06-03 20:21:08,COMPLETADA
7887,3851,2025-11-07 03:15:32,CANCELADA
7888,1267,2025-11-05 16:49:19,COMPLETADA
7889,1662,2025-09-13 07:01:46,PENDIENTE
7890,4818,2025-11-09 04:34:41,COMPLETADA
7891,3148,2025-09-30 10:57:35,COMPLETADA
7892,4018,2025-05-17 18:35:48,PENDIENTE
7893,4387,2025-10-22 03:08:55,COMPLETADA
7894,2776,2025-10-15 06:16:19,PENDIENTE
7895,331,2025-07-11 07:36:00,COMPLETADA
7896,3435,2025-07-09 21:12:37,COMPLETADA
7897,869,2025-10-01 01:19:23,CANCELADA
7898,58,2025-04-27 00:24:02,COMPLETADA
7899,2350,2025-10-02 00:03:38,COMPLETADA
7900,4498,2025-05-13 07:21:05,COMPLETADA
7901,2883,2025-08-09 16:33:49,COMPLETADA
7902,4101,2025-07-09 14:41:55,COMPLETADA
7903,1391,2025-10-12 13:57:40,PENDIENTE
7904,2402,2025-01-23 11:50:39,COMPLETADA
7905,1106,2025-01-26 17:57:02,COMPLETADA
7906,3238,2025-08-03 09:11:15,CANCELADA
7907,1330,2025-12-30 08:59:32,CANCELADA
7908,996,2025-01-06 03:50:01,COMPLETADA
7909,312,2025-12-23 12:09:29,PENDIENTE
7910,3150,2025-01-15 17:38:50,COMPLETADA
7911,3133,2025-08-05 03:06:08,COMPLETADA
7912,3735,2025-11-05 14:31:28,COMPLETADA
7913,3868,2025-05-29 12:14:25,COMPLETADA
7914,3625,2025-05-27 13:37:13,PENDIENTE
7915,2921,2025-05-18 05:47:23,COMPLETADA
7916,970,2025-08-20 15:41:29,COMPLETADA
7917,2988,2025-11-18 23:31:21,PENDIENTE
7918,1164,2025-10-10 20:31:04,COMPLETADA
7919,450,2025-05-20 03:31:46,PENDIENTE
7920,3331,2025-01-09 23:12:38,CANCELADA
7921,1190,2025-04-28 06:49:36,COMPLETADA
7922,37,2025-07-26 20:51:35,COMPLETADA
7923,80,2025-07-27 01:34:02,COMPLETADA
7924,2982,2025-04-20 22:06:52,COMPLETADA
7925,4282,2025-02-14 03:06:41,PENDIENTE
7926,1283,2025-11-21 13:57:01,COMPLETADA
7927,1736,2025-11-15 12:09:42,PENDIENTE
7928,922,2025-12-23 08:19:08,COMPLETADA
7929,1820,2025-04-08 17:39:46,COMPLETADA
7930,2364,2025-10-18 01:20:35,COMPLETADA
7931,2399,2025-05-11 05:15:33,COMPLETADA
7932,1806,2025-12-19 01:25:48,COMPLETADA
7933,2470,2025-11-05 10:25:22,CANCELADA
7934,3483,2025-03-30 01:22:00,COMPLETADA
7935,612,2025-02-19 23:02:10,PENDIENTE
7936,2592,2025-07-13 14:47:21,CANCELADA
7937,384,2025-08-12 05:04:54,COMPLETADA
7938,3018,2025-06-27 04:29:25,CANCELADA
7939,3089,2025-03-10 06:58:13,COMPLETADA
7940,2988,2025-03-08 23:00:12,PENDIENTE
7941,4507,2025-05-14 17:16:34,CANCELADA
7942,2383,2025-01-26 15:03:04,COMPLETADA
7943,2008,2025-03-19 16:05:01,COMPLETADA
7944,2704,2025-10-13 05:41:26,COMPLETADA
7945,4506,2025-06-28 18:10:17,COMPLETADA
7946,26,2025-01-14 09:45:04,COMPLETADA
7947,971,2025-05-01 16:15:14,CANCELADA
7948,2263,2025-12-12 11:30:21,CANCELADA
7949,3446,2025-08-12 19:36:30,COMPLETADA
7950,1274,2025-06-03 01:43:53,COMPLETADA
7951,4795,2025-09-28 18:08:32,PENDIENTE
7952,1002,2025-01-09 18:03:26,COMPLETADA
7953,2022,2025-09-04 01:44:50,COMPLETADA
7954,2630,2025-04-16 05:27:38,PENDIENTE
7955,911,2025-06-17 23:04:07,COMPLETADA
7956,626,2025-12-07 09:18:55,CANCELADA
7957,4037,2025-03-02 15:50:57,COMPLETADA
7958,807,2025-10-26 07:36:45,COMPLETADA
7959,4852,2025-08-11 00:15:56,COMPLETADA
7960,4611,2025-05-04 09:24:24,COMPLETADA
7961,807,2025-01-30 19:42:10,COMPLETADA
7962,2127,2025-05-26 12:57:59,COMPLETADA
7963,374,2025-05-04 06:03:44,PENDIENTE
7964,4904,2025-11-21 18:02:36,COMPLETADA
7965,1861,2025-04-10 11:03:08,PENDIENTE
7966,155,2025-03-18 08:09:43,COMPLETADA
7967,2398,2025-08-12 03:25:43,COMPLETADA
7968,3030,2025-05-29 12:14:48,PENDIENTE
7969,3464,2025-02-02 05:16:07,PENDIENTE
7970,3839,2025-10-28 10:51:33,COMPLETADA
7971,2934,2025-06-07 01:07:31,COMPLETADA
7972,834,2025-03-27 23:48:55,COMPLETADA
7973,1668,2025-11-13 10:51:02,COMPLETADA
7974,4097,2025-02-28 02:11:57,COMPLETADA
7975,2963,2025-11-23 12:21:05,COMPLETADA
7976,2160,2025-08-22 06:50:31,PENDIENTE
7977,3938,2025-02-24 19:39:46,COMPLETADA
7978,1884,2025-01-06 05:53:30,COMPLETADA
7979,502,2025-01-29 02:01:33,COMPLETADA
7980,3987,2025-07-19 11:31:13,COMPLETADA
7981,1870,2025-01-16 10:11:45,COMPLETADA
7982,1522,2025-09-27 08:20:03,CANCELADA
7983,2429,2025-02-03 02:14:42,PENDIENTE
7984,2472,2025-05-15 00:05:11,COMPLETADA
7985,2657,2025-03-11 18:42:56,PENDIENTE
7986,1484,2025-10-11 14:10:59,COMPLETADA
7987,1328,2025-07-10 00:46:25,COMPLETADA
7988,2723,2026-01-02 05:19:11,COMPLETADA
7989,3232,2025-07-07 05:04:51,PENDIENTE
7990,3300,2025-12-21 03:22:55,CANCELADA
7991,3694,2025-09-10 17:24:03,COMPLETADA
7992,4229,2025-03-10 10:47:42,PENDIENTE
7993,375,2025-12-11 13:45:43,COMPLETADA
7994,3512,2025-11-10 14:28:55,COMPLETADA
7995,85,2025-09-25 08:53:49,COMPLETADA
7996,3091,2025-04-27 01:12:10,PENDIENTE
7997,1179,2025-03-08 04:11:35,COMPLETADA
7998,554,2025-05-18 08:01:50,CANCELADA
7999,1692,2025-10-01 22:03:33,CANCELADA
8000,1706,2025-09-05 18:08:06,PENDIENTE
