pago_id,orden_id,fecha_pago,monto_pago,metodo_pago,estado_pago
1,5,2025-09-29 06:00:51,7416.47,YAPE,APROBADO
2,6,2025-07-20 06:34:17,6327.16,TRANSFERENCIA,APROBADO
3,8,2025-01-23 13:24:51,19929.51,TARJETA,APROBADO
4,9,2025-07-14 06:07:09,21395.87,YAPE,APROBADO
5,10,2025-11-24 11:26:12,16843.62,PLIN,APROBADO
6,11,2025-08-11 08:39:46,5138.16,PLIN,APROBADO
7,12,2025-06-11 17:46:30,14653.63,YAPE,APROBADO
8,13,2025-11-12 09:34:08,4613.1,TRANSFERENCIA,APROBADO
9,14,2025-01-28 11:26:13,1624.65,TARJETA,APROBADO
10,15,2025-05-04 15:02:26,4005.21,TARJETA,APROBADO
11,17,2025-07-17 05:47:14,22131.92,YAPE,APROBADO
12,18,2025-06-29 05:16:53,16792.8,YAPE,APROBADO
13,19,2025-12-15 12:08:13,12207.57,YAPE,APROBADO
14,20,2025-09-17 01:01:28,3933.22,YAPE,APROBADO
15,23,2025-07-08 02:40:13,8529.36,TARJETA,APROBADO
16,26,2025-03-29 23:59:58,452.87,TARJETA,APROBADO
17,27,2025-04-21 08:08:54,6117.36,YAPE,APROBADO
18,29,2025-05-02 09:28:34,2869.91,PLIN,APROBADO
19,30,2025-03-11 06:38:50,8172.45,YAPE,APROBADO
20,31,2025-01-16 23:54:30,10015.36,TARJETA,APROBADO
21,32,2025-11-24 14:52:56,9064.2,PLIN,APROBADO
22,33,2025-08-26 11:07:44,14897.45,TRANSFERENCIA,APROBADO
23,34,2025-06-29 20:32:48,13506.09,TRANSFERENCIA,APROBADO
24,38,2025-09-08 03:59:48,9586.85,PLIN,APROBADO
25,39,2025-08-12 03:43:55,7676.71,TARJETA,APROBADO
26,42,2025-11-19 04:16:09,22871.53,TRANSFERENCIA,APROBADO
27,44,2025-03-29 10:50:06,19747.3,TARJETA,APROBADO
28,46,2025-06-12 13:37:08,8161.35,PLIN,APROBADO
29,47,2025-11-17 19:22:26,4327.32,YAPE,APROBADO
30,48,2025-08-15 22:18:40,138.27,YAPE,APROBADO
31,51,2025-02-19 13:34:19,16588.61,TARJETA,APROBADO
32,52,2025-12-26 23:18:01,1960.5,TARJETA,APROBADO
33,53,2025-11-30 20:38:19,7693.18,PLIN,APROBADO
34,54,2025-02-19 04:13:51,4265.21,TRANSFERENCIA,APROBADO
35,55,2025-05-17 07:52:08,12178.68,PLIN,APROBADO
36,56,2025-01-07 23:49:25,12419.1,YAPE,APROBADO
37,58,2025-03-20 03:30:40,4386.7,PLIN,APROBADO
38,59,2025-11-15 17:15:27,9838.09,TRANSFERENCIA,APROBADO
39,64,2025-11-25 07:18:10,16933.85,YAPE,APROBADO
40,66,2025-09-01 06:22:17,7525.28,TRANSFERENCIA,APROBADO
41,67,2025-05-02 16:11:39,10578.71,PLIN,APROBADO
42,69,2025-10-16 15:49:34,9528.75,YAPE,APROBADO
43,70,2025-06-06 18:49:42,17734.12,TARJETA,APROBADO
44,71,2025-01-13 06:47:47,11214.48,PLIN,APROBADO
45,73,2025-06-21 03:30:58,8711.9,YAPE,APROBADO
46,74,2025-12-17 11:46:03,4727.78,YAPE,APROBADO
47,75,2025-06-13 06:39:44,12458.01,TRANSFERENCIA,APROBADO
48,76,2025-11-13 13:27:00,18281.77,PLIN,APROBADO
49,78,2025-09-13 07:51:24,19286.85,YAPE,APROBADO
50,79,2025-02-05 01:16:02,5279.95,TARJETA,APROBADO
51,82,2025-07-03 07:31:46,14978.08,PLIN,APROBADO
52,83,2025-07-16 15:49:08,1019.16,YAPE,APROBADO
53,85,2025-12-13 22:45:18,11402.87,TRANSFERENCIA,APROBADO
54,87,2025-08-12 02:24:24,11981.9,PLIN,APROBADO
55,88,2025-05-07 14:09:02,15472.08,PLIN,APROBADO
56,89,2025-12-17 05:37:56,17056.11,TRANSFERENCIA,APROBADO
57,90,2025-02-26 15:02:17,5946.06,TARJETA,APROBADO
58,92,2025-08-22 13:15:31,14456.01,TRANSFERENCIA,APROBADO
59,93,2025-01-16 10:40:49,16543.29,TRANSFERENCIA,APROBADO
60,94,2025-05-26 05:31:52,25022.98,YAPE,APROBADO
61,96,2025-11-16 02:35:44,7631.87,YAPE,APROBADO
62,97,2025-04-24 15:15:31,14359.42,TARJETA,APROBADO
63,98,2025-09-16 10:58:57,20896.18,YAPE,APROBADO
64,99,2025-04-10 11:55:19,17265.94,YAPE,APROBADO
65,100,2025-06-26 12:52:53,13214.35,YAPE,APROBADO
66,101,2025-03-21 08:55:26,7397.27,TARJETA,APROBADO
67,102,2025-12-31 18:45:08,3960.11,TRANSFERENCIA,APROBADO
68,103,2025-08-06 15:23:24,14425.21,TARJETA,APROBADO
69,105,2025-09-18 07:04:45,6746.47,TRANSFERENCIA,APROBADO
70,108,2025-06-01 16:30:46,14154.65,TARJETA,APROBADO
71,110,2025-11-06 11:42:17,15009.68,TARJETA,APROBADO
72,111,2025-10-04 20:44:09,14803.81,YAPE,APROBADO
73,112,2025-01-27 22:42:26,1077.56,TARJETA,APROBADO
74,113,2025-07-15 06:27:02,5568.65,PLIN,APROBADO
75,116,2025-09-30 04:15:02,8615.37,PLIN,APROBADO
76,117,2025-10-25 18:37:44,2525.64,TRANSFERENCIA,APROBADO
77,120,2025-07-17 07:56:07,897.4,PLIN,APROBADO
78,122,2025-03-09 00:12:39,13990.99,TARJETA,APROBADO
79,125,2025-09-24 03:59:55,5067.71,YAPE,APROBADO
80,130,2025-03-13 22:41:33,11714.31,PLIN,APROBADO
81,131,2026-01-02 12:52:47,20079.82,TARJETA,APROBADO
82,132,2025-04-22 01:06:49,897.4,YAPE,APROBADO
83,133,2025-03-21 20:31:57,6115.45,TARJETA,APROBADO
84,134,2025-02-18 12:47:24,22826.2,YAPE,APROBADO
85,135,2025-11-18 09:42:52,3244.17,YAPE,APROBADO
86,136,2025-01-28 22:59:14,14025.72,PLIN,APROBADO
87,137,2025-12-21 12:48:23,7211.32,TARJETA,APROBADO
88,138,2025-09-21 15:06:37,6261.16,TARJETA,APROBADO
89,139,2025-11-27 13:31:00,18358.58,TRANSFERENCIA,APROBADO
90,142,2025-07-26 11:28:28,11060.31,TARJETA,APROBADO
91,144,2025-05-28 15:25:32,3649.59,PLIN,APROBADO
92,145,2025-10-15 22:58:20,18339.12,PLIN,APROBADO
93,147,2025-11-21 23:00:23,11634.48,PLIN,APROBADO
94,149,2025-03-14 00:53:47,10612.97,PLIN,APROBADO
95,150,2025-06-20 00:49:23,24961.93,TRANSFERENCIA,APROBADO
96,151,2025-11-08 08:35:23,237.73,TRANSFERENCIA,APROBADO
97,152,2025-03-11 11:26:53,12044.98,TRANSFERENCIA,APROBADO
98,154,2025-12-29 18:30:16,28442.95,TRANSFERENCIA,APROBADO
99,155,2025-10-09 07:06:48,12680.05,YAPE,APROBADO
100,156,2025-09-10 02:40:44,6398.58,PLIN,APROBADO
101,158,2025-10-28 21:00:19,3003.63,YAPE,APROBADO
102,159,2025-08-26 12:55:58,15140.28,TRANSFERENCIA,APROBADO
103,160,2025-02-07 00:45:17,7613.91,TRANSFERENCIA,APROBADO
104,161,2025-11-18 20:02:25,23543.64,TARJETA,APROBADO
105,162,2025-12-03 07:55:36,20984.67,TARJETA,APROBADO
106,165,2025-02-11 09:56:46,8986.06,TRANSFERENCIA,APROBADO
107,166,2025-07-23 15:48:57,15671.29,TARJETA,APROBADO
108,167,2025-04-07 21:03:02,7597.61,YAPE,APROBADO
109,168,2025-01-04 10:04:17,6437.04,TARJETA,APROBADO
110,169,2025-12-12 19:18:14,2689.32,YAPE,APROBADO
111,172,2025-04-11 13:33:41,10511.33,PLIN,APROBADO
112,174,2025-02-16 00:22:35,20106.01,PLIN,APROBADO
113,176,2025-05-05 00:46:04,812.58,TRANSFERENCIA,APROBADO
114,177,2025-12-01 02:26:25,26352.1,PLIN,APROBADO
115,178,2025-06-12 15:58:52,3304.08,TARJETA,APROBADO
116,179,2025-01-10 12:03:34,3360.86,TRANSFERENCIA,APROBADO
117,181,2025-02-02 03:25:14,16261.41,PLIN,APROBADO
118,182,2025-04-07 22:51:10,9054.39,TRANSFERENCIA,APROBADO
119,183,2025-03-20 12:02:09,6328.12,PLIN,APROBADO
120,184,2025-11-01 03:52:00,5841.37,YAPE,APROBADO
121,186,2025-11-11 23:15:28,10886.07,YAPE,APROBADO
122,187,2025-03-02 13:49:21,11750.94,TARJETA,APROBADO
123,192,2025-06-23 05:22:16,25689.19,TARJETA,APROBADO
124,193,2025-04-26 18:27:56,4265.72,YAPE,APROBADO
125,194,2025-09-20 01:15:34,17122.41,YAPE,APROBADO
126,195,2025-08-31 10:50:21,14073.05,PLIN,APROBADO
127,198,2025-11-23 00:19:47,10151.73,YAPE,APROBADO
128,199,2025-06-16 13:41:47,19747.96,YAPE,APROBADO
129,200,2025-05-26 02:58:50,3268.64,YAPE,APROBADO
130,201,2025-09-09 15:07:10,24767.28,TRANSFERENCIA,APROBADO
131,203,2025-05-16 20:48:50,5433.77,TARJETA,APROBADO
132,204,2025-09-30 10:12:36,13737.52,TRANSFERENCIA,APROBADO
133,206,2025-03-25 21:10:20,2609.88,TRANSFERENCIA,APROBADO
134,207,2025-03-26 15:58:17,11994.68,PLIN,APROBADO
135,209,2025-08-14 23:26:13,1545.95,YAPE,APROBADO
136,210,2025-08-02 13:21:10,26057.0,YAPE,APROBADO
137,211,2025-10-15 19:23:34,19525.12,YAPE,APROBADO
138,213,2025-03-24 10:56:38,11610.82,PLIN,APROBADO
139,215,2025-04-03 01:47:19,5335.36,TARJETA,APROBADO
140,217,2025-01-15 16:35:32,2512.28,TRANSFERENCIA,APROBADO
141,219,2025-04-20 02:59:44,17359.69,YAPE,APROBADO
142,220,2025-06-06 15:09:10,24244.92,TARJETA,APROBADO
143,221,2025-01-19 23:00:41,7864.64,TARJETA,APROBADO
144,224,2025-01-24 17:30:10,1911.34,TARJETA,APROBADO
145,225,2025-05-15 12:26:49,16154.25,PLIN,APROBADO
146,226,2025-02-13 09:23:08,28877.63,YAPE,APROBADO
147,229,2025-08-10 23:50:07,14660.39,YAPE,APROBADO
148,230,2025-05-26 11:39:15,9343.53,TRANSFERENCIA,APROBADO
149,231,2025-02-02 13:32:23,17429.26,TARJETA,APROBADO
150,232,2025-03-30 21:45:59,15313.57,YAPE,APROBADO
151,233,2025-04-24 23:02:39,13312.69,TARJETA,APROBADO
152,237,2025-09-12 21:45:19,31337.78,TRANSFERENCIA,APROBADO
153,238,2025-06-16 08:47:27,1765.66,TRANSFERENCIA,APROBADO
154,239,2025-10-17 21:03:37,17989.49,TRANSFERENCIA,APROBADO
155,242,2025-06-23 18:21:39,19620.21,PLIN,APROBADO
156,243,2025-11-18 02:26:56,10249.18,YAPE,APROBADO
157,244,2025-11-25 15:41:33,226.4,TARJETA,APROBADO
158,245,2025-06-18 09:49:02,33865.81,TARJETA,APROBADO
159,246,2025-04-21 15:32:31,18279.72,TARJETA,APROBADO
160,248,2025-02-11 19:18:07,24022.61,TRANSFERENCIA,APROBADO
161,250,2025-05-06 20:36:43,2033.04,YAPE,APROBADO
162,251,2025-11-06 08:56:49,13222.79,TARJETA,APROBADO
163,253,2025-05-04 02:33:56,262.31,TARJETA,APROBADO
164,254,2025-09-07 11:43:26,10081.69,TARJETA,APROBADO
165,255,2025-01-30 19:06:27,27148.87,TARJETA,APROBADO
166,257,2025-10-05 13:36:22,8728.92,TARJETA,APROBADO
167,258,2025-10-05 15:43:23,579.93,TARJETA,APROBADO
168,259,2025-04-23 00:21:48,16856.68,PLIN,APROBADO
169,260,2025-09-14 21:26:02,12297.63,TRANSFERENCIA,APROBADO
170,262,2025-08-22 17:51:07,4633.58,TARJETA,APROBADO
171,263,2025-07-28 23:32:10,19288.27,TARJETA,APROBADO
172,264,2025-02-05 22:22:43,22360.45,PLIN,APROBADO
173,266,2025-08-06 04:20:31,15825.08,YAPE,APROBADO
174,268,2025-10-01 08:47:20,6659.71,TARJETA,APROBADO
175,269,2025-11-10 08:35:03,14711.07,PLIN,APROBADO
176,270,2025-06-19 11:38:39,8287.73,PLIN,APROBADO
177,271,2025-06-09 00:09:18,12745.56,TRANSFERENCIA,APROBADO
178,272,2025-11-02 21:46:18,10686.6,TRANSFERENCIA,APROBADO
179,274,2025-09-15 03:57:07,7490.73,TRANSFERENCIA,APROBADO
180,275,2025-11-16 06:01:44,11041.17,PLIN,APROBADO
181,276,2025-07-10 09:08:04,2525.8,TARJETA,APROBADO
182,280,2025-09-24 21:33:13,16667.11,TARJETA,APROBADO
183,282,2025-05-07 11:22:55,12932.59,YAPE,APROBADO
184,283,2025-09-03 07:41:11,13813.56,PLIN,APROBADO
185,287,2025-04-01 17:57:53,7550.3,YAPE,APROBADO
186,289,2025-01-15 09:23:50,23790.0,TRANSFERENCIA,APROBADO
187,290,2026-01-04 10:32:56,9820.71,YAPE,APROBADO
188,291,2025-10-30 21:29:12,6625.38,YAPE,APROBADO
189,292,2025-03-10 20:15:54,16757.41,TRANSFERENCIA,APROBADO
190,293,2025-06-25 00:17:58,7275.47,YAPE,APROBADO
191,294,2025-07-12 20:34:31,13726.26,YAPE,APROBADO
192,295,2025-06-21 16:58:51,7216.12,TARJETA,APROBADO
193,296,2025-02-22 12:58:01,6382.46,YAPE,APROBADO
194,297,2025-12-13 10:21:53,13965.99,PLIN,APROBADO
195,300,2025-12-24 20:08:38,8120.01,YAPE,APROBADO
196,301,2025-09-17 12:52:19,22687.54,YAPE,APROBADO
197,303,2025-06-03 07:58:40,18914.43,PLIN,APROBADO
198,304,2025-04-30 21:36:41,20738.27,PLIN,APROBADO
199,305,2025-02-18 08:37:46,17764.75,TARJETA,APROBADO
200,306,2025-10-01 04:09:27,26753.62,TRANSFERENCIA,APROBADO
201,308,2025-03-25 10:28:15,7010.03,TRANSFERENCIA,APROBADO
202,311,2025-09-10 17:42:19,6088.68,TRANSFERENCIA,APROBADO
203,313,2025-09-02 22:18:31,7240.68,PLIN,APROBADO
204,314,2025-12-30 14:20:38,8293.81,TRANSFERENCIA,APROBADO
205,315,2025-12-12 14:44:44,19408.36,TRANSFERENCIA,APROBADO
206,320,2025-04-13 05:06:34,5046.57,TRANSFERENCIA,APROBADO
207,321,2025-10-31 17:53:35,20022.16,PLIN,APROBADO
208,322,2025-11-30 20:23:32,10869.54,PLIN,APROBADO
209,324,2025-05-18 00:54:25,10769.39,YAPE,APROBADO
210,325,2025-12-02 12:43:35,12110.64,PLIN,APROBADO
211,326,2025-09-08 02:15:53,11238.77,YAPE,APROBADO
212,328,2025-12-11 00:05:44,12939.91,TARJETA,APROBADO
213,329,2025-01-31 22:27:41,13803.48,PLIN,APROBADO
214,330,2025-05-24 23:06:44,2314.35,TRANSFERENCIA,APROBADO
215,332,2025-01-15 19:43:59,14826.51,YAPE,APROBADO
216,333,2025-03-27 18:44:56,8809.26,TARJETA,APROBADO
217,335,2026-01-04 01:19:42,10281.28,YAPE,APROBADO
218,336,2025-02-04 22:36:10,11831.2,PLIN,APROBADO
219,337,2025-02-12 11:54:30,18446.58,PLIN,APROBADO
220,338,2025-12-03 16:51:01,20758.73,YAPE,APROBADO
221,339,2025-11-10 20:37:24,18949.46,PLIN,APROBADO
222,340,2025-12-18 07:23:45,14370.54,TRANSFERENCIA,APROBADO
223,342,2025-11-19 15:24:53,15593.47,PLIN,APROBADO
224,343,2025-10-17 18:55:37,12108.87,TARJETA,APROBADO
225,344,2025-07-07 02:10:43,10824.18,TARJETA,APROBADO
226,345,2025-06-24 20:07:05,17875.37,TRANSFERENCIA,APROBADO
227,347,2025-05-20 17:12:43,6158.31,TARJETA,APROBADO
228,348,2025-05-10 10:11:32,15649.5,PLIN,APROBADO
229,349,2025-03-12 02:45:48,3895.54,TRANSFERENCIA,APROBADO
230,350,2025-05-22 16:26:32,11284.8,TARJETA,APROBADO
231,351,2025-06-27 07:34:58,14402.98,YAPE,APROBADO
232,352,2025-08-13 03:33:13,2147.49,YAPE,APROBADO
233,355,2025-05-27 23:03:15,2718.84,YAPE,APROBADO
234,357,2025-05-16 00:47:43,23073.68,YAPE,APROBADO
235,358,2025-07-12 06:46:09,14445.27,PLIN,APROBADO
236,359,2025-09-13 00:40:11,7348.96,PLIN,APROBADO
237,360,2025-03-25 11:33:20,36310.24,PLIN,APROBADO
238,361,2025-02-01 02:48:46,19998.61,PLIN,APROBADO
239,362,2025-01-22 17:10:54,10677.3,TRANSFERENCIA,APROBADO
240,363,2025-09-26 13:38:51,34557.67,PLIN,APROBADO
241,364,2025-11-26 22:51:55,17863.39,PLIN,APROBADO
242,366,2025-02-04 09:39:40,16309.69,PLIN,APROBADO
243,369,2025-09-09 06:12:48,14728.3,TRANSFERENCIA,APROBADO
244,370,2025-07-17 20:47:58,12061.44,PLIN,APROBADO
245,372,2025-10-15 15:32:16,12130.7,PLIN,APROBADO
246,373,2025-11-27 07:25:00,30830.93,PLIN,APROBADO
247,375,2025-09-08 01:30:18,15154.79,TARJETA,APROBADO
248,376,2026-01-03 17:59:06,7085.32,PLIN,APROBADO
249,377,2025-11-20 05:34:46,14796.9,YAPE,APROBADO
250,378,2025-06-07 02:15:00,23215.78,TARJETA,APROBADO
251,380,2025-06-19 11:23:17,4937.53,PLIN,APROBADO
252,383,2025-04-02 06:54:11,3595.58,TRANSFERENCIA,APROBADO
253,385,2025-03-05 22:01:38,7128.44,YAPE,APROBADO
254,387,2025-03-31 19:22:25,10728.3,TARJETA,APROBADO
255,388,2025-05-08 12:56:59,12961.97,PLIN,APROBADO
256,389,2025-04-03 03:37:06,1220.76,YAPE,APROBADO
257,392,2025-06-26 00:57:33,22316.18,TRANSFERENCIA,APROBADO
258,393,2025-07-16 06:22:41,2417.94,TARJETA,APROBADO
259,394,2025-09-26 21:41:18,9525.13,TRANSFERENCIA,APROBADO
260,397,2025-01-29 10:10:57,8285.81,TARJETA,APROBADO
261,399,2025-11-22 01:22:02,12905.96,YAPE,APROBADO
262,400,2025-10-19 05:12:57,14381.92,YAPE,APROBADO
263,402,2025-03-18 23:28:00,30035.38,TARJETA,APROBADO
264,405,2025-12-17 16:23:39,9364.47,PLIN,APROBADO
265,408,2025-08-13 18:43:57,8214.4,YAPE,APROBADO
266,409,2025-12-22 08:19:52,20571.02,YAPE,APROBADO
267,410,2025-10-18 14:58:40,2942.23,TRANSFERENCIA,APROBADO
268,412,2025-06-25 05:46:10,8840.55,TRANSFERENCIA,APROBADO
269,413,2025-06-24 23:03:36,5031.36,PLIN,APROBADO
270,414,2025-06-25 04:58:19,1206.15,TRANSFERENCIA,APROBADO
271,415,2025-10-16 05:20:16,15515.54,TARJETA,APROBADO
272,417,2025-07-19 20:40:05,28454.91,YAPE,APROBADO
273,418,2025-08-05 03:43:14,13568.92,YAPE,APROBADO
274,419,2025-10-21 22:55:10,7318.44,PLIN,APROBADO
275,420,2025-09-25 01:56:07,14736.5,PLIN,APROBADO
276,422,2025-06-02 19:39:40,3752.59,PLIN,APROBADO
277,423,2025-12-28 21:00:00,15774.3,PLIN,APROBADO
278,424,2025-12-15 20:13:06,15303.59,YAPE,APROBADO
279,427,2025-04-20 01:05:37,6874.75,PLIN,APROBADO
280,429,2025-02-16 23:16:54,11887.03,TARJETA,APROBADO
281,430,2025-08-18 17:34:21,26662.62,YAPE,APROBADO
282,431,2025-04-25 08:48:45,21326.34,TRANSFERENCIA,APROBADO
283,433,2025-05-14 20:02:33,8540.64,YAPE,APROBADO
284,434,2025-06-08 11:55:21,1818.67,TARJETA,APROBADO
285,436,2025-06-25 18:11:04,2209.9,TRANSFERENCIA,APROBADO
286,439,2025-02-17 07:11:52,13998.56,TRANSFERENCIA,APROBADO
287,440,2025-01-13 00:16:39,11505.48,TRANSFERENCIA,APROBADO
288,442,2025-11-09 23:38:24,9916.64,YAPE,APROBADO
289,444,2025-10-07 06:39:50,20193.11,TARJETA,APROBADO
290,445,2025-05-29 03:44:31,9516.21,TRANSFERENCIA,APROBADO
291,446,2025-07-09 20:46:18,354.28,TARJETA,APROBADO
292,449,2025-06-10 23:42:11,17364.71,YAPE,APROBADO
293,450,2025-01-29 19:50:30,4251.7,YAPE,APROBADO
294,453,2025-01-04 08:07:47,28756.67,PLIN,APROBADO
295,454,2025-10-05 20:19:25,12029.94,TRANSFERENCIA,APROBADO
296,455,2025-09-09 03:40:13,5215.1,TRANSFERENCIA,APROBADO
297,456,2025-07-03 11:38:49,17278.35,YAPE,APROBADO
298,458,2025-09-03 21:35:57,2534.82,TARJETA,APROBADO
299,460,2026-01-02 21:42:12,922.64,TRANSFERENCIA,APROBADO
300,461,2025-06-13 05:10:04,18939.08,PLIN,APROBADO
301,463,2025-03-01 21:13:58,7551.43,YAPE,APROBADO
302,464,2025-08-17 03:00:18,16386.6,TARJETA,APROBADO
303,465,2025-08-23 19:36:54,9478.38,TARJETA,APROBADO
304,466,2025-09-09 05:36:32,7483.43,YAPE,APROBADO
305,468,2025-03-13 00:57:25,4101.62,YAPE,APROBADO
306,469,2025-12-06 03:04:02,13547.18,TARJETA,APROBADO
307,470,2025-08-28 13:26:41,2224.14,YAPE,APROBADO
308,471,2025-04-05 18:06:01,4012.28,PLIN,APROBADO
309,474,2025-12-15 18:47:04,3708.02,TARJETA,APROBADO
310,475,2025-02-15 14:35:52,2767.92,TRANSFERENCIA,APROBADO
311,478,2025-11-13 10:06:03,8853.86,YAPE,APROBADO
312,479,2025-06-23 16:07:28,10911.84,PLIN,APROBADO
313,480,2025-06-04 18:48:29,6212.5,PLIN,APROBADO
314,481,2025-11-17 06:14:13,13033.92,PLIN,APROBADO
315,483,2025-05-10 09:38:23,15254.88,TARJETA,APROBADO
316,484,2025-12-01 02:47:26,22973.83,PLIN,APROBADO
317,486,2025-09-22 22:32:20,19625.41,TARJETA,APROBADO
318,487,2025-07-24 05:56:58,731.22,TRANSFERENCIA,APROBADO
319,488,2025-10-23 08:28:58,9643.41,TARJETA,APROBADO
320,489,2025-10-12 20:33:25,6625.38,PLIN,APROBADO
321,490,2025-12-03 20:16:33,8910.69,TARJETA,APROBADO
322,491,2025-10-12 07:21:19,16088.02,TARJETA,APROBADO
323,492,2025-10-15 06:09:46,11453.24,PLIN,APROBADO
324,493,2025-09-26 14:11:05,17691.49,TRANSFERENCIA,APROBADO
325,496,2025-06-14 06:07:13,13478.81,YAPE,APROBADO
326,498,2025-11-12 23:00:18,2325.74,TRANSFERENCIA,APROBADO
327,499,2025-12-16 21:05:22,4545.96,PLIN,APROBADO
328,500,2025-09-12 05:26:03,786.93,TRANSFERENCIA,APROBADO
329,502,2025-06-23 22:54:26,19101.22,TRANSFERENCIA,APROBADO
330,503,2025-06-06 13:27:52,7829.64,YAPE,APROBADO
331,504,2025-06-13 09:43:48,11148.68,TARJETA,APROBADO
332,505,2025-09-22 05:31:47,13493.85,TRANSFERENCIA,APROBADO
333,507,2025-02-10 19:00:10,12511.6,TRANSFERENCIA,APROBADO
334,508,2025-02-18 14:34:24,10315.72,YAPE,APROBADO
335,510,2025-06-13 14:56:12,11956.04,TRANSFERENCIA,APROBADO
336,512,2025-06-09 22:44:58,5395.22,YAPE,APROBADO
337,513,2025-06-26 21:39:17,12666.91,PLIN,APROBADO
338,514,2026-01-04 09:16:35,22192.97,YAPE,APROBADO
339,515,2025-03-11 11:43:33,8877.76,TARJETA,APROBADO
340,516,2025-06-29 09:11:47,11209.34,PLIN,APROBADO
341,517,2025-04-06 08:43:38,4329.9,PLIN,APROBADO
342,518,2025-09-22 10:53:28,10411.23,PLIN,APROBADO
343,520,2025-05-11 03:47:01,4579.4,TRANSFERENCIA,APROBADO
344,521,2025-11-25 18:50:55,8183.65,PLIN,APROBADO
345,524,2025-09-07 21:48:41,18196.89,TARJETA,APROBADO
346,525,2025-03-28 10:47:18,17390.81,PLIN,APROBADO
347,526,2025-03-12 02:25:08,8643.72,TRANSFERENCIA,APROBADO
348,528,2025-12-17 22:41:29,13117.53,PLIN,APROBADO
349,529,2025-01-30 23:43:37,18474.24,YAPE,APROBADO
350,530,2025-05-02 07:20:04,7441.3,TARJETA,APROBADO
351,531,2025-10-19 01:42:02,27523.02,TARJETA,APROBADO
352,533,2025-11-16 21:47:51,10297.25,PLIN,APROBADO
353,534,2025-08-11 07:08:24,6403.08,PLIN,APROBADO
354,535,2025-07-10 08:59:45,11463.21,TRANSFERENCIA,APROBADO
355,536,2025-09-08 01:53:47,5778.33,YAPE,APROBADO
356,538,2025-06-05 19:39:11,5750.41,YAPE,APROBADO
357,539,2025-04-25 11:28:54,14645.12,PLIN,APROBADO
358,540,2025-06-26 15:32:54,29551.58,PLIN,APROBADO
359,543,2025-10-03 20:11:35,12064.06,PLIN,APROBADO
360,547,2025-04-13 18:32:07,14817.72,PLIN,APROBADO
361,550,2025-06-30 19:08:20,11291.92,PLIN,APROBADO
362,551,2025-03-02 18:47:48,16352.35,TARJETA,APROBADO
363,553,2025-05-16 16:26:29,16476.78,TARJETA,APROBADO
364,555,2025-07-21 22:15:42,10431.92,YAPE,APROBADO
365,556,2025-02-16 15:50:28,868.42,YAPE,APROBADO
366,558,2025-10-12 05:34:27,2556.1,YAPE,APROBADO
367,561,2025-10-14 02:59:46,14017.24,TARJETA,APROBADO
368,562,2025-02-04 18:11:20,3039.22,PLIN,APROBADO
369,563,2025-01-21 00:44:30,2102.99,TARJETA,APROBADO
370,565,2025-10-24 20:02:24,19769.4,YAPE,APROBADO
371,567,2025-06-09 02:33:28,27536.83,TARJETA,APROBADO
372,568,2025-01-08 06:22:20,10178.85,YAPE,APROBADO
373,570,2025-09-06 01:03:31,3629.44,TARJETA,APROBADO
374,572,2025-05-02 18:34:50,9820.71,PLIN,APROBADO
375,573,2025-04-07 08:44:52,7213.76,YAPE,APROBADO
376,575,2025-09-03 01:50:41,7068.34,TARJETA,APROBADO
377,576,2025-08-18 18:16:06,3454.58,YAPE,APROBADO
378,578,2025-11-21 03:25:36,11499.0,TARJETA,APROBADO
379,580,2025-11-29 10:40:23,16045.93,YAPE,APROBADO
380,582,2025-09-29 16:04:07,27065.91,YAPE,APROBADO
381,583,2025-06-19 21:44:48,17960.66,YAPE,APROBADO
382,588,2025-07-16 10:51:36,20192.83,TARJETA,APROBADO
383,592,2025-08-28 15:37:08,14163.72,YAPE,APROBADO
384,593,2025-12-10 12:31:35,12790.98,PLIN,APROBADO
385,596,2025-10-16 17:04:33,4380.33,TARJETA,APROBADO
386,597,2025-11-23 02:56:57,16899.64,TRANSFERENCIA,APROBADO
387,598,2025-05-18 17:30:25,12949.34,TRANSFERENCIA,APROBADO
388,599,2025-04-24 06:54:27,4541.1,TRANSFERENCIA,APROBADO
389,600,2025-09-02 06:12:20,9501.32,TRANSFERENCIA,APROBADO
390,601,2025-11-22 03:21:01,3268.64,TARJETA,APROBADO
391,605,2025-06-22 17:51:12,7834.53,TRANSFERENCIA,APROBADO
392,606,2025-10-02 08:51:55,436.02,YAPE,APROBADO
393,608,2025-09-01 23:49:57,9637.7,YAPE,APROBADO
394,609,2025-06-13 14:29:07,12794.04,YAPE,APROBADO
395,611,2025-08-15 07:37:57,1258.16,TRANSFERENCIA,APROBADO
396,614,2025-11-28 17:47:50,8663.57,TRANSFERENCIA,APROBADO
397,615,2025-01-04 17:32:37,14293.64,TRANSFERENCIA,APROBADO
398,616,2025-11-29 16:40:07,16643.89,PLIN,APROBADO
399,617,2025-03-07 23:08:52,12165.82,TARJETA,APROBADO
400,618,2025-01-14 10:12:44,11110.3,TARJETA,APROBADO
401,619,2025-03-06 10:30:47,7765.68,TARJETA,APROBADO
402,620,2025-12-07 09:15:45,14623.5,TRANSFERENCIA,APROBADO
403,622,2025-11-13 17:07:58,15267.42,TRANSFERENCIA,APROBADO
404,623,2025-03-25 20:23:35,17851.67,YAPE,APROBADO
405,624,2025-09-01 07:29:12,7240.68,PLIN,APROBADO
406,625,2025-01-15 13:44:43,9587.6,PLIN,APROBADO
407,627,2025-07-16 21:31:05,2983.31,TRANSFERENCIA,APROBADO
408,629,2025-07-07 05:10:50,10313.18,YAPE,APROBADO
409,631,2025-04-20 13:50:30,10566.85,PLIN,APROBADO
410,632,2025-12-13 04:42:22,18934.5,PLIN,APROBADO
411,634,2025-12-01 07:58:40,17727.88,TARJETA,APROBADO
412,635,2025-08-25 03:47:41,951.48,TARJETA,APROBADO
413,636,2025-10-21 08:04:50,17202.6,YAPE,APROBADO
414,640,2025-02-09 03:38:13,6887.64,TARJETA,APROBADO
415,641,2025-04-19 02:08:48,14169.02,YAPE,APROBADO
416,642,2025-11-05 15:12:05,13383.66,PLIN,APROBADO
417,643,2025-01-08 09:37:07,3857.96,PLIN,APROBADO
418,646,2025-04-08 20:59:23,3330.17,YAPE,APROBADO
419,647,2025-03-24 14:37:38,12737.76,TARJETA,APROBADO
420,649,2025-12-12 12:30:12,15964.42,TARJETA,APROBADO
421,650,2025-01-22 15:08:02,1963.79,YAPE,APROBADO
422,651,2025-12-12 19:21:40,10369.43,PLIN,APROBADO
423,652,2025-05-13 18:21:40,20825.58,YAPE,APROBADO
424,654,2025-11-05 18:07:16,11111.1,PLIN,APROBADO
425,655,2025-03-14 09:52:27,16127.0,YAPE,APROBADO
426,656,2025-01-22 00:31:57,16126.71,TRANSFERENCIA,APROBADO
427,660,2025-11-29 15:37:23,19918.89,PLIN,APROBADO
428,661,2025-08-18 08:12:24,8103.42,TRANSFERENCIA,APROBADO
429,662,2025-05-26 17:43:06,7005.93,TRANSFERENCIA,APROBADO
430,666,2025-09-16 16:08:57,1703.55,YAPE,APROBADO
431,667,2025-10-01 01:44:59,11743.58,TRANSFERENCIA,APROBADO
432,668,2025-01-23 06:43:56,9170.42,TARJETA,APROBADO
433,669,2025-08-28 19:01:40,22879.83,TRANSFERENCIA,APROBADO
434,670,2025-12-15 11:19:46,17736.58,TRANSFERENCIA,APROBADO
435,671,2025-10-12 02:31:48,556.57,PLIN,APROBADO
436,672,2025-02-11 11:48:21,1067.82,TRANSFERENCIA,APROBADO
437,674,2025-02-08 00:38:28,36002.22,PLIN,APROBADO
438,675,2025-08-26 16:33:14,3938.76,PLIN,APROBADO
439,676,2025-06-28 19:09:04,3515.96,TARJETA,APROBADO
440,677,2025-07-08 16:08:25,1523.57,YAPE,APROBADO
441,678,2025-01-14 14:34:28,27215.08,TARJETA,APROBADO
442,680,2025-03-15 03:24:50,2063.28,PLIN,APROBADO
443,681,2025-02-07 23:32:28,4502.46,YAPE,APROBADO
444,682,2025-05-29 03:46:19,7335.37,YAPE,APROBADO
445,683,2025-11-11 09:48:06,17123.1,TARJETA,APROBADO
446,684,2025-03-29 14:19:08,11534.4,TARJETA,APROBADO
447,686,2025-03-27 08:09:38,8841.5,PLIN,APROBADO
448,687,2025-04-08 17:16:37,18704.07,PLIN,APROBADO
449,690,2025-12-18 07:36:26,12701.21,TRANSFERENCIA,APROBADO
450,692,2025-09-01 10:37:17,15016.58,YAPE,APROBADO
451,693,2025-06-04 05:08:47,4368.76,TARJETA,APROBADO
452,694,2025-10-01 00:50:06,8120.01,PLIN,APROBADO
453,696,2025-06-15 10:53:10,20062.14,PLIN,APROBADO
454,697,2025-08-17 07:01:16,12610.75,PLIN,APROBADO
455,699,2025-10-05 11:18:53,24222.0,YAPE,APROBADO
456,702,2025-07-20 19:10:32,16504.95,YAPE,APROBADO
457,703,2025-09-24 14:37:59,2437.94,TARJETA,APROBADO
458,704,2025-03-27 13:32:59,13124.16,TRANSFERENCIA,APROBADO
459,705,2025-11-22 00:21:23,11005.19,PLIN,APROBADO
460,706,2025-07-25 15:54:18,2533.19,PLIN,APROBADO
461,707,2025-04-09 15:27:41,19245.46,PLIN,APROBADO
462,710,2025-04-02 07:17:33,16480.4,TARJETA,APROBADO
463,712,2025-06-28 14:16:20,14308.38,YAPE,APROBADO
464,714,2025-02-28 00:25:51,3638.4,TRANSFERENCIA,APROBADO
465,715,2025-01-21 15:55:32,15712.79,PLIN,APROBADO
466,717,2025-06-27 08:27:20,10812.71,PLIN,APROBADO
467,718,2025-12-29 23:08:48,6636.58,TARJETA,APROBADO
468,719,2025-01-29 07:44:50,10070.11,PLIN,APROBADO
469,722,2025-03-16 09:25:35,14429.59,YAPE,APROBADO
470,723,2025-12-02 13:40:46,16535.25,TRANSFERENCIA,APROBADO
471,724,2025-12-23 04:50:32,1205.49,TARJETA,APROBADO
472,725,2025-07-23 00:20:49,4957.31,TRANSFERENCIA,APROBADO
473,728,2025-05-21 05:21:58,6938.86,YAPE,APROBADO
474,729,2025-12-28 12:52:50,19333.76,YAPE,APROBADO
475,731,2025-12-19 20:49:37,14008.43,PLIN,APROBADO
476,732,2025-08-09 12:19:13,1530.56,YAPE,APROBADO
477,735,2025-06-20 13:06:11,1218.84,YAPE,APROBADO
478,737,2025-03-15 09:49:57,7291.21,TRANSFERENCIA,APROBADO
479,738,2025-11-28 14:17:55,9550.23,TRANSFERENCIA,APROBADO
480,740,2025-08-07 00:34:47,1287.6,TARJETA,APROBADO
481,741,2025-11-09 06:07:49,8638.62,TARJETA,APROBADO
482,743,2025-08-15 23:53:01,7118.2,TARJETA,APROBADO
483,744,2025-04-09 04:10:31,24226.07,TRANSFERENCIA,APROBADO
484,745,2025-10-02 23:20:14,16255.25,PLIN,APROBADO
485,747,2025-05-31 19:54:07,20285.91,YAPE,APROBADO
486,748,2025-05-12 03:26:31,15663.19,PLIN,APROBADO
487,749,2025-03-06 03:49:54,18242.61,PLIN,APROBADO
488,750,2025-03-06 09:19:07,7619.2,PLIN,APROBADO
489,751,2025-11-17 02:36:06,6728.76,YAPE,APROBADO
490,754,2025-05-20 05:03:12,22683.57,TARJETA,APROBADO
491,757,2025-03-23 14:34:01,4476.88,PLIN,APROBADO
492,758,2025-05-12 03:59:39,2513.44,YAPE,APROBADO
493,761,2025-06-14 10:42:43,27019.1,YAPE,APROBADO
494,762,2025-12-24 11:24:12,2586.62,TRANSFERENCIA,APROBADO
495,764,2025-06-26 02:17:51,23567.76,TARJETA,APROBADO
496,766,2025-07-01 22:38:20,9938.07,PLIN,APROBADO
497,767,2025-05-19 20:33:39,3605.58,TARJETA,APROBADO
498,770,2025-11-23 11:35:21,6099.1,TRANSFERENCIA,APROBADO
499,771,2025-10-14 06:36:37,5493.31,YAPE,APROBADO
500,772,2025-10-22 21:18:47,3304.08,TRANSFERENCIA,APROBADO
501,773,2026-01-02 06:21:23,6003.7,TARJETA,APROBADO
502,774,2025-05-22 08:12:44,9302.32,TRANSFERENCIA,APROBADO
503,778,2025-04-18 19:12:33,8731.52,YAPE,APROBADO
504,779,2025-04-20 01:12:13,7089.57,TRANSFERENCIA,APROBADO
505,781,2025-12-14 05:33:15,4235.62,PLIN,APROBADO
506,782,2025-08-13 12:41:50,11383.69,YAPE,APROBADO
507,783,2025-10-24 09:29:01,1212.8,TARJETA,APROBADO
508,784,2025-05-16 03:59:04,4380.33,TARJETA,APROBADO
509,786,2025-11-20 12:17:31,30968.27,PLIN,APROBADO
510,787,2025-04-03 23:09:59,12041.09,TARJETA,APROBADO
511,788,2025-08-23 23:50:13,7503.58,YAPE,APROBADO
512,790,2025-10-10 15:45:48,7677.86,PLIN,APROBADO
513,791,2025-03-29 19:58:22,19210.66,TARJETA,APROBADO
514,794,2025-03-16 07:02:26,13231.04,TRANSFERENCIA,APROBADO
515,798,2025-03-14 09:53:03,12806.16,YAPE,APROBADO
516,801,2025-05-08 05:30:45,7354.24,TRANSFERENCIA,APROBADO
517,802,2025-07-25 21:14:18,23718.26,TRANSFERENCIA,APROBADO
518,804,2025-08-01 11:52:33,7081.86,TARJETA,APROBADO
519,805,2025-03-13 21:53:19,7461.6,TARJETA,APROBADO
520,806,2025-09-19 15:06:25,2146.38,PLIN,APROBADO
521,807,2025-06-20 14:07:53,2539.95,PLIN,APROBADO
522,808,2025-02-22 17:08:14,12510.24,TARJETA,APROBADO
523,809,2025-09-26 19:48:18,8383.05,PLIN,APROBADO
524,810,2025-08-14 16:08:32,13227.63,TARJETA,APROBADO
525,811,2025-07-28 00:10:48,1150.91,PLIN,APROBADO
526,812,2025-02-04 17:06:49,35157.78,PLIN,APROBADO
527,813,2025-06-03 17:25:09,23553.77,YAPE,APROBADO
528,816,2025-10-02 03:45:13,13432.42,PLIN,APROBADO
529,818,2025-02-10 10:28:39,6324.36,TRANSFERENCIA,APROBADO
530,824,2025-01-28 23:54:37,15433.96,PLIN,APROBADO
531,825,2025-03-25 08:59:19,17864.69,TARJETA,APROBADO
532,830,2025-09-19 19:25:28,15669.74,PLIN,APROBADO
533,831,2025-10-16 15:57:38,8464.18,TARJETA,APROBADO
534,832,2025-09-06 01:02:46,7779.06,PLIN,APROBADO
535,833,2025-07-25 01:12:53,8926.49,TRANSFERENCIA,APROBADO
536,835,2025-03-11 17:19:19,8951.36,TARJETA,APROBADO
537,836,2025-01-20 12:51:42,12020.17,PLIN,APROBADO
538,837,2025-09-07 00:03:09,7903.34,TARJETA,APROBADO
539,838,2025-09-15 01:32:13,1059.66,TRANSFERENCIA,APROBADO
540,839,2025-10-31 09:18:59,8432.32,TRANSFERENCIA,APROBADO
541,840,2025-01-11 05:30:23,4677.9,PLIN,APROBADO
542,841,2025-10-21 00:33:30,19575.06,TARJETA,APROBADO
543,842,2025-04-14 17:20:32,16874.58,PLIN,APROBADO
544,843,2025-08-22 16:31:06,23511.02,TRANSFERENCIA,APROBADO
545,847,2025-11-30 17:38:25,15762.93,YAPE,APROBADO
546,850,2025-08-17 10:05:15,14858.25,YAPE,APROBADO
547,852,2025-04-22 05:43:39,13554.61,TARJETA,APROBADO
548,857,2025-10-16 03:29:28,10591.68,YAPE,APROBADO
549,861,2025-12-01 01:35:59,1471.78,TRANSFERENCIA,APROBADO
550,863,2025-01-11 15:25:40,4558.83,TARJETA,APROBADO
551,864,2025-01-24 15:52:48,12345.6,TARJETA,APROBADO
552,867,2025-09-28 18:39:15,14794.74,TRANSFERENCIA,APROBADO
553,868,2025-06-04 19:46:55,21046.77,PLIN,APROBADO
554,869,2025-06-16 05:57:49,20496.09,TARJETA,APROBADO
555,870,2025-04-09 12:29:51,3594.56,PLIN,APROBADO
556,871,2025-03-31 08:21:13,4484.72,TRANSFERENCIA,APROBADO
557,872,2025-05-09 22:33:56,17998.78,TRANSFERENCIA,APROBADO
558,873,2025-05-14 15:31:02,34260.67,YAPE,APROBADO
559,874,2025-11-20 08:13:53,5702.84,YAPE,APROBADO
560,877,2025-09-19 22:49:23,12291.96,TARJETA,APROBADO
561,879,2025-12-13 17:57:43,14124.0,PLIN,APROBADO
562,880,2025-08-18 01:19:46,5034.99,TRANSFERENCIA,APROBADO
563,881,2025-11-24 07:40:07,16340.76,TARJETA,APROBADO
564,883,2025-09-22 20:43:58,13110.72,PLIN,APROBADO
565,885,2025-07-23 09:22:32,4839.3,TARJETA,APROBADO
566,887,2025-05-16 10:49:33,6440.56,PLIN,APROBADO
567,890,2026-01-03 03:36:28,16776.82,YAPE,APROBADO
568,891,2025-02-01 05:53:15,15001.61,PLIN,APROBADO
569,892,2025-08-02 06:13:20,23603.4,YAPE,APROBADO
570,893,2025-03-03 05:19:15,4833.38,TRANSFERENCIA,APROBADO
571,895,2025-07-19 04:59:15,15076.82,TRANSFERENCIA,APROBADO
572,896,2025-06-05 18:05:35,15171.87,TRANSFERENCIA,APROBADO
573,897,2025-01-30 02:01:55,11974.38,TRANSFERENCIA,APROBADO
574,898,2025-11-10 07:40:47,3377.17,PLIN,APROBADO
575,899,2025-12-18 17:26:37,11450.62,TARJETA,APROBADO
576,900,2025-04-27 03:23:34,17537.13,TRANSFERENCIA,APROBADO
577,902,2025-08-02 22:44:48,18751.07,PLIN,APROBADO
578,906,2025-04-17 20:46:55,10058.11,YAPE,APROBADO
579,911,2025-09-17 01:17:58,3407.1,TRANSFERENCIA,APROBADO
580,914,2025-07-23 12:21:29,8983.76,PLIN,APROBADO
581,915,2025-12-28 18:25:14,9592.94,TRANSFERENCIA,APROBADO
582,916,2025-11-19 04:22:21,6747.82,TRANSFERENCIA,APROBADO
583,917,2025-10-19 04:00:10,15746.08,TRANSFERENCIA,APROBADO
584,918,2025-11-14 19:03:12,1736.84,PLIN,APROBADO
585,919,2025-08-19 04:59:17,10585.12,TRANSFERENCIA,APROBADO
586,920,2025-03-16 23:49:24,17790.78,YAPE,APROBADO
587,921,2025-10-03 00:05:46,9232.94,TRANSFERENCIA,APROBADO
588,922,2025-05-03 03:57:29,2771.2,TARJETA,APROBADO
589,924,2025-01-04 12:59:30,18331.39,TRANSFERENCIA,APROBADO
590,925,2025-11-11 23:13:49,20299.08,PLIN,APROBADO
591,926,2025-07-11 04:56:25,16723.48,YAPE,APROBADO
592,927,2025-06-15 13:03:07,7239.68,TRANSFERENCIA,APROBADO
593,928,2025-11-21 21:01:44,5021.97,TARJETA,APROBADO
594,930,2025-02-24 08:59:49,11866.49,TARJETA,APROBADO
595,931,2025-03-12 10:37:27,5854.19,TARJETA,APROBADO
596,932,2025-07-14 14:43:44,2309.5,TRANSFERENCIA,APROBADO
597,934,2025-08-23 17:06:26,8382.39,PLIN,APROBADO
598,935,2025-05-09 03:01:38,21048.06,PLIN,APROBADO
599,936,2025-03-24 13:05:45,18983.88,YAPE,APROBADO
600,937,2025-09-07 20:04:29,6397.56,PLIN,APROBADO
601,941,2025-04-04 15:01:16,13947.43,TARJETA,APROBADO
602,942,2025-03-21 12:21:02,556.57,TRANSFERENCIA,APROBADO
603,943,2025-10-23 23:24:28,7067.7,TARJETA,APROBADO
604,944,2025-03-26 23:06:14,7230.93,TRANSFERENCIA,APROBADO
605,945,2025-03-28 06:08:28,19054.4,TRANSFERENCIA,APROBADO
606,947,2025-04-17 12:41:43,12282.3,PLIN,APROBADO
607,948,2025-07-09 09:46:08,12930.32,TRANSFERENCIA,APROBADO
608,949,2025-05-21 06:23:12,3990.24,YAPE,APROBADO
609,950,2025-04-15 03:44:18,15828.0,PLIN,APROBADO
610,951,2025-01-11 09:17:36,4414.28,TRANSFERENCIA,APROBADO
611,952,2025-03-14 06:16:11,2207.67,YAPE,APROBADO
612,953,2025-06-23 23:55:32,6981.95,PLIN,APROBADO
613,954,2025-12-02 08:30:01,6838.0,YAPE,APROBADO
614,955,2025-02-13 16:05:47,3754.43,YAPE,APROBADO
615,957,2025-06-29 06:53:47,13455.1,PLIN,APROBADO
616,958,2025-09-19 08:21:41,18031.44,TARJETA,APROBADO
617,959,2025-02-16 23:10:19,8910.69,TARJETA,APROBADO
618,960,2025-03-25 18:18:58,6200.9,TARJETA,APROBADO
619,961,2025-08-04 00:32:36,4528.72,TARJETA,APROBADO
620,962,2025-02-28 18:01:38,12921.89,TARJETA,APROBADO
621,964,2025-07-04 15:42:43,32700.29,YAPE,APROBADO
622,966,2025-07-15 10:47:18,3464.25,YAPE,APROBADO
623,967,2025-02-27 14:21:20,17027.38,TARJETA,APROBADO
624,968,2025-10-18 20:54:57,5243.94,PLIN,APROBADO
625,969,2025-11-25 00:02:05,27817.11,TARJETA,APROBADO
626,971,2025-08-06 19:59:08,1260.34,PLIN,APROBADO
627,972,2025-12-17 07:06:25,8549.19,TARJETA,APROBADO
628,974,2025-11-29 03:12:52,10830.69,TARJETA,APROBADO
629,977,2025-10-15 07:21:15,11842.18,TARJETA,APROBADO
630,978,2025-04-30 06:52:48,5285.94,TARJETA,APROBADO
631,979,2025-04-26 09:15:08,13781.87,YAPE,APROBADO
632,980,2025-03-26 19:02:24,17694.15,TARJETA,APROBADO
633,981,2025-05-11 13:24:57,30104.19,TARJETA,APROBADO
634,984,2025-10-26 10:34:14,5527.11,TRANSFERENCIA,APROBADO
635,985,2025-04-20 09:42:34,14475.0,PLIN,APROBADO
636,986,2025-09-15 14:45:46,11868.61,TRANSFERENCIA,APROBADO
637,987,2025-12-01 19:38:38,6521.63,PLIN,APROBADO
638,990,2025-05-13 22:49:02,4105.54,TARJETA,APROBADO
639,993,2025-05-18 11:33:46,14265.54,PLIN,APROBADO
640,994,2025-11-08 12:49:01,2586.62,TRANSFERENCIA,APROBADO
641,997,2025-10-29 01:59:33,11977.8,TRANSFERENCIA,APROBADO
642,998,2025-02-26 04:31:29,25497.52,TARJETA,APROBADO
643,1000,2025-04-03 06:32:21,18895.64,PLIN,APROBADO
644,1001,2025-11-03 16:24:30,8142.47,YAPE,APROBADO
645,1004,2025-08-27 10:01:13,7373.54,YAPE,APROBADO
646,1007,2025-01-22 14:16:01,8880.3,TARJETA,APROBADO
647,1008,2025-08-12 09:18:05,10826.85,YAPE,APROBADO
648,1009,2025-04-26 08:24:49,21476.58,TARJETA,APROBADO
649,1011,2025-01-27 15:49:26,8994.99,YAPE,APROBADO
650,1012,2025-02-28 05:47:04,19227.78,PLIN,APROBADO
651,1013,2025-06-19 13:20:03,8669.54,PLIN,APROBADO
652,1015,2025-10-26 02:19:08,7919.38,YAPE,APROBADO
653,1017,2025-12-21 18:29:02,3458.08,PLIN,APROBADO
654,1018,2025-09-14 17:52:13,6287.97,TRANSFERENCIA,APROBADO
655,1022,2025-05-18 18:49:01,5138.16,TARJETA,APROBADO
656,1023,2025-07-06 18:32:59,5216.66,TARJETA,APROBADO
657,1025,2025-03-23 04:26:21,20856.75,TRANSFERENCIA,APROBADO
658,1027,2025-06-16 21:47:47,2090.96,TARJETA,APROBADO
659,1029,2025-11-20 22:31:29,14210.84,YAPE,APROBADO
660,1031,2025-04-22 18:45:05,7832.81,TRANSFERENCIA,APROBADO
661,1032,2025-06-23 22:22:31,9323.16,PLIN,APROBADO
662,1034,2025-12-10 18:34:48,9254.95,TRANSFERENCIA,APROBADO
663,1035,2025-03-08 04:20:01,9173.85,PLIN,APROBADO
664,1036,2025-09-12 10:31:50,11864.92,YAPE,APROBADO
665,1039,2025-11-05 17:48:33,12506.01,TRANSFERENCIA,APROBADO
666,1040,2025-12-03 11:03:42,26834.62,PLIN,APROBADO
667,1041,2025-01-09 08:08:48,19314.32,YAPE,APROBADO
668,1044,2025-05-24 20:24:25,4090.06,PLIN,APROBADO
669,1046,2025-05-20 16:04:12,2575.2,PLIN,APROBADO
670,1050,2025-07-01 12:26:39,13326.22,YAPE,APROBADO
671,1051,2025-08-10 07:47:48,6105.95,PLIN,APROBADO
672,1052,2025-03-22 16:05:34,12770.26,TRANSFERENCIA,APROBADO
673,1053,2025-01-17 03:47:16,8737.98,TARJETA,APROBADO
674,1055,2025-07-16 08:02:13,8104.2,YAPE,APROBADO
675,1056,2025-08-27 20:41:42,12427.29,TRANSFERENCIA,APROBADO
676,1057,2025-10-25 15:06:01,6494.85,TARJETA,APROBADO
677,1058,2025-04-17 11:36:02,21510.77,PLIN,APROBADO
678,1062,2025-09-01 18:18:35,2063.28,PLIN,APROBADO
679,1063,2025-10-28 06:13:42,7550.12,TRANSFERENCIA,APROBADO
680,1064,2025-05-18 08:21:38,9090.66,TRANSFERENCIA,APROBADO
681,1068,2025-09-12 03:39:29,8736.1,TRANSFERENCIA,APROBADO
682,1074,2025-11-03 08:14:40,731.22,YAPE,APROBADO
683,1076,2025-03-29 15:18:06,11257.77,TARJETA,APROBADO
684,1079,2025-08-26 21:32:56,15711.4,TRANSFERENCIA,APROBADO
685,1080,2025-01-05 09:29:28,20801.92,YAPE,APROBADO
686,1081,2025-11-27 14:11:53,24993.65,TRANSFERENCIA,APROBADO
687,1083,2025-03-20 11:05:35,3774.84,YAPE,APROBADO
688,1084,2025-03-07 03:23:30,5842.5,YAPE,APROBADO
689,1086,2025-08-29 18:16:58,327.73,YAPE,APROBADO
690,1088,2025-06-27 02:35:50,16461.64,TARJETA,APROBADO
691,1089,2025-11-20 03:33:00,4490.94,TRANSFERENCIA,APROBADO
692,1090,2025-08-13 02:08:55,18428.94,TARJETA,APROBADO
693,1091,2025-12-03 18:53:20,11723.57,TRANSFERENCIA,APROBADO
694,1095,2025-10-10 13:15:45,14542.19,YAPE,APROBADO
695,1096,2025-12-04 03:54:36,14097.75,YAPE,APROBADO
696,1098,2025-09-26 12:46:26,1536.11,PLIN,APROBADO
697,1100,2025-07-14 04:57:56,15452.86,PLIN,APROBADO
698,1101,2025-07-20 22:12:01,19659.88,PLIN,APROBADO
699,1102,2025-11-21 07:58:08,4149.81,YAPE,APROBADO
700,1104,2025-04-11 16:01:00,14628.06,TRANSFERENCIA,APROBADO
701,1105,2025-12-31 06:01:01,8705.18,PLIN,APROBADO
702,1107,2025-10-05 12:19:27,12652.5,TARJETA,APROBADO
703,1108,2025-07-12 19:55:35,565.47,YAPE,APROBADO
704,1111,2025-02-26 23:02:15,23694.82,TARJETA,APROBADO
705,1112,2025-03-04 15:10:56,20829.73,YAPE,APROBADO
706,1114,2025-10-18 15:50:40,21900.92,PLIN,APROBADO
707,1116,2025-03-15 21:04:42,26442.08,TRANSFERENCIA,APROBADO
708,1119,2025-11-20 20:43:14,2605.26,TARJETA,APROBADO
709,1120,2025-02-18 23:51:19,9022.15,YAPE,APROBADO
710,1121,2025-05-10 04:40:42,5224.75,PLIN,APROBADO
711,1122,2025-10-04 20:15:37,19465.52,PLIN,APROBADO
712,1123,2025-10-26 06:25:37,9966.36,TARJETA,APROBADO
713,1124,2025-12-22 21:45:13,20854.07,YAPE,APROBADO
714,1126,2025-04-17 22:23:15,2326.26,TRANSFERENCIA,APROBADO
715,1128,2025-04-29 01:08:37,7109.48,YAPE,APROBADO
716,1129,2025-11-29 04:58:31,6128.33,TRANSFERENCIA,APROBADO
717,1130,2025-04-19 10:28:20,19838.55,YAPE,APROBADO
718,1131,2025-07-29 20:38:17,30020.26,TRANSFERENCIA,APROBADO
719,1133,2025-12-12 15:30:48,16444.71,PLIN,APROBADO
720,1134,2025-10-10 14:11:22,11786.83,PLIN,APROBADO
721,1135,2025-12-05 15:44:10,3430.52,TARJETA,APROBADO
722,1138,2025-10-02 14:34:36,5176.54,PLIN,APROBADO
723,1139,2025-01-06 03:30:53,13988.85,TRANSFERENCIA,APROBADO
724,1142,2025-09-30 03:45:38,8861.32,TARJETA,APROBADO
725,1143,2025-02-15 00:37:13,6652.25,PLIN,APROBADO
726,1144,2025-10-26 21:32:22,19431.29,PLIN,APROBADO
727,1145,2025-12-05 10:40:05,17628.75,TRANSFERENCIA,APROBADO
728,1149,2025-05-01 00:18:37,29639.78,PLIN,APROBADO
729,1151,2025-01-05 22:36:07,20956.92,TARJETA,APROBADO
730,1152,2025-12-27 18:19:55,5916.72,PLIN,APROBADO
731,1155,2025-12-22 13:19:21,25913.26,YAPE,APROBADO
732,1156,2025-12-28 23:38:56,10146.33,TRANSFERENCIA,APROBADO
733,1157,2025-09-02 20:14:50,11943.06,YAPE,APROBADO
734,1158,2025-10-16 01:17:23,2376.9,TRANSFERENCIA,APROBADO
735,1161,2025-07-19 23:29:29,13158.99,TARJETA,APROBADO
736,1163,2025-03-11 05:45:52,13490.4,TRANSFERENCIA,APROBADO
737,1165,2025-06-19 10:02:06,12733.4,TARJETA,APROBADO
738,1166,2025-11-03 12:10:52,24530.45,YAPE,APROBADO
739,1169,2025-02-11 05:59:20,20378.67,YAPE,APROBADO
740,1170,2025-03-23 04:40:54,11038.03,YAPE,APROBADO
741,1171,2026-01-03 23:54:25,21894.61,TARJETA,APROBADO
742,1172,2025-03-09 19:31:46,11337.44,TARJETA,APROBADO
743,1173,2025-08-03 00:25:41,6639.86,TARJETA,APROBADO
744,1174,2025-08-21 07:17:54,6774.63,YAPE,APROBADO
745,1175,2025-04-18 20:06:36,926.76,TRANSFERENCIA,APROBADO
746,1176,2025-11-20 01:40:51,9880.58,TARJETA,APROBADO
747,1177,2025-09-24 11:09:02,11358.66,TRANSFERENCIA,APROBADO
748,1178,2025-04-27 06:05:29,2435.91,TRANSFERENCIA,APROBADO
749,1179,2025-09-02 18:22:54,5664.4,YAPE,APROBADO
750,1180,2025-02-03 04:13:13,17959.74,PLIN,APROBADO
751,1181,2025-07-01 05:30:12,4700.35,TRANSFERENCIA,APROBADO
752,1182,2025-07-13 12:49:05,18693.87,PLIN,APROBADO
753,1183,2025-01-06 12:56:38,11282.1,PLIN,APROBADO
754,1184,2025-10-06 10:49:31,7821.31,YAPE,APROBADO
755,1185,2025-01-05 22:37:49,13710.27,TARJETA,APROBADO
756,1186,2025-09-16 21:15:34,7555.42,YAPE,APROBADO
757,1187,2025-03-12 01:05:09,21183.98,YAPE,APROBADO
758,1188,2025-04-26 20:50:58,1624.65,YAPE,APROBADO
759,1189,2025-06-22 13:11:30,14803.6,YAPE,APROBADO
760,1190,2025-05-11 15:08:29,25172.24,TARJETA,APROBADO
761,1192,2025-12-08 06:15:39,9768.39,YAPE,APROBADO
762,1193,2025-11-15 23:22:16,10773.53,TARJETA,APROBADO
763,1194,2025-07-13 12:04:27,11546.08,TRANSFERENCIA,APROBADO
764,1196,2025-12-31 11:52:23,11207.32,TARJETA,APROBADO
765,1197,2025-03-24 04:35:05,18060.15,YAPE,APROBADO
766,1204,2025-06-22 07:20:17,12471.9,PLIN,APROBADO
767,1207,2025-12-02 02:07:54,16620.46,YAPE,APROBADO
768,1208,2025-03-23 00:04:54,3650.5,YAPE,APROBADO
769,1209,2025-06-30 05:49:43,16311.27,YAPE,APROBADO
770,1211,2025-04-06 21:33:35,6102.78,YAPE,APROBADO
771,1212,2025-07-08 17:09:57,3738.58,YAPE,APROBADO
772,1213,2025-09-16 20:31:53,18423.37,TRANSFERENCIA,APROBADO
773,1214,2025-05-17 07:02:09,16824.88,YAPE,APROBADO
774,1216,2025-09-10 08:23:29,25808.97,YAPE,APROBADO
775,1219,2025-06-07 12:45:18,11274.31,PLIN,APROBADO
776,1220,2025-02-21 08:42:43,6122.8,PLIN,APROBADO
777,1221,2025-08-09 05:18:09,332.16,YAPE,APROBADO
778,1223,2025-03-14 11:41:08,19594.53,PLIN,APROBADO
779,1224,2025-10-05 00:51:40,4723.13,TARJETA,APROBADO
780,1227,2026-01-02 10:42:28,8697.9,TRANSFERENCIA,APROBADO
781,1230,2025-06-09 19:05:23,30891.55,TARJETA,APROBADO
782,1231,2025-04-03 19:02:28,4700.26,YAPE,APROBADO
783,1232,2025-12-16 14:47:06,6838.0,TARJETA,APROBADO
784,1233,2025-06-24 18:30:05,4696.88,PLIN,APROBADO
785,1234,2025-07-28 20:19:22,21346.83,PLIN,APROBADO
786,1235,2025-01-06 04:57:06,12183.11,YAPE,APROBADO
787,1237,2025-01-04 22:31:29,19694.68,YAPE,APROBADO
788,1238,2026-01-03 20:36:33,11487.47,YAPE,APROBADO
789,1239,2025-05-19 01:32:40,14334.92,YAPE,APROBADO
790,1240,2025-08-27 02:50:28,26262.87,YAPE,APROBADO
791,1241,2025-01-23 23:43:54,12814.93,YAPE,APROBADO
792,1242,2025-09-29 16:19:47,9484.59,PLIN,APROBADO
793,1243,2025-05-02 01:39:34,19828.53,TRANSFERENCIA,APROBADO
794,1244,2025-03-31 06:32:30,16131.67,TRANSFERENCIA,APROBADO
795,1245,2025-12-28 03:50:30,5463.0,TARJETA,APROBADO
796,1246,2025-02-04 18:09:20,26370.67,TRANSFERENCIA,APROBADO
797,1247,2025-03-29 10:37:22,19245.74,TARJETA,APROBADO
798,1248,2025-06-29 17:06:50,16999.01,TARJETA,APROBADO
799,1249,2025-06-01 21:34:35,7406.12,TARJETA,APROBADO
800,1250,2025-06-04 11:36:22,18363.99,TRANSFERENCIA,APROBADO
801,1251,2025-05-18 14:42:31,23366.07,YAPE,APROBADO
802,1253,2025-05-14 22:59:07,12051.2,YAPE,APROBADO
803,1254,2025-12-23 00:32:37,4867.04,TARJETA,APROBADO
804,1256,2025-10-15 23:52:53,23905.61,YAPE,APROBADO
805,1257,2025-11-15 11:13:46,13572.15,YAPE,APROBADO
806,1258,2025-02-17 04:16:45,8123.11,TRANSFERENCIA,APROBADO
807,1260,2025-01-11 11:01:43,13318.77,PLIN,APROBADO
808,1262,2025-12-13 08:06:59,14807.28,YAPE,APROBADO
809,1263,2025-08-05 11:09:43,1681.9,TARJETA,APROBADO
810,1264,2025-04-19 20:53:19,7932.94,PLIN,APROBADO
811,1265,2025-11-02 10:25:29,17663.07,PLIN,APROBADO
812,1267,2025-12-24 01:18:24,17286.4,PLIN,APROBADO
813,1269,2025-05-02 19:05:35,11688.63,PLIN,APROBADO
814,1270,2025-01-07 10:11:40,14528.5,PLIN,APROBADO
815,1271,2025-02-01 05:31:17,12516.0,TRANSFERENCIA,APROBADO
816,1272,2025-06-16 22:26:13,7698.54,YAPE,APROBADO
817,1276,2025-12-02 04:59:54,2535.36,YAPE,APROBADO
818,1277,2025-10-11 03:12:27,15794.34,TRANSFERENCIA,APROBADO
819,1278,2025-07-17 10:28:21,4032.68,TARJETA,APROBADO
820,1279,2025-10-04 06:30:59,10845.02,TARJETA,APROBADO
821,1280,2025-03-18 22:00:15,12539.16,PLIN,APROBADO
822,1281,2025-01-28 13:56:19,8130.76,TRANSFERENCIA,APROBADO
823,1282,2025-12-08 03:03:16,15981.39,PLIN,APROBADO
824,1283,2025-02-10 01:34:26,16444.99,PLIN,APROBADO
825,1285,2025-02-10 06:07:43,8367.16,YAPE,APROBADO
826,1286,2025-03-21 21:27:46,16457.64,YAPE,APROBADO
827,1287,2025-12-16 18:42:17,3771.99,PLIN,APROBADO
828,1288,2025-09-27 09:07:34,8661.0,TRANSFERENCIA,APROBADO
829,1289,2025-05-31 12:36:48,17575.25,YAPE,APROBADO
830,1291,2025-01-19 08:16:39,7629.38,TARJETA,APROBADO
831,1294,2025-01-29 01:54:41,3273.57,YAPE,APROBADO
832,1295,2025-12-01 16:17:30,5422.98,TRANSFERENCIA,APROBADO
833,1296,2025-10-09 05:23:30,16487.98,PLIN,APROBADO
834,1298,2025-01-26 18:25:16,12883.8,PLIN,APROBADO
835,1299,2025-12-09 07:15:15,17015.01,TARJETA,APROBADO
836,1301,2025-11-18 11:09:22,14490.03,YAPE,APROBADO
837,1303,2025-05-19 06:02:54,18643.77,TRANSFERENCIA,APROBADO
838,1304,2025-08-17 06:45:40,8638.52,PLIN,APROBADO
839,1305,2025-07-09 21:46:18,7246.6,YAPE,APROBADO
840,1306,2025-06-15 08:06:27,16971.95,YAPE,APROBADO
841,1308,2025-06-09 01:12:39,2423.76,TARJETA,APROBADO
842,1309,2025-12-25 10:47:24,16848.61,TARJETA,APROBADO
843,1310,2025-08-15 15:16:49,18085.79,TRANSFERENCIA,APROBADO
844,1311,2025-12-03 09:39:52,735.89,TARJETA,APROBADO
845,1313,2025-10-06 22:51:26,15175.0,YAPE,APROBADO
846,1316,2025-04-01 12:17:58,4935.22,TARJETA,APROBADO
847,1318,2025-07-22 03:48:48,3752.59,TRANSFERENCIA,APROBADO
848,1319,2025-01-25 05:02:31,4762.5,TRANSFERENCIA,APROBADO
849,1320,2025-11-28 16:07:52,17576.76,YAPE,APROBADO
850,1321,2025-07-21 17:51:47,10275.21,TRANSFERENCIA,APROBADO
851,1322,2025-11-12 11:30:24,9269.35,TRANSFERENCIA,APROBADO
852,1323,2025-05-03 12:04:03,3497.61,TRANSFERENCIA,APROBADO
853,1325,2025-05-30 17:44:59,1780.59,PLIN,APROBADO
854,1326,2025-11-28 17:44:40,20647.0,PLIN,APROBADO
855,1327,2025-07-29 07:40:09,6465.9,TRANSFERENCIA,APROBADO
856,1328,2025-01-16 01:30:39,8222.88,TRANSFERENCIA,APROBADO
857,1329,2025-03-24 10:31:00,14357.02,TARJETA,APROBADO
858,1330,2025-03-17 11:30:55,1096.82,PLIN,APROBADO
859,1332,2025-04-19 06:13:42,16902.65,TRANSFERENCIA,APROBADO
860,1333,2025-12-16 09:46:39,16804.39,YAPE,APROBADO
861,1335,2025-08-10 21:25:12,20806.96,YAPE,APROBADO
862,1337,2025-08-03 21:16:59,5564.82,YAPE,APROBADO
863,1338,2025-03-06 22:29:38,6216.15,PLIN,APROBADO
864,1339,2025-12-18 00:17:25,12438.93,YAPE,APROBADO
865,1340,2025-01-14 15:00:28,10287.29,YAPE,APROBADO
866,1341,2025-07-30 02:05:24,10372.2,TRANSFERENCIA,APROBADO
867,1342,2025-04-17 20:52:59,14045.86,TARJETA,APROBADO
868,1343,2025-02-16 08:16:53,6606.06,YAPE,APROBADO
869,1345,2025-03-17 09:48:33,15978.34,YAPE,APROBADO
870,1346,2025-10-11 13:17:46,2520.54,PLIN,APROBADO
871,1347,2025-10-01 23:51:19,13061.64,TARJETA,APROBADO
872,1348,2025-05-26 11:16:44,16548.96,PLIN,APROBADO
873,1352,2025-05-07 01:02:57,13948.86,TRANSFERENCIA,APROBADO
874,1353,2025-06-21 00:50:08,15761.46,PLIN,APROBADO
875,1354,2025-04-12 01:24:00,8977.57,TRANSFERENCIA,APROBADO
876,1355,2025-01-25 23:08:55,1624.65,TRANSFERENCIA,APROBADO
877,1358,2025-06-13 16:42:33,9895.44,TARJETA,APROBADO
878,1359,2025-10-26 10:48:48,9185.54,YAPE,APROBADO
879,1361,2025-07-07 21:38:40,8529.36,TRANSFERENCIA,APROBADO
880,1362,2025-10-16 11:12:22,6132.53,TARJETA,APROBADO
881,1363,2025-01-20 08:17:36,27351.92,YAPE,APROBADO
882,1364,2025-03-08 16:06:39,11003.75,TARJETA,APROBADO
883,1365,2025-07-30 17:12:57,11128.2,TRANSFERENCIA,APROBADO
884,1366,2025-06-24 02:53:29,15058.1,TRANSFERENCIA,APROBADO
885,1368,2025-07-21 19:49:11,4826.76,YAPE,APROBADO
886,1369,2025-12-14 00:07:05,3749.99,PLIN,APROBADO
887,1370,2025-03-18 10:09:56,18739.57,TARJETA,APROBADO
888,1371,2025-09-17 18:43:40,11687.61,PLIN,APROBADO
889,1372,2025-05-03 23:46:57,2301.82,YAPE,APROBADO
890,1373,2025-05-06 21:36:53,5110.65,YAPE,APROBADO
891,1374,2025-04-25 05:30:35,18094.87,PLIN,APROBADO
892,1375,2025-10-15 01:28:31,11227.06,YAPE,APROBADO
893,1377,2025-07-14 10:10:22,7299.18,TRANSFERENCIA,APROBADO
894,1378,2025-02-19 09:43:58,7875.51,PLIN,APROBADO
895,1379,2025-08-13 01:59:18,12070.9,TRANSFERENCIA,APROBADO
896,1380,2025-07-17 03:57:14,23760.45,TARJETA,APROBADO
897,1381,2025-07-24 09:02:06,10729.06,TRANSFERENCIA,APROBADO
898,1383,2025-04-13 15:02:54,7890.87,YAPE,APROBADO
899,1384,2025-04-16 02:00:37,10119.52,TRANSFERENCIA,APROBADO
900,1386,2025-07-07 03:16:17,8965.04,YAPE,APROBADO
901,1387,2025-07-01 10:18:46,7859.47,TARJETA,APROBADO
902,1388,2025-10-13 11:49:36,6100.47,TARJETA,APROBADO
903,1389,2025-11-26 14:22:59,10941.36,TRANSFERENCIA,APROBADO
904,1390,2025-06-06 09:26:54,14785.33,TARJETA,APROBADO
905,1391,2025-06-22 23:39:14,16950.46,TARJETA,APROBADO
906,1392,2025-04-19 14:05:14,17359.97,TARJETA,APROBADO
907,1393,2025-04-03 15:26:32,13978.44,TRANSFERENCIA,APROBADO
908,1394,2025-03-31 00:05:23,12170.1,PLIN,APROBADO
909,1396,2025-07-09 17:00:26,15565.22,PLIN,APROBADO
910,1398,2025-07-20 12:57:51,12087.18,PLIN,APROBADO
911,1399,2025-07-03 05:06:33,18771.5,TRANSFERENCIA,APROBADO
912,1400,2025-09-16 12:31:53,13488.34,TRANSFERENCIA,APROBADO
913,1402,2025-03-03 15:16:55,17529.81,TRANSFERENCIA,APROBADO
914,1403,2025-11-06 15:48:45,8667.08,PLIN,APROBADO
915,1405,2025-07-22 04:26:51,9447.53,TRANSFERENCIA,APROBADO
916,1406,2025-08-29 14:08:19,552.35,YAPE,APROBADO
917,1409,2025-04-27 10:09:58,10749.62,PLIN,APROBADO
918,1411,2025-01-07 20:16:39,12615.81,TARJETA,APROBADO
919,1413,2025-03-29 11:07:14,1519.61,TARJETA,APROBADO
920,1415,2025-03-15 12:23:49,2326.26,TRANSFERENCIA,APROBADO
921,1416,2025-12-23 23:10:02,10353.23,TRANSFERENCIA,APROBADO
922,1417,2025-07-03 08:56:09,29799.38,PLIN,APROBADO
923,1418,2025-01-07 16:10:55,16833.61,PLIN,APROBADO
924,1419,2025-03-18 17:51:28,29131.46,PLIN,APROBADO
925,1421,2025-06-19 22:59:17,22904.18,TARJETA,APROBADO
926,1426,2025-02-16 08:31:13,17045.8,TRANSFERENCIA,APROBADO
927,1428,2025-02-09 05:40:13,14688.01,TARJETA,APROBADO
928,1434,2025-10-15 06:51:39,24677.1,TRANSFERENCIA,APROBADO
929,1436,2025-12-23 06:36:08,17284.33,TRANSFERENCIA,APROBADO
930,1438,2025-03-05 08:02:33,8759.92,TRANSFERENCIA,APROBADO
931,1440,2025-03-21 00:25:28,16091.35,TARJETA,APROBADO
932,1442,2025-04-29 05:27:05,21604.9,YAPE,APROBADO
933,1443,2025-08-07 19:45:26,7268.57,TARJETA,APROBADO
934,1445,2025-09-03 04:37:01,2002.14,YAPE,APROBADO
935,1446,2025-02-14 21:44:50,12597.26,PLIN,APROBADO
936,1448,2025-05-29 03:35:10,2811.97,YAPE,APROBADO
937,1449,2025-02-09 02:40:51,7073.29,YAPE,APROBADO
938,1450,2025-12-20 18:12:18,12765.83,TARJETA,APROBADO
939,1451,2025-04-19 17:21:05,23234.31,TARJETA,APROBADO
940,1452,2025-09-13 04:56:35,28238.31,YAPE,APROBADO
941,1453,2025-09-16 23:08:36,32266.12,YAPE,APROBADO
942,1456,2025-08-04 05:19:17,25861.5,PLIN,APROBADO
943,1458,2026-01-03 14:07:11,1708.2,TARJETA,APROBADO
944,1461,2025-07-18 03:43:48,41172.57,TRANSFERENCIA,APROBADO
945,1465,2025-08-16 07:08:07,5579.32,TARJETA,APROBADO
946,1468,2025-02-08 07:37:46,8079.06,PLIN,APROBADO
947,1470,2025-06-23 12:57:33,27485.4,PLIN,APROBADO
948,1473,2025-06-25 05:18:12,12198.18,TARJETA,APROBADO
949,1474,2025-12-07 23:19:14,6657.89,YAPE,APROBADO
950,1475,2025-08-08 07:04:11,14068.35,YAPE,APROBADO
951,1476,2025-12-17 10:36:55,10991.21,TARJETA,APROBADO
952,1479,2025-07-28 20:52:31,1784.17,YAPE,APROBADO
953,1481,2025-06-11 12:53:24,8655.02,TARJETA,APROBADO
954,1484,2025-02-19 20:06:26,12990.41,YAPE,APROBADO
955,1487,2025-09-01 20:51:57,7222.13,PLIN,APROBADO
956,1491,2025-09-24 19:21:27,9894.24,PLIN,APROBADO
957,1494,2025-09-14 10:40:30,17241.37,YAPE,APROBADO
958,1496,2025-03-20 02:50:48,4657.79,TARJETA,APROBADO
959,1497,2025-04-27 15:04:45,1103.54,YAPE,APROBADO
960,1499,2025-03-12 21:08:06,32239.06,TRANSFERENCIA,APROBADO
961,1502,2025-06-03 05:06:11,11272.05,YAPE,APROBADO
962,1503,2025-05-06 17:36:39,2973.12,TARJETA,APROBADO
963,1506,2025-05-08 12:18:45,11224.5,YAPE,APROBADO
964,1507,2025-11-11 00:58:13,7286.97,PLIN,APROBADO
965,1511,2025-02-01 13:04:45,11786.16,TARJETA,APROBADO
966,1512,2025-08-12 14:12:17,14919.37,PLIN,APROBADO
967,1513,2025-07-09 06:59:40,1408.74,TARJETA,APROBADO
968,1515,2025-10-16 23:33:33,6924.34,TRANSFERENCIA,APROBADO
969,1517,2025-01-24 21:42:20,11563.86,PLIN,APROBADO
970,1518,2025-04-04 01:57:08,13160.88,TRANSFERENCIA,APROBADO
971,1519,2025-10-23 02:37:30,21273.74,YAPE,APROBADO
972,1522,2025-04-06 14:36:54,21581.07,YAPE,APROBADO
973,1523,2025-09-25 11:42:47,11058.25,YAPE,APROBADO
974,1524,2025-09-28 06:17:52,12693.84,YAPE,APROBADO
975,1526,2025-03-29 20:35:52,26437.92,TRANSFERENCIA,APROBADO
976,1529,2025-07-18 00:38:12,11144.57,TARJETA,APROBADO
977,1531,2025-08-05 12:37:14,3545.03,YAPE,APROBADO
978,1532,2025-08-31 05:11:20,22153.87,YAPE,APROBADO
979,1533,2025-07-08 23:03:58,8860.5,TRANSFERENCIA,APROBADO
980,1534,2025-09-04 11:36:41,9101.39,YAPE,APROBADO
981,1535,2025-08-07 22:54:43,13949.14,TARJETA,APROBADO
982,1536,2025-07-07 00:29:00,16050.64,TARJETA,APROBADO
983,1537,2025-07-22 13:31:24,101.74,TRANSFERENCIA,APROBADO
984,1542,2025-10-31 13:18:04,7052.04,YAPE,APROBADO
985,1544,2025-09-12 00:23:02,16025.36,TARJETA,APROBADO
986,1547,2025-09-11 08:57:17,16438.35,PLIN,APROBADO
987,1548,2025-09-09 18:15:44,8707.76,TRANSFERENCIA,APROBADO
988,1550,2025-09-28 15:52:36,10973.38,TRANSFERENCIA,APROBADO
989,1551,2025-04-14 16:12:25,15549.55,TRANSFERENCIA,APROBADO
990,1554,2025-02-21 07:04:25,6919.92,YAPE,APROBADO
991,1555,2025-02-20 10:53:54,17068.92,TARJETA,APROBADO
992,1558,2025-10-11 13:30:07,15039.87,YAPE,APROBADO
993,1560,2025-02-22 19:49:51,21904.75,TARJETA,APROBADO
994,1561,2025-07-10 13:37:58,15909.95,TRANSFERENCIA,APROBADO
995,1562,2025-03-10 23:07:15,8707.76,TARJETA,APROBADO
996,1565,2025-06-25 11:12:28,11567.26,PLIN,APROBADO
997,1566,2025-02-01 05:02:26,4144.84,TRANSFERENCIA,APROBADO
998,1567,2025-02-18 06:56:23,2815.8,TRANSFERENCIA,APROBADO
999,1569,2025-04-20 22:35:02,16419.45,TARJETA,APROBADO
1000,1570,2025-06-03 10:58:11,31357.86,TRANSFERENCIA,APROBADO
1001,1571,2025-08-03 11:46:48,11322.23,TRANSFERENCIA,APROBADO
1002,1572,2025-06-30 08:11:54,7074.69,TRANSFERENCIA,APROBADO
1003,1573,2025-01-06 22:04:44,12298.73,PLIN,APROBADO
1004,1577,2025-10-27 13:10:01,13783.4,PLIN,APROBADO
1005,1578,2025-06-04 07:56:21,9565.29,PLIN,APROBADO
1006,1579,2025-03-13 21:41:39,6864.1,TARJETA,APROBADO
1007,1580,2025-07-17 20:03:19,15231.45,TARJETA,APROBADO
1008,1581,2025-02-06 09:07:23,8280.68,PLIN,APROBADO
1009,1582,2025-04-03 08:36:25,9197.72,TARJETA,APROBADO
1010,1583,2025-05-24 04:43:27,21420.71,TARJETA,APROBADO
1011,1585,2025-11-01 06:22:48,6973.11,TARJETA,APROBADO
1012,1586,2025-12-05 22:49:56,14733.35,PLIN,APROBADO
1013,1587,2025-05-28 05:10:45,11657.3,PLIN,APROBADO
1014,1589,2025-06-20 09:08:07,9882.47,YAPE,APROBADO
1015,1590,2025-09-23 18:27:16,19062.9,TRANSFERENCIA,APROBADO
1016,1592,2025-09-08 17:58:34,15767.11,YAPE,APROBADO
1017,1597,2025-01-29 09:31:00,15507.1,PLIN,APROBADO
1018,1599,2025-10-03 12:57:16,5026.42,PLIN,APROBADO
1019,1600,2025-02-10 04:19:37,18342.0,TRANSFERENCIA,APROBADO
1020,1601,2025-11-02 15:10:31,24406.31,YAPE,APROBADO
1021,1602,2025-04-05 20:54:41,11825.56,TARJETA,APROBADO
1022,1604,2025-08-16 00:51:27,16299.96,TARJETA,APROBADO
1023,1605,2025-04-30 11:31:07,1346.1,TARJETA,APROBADO
1024,1607,2025-06-21 01:25:01,3506.63,TRANSFERENCIA,APROBADO
1025,1608,2025-10-07 11:01:55,1643.85,YAPE,APROBADO
1026,1612,2025-05-16 20:45:53,2606.48,PLIN,APROBADO
1027,1615,2025-08-28 18:44:35,8280.68,PLIN,APROBADO
1028,1616,2025-03-22 19:27:33,22332.24,YAPE,APROBADO
1029,1618,2025-01-11 15:57:18,11530.09,YAPE,APROBADO
1030,1619,2025-07-26 21:32:35,34740.64,TARJETA,APROBADO
1031,1621,2025-09-30 22:57:17,24576.09,YAPE,APROBADO
1032,1622,2025-03-08 11:31:14,458.98,YAPE,APROBADO
1033,1624,2025-05-26 23:00:13,8083.74,TRANSFERENCIA,APROBADO
1034,1625,2025-08-26 19:35:55,32628.72,YAPE,APROBADO
1035,1626,2025-09-07 20:24:28,6338.79,TRANSFERENCIA,APROBADO
1036,1629,2025-10-24 04:06:53,11262.16,PLIN,APROBADO
1037,1630,2025-03-29 20:44:38,4786.32,YAPE,APROBADO
1038,1634,2025-08-06 07:04:08,15612.52,TARJETA,APROBADO
1039,1637,2025-01-08 16:24:10,13160.88,PLIN,APROBADO
1040,1638,2025-09-27 23:09:40,15762.7,YAPE,APROBADO
1041,1639,2025-08-23 16:52:23,13826.35,TRANSFERENCIA,APROBADO
1042,1641,2025-05-26 21:14:07,13230.24,YAPE,APROBADO
1043,1642,2025-05-09 23:23:31,12489.09,YAPE,APROBADO
1044,1645,2025-08-18 10:19:25,13358.86,TARJETA,APROBADO
1045,1646,2025-09-18 19:28:47,11500.93,TARJETA,APROBADO
1046,1647,2025-11-20 18:29:45,12922.98,PLIN,APROBADO
1047,1649,2025-08-31 07:48:27,1011.82,YAPE,APROBADO
1048,1650,2025-02-21 18:41:16,15113.4,PLIN,APROBADO
1049,1651,2025-04-26 23:02:22,7726.45,TARJETA,APROBADO
1050,1653,2025-02-22 15:20:39,8410.54,TRANSFERENCIA,APROBADO
1051,1654,2025-02-02 09:32:21,2771.2,TRANSFERENCIA,APROBADO
1052,1655,2025-06-29 21:08:52,11468.66,YAPE,APROBADO
1053,1656,2025-03-22 22:08:15,13051.5,YAPE,APROBADO
1054,1657,2025-01-24 19:06:45,15003.76,TRANSFERENCIA,APROBADO
1055,1658,2025-01-31 08:19:39,1539.56,TRANSFERENCIA,APROBADO
1056,1659,2025-03-22 12:35:36,14075.41,TRANSFERENCIA,APROBADO
1057,1661,2025-11-21 01:19:09,8142.68,PLIN,APROBADO
1058,1667,2025-03-16 09:07:25,4184.16,TRANSFERENCIA,APROBADO
1059,1669,2025-06-07 11:29:52,21302.21,YAPE,APROBADO
1060,1670,2025-09-14 19:08:26,5327.91,TRANSFERENCIA,APROBADO
1061,1671,2025-03-09 14:16:17,11636.4,TRANSFERENCIA,APROBADO
1062,1674,2025-08-11 11:58:18,9471.9,TRANSFERENCIA,APROBADO
1063,1676,2025-08-02 21:48:04,6355.34,TARJETA,APROBADO
1064,1677,2025-05-04 20:50:32,12338.35,PLIN,APROBADO
1065,1678,2025-06-09 17:32:40,26956.81,TRANSFERENCIA,APROBADO
1066,1682,2025-04-03 19:40:37,16973.98,TARJETA,APROBADO
1067,1685,2025-06-29 06:41:43,6075.51,PLIN,APROBADO
1068,1691,2025-06-06 11:56:47,3245.76,YAPE,APROBADO
1069,1694,2025-01-13 03:21:37,5507.16,PLIN,APROBADO
1070,1695,2025-07-20 18:56:38,3809.6,TRANSFERENCIA,APROBADO
1071,1696,2025-02-23 13:52:50,6269.37,PLIN,APROBADO
1072,1697,2025-11-26 20:07:58,3651.38,TRANSFERENCIA,APROBADO
1073,1698,2025-01-29 15:52:37,28350.3,PLIN,APROBADO
1074,1700,2025-05-28 11:40:18,12622.53,TARJETA,APROBADO
1075,1701,2025-04-03 17:32:18,13267.6,TRANSFERENCIA,APROBADO
1076,1702,2025-09-24 00:29:20,11432.22,YAPE,APROBADO
1077,1703,2025-11-06 13:44:51,11264.16,PLIN,APROBADO
1078,1707,2025-12-15 18:54:35,14263.37,TRANSFERENCIA,APROBADO
1079,1708,2025-11-01 15:56:32,23990.03,TRANSFERENCIA,APROBADO
1080,1709,2025-05-29 15:53:41,31686.93,TARJETA,APROBADO
1081,1710,2025-05-04 13:41:45,5171.7,TRANSFERENCIA,APROBADO
1082,1711,2025-06-02 16:02:32,28810.95,PLIN,APROBADO
1083,1712,2025-01-24 19:08:50,10190.76,TRANSFERENCIA,APROBADO
1084,1713,2025-12-27 03:45:12,8366.04,YAPE,APROBADO
1085,1714,2025-07-07 12:17:26,11258.61,YAPE,APROBADO
1086,1715,2025-12-21 05:08:52,21320.01,TARJETA,APROBADO
1087,1716,2025-10-26 14:15:48,13783.79,TRANSFERENCIA,APROBADO
1088,1717,2025-02-23 14:52:40,11633.04,TRANSFERENCIA,APROBADO
1089,1718,2025-12-28 10:54:24,7561.62,YAPE,APROBADO
1090,1719,2025-10-05 18:38:20,4313.07,TRANSFERENCIA,APROBADO
1091,1720,2025-05-13 15:14:24,4144.1,TARJETA,APROBADO
1092,1721,2025-03-05 03:58:34,24492.75,PLIN,APROBADO
1093,1723,2025-11-22 00:50:34,16858.91,YAPE,APROBADO
1094,1725,2025-08-13 07:49:19,4956.12,TARJETA,APROBADO
1095,1726,2025-03-01 09:08:20,33439.76,TARJETA,APROBADO
1096,1727,2025-03-17 19:43:08,14189.16,TARJETA,APROBADO
1097,1728,2025-03-15 15:37:16,19507.06,TARJETA,APROBADO
1098,1732,2025-01-14 07:30:32,4251.35,TARJETA,APROBADO
1099,1733,2025-06-10 23:51:44,18374.18,TARJETA,APROBADO
1100,1734,2025-04-30 21:09:51,6621.54,TRANSFERENCIA,APROBADO
1101,1735,2025-02-18 04:59:58,19788.66,TRANSFERENCIA,APROBADO
1102,1736,2025-01-10 16:14:30,30441.21,YAPE,APROBADO
1103,1738,2025-12-15 19:18:51,6348.04,TARJETA,APROBADO
1104,1739,2025-12-25 05:03:09,29057.67,YAPE,APROBADO
1105,1740,2025-12-17 23:22:16,19581.28,TRANSFERENCIA,APROBADO
1106,1741,2025-03-28 16:22:56,2323.72,YAPE,APROBADO
1107,1743,2025-06-26 09:33:19,23432.08,TRANSFERENCIA,APROBADO
1108,1744,2025-08-11 15:21:20,18735.27,PLIN,APROBADO
1109,1745,2025-05-09 06:26:39,10279.9,TARJETA,APROBADO
1110,1747,2025-03-17 13:09:04,21766.98,TRANSFERENCIA,APROBADO
1111,1750,2025-11-15 04:51:18,3946.74,TARJETA,APROBADO
1112,1752,2025-11-17 14:00:15,12223.7,YAPE,APROBADO
1113,1754,2025-03-31 21:04:39,10679.4,YAPE,APROBADO
1114,1755,2025-08-26 08:03:29,11421.56,YAPE,APROBADO
1115,1756,2025-02-18 10:43:53,20097.78,PLIN,APROBADO
1116,1758,2025-01-13 04:17:57,4216.16,TARJETA,APROBADO
1117,1759,2025-09-20 08:02:01,4937.71,TARJETA,APROBADO
1118,1760,2025-08-02 21:19:01,18661.51,YAPE,APROBADO
1119,1761,2025-07-07 06:47:11,5095.18,YAPE,APROBADO
1120,1762,2025-09-15 01:59:15,28252.77,YAPE,APROBADO
1121,1763,2025-11-14 17:10:57,5444.92,YAPE,APROBADO
1122,1764,2025-07-14 17:18:01,7453.92,TRANSFERENCIA,APROBADO
1123,1765,2025-11-02 12:41:50,17900.14,PLIN,APROBADO
1124,1766,2025-07-31 09:55:55,2920.22,PLIN,APROBADO
1125,1768,2025-12-14 22:20:50,5835.32,PLIN,APROBADO
1126,1769,2025-12-16 11:00:42,3310.62,PLIN,APROBADO
1127,1770,2025-03-21 02:45:44,13237.04,PLIN,APROBADO
1128,1771,2025-11-11 13:45:13,12057.61,PLIN,APROBADO
1129,1772,2025-03-14 15:45:17,2679.82,PLIN,APROBADO
1130,1773,2025-03-05 05:38:32,5787.95,TRANSFERENCIA,APROBADO
1131,1774,2025-09-20 19:03:15,7432.23,YAPE,APROBADO
1132,1775,2025-08-28 02:38:13,16071.61,TRANSFERENCIA,APROBADO
1133,1776,2025-06-11 20:26:57,10166.66,TRANSFERENCIA,APROBADO
1134,1778,2025-08-26 22:36:33,19433.95,YAPE,APROBADO
1135,1780,2025-09-09 13:15:19,11725.96,PLIN,APROBADO
1136,1781,2025-02-11 00:22:42,2193.35,PLIN,APROBADO
1137,1782,2025-01-31 06:04:03,11633.04,TRANSFERENCIA,APROBADO
1138,1783,2025-01-08 04:33:19,308.92,TRANSFERENCIA,APROBADO
1139,1784,2025-08-01 20:01:06,15983.83,TARJETA,APROBADO
1140,1785,2025-04-07 05:36:15,3330.79,TRANSFERENCIA,APROBADO
1141,1787,2025-12-20 13:59:14,3163.29,PLIN,APROBADO
1142,1790,2025-01-06 15:58:18,12012.88,TARJETA,APROBADO
1143,1792,2025-06-10 04:27:59,6958.88,TRANSFERENCIA,APROBADO
1144,1793,2025-01-20 06:35:09,10543.35,TRANSFERENCIA,APROBADO
1145,1794,2026-01-02 05:25:33,456.74,TRANSFERENCIA,APROBADO
1146,1797,2025-06-17 14:05:09,9233.92,TRANSFERENCIA,APROBADO
1147,1799,2025-03-01 08:14:44,9208.95,PLIN,APROBADO
1148,1802,2025-07-26 10:39:45,541.72,YAPE,APROBADO
1149,1803,2025-11-08 19:50:07,20879.44,TARJETA,APROBADO
1150,1804,2025-07-17 08:23:49,17290.5,TRANSFERENCIA,APROBADO
1151,1806,2025-06-19 12:42:14,21394.11,TARJETA,APROBADO
1152,1808,2025-06-09 03:13:22,9317.05,YAPE,APROBADO
1153,1809,2025-02-09 01:08:36,17563.76,TRANSFERENCIA,APROBADO
1154,1810,2025-01-13 02:28:25,6070.49,TRANSFERENCIA,APROBADO
1155,1811,2025-02-20 20:55:40,3434.28,YAPE,APROBADO
1156,1812,2025-10-14 20:36:43,15518.01,YAPE,APROBADO
1157,1813,2025-12-20 04:27:47,1471.78,TRANSFERENCIA,APROBADO
1158,1815,2025-04-27 22:08:51,7203.89,TRANSFERENCIA,APROBADO
1159,1816,2025-12-25 01:33:25,14133.68,TARJETA,APROBADO
1160,1817,2025-12-11 04:19:54,17539.48,YAPE,APROBADO
1161,1818,2025-05-12 00:19:16,17390.78,PLIN,APROBADO
1162,1819,2025-06-21 12:10:09,18254.8,YAPE,APROBADO
1163,1820,2025-08-18 06:51:52,8861.62,TARJETA,APROBADO
1164,1821,2025-04-04 12:53:46,12891.06,TRANSFERENCIA,APROBADO
1165,1824,2025-11-16 16:47:23,11001.94,TRANSFERENCIA,APROBADO
1166,1826,2025-12-27 22:20:12,12891.07,TARJETA,APROBADO
1167,1827,2025-01-20 09:06:26,30708.33,TARJETA,APROBADO
1168,1829,2025-09-16 01:56:37,11634.83,YAPE,APROBADO
1169,1830,2025-04-04 18:47:52,3651.38,TARJETA,APROBADO
1170,1831,2025-02-28 07:07:57,4385.03,YAPE,APROBADO
1171,1832,2025-08-01 17:51:24,22113.47,TARJETA,APROBADO
1172,1833,2025-10-24 16:40:17,13743.43,YAPE,APROBADO
1173,1836,2025-11-09 04:30:54,17950.16,TRANSFERENCIA,APROBADO
1174,1837,2025-02-22 10:28:52,7454.94,YAPE,APROBADO
1175,1838,2025-04-12 13:30:21,17149.34,PLIN,APROBADO
1176,1841,2025-02-19 05:17:40,2692.75,TARJETA,APROBADO
1177,1842,2025-07-28 03:25:29,11947.9,PLIN,APROBADO
1178,1843,2025-06-29 17:37:49,25592.52,TRANSFERENCIA,APROBADO
1179,1844,2025-07-18 07:44:06,8317.66,TRANSFERENCIA,APROBADO
1180,1846,2025-11-25 10:16:37,25073.6,TARJETA,APROBADO
1181,1847,2025-07-27 16:21:37,12279.45,TARJETA,APROBADO
1182,1848,2025-05-13 11:12:59,5860.83,YAPE,APROBADO
1183,1849,2025-08-19 17:39:31,3909.72,TRANSFERENCIA,APROBADO
1184,1851,2025-11-30 09:00:21,880.49,YAPE,APROBADO
1185,1852,2025-11-19 23:15:13,4445.27,YAPE,APROBADO
1186,1854,2025-06-13 23:01:20,2146.38,PLIN,APROBADO
1187,1855,2025-08-12 05:58:37,19950.64,TARJETA,APROBADO
1188,1856,2025-08-15 06:53:29,21557.28,YAPE,APROBADO
1189,1857,2025-07-24 17:31:31,4407.76,YAPE,APROBADO
1190,1858,2025-09-07 14:12:28,11110.8,PLIN,APROBADO
1191,1859,2025-08-24 21:58:17,5211.5,TRANSFERENCIA,APROBADO
1192,1860,2025-11-08 19:15:40,22075.74,YAPE,APROBADO
1193,1862,2025-05-28 19:12:00,12598.94,PLIN,APROBADO
1194,1863,2025-07-29 18:39:25,1850.48,PLIN,APROBADO
1195,1864,2025-05-28 10:43:32,17489.8,YAPE,APROBADO
1196,1866,2025-06-29 18:03:27,23357.29,TRANSFERENCIA,APROBADO
1197,1868,2025-02-13 23:14:54,7458.28,YAPE,APROBADO
1198,1871,2025-12-11 12:22:21,171.12,YAPE,APROBADO
1199,1872,2025-04-18 11:57:29,10930.68,PLIN,APROBADO
1200,1874,2025-02-18 00:19:49,7907.46,TARJETA,APROBADO
1201,1875,2025-05-05 06:17:20,17147.63,TARJETA,APROBADO
1202,1876,2025-07-06 12:09:28,3871.91,YAPE,APROBADO
1203,1877,2025-06-24 20:20:29,16555.83,PLIN,APROBADO
1204,1878,2025-05-28 05:28:09,19443.58,YAPE,APROBADO
1205,1879,2025-07-03 11:15:22,3480.05,TARJETA,APROBADO
1206,1883,2025-06-16 13:45:31,2689.32,TARJETA,APROBADO
1207,1884,2025-12-23 09:33:53,15337.02,PLIN,APROBADO
1208,1885,2025-01-08 01:14:03,3260.48,YAPE,APROBADO
1209,1886,2025-10-11 07:25:25,3425.07,YAPE,APROBADO
1210,1888,2025-06-21 01:13:21,8662.54,TARJETA,APROBADO
1211,1889,2025-06-08 18:26:35,15008.96,TARJETA,APROBADO
1212,1890,2025-06-30 02:40:52,15205.71,YAPE,APROBADO
1213,1891,2025-03-15 02:47:53,10610.55,TARJETA,APROBADO
1214,1892,2025-07-12 02:35:13,23560.38,YAPE,APROBADO
1215,1893,2025-07-19 09:25:00,10369.36,PLIN,APROBADO
1216,1894,2025-03-27 10:57:20,18343.06,TRANSFERENCIA,APROBADO
1217,1899,2025-02-25 05:28:30,3078.44,TRANSFERENCIA,APROBADO
1218,1900,2025-11-16 14:43:13,7492.61,TRANSFERENCIA,APROBADO
1219,1902,2025-08-04 00:27:00,9821.41,TRANSFERENCIA,APROBADO
1220,1903,2025-06-06 21:23:53,8536.98,TRANSFERENCIA,APROBADO
1221,1906,2025-08-05 07:52:10,6480.05,YAPE,APROBADO
1222,1907,2025-09-03 08:59:17,8108.88,TARJETA,APROBADO
1223,1908,2025-10-14 06:26:19,3969.71,YAPE,APROBADO
1224,1909,2025-07-05 08:38:30,4205.98,TARJETA,APROBADO
1225,1910,2025-03-12 14:55:30,5907.0,TRANSFERENCIA,APROBADO
1226,1911,2026-01-03 20:31:32,13358.76,YAPE,APROBADO
1227,1912,2025-06-30 22:42:47,10941.36,PLIN,APROBADO
1228,1914,2025-09-04 14:14:12,12565.61,TARJETA,APROBADO
1229,1915,2025-02-28 23:15:45,20175.38,YAPE,APROBADO
1230,1917,2025-10-20 22:00:34,9759.59,TRANSFERENCIA,APROBADO
1231,1919,2025-11-06 05:19:25,4701.3,PLIN,APROBADO
1232,1921,2025-11-16 14:06:36,13265.78,TARJETA,APROBADO
1233,1922,2025-04-06 02:34:18,6086.75,YAPE,APROBADO
1234,1923,2025-08-03 12:07:28,20949.11,TRANSFERENCIA,APROBADO
1235,1926,2025-12-26 11:00:02,6838.0,TRANSFERENCIA,APROBADO
1236,1927,2025-08-18 13:53:48,24169.56,PLIN,APROBADO
1237,1928,2025-08-20 17:56:38,9627.49,TARJETA,APROBADO
1238,1929,2025-02-02 19:38:12,11316.23,PLIN,APROBADO
1239,1931,2025-09-26 16:35:33,10140.36,TARJETA,APROBADO
1240,1933,2025-02-25 15:29:00,2641.47,TRANSFERENCIA,APROBADO
1241,1935,2025-12-31 05:04:57,17684.16,TRANSFERENCIA,APROBADO
1242,1936,2025-06-17 17:03:21,4168.19,TARJETA,APROBADO
1243,1937,2025-01-20 22:24:10,9533.38,PLIN,APROBADO
1244,1938,2025-03-29 13:30:57,19221.13,PLIN,APROBADO
1245,1939,2025-06-27 06:06:59,880.49,TARJETA,APROBADO
1246,1941,2025-10-19 02:41:20,6362.18,YAPE,APROBADO
1247,1942,2025-01-05 22:41:35,11239.94,TARJETA,APROBADO
1248,1943,2025-06-28 20:07:35,21726.65,PLIN,APROBADO
1249,1944,2025-06-02 00:37:53,20366.57,TRANSFERENCIA,APROBADO
1250,1945,2025-02-10 00:06:48,2217.05,PLIN,APROBADO
1251,1946,2025-08-09 19:05:38,1241.38,YAPE,APROBADO
1252,1947,2025-07-28 12:49:39,9686.53,PLIN,APROBADO
1253,1949,2025-07-29 19:55:41,5801.15,TARJETA,APROBADO
1254,1951,2025-08-14 00:23:36,4873.95,PLIN,APROBADO
1255,1952,2025-09-17 10:16:59,11073.32,TARJETA,APROBADO
1256,1953,2025-06-13 02:01:19,13697.76,PLIN,APROBADO
1257,1954,2025-06-04 03:06:58,7443.66,TRANSFERENCIA,APROBADO
1258,1956,2025-03-31 16:14:19,15673.72,PLIN,APROBADO
1259,1957,2025-04-20 18:25:47,14791.29,PLIN,APROBADO
1260,1958,2025-06-24 07:53:23,13066.22,YAPE,APROBADO
1261,1960,2025-02-18 10:40:07,2091.31,PLIN,APROBADO
1262,1962,2025-07-07 03:18:30,8123.64,TARJETA,APROBADO
1263,1963,2025-02-14 15:00:05,8646.51,TARJETA,APROBADO
1264,1964,2025-07-12 08:16:10,19685.04,TARJETA,APROBADO
1265,1965,2025-04-11 13:39:36,2648.49,TRANSFERENCIA,APROBADO
1266,1967,2025-12-09 11:32:05,18849.91,PLIN,APROBADO
1267,1968,2025-10-07 16:39:13,10015.29,YAPE,APROBADO
1268,1969,2025-06-16 20:21:27,4723.77,TRANSFERENCIA,APROBADO
1269,1970,2025-10-05 12:15:30,7079.46,TRANSFERENCIA,APROBADO
1270,1971,2025-06-01 10:04:18,21569.46,YAPE,APROBADO
1271,1972,2025-05-20 13:50:48,20670.35,YAPE,APROBADO
1272,1973,2025-07-10 00:59:27,13097.49,PLIN,APROBADO
1273,1975,2025-08-16 08:20:18,8064.56,TRANSFERENCIA,APROBADO
1274,1976,2025-10-18 04:39:56,13227.95,PLIN,APROBADO
1275,1977,2025-02-28 22:35:24,13192.4,TARJETA,APROBADO
1276,1978,2025-12-18 08:21:27,15886.84,YAPE,APROBADO
1277,1980,2025-12-17 19:15:23,12418.3,YAPE,APROBADO
1278,1983,2025-08-29 10:19:14,11183.18,PLIN,APROBADO
1279,1984,2025-06-01 21:50:58,16872.43,YAPE,APROBADO
1280,1985,2025-08-15 04:15:14,10945.43,TARJETA,APROBADO
1281,1986,2025-11-12 01:09:25,21358.86,YAPE,APROBADO
1282,1987,2025-05-13 02:40:21,12061.44,YAPE,APROBADO
1283,1994,2025-12-28 11:03:41,8506.54,TRANSFERENCIA,APROBADO
1284,1996,2025-03-14 01:35:03,25495.22,YAPE,APROBADO
1285,1997,2025-09-11 09:27:04,8662.58,PLIN,APROBADO
1286,1998,2025-01-04 19:04:45,7614.22,PLIN,APROBADO
1287,1999,2025-08-20 14:10:09,3725.92,PLIN,APROBADO
1288,2000,2025-07-09 03:56:14,16649.56,PLIN,APROBADO
1289,2001,2025-12-24 12:14:39,8903.08,PLIN,APROBADO
1290,2002,2025-07-28 18:20:04,8195.69,TARJETA,APROBADO
1291,2003,2025-09-24 01:03:57,18462.61,YAPE,APROBADO
1292,2004,2025-06-15 03:17:18,11219.14,TARJETA,APROBADO
1293,2005,2025-09-23 12:14:16,16549.68,TRANSFERENCIA,APROBADO
1294,2006,2025-01-13 02:36:45,2407.2,PLIN,APROBADO
1295,2007,2025-12-09 20:03:08,9983.71,YAPE,APROBADO
1296,2008,2025-08-20 09:11:09,13390.05,PLIN,APROBADO
1297,2009,2025-08-25 09:56:03,4684.4,PLIN,APROBADO
1298,2010,2026-01-02 17:09:16,730.78,TRANSFERENCIA,APROBADO
1299,2012,2025-10-13 02:48:57,887.18,TRANSFERENCIA,APROBADO
1300,2016,2025-03-28 02:41:25,19798.72,TRANSFERENCIA,APROBADO
1301,2018,2025-11-11 03:19:11,1801.48,YAPE,APROBADO
1302,2019,2025-04-21 00:48:21,11552.74,YAPE,APROBADO
1303,2021,2025-07-11 14:19:17,14718.51,TRANSFERENCIA,APROBADO
1304,2022,2025-04-03 02:02:53,5568.51,TRANSFERENCIA,APROBADO
1305,2024,2025-12-03 14:18:28,8749.28,TRANSFERENCIA,APROBADO
1306,2027,2025-03-16 20:38:26,3497.61,YAPE,APROBADO
1307,2028,2025-04-01 05:39:27,3452.73,TARJETA,APROBADO
1308,2029,2025-04-09 20:34:43,12286.94,TRANSFERENCIA,APROBADO
1309,2030,2025-02-26 22:35:40,11813.08,PLIN,APROBADO
1310,2032,2025-09-16 18:31:04,5842.95,TARJETA,APROBADO
1311,2034,2025-10-25 22:36:43,5618.1,TRANSFERENCIA,APROBADO
1312,2037,2025-08-11 18:15:44,8757.2,YAPE,APROBADO
1313,2038,2025-11-20 19:09:23,5243.88,TARJETA,APROBADO
1314,2039,2025-08-23 02:57:38,11539.59,TRANSFERENCIA,APROBADO
1315,2040,2025-07-18 19:56:28,14263.89,TRANSFERENCIA,APROBADO
1316,2041,2025-08-27 15:26:59,16252.94,YAPE,APROBADO
1317,2043,2025-08-11 00:00:59,14948.79,TRANSFERENCIA,APROBADO
1318,2044,2025-11-27 21:33:56,2207.18,TRANSFERENCIA,APROBADO
1319,2048,2025-03-04 06:03:59,17434.38,PLIN,APROBADO
1320,2050,2025-10-12 13:44:18,32404.48,TARJETA,APROBADO
1321,2051,2025-09-04 16:47:46,6461.38,TARJETA,APROBADO
1322,2052,2025-07-03 14:26:43,3915.33,TRANSFERENCIA,APROBADO
1323,2053,2025-12-17 07:39:29,26194.03,YAPE,APROBADO
1324,2055,2025-11-29 04:23:31,7528.8,TRANSFERENCIA,APROBADO
1325,2056,2025-12-30 21:25:59,10117.78,YAPE,APROBADO
1326,2057,2025-04-16 07:27:51,3803.04,YAPE,APROBADO
1327,2058,2025-10-10 07:18:12,4188.34,TARJETA,APROBADO
1328,2059,2025-03-17 04:39:05,6776.91,TRANSFERENCIA,APROBADO
1329,2061,2025-05-26 02:49:56,7699.32,TRANSFERENCIA,APROBADO
1330,2063,2025-07-23 17:23:36,3036.5,PLIN,APROBADO
1331,2064,2025-12-26 15:20:35,4059.33,TARJETA,APROBADO
1332,2065,2025-02-08 02:02:17,25497.45,YAPE,APROBADO
1333,2066,2025-05-19 16:23:05,5031.67,TRANSFERENCIA,APROBADO
1334,2067,2025-06-27 21:47:39,1405.25,TARJETA,APROBADO
1335,2069,2025-06-12 12:12:51,13118.89,PLIN,APROBADO
1336,2073,2025-08-12 12:24:46,16125.2,PLIN,APROBADO
1337,2075,2025-12-05 23:30:44,18923.87,PLIN,APROBADO
1338,2076,2025-05-28 16:57:22,18558.59,PLIN,APROBADO
1339,2078,2025-12-15 06:28:48,11880.18,TARJETA,APROBADO
1340,2080,2025-10-15 00:34:58,3162.18,YAPE,APROBADO
1341,2081,2025-11-07 16:44:33,15241.43,TARJETA,APROBADO
1342,2085,2025-08-15 01:21:49,7748.76,PLIN,APROBADO
1343,2086,2025-03-23 15:57:08,7523.66,TRANSFERENCIA,APROBADO
1344,2088,2025-05-24 18:53:29,15518.75,PLIN,APROBADO
1345,2089,2025-08-28 15:40:42,962.62,TARJETA,APROBADO
1346,2090,2025-03-01 20:54:03,16258.97,PLIN,APROBADO
1347,2091,2025-01-13 13:49:53,8609.73,PLIN,APROBADO
1348,2092,2025-09-11 17:42:06,6279.99,PLIN,APROBADO
1349,2093,2025-06-12 21:10:49,6647.34,TARJETA,APROBADO
1350,2094,2025-06-24 23:49:56,14865.0,PLIN,APROBADO
1351,2095,2025-08-03 05:49:11,14098.5,YAPE,APROBADO
1352,2096,2026-01-01 08:58:18,3217.84,YAPE,APROBADO
1353,2098,2025-03-29 16:57:34,18885.07,YAPE,APROBADO
1354,2099,2025-01-14 03:44:37,12558.94,PLIN,APROBADO
1355,2100,2025-01-09 08:15:08,20658.58,TRANSFERENCIA,APROBADO
1356,2101,2025-02-07 06:05:29,30273.36,TARJETA,APROBADO
1357,2102,2025-06-06 13:36:32,11645.95,YAPE,APROBADO
1358,2104,2025-12-26 19:31:32,3874.37,YAPE,APROBADO
1359,2105,2025-03-15 06:18:32,16073.55,YAPE,APROBADO
1360,2106,2025-12-14 06:55:45,18217.83,PLIN,APROBADO
1361,2109,2025-07-06 06:33:48,16392.76,TARJETA,APROBADO
1362,2110,2025-06-27 15:25:41,14970.06,TARJETA,APROBADO
1363,2112,2025-08-13 12:20:49,11452.36,TRANSFERENCIA,APROBADO
1364,2113,2026-01-02 08:01:24,11073.19,PLIN,APROBADO
1365,2116,2025-08-10 20:54:46,10824.18,TRANSFERENCIA,APROBADO
1366,2117,2025-08-01 06:53:31,13416.84,YAPE,APROBADO
1367,2120,2025-10-02 22:36:10,10871.71,TRANSFERENCIA,APROBADO
1368,2122,2025-05-15 04:15:24,12087.22,YAPE,APROBADO
1369,2123,2025-03-15 04:49:00,21268.21,TARJETA,APROBADO
1370,2125,2025-12-07 22:51:50,6154.18,PLIN,APROBADO
1371,2127,2025-08-26 00:22:48,4019.21,PLIN,APROBADO
1372,2128,2025-09-22 20:52:18,16544.22,TRANSFERENCIA,APROBADO
1373,2129,2025-05-21 20:51:23,13623.37,TARJETA,APROBADO
1374,2130,2025-04-03 13:30:57,13230.15,TRANSFERENCIA,APROBADO
1375,2134,2025-05-04 15:18:13,9484.99,TARJETA,APROBADO
1376,2135,2025-09-02 05:21:13,16138.9,PLIN,APROBADO
1377,2136,2025-10-15 12:19:30,16395.53,YAPE,APROBADO
1378,2138,2025-11-03 04:46:18,9399.73,PLIN,APROBADO
1379,2141,2025-01-26 14:36:21,4732.68,TARJETA,APROBADO
1380,2142,2025-04-01 22:42:41,8149.93,TRANSFERENCIA,APROBADO
1381,2145,2025-11-22 06:10:47,12220.5,PLIN,APROBADO
1382,2146,2025-09-21 03:47:15,9053.83,YAPE,APROBADO
1383,2148,2025-09-07 07:00:09,6709.27,TARJETA,APROBADO
1384,2149,2025-09-12 07:21:04,13025.06,TRANSFERENCIA,APROBADO
1385,2150,2025-06-25 23:57:34,23978.38,YAPE,APROBADO
1386,2151,2025-01-20 23:46:28,12108.57,TRANSFERENCIA,APROBADO
1387,2153,2025-09-18 10:34:15,15795.51,TARJETA,APROBADO
1388,2155,2025-06-14 00:10:11,2301.82,TARJETA,APROBADO
1389,2156,2025-09-18 18:42:07,29270.54,PLIN,APROBADO
1390,2157,2025-05-09 21:08:30,22235.05,PLIN,APROBADO
1391,2158,2025-05-20 19:46:49,14202.64,TRANSFERENCIA,APROBADO
1392,2160,2025-10-09 21:49:57,6777.96,YAPE,APROBADO
1393,2164,2025-10-08 22:51:36,5884.06,TARJETA,APROBADO
1394,2165,2025-06-03 05:33:02,11410.84,PLIN,APROBADO
1395,2166,2025-01-21 08:27:17,9497.31,TRANSFERENCIA,APROBADO
1396,2168,2025-09-19 17:30:56,9167.48,TRANSFERENCIA,APROBADO
1397,2169,2025-05-08 11:36:08,1370.22,TARJETA,APROBADO
1398,2173,2025-03-20 13:49:11,7841.86,YAPE,APROBADO
1399,2174,2025-07-27 05:35:04,20118.14,TRANSFERENCIA,APROBADO
1400,2175,2025-05-14 19:37:48,19388.01,PLIN,APROBADO
1401,2176,2025-12-17 09:43:38,18930.14,TARJETA,APROBADO
1402,2177,2025-11-04 06:15:15,25838.8,TRANSFERENCIA,APROBADO
1403,2180,2025-03-30 05:18:21,16655.91,PLIN,APROBADO
1404,2182,2025-04-11 23:17:28,7286.34,PLIN,APROBADO
1405,2184,2025-06-24 05:25:37,17810.65,PLIN,APROBADO
1406,2185,2025-02-15 06:56:26,5806.01,YAPE,APROBADO
1407,2187,2025-04-04 09:02:37,4927.34,TRANSFERENCIA,APROBADO
1408,2188,2025-02-17 01:12:23,2384.68,TRANSFERENCIA,APROBADO
1409,2190,2025-12-27 17:52:51,3013.94,TARJETA,APROBADO
1410,2191,2025-03-25 07:42:37,8899.13,TRANSFERENCIA,APROBADO
1411,2192,2025-02-04 19:07:29,25375.93,TRANSFERENCIA,APROBADO
1412,2193,2025-03-20 09:08:10,4081.95,TARJETA,APROBADO
1413,2195,2025-12-21 04:26:24,11256.57,TRANSFERENCIA,APROBADO
1414,2196,2025-07-25 07:44:12,14036.89,PLIN,APROBADO
1415,2197,2025-03-23 09:50:54,15999.87,TARJETA,APROBADO
1416,2198,2025-07-06 08:37:12,19271.8,TARJETA,APROBADO
1417,2199,2025-02-20 14:32:04,24012.28,TRANSFERENCIA,APROBADO
1418,2200,2025-12-30 15:09:12,10886.43,PLIN,APROBADO
1419,2201,2025-06-12 07:55:28,3377.17,PLIN,APROBADO
1420,2202,2025-11-12 01:56:51,14304.93,TRANSFERENCIA,APROBADO
1421,2203,2025-08-05 01:51:23,17285.04,YAPE,APROBADO
1422,2205,2025-09-22 09:54:51,5556.04,YAPE,APROBADO
1423,2207,2025-09-03 07:57:26,18132.18,TARJETA,APROBADO
1424,2208,2025-05-28 22:51:21,4083.56,TRANSFERENCIA,APROBADO
1425,2209,2025-09-19 13:39:04,6394.27,TRANSFERENCIA,APROBADO
1426,2210,2025-11-10 02:58:18,12060.0,PLIN,APROBADO
1427,2212,2025-10-09 22:25:49,19923.99,PLIN,APROBADO
1428,2214,2025-02-24 23:16:00,7738.95,PLIN,APROBADO
1429,2215,2025-03-27 14:52:29,4964.89,TRANSFERENCIA,APROBADO
1430,2217,2025-07-02 21:12:27,7975.43,PLIN,APROBADO
1431,2218,2025-09-21 23:37:20,12920.55,TRANSFERENCIA,APROBADO
1432,2219,2025-07-06 05:16:27,6401.49,TRANSFERENCIA,APROBADO
1433,2220,2025-08-11 04:17:21,805.29,TARJETA,APROBADO
1434,2221,2025-08-03 06:46:43,7920.32,TRANSFERENCIA,APROBADO
1435,2222,2025-10-26 01:49:39,2258.97,TARJETA,APROBADO
1436,2224,2025-06-20 13:04:24,5253.51,PLIN,APROBADO
1437,2225,2025-12-29 00:59:13,6401.2,PLIN,APROBADO
1438,2227,2025-05-28 21:18:13,1208.97,YAPE,APROBADO
1439,2228,2025-06-20 05:18:40,10772.82,PLIN,APROBADO
1440,2231,2025-06-11 18:53:14,23569.06,PLIN,APROBADO
1441,2232,2025-01-27 22:42:58,6812.21,TRANSFERENCIA,APROBADO
1442,2234,2025-12-05 19:49:29,15445.72,PLIN,APROBADO
1443,2235,2025-07-18 10:21:15,7929.42,YAPE,APROBADO
1444,2236,2025-04-27 21:57:03,5155.07,YAPE,APROBADO
1445,2238,2025-09-10 01:18:04,20327.55,TRANSFERENCIA,APROBADO
1446,2240,2025-11-18 01:47:32,1293.38,PLIN,APROBADO
1447,2242,2025-02-10 03:53:57,1652.98,PLIN,APROBADO
1448,2243,2025-10-23 18:26:39,1603.14,TARJETA,APROBADO
1449,2246,2025-02-10 20:49:50,22936.2,TARJETA,APROBADO
1450,2247,2025-10-18 00:59:48,853.5,PLIN,APROBADO
1451,2248,2025-06-25 16:39:13,7613.91,TRANSFERENCIA,APROBADO
1452,2250,2025-12-06 21:09:29,983.19,PLIN,APROBADO
1453,2252,2025-02-12 00:56:43,6890.8,YAPE,APROBADO
1454,2253,2025-08-21 04:49:27,13914.38,TRANSFERENCIA,APROBADO
1455,2255,2025-01-11 00:37:15,1973.94,TRANSFERENCIA,APROBADO
1456,2256,2025-09-22 03:30:57,20466.58,TARJETA,APROBADO
1457,2257,2025-11-18 11:14:40,13235.31,TARJETA,APROBADO
1458,2260,2025-05-16 00:56:37,20398.93,PLIN,APROBADO
1459,2262,2025-08-18 07:50:30,20870.68,TRANSFERENCIA,APROBADO
1460,2266,2025-01-30 04:14:04,6115.6,YAPE,APROBADO
1461,2267,2025-05-01 02:49:45,3176.56,TRANSFERENCIA,APROBADO
1462,2268,2025-03-26 01:56:54,23681.6,TRANSFERENCIA,APROBADO
1463,2269,2025-10-02 02:06:28,18346.09,TARJETA,APROBADO
1464,2277,2025-08-06 10:41:14,21944.7,TARJETA,APROBADO
1465,2278,2025-03-08 10:54:04,16655.91,PLIN,APROBADO
1466,2279,2025-01-19 01:11:51,15196.77,YAPE,APROBADO
1467,2281,2025-11-26 14:24:58,17630.55,TRANSFERENCIA,APROBADO
1468,2282,2025-09-17 12:26:31,13764.99,YAPE,APROBADO
1469,2284,2025-05-24 13:35:20,9177.12,TARJETA,APROBADO
1470,2285,2025-12-08 20:31:20,3210.54,TARJETA,APROBADO
1471,2286,2025-10-11 19:22:14,15706.9,PLIN,APROBADO
1472,2287,2025-05-12 16:34:45,6708.9,PLIN,APROBADO
1473,2288,2025-07-08 05:29:28,27057.29,TRANSFERENCIA,APROBADO
1474,2289,2025-01-28 09:37:29,4169.04,YAPE,APROBADO
1475,2290,2025-05-13 10:14:09,8618.08,TARJETA,APROBADO
1476,2291,2025-05-27 03:03:19,9656.49,TRANSFERENCIA,APROBADO
1477,2292,2025-01-15 01:10:30,3249.3,PLIN,APROBADO
1478,2293,2025-01-07 01:38:54,1828.43,TRANSFERENCIA,APROBADO
1479,2294,2025-03-11 01:56:52,7049.24,TARJETA,APROBADO
1480,2296,2025-09-27 15:15:24,6214.76,TRANSFERENCIA,APROBADO
1481,2297,2025-12-16 02:09:31,17158.88,TRANSFERENCIA,APROBADO
1482,2298,2025-03-20 00:59:55,17548.1,PLIN,APROBADO
1483,2299,2025-03-04 08:18:16,13245.21,YAPE,APROBADO
1484,2300,2025-09-01 00:47:48,3232.62,YAPE,APROBADO
1485,2301,2025-12-28 13:27:10,9229.85,YAPE,APROBADO
1486,2302,2025-10-23 04:16:06,19066.62,TRANSFERENCIA,APROBADO
1487,2304,2025-11-25 17:57:51,13348.83,PLIN,APROBADO
1488,2305,2025-07-06 15:44:58,17201.28,PLIN,APROBADO
1489,2306,2025-04-09 08:03:41,17613.36,YAPE,APROBADO
1490,2307,2025-04-05 20:36:33,14018.85,YAPE,APROBADO
1491,2308,2025-12-06 17:21:42,20721.53,YAPE,APROBADO
1492,2309,2025-05-06 08:42:54,4956.12,YAPE,APROBADO
1493,2311,2025-11-20 19:39:30,11475.76,TARJETA,APROBADO
1494,2312,2025-02-21 18:40:19,17763.0,PLIN,APROBADO
1495,2313,2025-05-28 01:35:08,9972.69,YAPE,APROBADO
1496,2316,2025-11-05 04:57:21,21293.24,YAPE,APROBADO
1497,2317,2025-02-04 11:50:42,5777.83,PLIN,APROBADO
1498,2320,2025-09-05 02:21:23,1542.9,PLIN,APROBADO
1499,2321,2025-03-26 18:23:23,3412.24,PLIN,APROBADO
1500,2324,2025-07-17 07:11:10,9329.34,YAPE,APROBADO
1501,2325,2025-01-18 04:07:09,17307.85,YAPE,APROBADO
1502,2327,2025-11-11 23:39:17,3503.19,TARJETA,APROBADO
1503,2328,2025-04-14 20:34:14,17690.6,TRANSFERENCIA,APROBADO
1504,2330,2025-05-23 19:38:46,691.5,TRANSFERENCIA,APROBADO
1505,2332,2025-03-03 03:37:32,23915.32,TRANSFERENCIA,APROBADO
1506,2333,2025-09-24 19:20:28,3643.17,PLIN,APROBADO
1507,2336,2025-01-24 09:55:54,1081.04,YAPE,APROBADO
1508,2340,2025-01-26 04:01:00,1241.38,PLIN,APROBADO
1509,2342,2025-01-16 07:11:26,8011.29,TRANSFERENCIA,APROBADO
1510,2344,2025-10-30 19:00:36,17125.78,TRANSFERENCIA,APROBADO
1511,2345,2025-06-13 08:14:01,17879.31,TARJETA,APROBADO
1512,2346,2025-09-04 10:57:50,10901.22,TARJETA,APROBADO
1513,2347,2025-09-30 11:32:18,18994.31,TARJETA,APROBADO
1514,2348,2025-01-05 01:38:22,7148.7,TARJETA,APROBADO
1515,2352,2025-02-20 21:15:34,13188.0,YAPE,APROBADO
1516,2354,2025-10-31 06:52:32,28670.5,TARJETA,APROBADO
1517,2355,2025-03-26 22:52:20,21490.86,TARJETA,APROBADO
1518,2356,2025-10-01 14:30:05,5908.13,TARJETA,APROBADO
1519,2358,2025-01-26 07:25:25,10575.99,TARJETA,APROBADO
1520,2359,2025-08-12 01:48:11,20498.38,YAPE,APROBADO
1521,2360,2025-02-01 03:47:48,8377.88,YAPE,APROBADO
1522,2361,2025-04-11 20:53:29,6615.83,TRANSFERENCIA,APROBADO
1523,2362,2025-06-19 04:17:22,8467.62,TRANSFERENCIA,APROBADO
1524,2363,2025-11-05 22:48:38,1906.14,TRANSFERENCIA,APROBADO
1525,2364,2025-03-21 15:05:09,11405.64,TARJETA,APROBADO
1526,2365,2025-01-11 14:04:35,13823.75,TRANSFERENCIA,APROBADO
1527,2366,2025-02-21 16:14:14,16316.87,TARJETA,APROBADO
1528,2367,2025-04-21 07:06:46,18052.06,TRANSFERENCIA,APROBADO
1529,2368,2025-10-13 03:02:33,14309.92,PLIN,APROBADO
1530,2369,2025-04-27 16:56:20,25239.87,PLIN,APROBADO
1531,2370,2025-12-30 14:59:07,4218.87,TARJETA,APROBADO
1532,2371,2025-01-10 20:20:51,8503.91,TRANSFERENCIA,APROBADO
1533,2372,2025-09-01 21:58:06,6284.36,YAPE,APROBADO
1534,2373,2025-04-01 01:31:34,5487.92,TRANSFERENCIA,APROBADO
1535,2376,2025-04-21 13:52:14,15353.18,TRANSFERENCIA,APROBADO
1536,2379,2025-12-18 16:02:22,17217.11,TRANSFERENCIA,APROBADO
1537,2380,2025-01-07 08:48:17,11776.62,PLIN,APROBADO
1538,2381,2025-05-25 10:34:49,17927.1,TARJETA,APROBADO
1539,2382,2025-06-10 05:47:22,8244.96,YAPE,APROBADO
1540,2383,2025-04-05 00:53:06,9045.12,PLIN,APROBADO
1541,2385,2025-04-21 00:48:44,5447.39,YAPE,APROBADO
1542,2386,2025-03-25 08:52:00,12303.2,PLIN,APROBADO
1543,2389,2025-05-16 04:37:00,4337.71,TARJETA,APROBADO
1544,2390,2025-12-27 22:41:05,21344.07,TARJETA,APROBADO
1545,2391,2025-05-08 02:00:40,5456.01,YAPE,APROBADO
1546,2392,2025-01-13 20:26:23,7731.89,YAPE,APROBADO
1547,2393,2025-04-17 22:40:20,13882.93,TARJETA,APROBADO
1548,2395,2025-03-05 02:54:15,2996.38,PLIN,APROBADO
1549,2396,2025-03-08 18:26:07,8270.64,YAPE,APROBADO
1550,2397,2025-12-28 18:03:31,23515.13,PLIN,APROBADO
1551,2398,2025-07-21 11:37:12,5385.5,YAPE,APROBADO
1552,2399,2025-07-21 07:23:03,7044.13,TRANSFERENCIA,APROBADO
1553,2400,2025-09-11 14:43:37,9033.44,PLIN,APROBADO
1554,2401,2025-03-09 13:52:37,15086.14,YAPE,APROBADO
1555,2402,2025-08-23 06:42:51,7006.92,TRANSFERENCIA,APROBADO
1556,2403,2025-06-28 12:04:14,7391.46,TARJETA,APROBADO
1557,2405,2025-08-30 15:29:25,8339.46,TRANSFERENCIA,APROBADO
1558,2406,2025-06-10 02:35:17,2506.87,TRANSFERENCIA,APROBADO
1559,2409,2025-11-13 21:50:18,4769.36,TRANSFERENCIA,APROBADO
1560,2410,2025-11-17 10:17:31,1383.27,TARJETA,APROBADO
1561,2411,2025-04-15 20:52:50,11721.45,TRANSFERENCIA,APROBADO
1562,2412,2025-04-28 16:30:45,21837.59,YAPE,APROBADO
1563,2414,2025-04-15 09:55:05,9344.66,PLIN,APROBADO
1564,2416,2025-04-06 04:19:23,3363.66,YAPE,APROBADO
1565,2421,2025-10-06 20:24:01,9897.41,YAPE,APROBADO
1566,2422,2025-08-09 19:10:55,19393.23,YAPE,APROBADO
1567,2423,2025-06-28 07:53:41,21723.49,TARJETA,APROBADO
1568,2426,2025-12-09 20:02:48,6122.86,TARJETA,APROBADO
1569,2427,2025-03-24 10:39:22,17610.55,TARJETA,APROBADO
1570,2428,2025-07-05 23:48:45,7824.39,TRANSFERENCIA,APROBADO
1571,2429,2025-10-02 23:01:39,26936.17,TARJETA,APROBADO
1572,2430,2025-09-14 19:26:52,18423.74,TARJETA,APROBADO
1573,2431,2025-11-08 23:24:40,13969.81,TRANSFERENCIA,APROBADO
1574,2433,2025-10-16 19:23:57,14247.59,TRANSFERENCIA,APROBADO
1575,2435,2025-05-22 12:35:27,6200.9,PLIN,APROBADO
1576,2437,2025-08-08 21:05:17,30086.95,PLIN,APROBADO
1577,2438,2025-03-02 08:55:43,12927.15,TRANSFERENCIA,APROBADO
1578,2439,2025-11-15 05:26:42,17417.09,TARJETA,APROBADO
1579,2440,2025-07-17 11:06:24,7099.71,YAPE,APROBADO
1580,2441,2025-11-01 15:13:40,3718.26,PLIN,APROBADO
1581,2443,2025-09-13 03:31:44,6648.46,TRANSFERENCIA,APROBADO
1582,2444,2025-02-15 19:53:32,12616.27,PLIN,APROBADO
1583,2445,2025-12-21 20:51:45,15782.89,TARJETA,APROBADO
1584,2446,2025-02-23 20:41:30,3885.95,TRANSFERENCIA,APROBADO
1585,2447,2025-07-29 14:55:35,16351.3,PLIN,APROBADO
1586,2448,2025-06-20 03:17:12,17386.55,TARJETA,APROBADO
1587,2449,2025-03-29 13:54:35,21037.48,TRANSFERENCIA,APROBADO
1588,2450,2025-08-02 23:49:38,5910.02,YAPE,APROBADO
1589,2453,2025-01-24 09:17:10,13807.66,TARJETA,APROBADO
1590,2454,2025-01-26 08:47:41,24209.6,YAPE,APROBADO
1591,2455,2025-04-16 01:23:20,17238.82,YAPE,APROBADO
1592,2456,2025-02-02 13:08:30,25540.23,YAPE,APROBADO
1593,2457,2025-08-05 02:13:22,9146.9,TARJETA,APROBADO
1594,2458,2025-12-04 14:05:59,1225.06,PLIN,APROBADO
1595,2459,2025-02-13 19:04:39,13736.91,YAPE,APROBADO
1596,2460,2025-06-04 22:12:54,15855.89,PLIN,APROBADO
1597,2463,2025-11-11 13:04:47,458.98,TRANSFERENCIA,APROBADO
1598,2464,2025-02-26 21:14:46,9234.39,TRANSFERENCIA,APROBADO
1599,2465,2025-05-17 09:07:12,3824.83,YAPE,APROBADO
1600,2467,2025-05-14 19:36:53,4995.3,TARJETA,APROBADO
1601,2468,2025-08-27 17:45:40,2645.46,TRANSFERENCIA,APROBADO
1602,2469,2025-04-09 15:27:42,951.69,PLIN,APROBADO
1603,2470,2025-12-15 00:42:18,15334.18,TARJETA,APROBADO
1604,2472,2025-03-21 17:16:51,5731.84,TARJETA,APROBADO
1605,2473,2025-06-10 10:40:40,8492.4,YAPE,APROBADO
1606,2474,2025-09-13 09:21:48,2039.86,TRANSFERENCIA,APROBADO
1607,2476,2025-07-15 23:12:23,19481.48,PLIN,APROBADO
1608,2480,2025-05-25 03:11:01,16688.94,TARJETA,APROBADO
1609,2481,2025-11-03 17:27:01,4809.42,PLIN,APROBADO
1610,2482,2025-05-04 08:21:46,9581.67,TARJETA,APROBADO
1611,2483,2025-02-16 09:00:43,22710.51,TRANSFERENCIA,APROBADO
1612,2485,2025-05-10 20:30:59,13503.19,PLIN,APROBADO
1613,2486,2025-11-20 16:20:34,6334.74,TRANSFERENCIA,APROBADO
1614,2487,2025-07-18 17:13:45,8603.29,TRANSFERENCIA,APROBADO
1615,2488,2025-05-03 07:05:07,6641.58,YAPE,APROBADO
1616,2490,2025-03-03 21:23:45,5930.96,YAPE,APROBADO
1617,2491,2025-04-28 22:45:07,3514.45,TRANSFERENCIA,APROBADO
1618,2493,2025-05-26 04:12:24,18078.82,YAPE,APROBADO
1619,2494,2025-12-08 21:24:52,6919.92,YAPE,APROBADO
1620,2495,2025-09-16 14:01:38,4078.26,TRANSFERENCIA,APROBADO
1621,2498,2025-02-09 03:35:24,10379.88,TRANSFERENCIA,APROBADO
1622,2499,2025-09-02 02:29:33,20620.68,TARJETA,APROBADO
1623,2500,2025-02-02 18:44:18,2941.9,YAPE,APROBADO
1624,2501,2025-06-27 12:43:38,6227.94,PLIN,APROBADO
1625,2502,2025-07-06 13:14:58,9489.87,TRANSFERENCIA,APROBADO
1626,2503,2025-09-02 21:03:55,4324.7,YAPE,APROBADO
1627,2505,2025-02-25 21:25:37,2404.8,PLIN,APROBADO
1628,2507,2025-02-07 03:21:48,6360.62,PLIN,APROBADO
1629,2508,2026-01-01 00:25:49,19100.59,PLIN,APROBADO
1630,2509,2025-06-16 09:20:15,4913.74,TARJETA,APROBADO
1631,2510,2025-07-19 07:41:02,8040.0,TARJETA,APROBADO
1632,2511,2025-10-11 10:14:24,16663.23,YAPE,APROBADO
1633,2513,2025-08-27 08:39:07,22786.95,TARJETA,APROBADO
1634,2514,2025-05-25 18:00:30,8105.48,TARJETA,APROBADO
1635,2516,2025-03-23 22:52:54,20756.34,PLIN,APROBADO
1636,2518,2025-11-16 08:19:16,22267.11,PLIN,APROBADO
1637,2519,2025-04-26 15:49:37,9108.58,YAPE,APROBADO
1638,2520,2025-06-11 07:29:06,12883.13,PLIN,APROBADO
1639,2522,2025-10-11 19:48:17,7426.26,YAPE,APROBADO
1640,2523,2025-09-13 04:45:39,14777.64,PLIN,APROBADO
1641,2524,2025-10-02 03:03:05,27097.3,PLIN,APROBADO
1642,2527,2025-04-01 15:00:25,6462.21,YAPE,APROBADO
1643,2530,2025-01-15 14:57:01,19390.67,TARJETA,APROBADO
1644,2536,2025-03-18 00:00:03,3190.88,TARJETA,APROBADO
1645,2537,2025-06-22 06:45:23,10713.27,TRANSFERENCIA,APROBADO
1646,2538,2025-04-22 04:35:57,16902.33,PLIN,APROBADO
1647,2540,2025-12-26 08:20:32,13390.39,PLIN,APROBADO
1648,2541,2025-03-17 17:54:02,7074.16,TRANSFERENCIA,APROBADO
1649,2542,2025-04-17 20:16:05,6922.92,TARJETA,APROBADO
1650,2544,2025-06-15 01:15:16,24135.63,PLIN,APROBADO
1651,2545,2025-01-12 18:37:39,8337.64,PLIN,APROBADO
1652,2548,2025-02-06 16:41:26,3951.21,PLIN,APROBADO
1653,2549,2025-06-07 20:40:47,7819.96,PLIN,APROBADO
1654,2550,2025-10-01 17:42:22,5501.44,TARJETA,APROBADO
1655,2551,2025-06-21 20:10:56,5550.07,PLIN,APROBADO
1656,2552,2025-06-17 03:38:53,13308.06,PLIN,APROBADO
1657,2553,2025-08-23 14:00:49,5456.01,YAPE,APROBADO
1658,2554,2025-07-06 13:40:01,2643.14,TARJETA,APROBADO
1659,2555,2025-09-01 20:33:51,9176.3,TARJETA,APROBADO
1660,2558,2025-12-30 06:13:19,28191.6,YAPE,APROBADO
1661,2559,2025-04-30 05:43:43,8512.28,TARJETA,APROBADO
1662,2560,2025-06-01 03:21:26,1690.17,YAPE,APROBADO
1663,2563,2025-03-24 14:42:41,2207.18,TRANSFERENCIA,APROBADO
1664,2565,2025-02-16 18:26:18,27858.72,TARJETA,APROBADO
1665,2566,2025-06-13 11:19:35,17776.21,TRANSFERENCIA,APROBADO
1666,2568,2025-11-01 06:33:16,7370.15,TARJETA,APROBADO
1667,2570,2025-09-27 04:29:58,6280.97,YAPE,APROBADO
1668,2571,2025-10-26 01:43:09,7784.65,TRANSFERENCIA,APROBADO
1669,2572,2025-04-18 18:29:41,6993.22,TARJETA,APROBADO
1670,2573,2025-11-21 15:05:50,9747.57,PLIN,APROBADO
1671,2574,2025-06-30 20:05:27,6353.59,YAPE,APROBADO
1672,2576,2025-10-15 16:21:55,17713.32,TARJETA,APROBADO
1673,2578,2025-07-16 11:41:34,6572.83,YAPE,APROBADO
1674,2579,2025-09-20 01:18:39,11878.98,TARJETA,APROBADO
1675,2581,2025-02-26 11:21:36,20060.77,TARJETA,APROBADO
1676,2584,2025-11-01 07:53:16,1668.6,TARJETA,APROBADO
1677,2585,2025-08-30 13:38:02,26323.9,PLIN,APROBADO
1678,2586,2025-11-21 23:12:39,9215.15,TRANSFERENCIA,APROBADO
1679,2587,2025-09-27 13:04:24,20736.38,TRANSFERENCIA,APROBADO
1680,2588,2025-07-31 01:43:17,1947.77,TRANSFERENCIA,APROBADO
1681,2590,2025-07-08 09:21:28,16152.68,PLIN,APROBADO
1682,2591,2025-10-28 00:48:01,1022.62,YAPE,APROBADO
1683,2593,2025-03-21 10:18:42,11257.28,TARJETA,APROBADO
1684,2594,2025-10-27 13:45:48,27255.96,TARJETA,APROBADO
1685,2599,2025-09-20 01:07:43,3384.94,TARJETA,APROBADO
1686,2600,2025-06-30 04:25:14,3717.74,PLIN,APROBADO
1687,2603,2025-12-21 04:57:44,4308.14,TRANSFERENCIA,APROBADO
1688,2605,2025-12-14 04:40:49,16607.05,PLIN,APROBADO
1689,2607,2025-12-02 22:11:14,19933.71,PLIN,APROBADO
1690,2608,2025-10-16 04:50:12,6036.26,YAPE,APROBADO
1691,2609,2025-01-26 13:31:47,21071.83,PLIN,APROBADO
1692,2610,2025-08-21 23:12:45,11250.91,PLIN,APROBADO
1693,2611,2025-04-05 22:53:15,13743.33,TRANSFERENCIA,APROBADO
1694,2613,2025-07-25 14:53:46,7176.49,TRANSFERENCIA,APROBADO
1695,2614,2025-08-06 05:40:14,13612.23,YAPE,APROBADO
1696,2615,2025-12-29 21:12:15,1643.34,YAPE,APROBADO
1697,2617,2025-08-02 12:17:31,402.05,YAPE,APROBADO
1698,2618,2025-02-08 04:29:56,19464.16,TARJETA,APROBADO
1699,2620,2025-04-22 10:23:03,10758.28,PLIN,APROBADO
1700,2621,2025-09-09 16:03:45,16255.2,PLIN,APROBADO
1701,2622,2025-09-19 09:32:35,21371.02,PLIN,APROBADO
1702,2623,2025-11-27 00:29:24,17992.92,TARJETA,APROBADO
1703,2624,2025-10-24 14:33:30,3219.57,TRANSFERENCIA,APROBADO
1704,2625,2025-10-02 10:23:40,18663.8,TARJETA,APROBADO
1705,2626,2025-09-04 07:44:05,15619.04,TARJETA,APROBADO
1706,2627,2025-04-19 23:25:53,5617.95,PLIN,APROBADO
1707,2628,2025-08-12 15:38:10,4597.73,TRANSFERENCIA,APROBADO
1708,2630,2025-11-08 15:30:35,21253.34,TRANSFERENCIA,APROBADO
1709,2631,2025-12-04 10:33:30,2301.82,YAPE,APROBADO
1710,2632,2025-10-05 21:41:19,7689.6,YAPE,APROBADO
1711,2633,2025-02-01 02:41:27,2113.84,YAPE,APROBADO
1712,2634,2025-09-23 09:06:53,6079.16,TRANSFERENCIA,APROBADO
1713,2636,2025-04-20 19:55:45,8607.86,TARJETA,APROBADO
1714,2641,2025-03-16 15:49:45,4323.0,TRANSFERENCIA,APROBADO
1715,2642,2025-05-16 14:33:16,17332.87,TARJETA,APROBADO
1716,2643,2025-05-01 12:35:35,3638.4,TRANSFERENCIA,APROBADO
1717,2644,2025-09-20 01:56:27,21875.71,PLIN,APROBADO
1718,2645,2025-03-22 07:38:29,1370.22,TRANSFERENCIA,APROBADO
1719,2646,2025-11-05 03:10:25,2225.2,YAPE,APROBADO
1720,2648,2025-10-15 08:15:17,22259.58,YAPE,APROBADO
1721,2650,2025-12-24 07:42:43,8641.46,PLIN,APROBADO
1722,2653,2025-11-28 14:04:14,8161.35,YAPE,APROBADO
1723,2654,2025-01-14 21:40:36,13106.0,PLIN,APROBADO
1724,2655,2025-08-20 08:55:46,11291.04,TARJETA,APROBADO
1725,2657,2025-05-23 16:30:27,17215.03,TRANSFERENCIA,APROBADO
1726,2658,2025-01-24 02:20:55,18019.99,PLIN,APROBADO
1727,2659,2025-10-14 04:25:46,36979.11,YAPE,APROBADO
1728,2664,2025-06-18 00:58:06,9128.7,TARJETA,APROBADO
1729,2666,2025-09-27 05:28:28,7352.76,PLIN,APROBADO
1730,2667,2025-08-26 06:34:29,22559.7,TRANSFERENCIA,APROBADO
1731,2668,2025-07-30 07:37:22,1471.78,TRANSFERENCIA,APROBADO
1732,2671,2025-01-31 13:58:07,1375.32,TARJETA,APROBADO
1733,2672,2025-05-09 02:25:53,13406.35,TARJETA,APROBADO
1734,2673,2025-02-28 22:06:53,4388.58,PLIN,APROBADO
1735,2674,2025-02-03 14:48:16,19637.24,YAPE,APROBADO
1736,2675,2025-10-03 09:34:40,16736.82,TARJETA,APROBADO
1737,2676,2025-10-21 16:25:53,2766.54,TRANSFERENCIA,APROBADO
1738,2680,2025-02-26 06:54:22,17914.56,TRANSFERENCIA,APROBADO
1739,2681,2025-03-08 15:35:09,24442.22,YAPE,APROBADO
1740,2683,2025-10-13 21:27:55,18555.96,TRANSFERENCIA,APROBADO
1741,2685,2025-05-04 13:16:54,7346.03,YAPE,APROBADO
1742,2689,2025-01-31 19:56:41,12270.89,YAPE,APROBADO
1743,2690,2025-10-21 01:29:19,27255.03,PLIN,APROBADO
1744,2691,2025-04-22 09:12:18,8998.42,PLIN,APROBADO
1745,2692,2025-07-16 16:15:13,5607.97,YAPE,APROBADO
1746,2693,2025-05-25 05:32:58,22850.62,YAPE,APROBADO
1747,2695,2025-10-05 12:17:33,14842.88,TRANSFERENCIA,APROBADO
1748,2696,2025-02-19 00:30:09,15206.87,PLIN,APROBADO
1749,2700,2025-08-02 19:38:39,2772.52,YAPE,APROBADO
1750,2702,2025-01-26 15:59:45,2778.02,YAPE,APROBADO
1751,2704,2025-02-10 22:50:22,1420.76,YAPE,APROBADO
1752,2707,2025-09-06 03:04:47,9343.53,TRANSFERENCIA,APROBADO
1753,2708,2025-09-15 10:45:02,10733.13,YAPE,APROBADO
1754,2710,2025-09-11 16:12:20,14963.95,YAPE,APROBADO
1755,2712,2025-12-03 05:23:07,34326.52,PLIN,APROBADO
1756,2713,2025-05-22 08:42:40,12453.92,TARJETA,APROBADO
1757,2717,2025-03-20 09:15:25,5564.61,TRANSFERENCIA,APROBADO
1758,2718,2025-04-01 22:36:34,3525.33,YAPE,APROBADO
1759,2720,2025-01-30 06:23:24,7883.92,PLIN,APROBADO
1760,2721,2025-12-24 15:02:11,19661.42,YAPE,APROBADO
1761,2722,2025-01-18 07:30:02,14960.85,TRANSFERENCIA,APROBADO
1762,2723,2025-05-05 03:59:42,9760.39,YAPE,APROBADO
1763,2724,2025-02-24 04:55:30,5470.35,YAPE,APROBADO
1764,2725,2025-02-12 12:39:49,16129.23,YAPE,APROBADO
1765,2726,2025-12-24 22:13:29,18268.03,TARJETA,APROBADO
1766,2727,2025-03-25 04:28:15,6628.08,TARJETA,APROBADO
1767,2728,2025-11-07 00:16:35,12020.19,PLIN,APROBADO
1768,2731,2025-08-04 18:30:59,2278.94,TRANSFERENCIA,APROBADO
1769,2732,2025-11-14 22:04:57,17843.69,PLIN,APROBADO
1770,2733,2025-03-17 20:57:20,23804.96,TRANSFERENCIA,APROBADO
1771,2734,2025-05-21 08:04:29,12413.09,TRANSFERENCIA,APROBADO
1772,2735,2025-09-22 15:09:11,12533.55,PLIN,APROBADO
1773,2736,2025-02-11 14:43:05,3774.48,TARJETA,APROBADO
1774,2737,2025-07-18 21:34:21,23025.2,YAPE,APROBADO
1775,2740,2025-06-11 23:55:01,13520.7,TARJETA,APROBADO
1776,2741,2025-06-01 16:38:03,21142.21,PLIN,APROBADO
1777,2743,2025-05-18 08:47:40,11041.11,PLIN,APROBADO
1778,2745,2025-08-05 22:12:51,15144.57,TARJETA,APROBADO
1779,2746,2025-04-02 07:47:18,11721.17,PLIN,APROBADO
1780,2747,2025-11-04 06:05:25,4090.56,YAPE,APROBADO
1781,2749,2025-03-15 02:03:46,4920.3,TARJETA,APROBADO
1782,2750,2025-12-18 12:18:48,1995.12,YAPE,APROBADO
1783,2751,2025-04-09 15:08:25,2155.12,TRANSFERENCIA,APROBADO
1784,2753,2025-01-16 05:34:42,16327.01,TARJETA,APROBADO
1785,2754,2025-08-10 23:35:24,15136.09,TARJETA,APROBADO
1786,2760,2025-02-04 20:28:20,6908.58,TARJETA,APROBADO
1787,2761,2025-06-17 09:08:11,13468.51,TARJETA,APROBADO
1788,2765,2025-08-20 22:33:43,16066.29,PLIN,APROBADO
1789,2766,2025-03-03 12:46:53,20534.21,PLIN,APROBADO
1790,2769,2025-11-22 07:29:15,21677.89,YAPE,APROBADO
1791,2770,2025-03-09 14:19:27,2874.05,YAPE,APROBADO
1792,2772,2025-07-11 03:31:37,3107.38,TARJETA,APROBADO
1793,2774,2025-07-05 00:15:40,20258.99,PLIN,APROBADO
1794,2775,2025-10-18 18:35:22,5501.7,TARJETA,APROBADO
1795,2777,2025-03-11 10:41:38,11907.23,TARJETA,APROBADO
1796,2778,2025-04-11 15:10:31,16531.96,YAPE,APROBADO
1797,2780,2025-12-29 21:33:15,11069.77,PLIN,APROBADO
1798,2781,2025-01-15 00:33:57,25365.64,TARJETA,APROBADO
1799,2782,2025-09-15 09:15:42,3662.28,TRANSFERENCIA,APROBADO
1800,2783,2025-09-09 18:35:46,11163.95,TARJETA,APROBADO
1801,2786,2025-01-19 18:53:24,19341.62,TARJETA,APROBADO
1802,2787,2025-07-24 23:50:10,25130.55,TRANSFERENCIA,APROBADO
1803,2788,2025-09-25 18:14:03,18287.47,TRANSFERENCIA,APROBADO
1804,2789,2025-05-07 08:42:56,3382.11,PLIN,APROBADO
1805,2790,2025-12-02 09:56:52,18179.52,TRANSFERENCIA,APROBADO
1806,2791,2025-08-11 01:26:57,1022.62,PLIN,APROBADO
1807,2792,2025-10-26 02:16:25,11808.7,PLIN,APROBADO
1808,2794,2025-03-09 19:27:04,15505.83,PLIN,APROBADO
1809,2797,2025-05-24 01:32:06,12240.81,YAPE,APROBADO
1810,2798,2025-04-18 08:18:52,3711.61,YAPE,APROBADO
1811,2799,2025-06-10 19:04:07,3365.98,PLIN,APROBADO
1812,2800,2025-09-25 11:27:29,7597.42,YAPE,APROBADO
1813,2801,2025-05-11 05:18:23,13925.16,TRANSFERENCIA,APROBADO
1814,2802,2025-06-13 01:05:42,4710.46,TRANSFERENCIA,APROBADO
1815,2803,2025-10-28 06:37:46,6201.11,TRANSFERENCIA,APROBADO
1816,2805,2025-06-16 21:51:12,1315.96,PLIN,APROBADO
1817,2806,2025-11-04 15:56:32,12504.6,TRANSFERENCIA,APROBADO
1818,2807,2025-04-07 21:09:08,24408.12,PLIN,APROBADO
1819,2808,2025-12-13 22:08:07,19779.27,PLIN,APROBADO
1820,2809,2025-08-18 21:12:20,14599.39,TRANSFERENCIA,APROBADO
1821,2811,2025-12-24 14:14:38,4826.4,PLIN,APROBADO
1822,2812,2025-08-22 06:26:41,8219.89,PLIN,APROBADO
1823,2816,2025-10-12 23:03:38,6258.46,YAPE,APROBADO
1824,2817,2025-04-01 13:08:53,19977.63,YAPE,APROBADO
1825,2818,2025-04-30 05:28:20,14871.1,TRANSFERENCIA,APROBADO
1826,2821,2025-11-15 15:19:19,3653.73,TRANSFERENCIA,APROBADO
1827,2823,2025-06-22 01:01:56,9440.34,PLIN,APROBADO
1828,2825,2025-09-01 21:25:39,22250.48,TARJETA,APROBADO
1829,2827,2025-04-30 18:49:17,17512.4,TARJETA,APROBADO
1830,2829,2025-01-17 16:26:42,9732.99,YAPE,APROBADO
1831,2830,2025-01-18 02:06:10,10926.37,YAPE,APROBADO
1832,2831,2025-09-15 23:36:05,5393.78,PLIN,APROBADO
1833,2836,2025-03-30 13:21:08,12813.96,YAPE,APROBADO
1834,2837,2025-03-26 03:10:29,15210.5,TRANSFERENCIA,APROBADO
1835,2838,2025-08-19 19:04:46,20822.33,TRANSFERENCIA,APROBADO
1836,2839,2025-10-13 21:54:33,14433.21,PLIN,APROBADO
1837,2843,2025-11-07 12:35:56,1966.12,PLIN,APROBADO
1838,2844,2025-07-03 14:03:12,1482.94,YAPE,APROBADO
1839,2845,2025-08-02 13:45:56,5798.6,YAPE,APROBADO
1840,2847,2025-05-17 05:34:05,5211.54,YAPE,APROBADO
1841,2848,2025-09-12 20:56:48,13945.58,TARJETA,APROBADO
1842,2850,2025-08-18 23:29:41,3649.59,TRANSFERENCIA,APROBADO
1843,2852,2025-02-05 23:11:50,12877.14,TRANSFERENCIA,APROBADO
1844,2853,2025-10-26 12:57:54,10909.19,TARJETA,APROBADO
1845,2856,2025-04-10 19:17:30,4339.36,PLIN,APROBADO
1846,2859,2025-05-01 18:16:08,14952.14,YAPE,APROBADO
1847,2860,2025-03-05 10:04:12,1217.38,YAPE,APROBADO
1848,2861,2025-06-06 12:59:22,11425.17,TARJETA,APROBADO
1849,2862,2025-12-03 15:57:49,11637.81,PLIN,APROBADO
1850,2863,2025-12-06 23:32:40,19023.67,TRANSFERENCIA,APROBADO
1851,2864,2025-12-21 18:13:14,3946.74,TARJETA,APROBADO
1852,2865,2025-02-12 09:19:07,13449.3,PLIN,APROBADO
1853,2866,2025-10-15 00:38:18,13555.48,YAPE,APROBADO
1854,2869,2025-12-20 17:32:56,17540.96,TARJETA,APROBADO
1855,2871,2025-10-13 11:32:09,9232.44,YAPE,APROBADO
1856,2872,2025-08-15 15:15:58,16774.23,PLIN,APROBADO
1857,2873,2025-09-18 04:51:23,13764.72,TRANSFERENCIA,APROBADO
1858,2875,2025-08-16 16:31:53,4071.24,TRANSFERENCIA,APROBADO
1859,2877,2025-12-20 22:15:57,15235.08,TRANSFERENCIA,APROBADO
1860,2878,2025-08-13 22:57:42,2651.9,YAPE,APROBADO
1861,2881,2025-08-01 21:49:16,12287.48,TARJETA,APROBADO
1862,2882,2025-05-02 20:08:59,6606.45,YAPE,APROBADO
1863,2883,2025-12-05 12:57:48,6341.82,PLIN,APROBADO
1864,2885,2025-10-19 21:24:40,498.24,TARJETA,APROBADO
1865,2886,2025-08-24 05:58:04,8441.16,PLIN,APROBADO
1866,2887,2025-11-11 08:24:49,18464.3,YAPE,APROBADO
1867,2888,2025-10-12 00:56:55,15836.07,TRANSFERENCIA,APROBADO
1868,2889,2025-12-02 20:38:08,11653.08,YAPE,APROBADO
1869,2891,2025-12-24 11:49:52,27535.09,TRANSFERENCIA,APROBADO
1870,2892,2025-02-26 17:34:48,5219.76,YAPE,APROBADO
1871,2893,2025-05-04 11:28:12,18477.24,YAPE,APROBADO
1872,2895,2025-06-10 01:42:38,2973.12,TARJETA,APROBADO
1873,2896,2025-03-04 04:50:53,16434.07,TRANSFERENCIA,APROBADO
1874,2898,2025-07-16 09:06:39,10663.62,PLIN,APROBADO
1875,2899,2025-06-13 05:36:16,11610.62,PLIN,APROBADO
1876,2900,2025-02-26 22:40:47,15588.52,YAPE,APROBADO
1877,2901,2025-06-06 10:31:04,8003.7,YAPE,APROBADO
1878,2902,2025-11-30 17:43:10,4138.28,TRANSFERENCIA,APROBADO
1879,2903,2025-02-21 11:15:05,7318.29,YAPE,APROBADO
1880,2904,2025-12-29 16:02:33,15107.87,PLIN,APROBADO
1881,2905,2025-04-24 22:19:49,11533.56,TRANSFERENCIA,APROBADO
1882,2906,2025-10-13 17:13:23,13589.46,TRANSFERENCIA,APROBADO
1883,2907,2025-10-12 13:00:10,19555.42,TRANSFERENCIA,APROBADO
1884,2909,2025-01-28 18:01:31,2083.21,YAPE,APROBADO
1885,2910,2025-01-21 10:45:00,13426.67,TARJETA,APROBADO
1886,2911,2025-06-11 10:48:27,9486.54,TRANSFERENCIA,APROBADO
1887,2912,2025-03-29 02:42:43,1708.2,PLIN,APROBADO
1888,2914,2025-10-31 01:12:31,9704.41,PLIN,APROBADO
1889,2915,2025-08-09 16:07:53,3793.18,YAPE,APROBADO
1890,2916,2025-04-04 11:35:04,10934.19,TRANSFERENCIA,APROBADO
1891,2917,2025-03-30 14:22:07,15055.96,TRANSFERENCIA,APROBADO
1892,2918,2025-08-11 07:47:48,3822.73,PLIN,APROBADO
1893,2920,2025-02-07 11:59:17,20204.6,PLIN,APROBADO
1894,2921,2025-09-30 08:28:40,3908.72,TRANSFERENCIA,APROBADO
1895,2922,2025-09-01 17:44:52,5182.65,TARJETA,APROBADO
1896,2923,2025-04-10 19:27:49,24038.91,PLIN,APROBADO
1897,2925,2025-08-12 01:49:19,5929.68,TRANSFERENCIA,APROBADO
1898,2926,2025-01-20 13:08:10,11818.72,YAPE,APROBADO
1899,2928,2025-04-29 15:09:46,11747.85,TARJETA,APROBADO
1900,2929,2025-09-05 07:12:05,21662.25,YAPE,APROBADO
1901,2930,2025-11-30 20:58:12,12747.36,TRANSFERENCIA,APROBADO
1902,2931,2025-07-31 10:10:09,11091.17,PLIN,APROBADO
1903,2933,2025-05-13 18:21:35,6512.19,TARJETA,APROBADO
1904,2935,2025-09-22 21:17:48,10943.85,PLIN,APROBADO
1905,2936,2025-08-30 21:06:23,2536.78,PLIN,APROBADO
1906,2940,2025-04-07 15:32:47,32148.71,YAPE,APROBADO
1907,2944,2026-01-02 22:35:05,1297.19,YAPE,APROBADO
1908,2947,2025-06-07 01:09:22,15273.72,TRANSFERENCIA,APROBADO
1909,2948,2025-12-14 13:34:47,5710.56,TRANSFERENCIA,APROBADO
1910,2950,2025-06-29 17:50:44,10806.23,TRANSFERENCIA,APROBADO
1911,2951,2025-04-02 10:01:27,6341.82,TARJETA,APROBADO
1912,2952,2025-10-25 00:47:07,17190.0,TARJETA,APROBADO
1913,2953,2025-11-17 14:56:52,14365.63,TRANSFERENCIA,APROBADO
1914,2956,2025-03-03 14:44:52,13447.27,PLIN,APROBADO
1915,2957,2025-09-29 15:23:48,21390.78,TARJETA,APROBADO
1916,2958,2025-03-11 13:46:33,4154.14,PLIN,APROBADO
1917,2959,2025-07-25 13:53:51,14304.76,TRANSFERENCIA,APROBADO
1918,2963,2025-08-23 13:52:23,13355.69,TARJETA,APROBADO
1919,2966,2025-03-22 19:35:24,6971.01,TARJETA,APROBADO
1920,2969,2025-12-17 06:13:24,8040.24,PLIN,APROBADO
1921,2970,2025-06-01 11:53:40,7630.24,PLIN,APROBADO
1922,2971,2025-09-30 01:57:35,8212.65,PLIN,APROBADO
1923,2972,2025-05-31 16:55:06,6628.77,TARJETA,APROBADO
1924,2974,2025-06-05 07:39:41,8138.98,TARJETA,APROBADO
1925,2978,2025-12-11 09:49:03,24523.91,TRANSFERENCIA,APROBADO
1926,2979,2025-11-26 07:18:03,8180.79,PLIN,APROBADO
1927,2980,2025-08-25 00:02:33,10815.07,TARJETA,APROBADO
1928,2981,2025-05-28 10:49:06,11936.98,TRANSFERENCIA,APROBADO
1929,2982,2025-07-12 14:44:35,20142.54,TRANSFERENCIA,APROBADO
1930,2983,2025-07-27 14:42:51,3709.4,TARJETA,APROBADO
1931,2984,2025-06-22 08:04:29,13844.8,TARJETA,APROBADO
1932,2985,2025-08-02 01:39:38,10131.51,PLIN,APROBADO
1933,2986,2025-07-16 20:06:02,12080.23,TARJETA,APROBADO
1934,2987,2025-08-03 22:23:29,4939.8,TARJETA,APROBADO
1935,2988,2025-11-15 15:36:11,3877.68,TRANSFERENCIA,APROBADO
1936,2989,2025-05-25 11:14:01,11404.88,TARJETA,APROBADO
1937,2990,2025-12-21 03:54:49,20548.08,TRANSFERENCIA,APROBADO
1938,2991,2025-10-08 14:21:16,20615.36,YAPE,APROBADO
1939,2992,2025-07-09 16:23:49,8619.64,TRANSFERENCIA,APROBADO
1940,2993,2025-05-27 15:25:54,16718.92,TARJETA,APROBADO
1941,2995,2025-10-29 06:50:01,16845.81,TARJETA,APROBADO
1942,2996,2025-06-13 10:17:55,3417.99,YAPE,APROBADO
1943,2997,2025-04-26 20:50:12,11977.58,TRANSFERENCIA,APROBADO
1944,2999,2025-03-09 07:29:26,6940.82,YAPE,APROBADO
1945,3001,2025-11-23 09:55:00,2154.07,TARJETA,APROBADO
1946,3002,2025-12-30 05:32:49,11193.24,PLIN,APROBADO
1947,3007,2025-04-18 00:34:10,21420.15,TRANSFERENCIA,APROBADO
1948,3008,2025-10-31 15:20:01,19202.21,YAPE,APROBADO
1949,3010,2025-08-29 15:13:29,12368.85,PLIN,APROBADO
1950,3011,2025-07-26 21:06:55,12273.28,YAPE,APROBADO
1951,3012,2025-04-11 01:31:42,9119.94,TARJETA,APROBADO
1952,3013,2025-08-14 13:36:15,4648.89,TRANSFERENCIA,APROBADO
1953,3014,2025-05-01 14:10:57,538.16,TARJETA,APROBADO
1954,3015,2025-06-11 02:53:47,2661.79,PLIN,APROBADO
1955,3016,2025-02-21 05:38:41,14561.79,TARJETA,APROBADO
1956,3017,2025-08-29 07:17:34,5908.33,TARJETA,APROBADO
1957,3018,2025-03-04 05:15:38,12958.8,TRANSFERENCIA,APROBADO
1958,3019,2025-06-04 06:28:36,20638.17,TRANSFERENCIA,APROBADO
1959,3020,2025-07-02 15:55:28,15255.62,TRANSFERENCIA,APROBADO
1960,3021,2025-01-13 19:28:00,882.63,TARJETA,APROBADO
1961,3022,2025-03-31 07:18:30,3059.22,PLIN,APROBADO
1962,3023,2025-08-07 12:48:51,18711.12,PLIN,APROBADO
1963,3027,2025-05-25 05:22:21,20160.11,YAPE,APROBADO
1964,3028,2025-01-12 04:00:41,18185.68,PLIN,APROBADO
1965,3029,2025-08-07 02:56:58,10565.79,YAPE,APROBADO
1966,3030,2025-02-15 15:47:35,23793.39,TRANSFERENCIA,APROBADO
1967,3031,2025-01-29 22:23:39,16482.69,YAPE,APROBADO
1968,3032,2025-10-18 00:00:15,8737.45,TARJETA,APROBADO
1969,3033,2025-07-18 11:16:09,18525.51,PLIN,APROBADO
1970,3037,2025-08-28 14:25:41,8873.55,TRANSFERENCIA,APROBADO
1971,3038,2025-08-16 18:49:31,1252.8,TARJETA,APROBADO
1972,3040,2025-09-28 12:17:28,23091.38,TARJETA,APROBADO
1973,3042,2025-06-18 23:31:11,8948.49,YAPE,APROBADO
1974,3043,2025-10-12 09:22:58,15432.82,YAPE,APROBADO
1975,3046,2025-01-23 04:05:13,13383.99,YAPE,APROBADO
1976,3052,2025-03-07 20:13:15,8485.18,TRANSFERENCIA,APROBADO
1977,3053,2025-04-17 10:38:48,18732.56,TARJETA,APROBADO
1978,3054,2025-04-22 07:39:31,23200.57,TARJETA,APROBADO
1979,3055,2025-03-07 11:17:52,3703.32,TRANSFERENCIA,APROBADO
1980,3056,2025-01-12 01:37:39,13983.87,YAPE,APROBADO
1981,3057,2025-01-29 22:52:06,21501.62,YAPE,APROBADO
1982,3058,2025-06-01 09:55:42,7566.35,PLIN,APROBADO
1983,3060,2025-08-13 14:16:04,12187.34,TRANSFERENCIA,APROBADO
1984,3061,2025-09-24 13:41:48,16224.72,PLIN,APROBADO
1985,3062,2025-08-12 06:10:23,12379.68,YAPE,APROBADO
1986,3066,2025-03-06 08:05:51,14615.84,TARJETA,APROBADO
1987,3068,2025-06-09 11:01:51,24387.39,YAPE,APROBADO
1988,3070,2025-03-01 05:50:16,4256.04,YAPE,APROBADO
1989,3071,2025-06-19 03:07:10,13539.18,TARJETA,APROBADO
1990,3073,2025-10-13 01:27:40,3159.46,YAPE,APROBADO
1991,3074,2025-08-08 12:55:11,12137.09,PLIN,APROBADO
1992,3075,2025-07-09 04:16:50,4275.88,TARJETA,APROBADO
1993,3076,2025-05-16 06:03:08,10840.89,PLIN,APROBADO
1994,3077,2025-02-01 17:51:41,13289.16,TRANSFERENCIA,APROBADO
1995,3079,2025-02-08 00:43:11,14637.05,PLIN,APROBADO
1996,3080,2025-10-09 09:23:31,10145.08,YAPE,APROBADO
1997,3081,2025-11-23 22:09:49,4069.49,TARJETA,APROBADO
1998,3082,2025-03-14 23:44:06,475.46,TRANSFERENCIA,APROBADO
1999,3083,2025-03-16 11:21:48,2302.76,YAPE,APROBADO
2000,3084,2025-09-14 10:14:46,11962.07,TARJETA,APROBADO
2001,3085,2025-11-30 00:21:26,13002.15,TARJETA,APROBADO
2002,3086,2025-11-15 11:38:43,1989.8,PLIN,APROBADO
2003,3088,2025-08-04 22:00:48,8117.68,TRANSFERENCIA,APROBADO
2004,3089,2025-10-01 08:53:12,22649.79,YAPE,APROBADO
2005,3092,2025-09-01 15:30:16,1498.19,TARJETA,APROBADO
2006,3093,2025-09-08 15:29:32,3832.98,TARJETA,APROBADO
2007,3095,2026-01-01 17:14:11,8902.59,TRANSFERENCIA,APROBADO
2008,3096,2025-04-23 10:12:18,7318.21,TRANSFERENCIA,APROBADO
2009,3097,2025-06-23 22:23:10,28403.58,TARJETA,APROBADO
2010,3099,2025-12-05 11:51:39,24859.51,TARJETA,APROBADO
2011,3100,2025-02-26 05:10:49,8467.62,TRANSFERENCIA,APROBADO
2012,3104,2025-05-15 01:17:59,10020.87,YAPE,APROBADO
2013,3106,2025-11-21 22:26:49,4875.91,PLIN,APROBADO
2014,3108,2025-12-25 10:48:38,5570.64,TARJETA,APROBADO
2015,3110,2025-05-14 15:20:09,7211.32,PLIN,APROBADO
2016,3111,2025-08-05 05:42:54,7563.57,PLIN,APROBADO
2017,3113,2025-10-27 18:03:49,9400.57,PLIN,APROBADO
2018,3115,2025-08-07 17:16:38,26298.21,PLIN,APROBADO
2019,3117,2025-12-22 14:16:12,1011.82,YAPE,APROBADO
2020,3118,2025-05-21 22:23:22,1339.53,TARJETA,APROBADO
2021,3119,2025-12-20 03:58:10,8346.42,TARJETA,APROBADO
2022,3120,2025-07-03 15:48:06,10816.98,YAPE,APROBADO
2023,3121,2025-09-14 13:46:31,7084.22,TARJETA,APROBADO
2024,3124,2025-02-22 14:27:41,7832.53,YAPE,APROBADO
2025,3125,2025-01-24 08:32:16,12931.62,PLIN,APROBADO
2026,3126,2025-09-04 02:46:47,14289.92,PLIN,APROBADO
2027,3130,2025-11-10 20:36:35,7015.68,TRANSFERENCIA,APROBADO
2028,3131,2025-08-29 03:34:11,15116.61,TARJETA,APROBADO
2029,3132,2025-10-30 05:15:13,26890.29,TRANSFERENCIA,APROBADO
2030,3134,2025-08-12 19:17:55,2239.38,YAPE,APROBADO
2031,3135,2025-09-03 03:01:39,2278.94,PLIN,APROBADO
2032,3136,2025-01-13 06:02:57,32721.78,TARJETA,APROBADO
2033,3137,2025-10-26 13:08:54,13903.18,YAPE,APROBADO
2034,3141,2025-07-29 20:51:29,11729.79,PLIN,APROBADO
2035,3142,2025-02-07 12:26:49,13925.96,TARJETA,APROBADO
2036,3145,2025-02-11 05:02:21,6156.58,PLIN,APROBADO
2037,3146,2025-06-02 07:21:54,2673.07,PLIN,APROBADO
2038,3147,2025-03-10 06:18:29,21685.36,TARJETA,APROBADO
2039,3148,2025-02-10 10:00:11,22096.86,TRANSFERENCIA,APROBADO
2040,3149,2025-11-24 05:48:33,8390.19,TRANSFERENCIA,APROBADO
2041,3151,2025-07-05 22:14:02,5170.98,PLIN,APROBADO
2042,3152,2025-01-28 00:40:36,3094.92,TRANSFERENCIA,APROBADO
2043,3154,2025-01-31 15:39:42,3046.88,TARJETA,APROBADO
2044,3156,2025-08-25 15:16:50,1573.14,TRANSFERENCIA,APROBADO
2045,3157,2025-10-01 17:03:33,6874.46,YAPE,APROBADO
2046,3158,2025-05-01 02:32:02,34847.07,PLIN,APROBADO
2047,3161,2025-01-18 10:02:22,20484.72,YAPE,APROBADO
2048,3162,2025-07-13 14:55:24,21799.93,TRANSFERENCIA,APROBADO
2049,3163,2025-05-08 08:59:48,4720.15,TARJETA,APROBADO
2050,3164,2025-11-10 07:20:54,18756.33,YAPE,APROBADO
2051,3165,2025-11-20 18:37:39,2384.68,TARJETA,APROBADO
2052,3166,2025-11-13 03:43:20,15449.14,PLIN,APROBADO
2053,3167,2025-12-14 14:29:03,21166.92,PLIN,APROBADO
2054,3169,2025-09-13 21:35:08,7578.72,YAPE,APROBADO
2055,3171,2025-04-27 22:36:19,20060.77,PLIN,APROBADO
2056,3172,2025-12-13 10:22:46,5743.78,TARJETA,APROBADO
2057,3173,2025-10-23 11:23:58,5929.68,TRANSFERENCIA,APROBADO
2058,3176,2026-01-03 22:17:57,14978.88,YAPE,APROBADO
2059,3177,2025-09-27 07:05:32,13246.44,TARJETA,APROBADO
2060,3178,2025-10-23 20:07:14,10797.07,TRANSFERENCIA,APROBADO
2061,3181,2025-09-19 02:12:38,19391.54,PLIN,APROBADO
2062,3184,2025-05-22 23:54:36,16836.15,PLIN,APROBADO
2063,3185,2025-01-14 20:22:44,3249.3,PLIN,APROBADO
2064,3186,2025-11-11 17:26:16,8347.31,PLIN,APROBADO
2065,3187,2025-02-05 10:05:24,12720.32,PLIN,APROBADO
2066,3189,2025-07-22 14:14:32,17399.65,TARJETA,APROBADO
2067,3192,2025-07-12 21:43:25,15348.96,YAPE,APROBADO
2068,3193,2025-01-11 22:39:11,6590.5,YAPE,APROBADO
2069,3194,2025-02-27 11:20:54,24845.44,YAPE,APROBADO
2070,3195,2025-04-30 04:10:02,13973.04,TRANSFERENCIA,APROBADO
2071,3196,2025-10-04 04:20:48,10186.95,TRANSFERENCIA,APROBADO
2072,3197,2025-05-02 23:39:53,5596.51,TRANSFERENCIA,APROBADO
2073,3198,2025-10-03 18:09:19,12787.79,TARJETA,APROBADO
2074,3199,2025-11-29 22:17:18,16633.18,YAPE,APROBADO
2075,3200,2025-12-25 22:05:02,8606.38,TARJETA,APROBADO
2076,3203,2025-08-27 13:04:47,14467.44,TARJETA,APROBADO
2077,3205,2025-04-09 21:43:10,22076.17,TRANSFERENCIA,APROBADO
2078,3206,2025-01-24 20:02:32,4056.42,TRANSFERENCIA,APROBADO
2079,3207,2025-09-21 09:32:29,10284.39,TRANSFERENCIA,APROBADO
2080,3209,2025-03-11 17:30:11,4202.71,YAPE,APROBADO
2081,3211,2025-03-17 03:38:24,5835.32,PLIN,APROBADO
2082,3212,2025-07-17 01:28:21,1322.73,YAPE,APROBADO
2083,3214,2025-03-28 18:00:05,3333.36,TRANSFERENCIA,APROBADO
2084,3216,2025-08-31 11:12:54,23054.07,YAPE,APROBADO
2085,3218,2025-03-29 21:09:58,14818.56,PLIN,APROBADO
2086,3219,2025-03-20 08:52:25,3927.58,PLIN,APROBADO
2087,3220,2025-03-22 13:34:21,9103.18,PLIN,APROBADO
2088,3221,2025-10-18 04:11:51,5026.32,PLIN,APROBADO
2089,3222,2025-12-05 19:19:54,9843.32,TARJETA,APROBADO
2090,3223,2025-07-15 11:10:50,14200.18,TARJETA,APROBADO
2091,3224,2025-08-17 01:05:32,4189.45,TRANSFERENCIA,APROBADO
2092,3226,2025-04-25 10:06:07,22400.95,TRANSFERENCIA,APROBADO
2093,3229,2025-01-14 07:58:44,26461.85,TRANSFERENCIA,APROBADO
2094,3230,2025-06-03 11:39:28,14910.58,PLIN,APROBADO
2095,3236,2025-04-23 19:35:17,6073.0,YAPE,APROBADO
2096,3237,2025-11-23 03:58:19,5546.04,TARJETA,APROBADO
2097,3239,2025-01-26 06:39:40,11925.55,TARJETA,APROBADO
2098,3240,2025-09-03 05:53:58,17006.91,YAPE,APROBADO
2099,3242,2025-09-20 05:56:25,12478.09,TARJETA,APROBADO
2100,3243,2025-01-09 09:40:06,2535.36,TRANSFERENCIA,APROBADO
2101,3244,2025-11-13 09:09:05,18931.68,YAPE,APROBADO
2102,3245,2025-11-04 02:08:42,10442.79,PLIN,APROBADO
2103,3249,2025-04-02 18:21:19,15694.22,PLIN,APROBADO
2104,3250,2025-11-16 12:38:36,12117.08,YAPE,APROBADO
2105,3252,2025-06-13 19:55:20,27298.72,TRANSFERENCIA,APROBADO
2106,3253,2025-09-21 07:31:14,23288.23,TARJETA,APROBADO
2107,3254,2025-10-19 13:07:58,21055.3,TARJETA,APROBADO
2108,3256,2026-01-02 21:28:55,7268.7,PLIN,APROBADO
2109,3257,2025-05-18 05:17:30,5583.3,YAPE,APROBADO
2110,3259,2025-10-06 22:00:50,11843.17,PLIN,APROBADO
2111,3261,2025-12-20 00:04:11,19726.1,TRANSFERENCIA,APROBADO
2112,3262,2025-11-20 10:36:50,11998.02,PLIN,APROBADO
2113,3263,2025-10-12 07:49:02,16645.95,PLIN,APROBADO
2114,3264,2025-10-02 11:11:55,9152.78,YAPE,APROBADO
2115,3265,2025-02-24 16:34:15,10071.37,YAPE,APROBADO
2116,3266,2025-12-28 07:00:45,12290.24,TRANSFERENCIA,APROBADO
2117,3269,2025-07-02 11:53:56,8022.7,YAPE,APROBADO
2118,3271,2025-10-11 06:10:53,13151.87,PLIN,APROBADO
2119,3273,2025-07-12 06:46:28,8483.52,YAPE,APROBADO
2120,3274,2025-08-04 14:43:34,15856.34,PLIN,APROBADO
2121,3276,2025-06-08 12:45:18,15519.19,TRANSFERENCIA,APROBADO
2122,3278,2025-10-15 02:23:23,9374.88,YAPE,APROBADO
2123,3279,2025-02-21 15:20:56,3066.28,PLIN,APROBADO
2124,3280,2025-01-24 23:52:58,9820.71,TRANSFERENCIA,APROBADO
2125,3281,2025-06-30 09:58:23,15531.21,YAPE,APROBADO
2126,3282,2025-04-18 14:47:42,3325.68,YAPE,APROBADO
2127,3285,2025-07-01 07:06:25,20157.18,YAPE,APROBADO
2128,3286,2025-06-26 16:21:18,145.62,PLIN,APROBADO
2129,3287,2025-09-01 04:49:22,6031.96,YAPE,APROBADO
2130,3288,2025-05-24 22:46:50,15576.25,PLIN,APROBADO
2131,3289,2025-10-02 12:42:14,3643.71,TARJETA,APROBADO
2132,3293,2025-01-10 07:02:27,6570.79,YAPE,APROBADO
2133,3294,2025-11-23 15:13:11,5470.35,YAPE,APROBADO
2134,3296,2026-01-03 11:42:42,6462.21,TRANSFERENCIA,APROBADO
2135,3299,2025-01-15 21:11:06,6079.69,TRANSFERENCIA,APROBADO
2136,3300,2025-05-14 19:55:05,4862.96,PLIN,APROBADO
2137,3303,2025-07-14 16:40:00,23029.83,TRANSFERENCIA,APROBADO
2138,3304,2025-12-18 22:05:36,20091.96,TARJETA,APROBADO
2139,3305,2025-04-14 05:57:14,25407.78,YAPE,APROBADO
2140,3306,2025-05-13 14:21:09,13524.22,YAPE,APROBADO
2141,3309,2025-12-03 17:11:38,5497.2,PLIN,APROBADO
2142,3310,2025-06-04 02:27:37,21881.19,TRANSFERENCIA,APROBADO
2143,3311,2025-08-15 00:59:08,13883.53,TARJETA,APROBADO
2144,3312,2025-08-09 07:53:38,9353.67,YAPE,APROBADO
2145,3313,2025-01-20 09:10:21,9313.52,TRANSFERENCIA,APROBADO
2146,3314,2025-02-08 01:57:30,15326.99,TARJETA,APROBADO
2147,3315,2025-03-19 02:11:47,657.98,PLIN,APROBADO
2148,3316,2025-05-29 12:50:33,3288.59,TRANSFERENCIA,APROBADO
2149,3317,2025-12-29 08:41:00,6781.93,TRANSFERENCIA,APROBADO
2150,3318,2025-07-26 23:59:13,1747.96,PLIN,APROBADO
2151,3319,2025-11-26 08:16:28,2740.35,YAPE,APROBADO
2152,3320,2025-02-03 01:53:09,10098.74,YAPE,APROBADO
2153,3324,2025-05-24 23:31:53,17946.02,YAPE,APROBADO
2154,3327,2025-05-20 05:30:54,2090.96,TARJETA,APROBADO
2155,3328,2025-05-18 23:14:08,15716.73,YAPE,APROBADO
2156,3329,2025-11-03 13:51:02,9926.61,TARJETA,APROBADO
2157,3330,2025-10-07 08:55:58,17983.9,TARJETA,APROBADO
2158,3331,2025-10-07 08:53:21,6416.63,PLIN,APROBADO
2159,3333,2025-05-14 16:59:50,2062.98,TARJETA,APROBADO
2160,3334,2025-05-09 13:29:03,21286.39,YAPE,APROBADO
2161,3335,2025-10-05 08:15:42,25604.39,YAPE,APROBADO
2162,3337,2025-08-21 10:49:36,23232.19,PLIN,APROBADO
2163,3338,2025-09-15 23:18:27,6442.47,YAPE,APROBADO
2164,3341,2025-07-23 13:23:37,15405.36,TARJETA,APROBADO
2165,3344,2025-01-06 03:06:15,7536.52,YAPE,APROBADO
2166,3345,2025-02-18 11:06:10,17862.89,YAPE,APROBADO
2167,3346,2025-02-10 04:52:58,13814.57,TRANSFERENCIA,APROBADO
2168,3348,2025-05-09 23:57:22,2417.94,YAPE,APROBADO
2169,3349,2025-10-07 02:07:02,4153.29,PLIN,APROBADO
2170,3356,2025-08-22 18:08:25,359.7,PLIN,APROBADO
2171,3357,2025-02-10 13:26:06,1845.28,YAPE,APROBADO
2172,3358,2025-09-23 10:34:33,803.07,PLIN,APROBADO
2173,3359,2025-03-11 05:09:13,14022.96,TARJETA,APROBADO
2174,3361,2025-03-17 22:41:27,21753.64,TARJETA,APROBADO
2175,3362,2025-09-29 08:08:13,22540.49,YAPE,APROBADO
2176,3363,2025-03-07 06:16:35,16213.25,TARJETA,APROBADO
2177,3364,2025-02-06 07:27:23,5549.56,PLIN,APROBADO
2178,3365,2025-01-07 13:08:29,19637.49,TRANSFERENCIA,APROBADO
2179,3367,2025-09-22 13:22:45,2067.11,YAPE,APROBADO
2180,3368,2025-12-03 21:22:39,2382.11,YAPE,APROBADO
2181,3369,2025-07-18 03:56:28,2301.82,TRANSFERENCIA,APROBADO
2182,3370,2025-11-27 01:11:40,2483.45,TRANSFERENCIA,APROBADO
2183,3372,2025-11-18 08:19:38,8241.72,TRANSFERENCIA,APROBADO
2184,3374,2025-08-12 10:13:50,7841.64,PLIN,APROBADO
2185,3375,2025-02-28 16:30:15,6318.49,YAPE,APROBADO
2186,3376,2025-10-24 05:56:43,7270.44,TRANSFERENCIA,APROBADO
2187,3378,2025-06-06 20:34:56,12240.86,PLIN,APROBADO
2188,3381,2025-12-24 20:03:16,15472.99,TRANSFERENCIA,APROBADO
2189,3382,2025-07-24 16:56:09,14540.97,PLIN,APROBADO
2190,3383,2025-02-21 04:53:36,11882.79,TARJETA,APROBADO
2191,3384,2025-01-16 23:02:13,18863.5,TRANSFERENCIA,APROBADO
2192,3385,2025-02-20 08:57:44,1890.51,PLIN,APROBADO
2193,3386,2025-03-28 14:54:08,3800.5,TARJETA,APROBADO
2194,3388,2025-06-21 02:30:13,3403.29,YAPE,APROBADO
2195,3390,2025-11-01 04:37:11,7711.47,PLIN,APROBADO
2196,3391,2025-05-29 18:09:49,3324.23,PLIN,APROBADO
2197,3392,2025-08-08 16:31:42,821.67,PLIN,APROBADO
2198,3393,2025-09-08 05:09:59,33240.24,PLIN,APROBADO
2199,3394,2025-11-22 01:13:16,23355.8,YAPE,APROBADO
2200,3401,2025-07-01 19:38:12,18557.91,YAPE,APROBADO
2201,3402,2025-10-29 06:02:12,24129.37,TRANSFERENCIA,APROBADO
2202,3403,2025-12-28 18:16:42,25087.96,TRANSFERENCIA,APROBADO
2203,3404,2025-11-28 22:03:21,6509.8,TRANSFERENCIA,APROBADO
2204,3405,2025-10-21 06:58:49,3633.61,YAPE,APROBADO
2205,3406,2025-08-20 15:52:54,6733.16,TRANSFERENCIA,APROBADO
2206,3408,2025-04-18 07:43:30,7505.18,PLIN,APROBADO
2207,3409,2025-11-28 17:08:13,15499.88,PLIN,APROBADO
2208,3410,2025-08-06 02:15:05,6886.28,YAPE,APROBADO
2209,3413,2025-02-11 09:47:42,5358.4,YAPE,APROBADO
2210,3414,2025-09-22 08:05:37,11277.33,TARJETA,APROBADO
2211,3415,2025-04-10 05:50:58,1739.79,TRANSFERENCIA,APROBADO
2212,3417,2025-02-07 16:27:23,6238.66,TARJETA,APROBADO
2213,3419,2025-08-31 03:35:59,16143.4,TRANSFERENCIA,APROBADO
2214,3420,2025-06-24 18:40:50,17384.25,TRANSFERENCIA,APROBADO
2215,3423,2025-04-27 16:48:31,15381.26,TRANSFERENCIA,APROBADO
2216,3425,2025-10-29 10:11:23,2483.44,YAPE,APROBADO
2217,3426,2025-11-17 19:59:25,9533.07,YAPE,APROBADO
2218,3429,2025-04-30 21:41:11,18466.53,PLIN,APROBADO
2219,3430,2025-08-09 19:12:39,10055.02,YAPE,APROBADO
2220,3431,2025-04-15 08:31:15,21070.98,TARJETA,APROBADO
2221,3432,2025-08-14 18:37:50,1669.71,TARJETA,APROBADO
2222,3433,2025-06-01 11:27:21,16483.04,TARJETA,APROBADO
2223,3434,2025-12-10 20:42:25,14697.34,PLIN,APROBADO
2224,3435,2025-01-12 12:53:44,1608.4,PLIN,APROBADO
2225,3438,2025-11-07 16:30:56,35123.15,TARJETA,APROBADO
2226,3439,2025-09-11 12:51:44,19578.63,TRANSFERENCIA,APROBADO
2227,3440,2025-04-11 12:59:31,15527.69,YAPE,APROBADO
2228,3441,2025-06-28 21:20:49,20341.47,PLIN,APROBADO
2229,3443,2025-11-16 08:10:00,13304.8,TRANSFERENCIA,APROBADO
2230,3444,2025-07-13 04:57:18,2310.92,TRANSFERENCIA,APROBADO
2231,3446,2025-03-27 05:52:39,8051.46,TARJETA,APROBADO
2232,3447,2025-04-24 16:29:52,1139.47,PLIN,APROBADO
2233,3448,2025-07-12 03:32:00,4445.14,PLIN,APROBADO
2234,3450,2025-02-19 16:09:36,12584.13,TARJETA,APROBADO
2235,3451,2025-08-07 06:18:24,4189.7,TARJETA,APROBADO
2236,3452,2025-12-16 16:42:49,15565.51,PLIN,APROBADO
2237,3453,2025-08-18 22:24:42,3006.1,TARJETA,APROBADO
2238,3454,2025-05-06 22:47:15,6766.22,TRANSFERENCIA,APROBADO
2239,3455,2025-07-17 14:18:32,14036.43,PLIN,APROBADO
2240,3456,2025-07-19 05:50:56,5470.65,PLIN,APROBADO
2241,3457,2025-07-14 03:31:17,16244.07,TRANSFERENCIA,APROBADO
2242,3458,2025-07-19 05:45:10,16163.23,TRANSFERENCIA,APROBADO
2243,3460,2025-07-24 00:52:56,4138.28,PLIN,APROBADO
2244,3461,2025-10-27 17:08:51,24209.99,TARJETA,APROBADO
2245,3464,2025-10-27 05:12:04,6769.88,YAPE,APROBADO
2246,3466,2025-10-27 05:51:26,10702.86,TRANSFERENCIA,APROBADO
2247,3467,2025-12-27 01:23:43,3708.02,TRANSFERENCIA,APROBADO
2248,3468,2025-02-09 14:51:22,13627.09,PLIN,APROBADO
2249,3471,2025-01-18 08:22:50,15936.19,TARJETA,APROBADO
2250,3474,2025-09-06 04:37:54,7560.42,TRANSFERENCIA,APROBADO
2251,3479,2025-05-17 09:53:25,15309.9,PLIN,APROBADO
2252,3480,2025-05-04 21:04:02,21923.3,YAPE,APROBADO
2253,3481,2025-03-14 15:57:56,3203.77,PLIN,APROBADO
2254,3482,2025-03-21 03:42:39,4153.81,TARJETA,APROBADO
2255,3484,2025-10-04 02:21:55,10759.26,YAPE,APROBADO
2256,3486,2025-02-28 08:41:55,2856.93,YAPE,APROBADO
2257,3488,2025-12-07 09:53:57,7832.04,PLIN,APROBADO
2258,3490,2025-05-17 16:48:54,7288.68,PLIN,APROBADO
2259,3492,2025-07-07 14:19:40,9969.88,TRANSFERENCIA,APROBADO
2260,3493,2025-12-19 11:39:06,16395.81,YAPE,APROBADO
2261,3495,2025-09-25 18:57:44,13160.88,YAPE,APROBADO
2262,3497,2025-02-12 22:22:39,7074.69,YAPE,APROBADO
2263,3498,2025-10-23 12:27:04,13099.75,PLIN,APROBADO
2264,3500,2025-03-17 03:14:04,11462.96,PLIN,APROBADO
2265,3502,2025-02-04 06:48:17,29201.47,TRANSFERENCIA,APROBADO
2266,3503,2025-07-31 10:51:20,22445.0,PLIN,APROBADO
2267,3504,2026-01-04 06:17:23,11737.63,TARJETA,APROBADO
2268,3505,2025-11-24 23:20:42,19761.95,PLIN,APROBADO
2269,3506,2025-04-02 12:45:21,11844.77,YAPE,APROBADO
2270,3508,2025-08-25 12:23:42,4303.63,YAPE,APROBADO
2271,3510,2025-02-18 18:26:43,1081.04,YAPE,APROBADO
2272,3512,2025-08-18 04:00:45,7668.3,TARJETA,APROBADO
2273,3513,2025-10-06 05:16:07,365.39,PLIN,APROBADO
2274,3514,2025-12-16 04:16:08,7949.26,TRANSFERENCIA,APROBADO
2275,3515,2025-01-23 06:21:02,6908.28,TRANSFERENCIA,APROBADO
2276,3516,2025-08-08 12:37:18,17368.05,TARJETA,APROBADO
2277,3517,2025-11-17 18:04:31,32057.48,PLIN,APROBADO
2278,3519,2025-10-04 21:46:38,2996.04,TRANSFERENCIA,APROBADO
2279,3520,2025-09-20 07:17:38,14208.04,TRANSFERENCIA,APROBADO
2280,3521,2025-10-13 04:53:58,2869.91,TRANSFERENCIA,APROBADO
2281,3522,2025-10-22 04:33:07,166.08,PLIN,APROBADO
2282,3524,2025-03-08 06:41:50,16160.59,TRANSFERENCIA,APROBADO
2283,3526,2025-06-05 04:10:46,16460.86,TARJETA,APROBADO
2284,3530,2025-07-06 15:04:58,5979.99,YAPE,APROBADO
2285,3532,2025-03-20 16:13:54,5457.07,PLIN,APROBADO
2286,3534,2025-09-22 21:16:14,15154.99,YAPE,APROBADO
2287,3535,2025-12-06 19:18:41,20401.58,YAPE,APROBADO
2288,3536,2025-12-18 21:48:09,7990.47,PLIN,APROBADO
2289,3537,2025-09-03 17:41:04,14400.76,PLIN,APROBADO
2290,3538,2025-04-11 19:18:21,17002.64,TARJETA,APROBADO
2291,3539,2025-02-06 22:52:43,15349.79,PLIN,APROBADO
2292,3540,2025-11-13 21:34:15,11027.92,TRANSFERENCIA,APROBADO
2293,3544,2025-04-29 19:48:00,15525.38,TRANSFERENCIA,APROBADO
2294,3548,2025-08-12 03:29:23,9478.59,TRANSFERENCIA,APROBADO
2295,3549,2025-11-13 08:45:38,9310.1,YAPE,APROBADO
2296,3551,2025-06-30 11:22:50,10868.54,YAPE,APROBADO
2297,3553,2025-11-16 02:15:23,8289.68,PLIN,APROBADO
2298,3554,2025-08-22 00:39:46,12093.94,YAPE,APROBADO
2299,3555,2025-07-30 18:42:56,17411.94,TARJETA,APROBADO
2300,3556,2025-09-20 07:13:55,15768.19,PLIN,APROBADO
2301,3558,2025-02-02 05:29:57,4617.66,YAPE,APROBADO
2302,3559,2025-07-22 07:02:42,4169.04,TRANSFERENCIA,APROBADO
2303,3562,2025-04-21 01:27:25,21942.6,YAPE,APROBADO
2304,3563,2025-08-27 03:48:40,10980.56,PLIN,APROBADO
2305,3564,2025-03-23 06:41:01,1260.34,YAPE,APROBADO
2306,3565,2025-08-21 16:33:59,4478.76,TARJETA,APROBADO
2307,3567,2025-06-28 18:52:24,14081.96,YAPE,APROBADO
2308,3568,2025-02-05 14:29:50,3558.61,TARJETA,APROBADO
2309,3569,2025-10-13 15:42:58,19912.71,TARJETA,APROBADO
2310,3571,2025-10-21 10:43:32,8815.52,TRANSFERENCIA,APROBADO
2311,3572,2025-04-06 08:11:45,16661.41,TRANSFERENCIA,APROBADO
2312,3573,2025-04-04 03:31:40,22242.05,TRANSFERENCIA,APROBADO
2313,3574,2025-01-19 16:34:59,17903.31,PLIN,APROBADO
2314,3576,2025-05-13 03:58:40,16876.0,PLIN,APROBADO
2315,3578,2025-02-07 07:27:18,1161.86,TRANSFERENCIA,APROBADO
2316,3580,2025-06-04 15:24:17,1761.45,TRANSFERENCIA,APROBADO
2317,3583,2025-04-25 13:13:56,5487.92,TRANSFERENCIA,APROBADO
2318,3585,2025-02-04 00:23:53,19314.26,YAPE,APROBADO
2319,3586,2025-04-26 20:48:07,6306.49,YAPE,APROBADO
2320,3587,2026-01-02 07:50:10,14060.3,TARJETA,APROBADO
2321,3589,2025-04-27 10:53:26,12096.76,TRANSFERENCIA,APROBADO
2322,3590,2025-08-06 10:03:46,8397.88,TARJETA,APROBADO
2323,3591,2025-06-14 11:56:27,21291.45,TARJETA,APROBADO
2324,3593,2025-12-15 00:59:20,24065.1,TARJETA,APROBADO
2325,3595,2025-09-06 11:08:57,5394.6,TRANSFERENCIA,APROBADO
2326,3596,2025-08-02 18:58:42,16956.01,PLIN,APROBADO
2327,3597,2025-03-13 03:36:47,7053.42,PLIN,APROBADO
2328,3598,2025-06-15 08:58:47,7311.38,TARJETA,APROBADO
2329,3599,2025-06-12 00:42:35,13561.24,YAPE,APROBADO
2330,3600,2025-08-31 04:50:43,6464.01,TRANSFERENCIA,APROBADO
2331,3601,2025-06-06 15:48:57,14149.24,TRANSFERENCIA,APROBADO
2332,3604,2025-01-29 14:00:10,4973.36,TARJETA,APROBADO
2333,3605,2025-07-12 17:32:23,7933.48,TRANSFERENCIA,APROBADO
2334,3606,2025-04-06 11:34:45,6318.92,TARJETA,APROBADO
2335,3609,2025-04-30 04:15:32,11540.13,TARJETA,APROBADO
2336,3612,2025-04-04 11:34:35,14765.92,PLIN,APROBADO
2337,3614,2025-05-07 00:38:51,9318.07,YAPE,APROBADO
2338,3618,2025-01-12 23:57:07,17544.83,TRANSFERENCIA,APROBADO
2339,3620,2025-02-04 22:52:59,14466.65,PLIN,APROBADO
2340,3621,2025-11-18 09:33:07,3257.63,TARJETA,APROBADO
2341,3622,2025-06-18 13:44:20,14261.06,PLIN,APROBADO
2342,3625,2025-08-26 14:54:42,3337.8,PLIN,APROBADO
2343,3626,2025-03-10 10:46:45,2869.91,TARJETA,APROBADO
2344,3628,2025-10-21 20:09:59,13635.4,TARJETA,APROBADO
2345,3629,2025-02-25 04:09:40,10126.36,PLIN,APROBADO
2346,3630,2025-01-17 18:15:40,16715.27,PLIN,APROBADO
2347,3632,2025-05-24 15:08:46,4543.47,TARJETA,APROBADO
2348,3633,2025-11-17 09:28:45,2706.68,TARJETA,APROBADO
2349,3635,2025-09-13 04:29:39,22653.02,TRANSFERENCIA,APROBADO
2350,3640,2025-04-26 10:08:14,28118.86,PLIN,APROBADO
2351,3641,2025-10-24 13:02:29,5905.38,YAPE,APROBADO
2352,3642,2025-07-25 03:04:41,7456.17,TRANSFERENCIA,APROBADO
2353,3645,2025-10-06 11:58:12,654.03,TARJETA,APROBADO
2354,3646,2025-01-31 18:44:29,12386.44,PLIN,APROBADO
2355,3647,2025-09-24 06:45:13,19145.61,YAPE,APROBADO
2356,3648,2025-10-04 08:43:49,8527.52,YAPE,APROBADO
2357,3650,2025-09-30 08:41:02,3642.56,TRANSFERENCIA,APROBADO
2358,3651,2025-02-18 09:17:30,19801.29,PLIN,APROBADO
2359,3654,2025-03-21 20:05:46,28754.6,TARJETA,APROBADO
2360,3656,2025-09-19 07:10:04,8391.14,PLIN,APROBADO
2361,3657,2025-06-06 13:19:42,1370.22,PLIN,APROBADO
2362,3658,2025-08-05 23:21:58,11027.62,TARJETA,APROBADO
2363,3659,2025-05-09 03:55:44,10605.06,YAPE,APROBADO
2364,3661,2025-04-26 10:25:40,27303.06,YAPE,APROBADO
2365,3662,2025-04-08 01:20:15,9303.78,PLIN,APROBADO
2366,3665,2025-04-16 15:54:04,4784.91,YAPE,APROBADO
2367,3666,2026-01-01 08:09:38,11010.85,TRANSFERENCIA,APROBADO
2368,3668,2025-10-01 01:18:09,317.16,TARJETA,APROBADO
2369,3669,2025-03-15 06:25:21,14021.31,TARJETA,APROBADO
2370,3670,2025-10-27 09:46:50,5904.4,TARJETA,APROBADO
2371,3671,2025-10-29 10:27:01,13397.29,YAPE,APROBADO
2372,3675,2025-06-07 19:00:25,14113.47,PLIN,APROBADO
2373,3678,2025-04-30 07:10:21,12908.9,TRANSFERENCIA,APROBADO
2374,3679,2025-02-20 08:04:48,13238.76,PLIN,APROBADO
2375,3680,2025-05-10 14:02:28,11333.14,YAPE,APROBADO
2376,3681,2026-01-02 09:59:06,25793.37,TARJETA,APROBADO
2377,3683,2025-11-03 18:28:51,11848.55,TARJETA,APROBADO
2378,3685,2025-10-04 02:47:28,16517.24,TARJETA,APROBADO
2379,3686,2025-07-28 00:37:48,17020.3,TARJETA,APROBADO
2380,3687,2025-04-06 09:25:38,79.23,PLIN,APROBADO
2381,3688,2025-06-24 12:24:56,4872.1,YAPE,APROBADO
2382,3691,2025-01-12 19:40:18,24071.55,PLIN,APROBADO
2383,3692,2025-10-12 03:45:32,18307.99,TRANSFERENCIA,APROBADO
2384,3694,2025-03-23 19:07:01,9418.32,TARJETA,APROBADO
2385,3698,2025-10-17 15:32:03,13380.52,TARJETA,APROBADO
2386,3700,2025-03-15 02:54:46,18476.47,YAPE,APROBADO
2387,3701,2025-05-09 23:44:06,11863.88,PLIN,APROBADO
2388,3702,2025-06-29 19:41:21,1923.52,PLIN,APROBADO
2389,3704,2025-04-02 09:26:07,26927.28,TRANSFERENCIA,APROBADO
2390,3706,2025-08-06 17:18:51,5035.08,YAPE,APROBADO
2391,3707,2025-06-14 11:23:01,2726.69,TRANSFERENCIA,APROBADO
2392,3710,2025-09-18 21:39:04,24930.57,YAPE,APROBADO
2393,3712,2025-02-11 23:56:00,23901.11,TARJETA,APROBADO
2394,3713,2025-12-27 12:32:17,9548.85,PLIN,APROBADO
2395,3715,2025-08-10 22:57:33,26668.04,TARJETA,APROBADO
2396,3716,2025-07-30 16:37:57,22391.15,TARJETA,APROBADO
2397,3719,2025-05-26 09:08:38,3600.81,TARJETA,APROBADO
2398,3720,2025-11-26 09:24:21,10609.27,TRANSFERENCIA,APROBADO
2399,3721,2025-07-03 22:21:34,9916.09,TRANSFERENCIA,APROBADO
2400,3723,2025-12-07 02:07:06,8910.69,TRANSFERENCIA,APROBADO
2401,3726,2025-10-28 15:04:46,4749.95,TARJETA,APROBADO
2402,3727,2025-01-29 00:48:20,10068.56,PLIN,APROBADO
2403,3731,2025-02-21 18:06:52,17641.88,YAPE,APROBADO
2404,3734,2025-07-29 13:11:25,11663.2,PLIN,APROBADO
2405,3735,2025-04-19 03:54:42,3608.06,TRANSFERENCIA,APROBADO
2406,3736,2025-10-17 18:34:19,8769.09,TARJETA,APROBADO
2407,3740,2025-12-04 08:48:30,27629.36,YAPE,APROBADO
2408,3742,2025-01-14 06:22:35,16770.7,PLIN,APROBADO
2409,3743,2025-06-21 16:32:19,19289.88,PLIN,APROBADO
2410,3747,2025-05-24 23:15:44,2465.17,TARJETA,APROBADO
2411,3748,2025-01-12 13:53:00,16936.0,TRANSFERENCIA,APROBADO
2412,3750,2025-06-13 02:30:35,101.74,PLIN,APROBADO
2413,3751,2025-05-24 08:03:30,7119.75,YAPE,APROBADO
2414,3752,2025-08-06 22:34:27,19084.54,YAPE,APROBADO
2415,3753,2025-07-03 02:07:04,53.75,YAPE,APROBADO
2416,3754,2025-12-12 06:57:10,8681.68,PLIN,APROBADO
2417,3758,2025-07-24 10:17:40,4807.62,PLIN,APROBADO
2418,3759,2025-08-24 11:15:41,14454.22,TRANSFERENCIA,APROBADO
2419,3760,2025-12-17 09:21:00,15698.58,TRANSFERENCIA,APROBADO
2420,3762,2025-12-02 13:15:38,1103.54,TARJETA,APROBADO
2421,3764,2025-09-16 08:04:24,11144.39,TRANSFERENCIA,APROBADO
2422,3765,2025-04-23 16:11:37,10765.94,PLIN,APROBADO
2423,3768,2025-10-08 20:20:27,317.16,PLIN,APROBADO
2424,3769,2025-06-14 20:12:54,15651.44,TARJETA,APROBADO
2425,3771,2025-04-06 05:15:13,19622.26,YAPE,APROBADO
2426,3772,2025-12-10 16:15:32,13830.65,TARJETA,APROBADO
2427,3776,2025-08-31 08:18:30,14989.77,YAPE,APROBADO
2428,3777,2025-05-04 02:47:31,1032.93,YAPE,APROBADO
2429,3779,2025-06-22 18:48:18,27651.06,PLIN,APROBADO
2430,3784,2025-04-28 12:27:04,19188.05,TRANSFERENCIA,APROBADO
2431,3785,2025-08-22 06:00:18,3489.39,TARJETA,APROBADO
2432,3787,2025-02-23 23:40:11,13818.68,PLIN,APROBADO
2433,3788,2025-10-02 20:06:12,19068.97,YAPE,APROBADO
2434,3791,2025-08-07 07:22:21,18756.83,TRANSFERENCIA,APROBADO
2435,3792,2025-02-16 14:15:32,6562.77,TARJETA,APROBADO
2436,3794,2025-01-20 18:38:04,9441.08,TRANSFERENCIA,APROBADO
2437,3795,2025-01-25 05:14:11,4144.84,YAPE,APROBADO
2438,3796,2025-01-26 10:51:13,6336.2,TRANSFERENCIA,APROBADO
2439,3797,2025-08-11 19:04:20,17085.55,YAPE,APROBADO
2440,3800,2025-08-30 07:25:44,5642.31,YAPE,APROBADO
2441,3801,2025-10-29 02:36:26,12107.16,PLIN,APROBADO
2442,3802,2025-08-28 16:37:32,12456.42,YAPE,APROBADO
2443,3803,2025-05-05 16:19:57,6607.43,TRANSFERENCIA,APROBADO
2444,3804,2025-10-01 01:22:04,19571.62,PLIN,APROBADO
2445,3807,2025-06-21 22:40:38,9772.05,YAPE,APROBADO
2446,3808,2025-12-03 19:23:30,19229.88,TRANSFERENCIA,APROBADO
2447,3809,2025-02-25 13:53:03,5549.56,TARJETA,APROBADO
2448,3811,2025-05-01 22:24:13,7103.58,TARJETA,APROBADO
2449,3813,2025-09-06 15:57:28,30124.32,YAPE,APROBADO
2450,3814,2025-02-23 16:40:24,28336.53,TRANSFERENCIA,APROBADO
2451,3819,2025-05-19 02:08:19,8506.98,TARJETA,APROBADO
2452,3821,2025-10-22 16:23:46,15263.65,PLIN,APROBADO
2453,3823,2025-06-27 12:27:52,22917.15,TRANSFERENCIA,APROBADO
2454,3824,2025-07-20 19:08:04,16061.32,TARJETA,APROBADO
2455,3825,2025-04-26 11:12:40,16045.6,TRANSFERENCIA,APROBADO
2456,3826,2025-05-09 13:32:42,8271.73,YAPE,APROBADO
2457,3827,2025-03-27 12:55:31,9885.12,PLIN,APROBADO
2458,3833,2025-02-12 23:14:20,6112.83,TRANSFERENCIA,APROBADO
2459,3834,2025-01-29 11:04:19,4405.7,PLIN,APROBADO
2460,3837,2025-03-22 18:03:01,17593.42,PLIN,APROBADO
2461,3838,2025-02-27 19:58:04,12063.65,TRANSFERENCIA,APROBADO
2462,3839,2025-07-22 15:07:03,15889.38,TARJETA,APROBADO
2463,3840,2025-02-15 22:45:56,12028.83,TARJETA,APROBADO
2464,3842,2025-07-05 23:45:01,2301.51,TRANSFERENCIA,APROBADO
2465,3843,2025-11-17 03:06:06,10111.75,PLIN,APROBADO
2466,3844,2025-08-20 11:34:14,5747.37,TRANSFERENCIA,APROBADO
2467,3845,2025-07-13 20:20:27,6401.49,TARJETA,APROBADO
2468,3846,2025-08-27 10:29:21,15286.55,PLIN,APROBADO
2469,3847,2025-12-25 02:19:45,4642.45,TRANSFERENCIA,APROBADO
2470,3848,2025-02-16 10:41:30,30600.66,PLIN,APROBADO
2471,3849,2025-03-13 03:26:16,24559.39,YAPE,APROBADO
2472,3851,2025-05-31 06:09:22,26570.9,PLIN,APROBADO
2473,3852,2025-07-04 10:14:48,7370.46,TRANSFERENCIA,APROBADO
2474,3853,2025-04-18 05:08:52,3241.86,TARJETA,APROBADO
2475,3854,2025-01-15 21:27:53,17119.72,TARJETA,APROBADO
2476,3857,2025-03-07 10:31:45,12245.62,TRANSFERENCIA,APROBADO
2477,3858,2025-03-15 02:25:06,7387.8,TRANSFERENCIA,APROBADO
2478,3859,2025-01-04 15:08:36,2239.38,PLIN,APROBADO
2479,3861,2025-08-12 19:47:59,16669.71,TRANSFERENCIA,APROBADO
2480,3862,2025-12-05 03:05:42,4170.3,TRANSFERENCIA,APROBADO
2481,3863,2025-04-18 23:08:00,27419.64,TRANSFERENCIA,APROBADO
2482,3864,2025-04-20 09:20:18,21076.13,PLIN,APROBADO
2483,3868,2025-04-15 18:10:14,30501.95,YAPE,APROBADO
2484,3872,2025-10-25 15:24:29,8105.59,YAPE,APROBADO
2485,3873,2025-11-19 14:39:24,7722.27,PLIN,APROBADO
2486,3875,2025-04-16 22:25:28,18718.87,TRANSFERENCIA,APROBADO
2487,3876,2025-05-26 19:23:10,24779.81,PLIN,APROBADO
2488,3878,2025-02-07 04:18:48,19616.19,YAPE,APROBADO
2489,3879,2025-12-22 05:17:40,742.94,YAPE,APROBADO
2490,3880,2025-08-23 01:14:08,171.12,TARJETA,APROBADO
2491,3881,2025-11-22 14:49:23,6919.92,YAPE,APROBADO
2492,3882,2025-09-30 00:58:24,10528.96,TRANSFERENCIA,APROBADO
2493,3883,2025-01-30 12:13:53,3330.46,TARJETA,APROBADO
2494,3884,2025-05-24 14:08:05,13696.0,YAPE,APROBADO
2495,3885,2025-06-30 06:07:57,11200.43,YAPE,APROBADO
2496,3887,2025-05-15 15:30:55,4027.06,TRANSFERENCIA,APROBADO
2497,3889,2025-12-24 13:06:24,16469.51,TARJETA,APROBADO
2498,3890,2025-10-08 13:35:42,22503.73,YAPE,APROBADO
2499,3893,2025-04-09 02:49:46,14486.81,TRANSFERENCIA,APROBADO
2500,3894,2025-08-19 10:41:57,2839.02,TARJETA,APROBADO
2501,3896,2025-02-01 07:14:23,13611.57,PLIN,APROBADO
2502,3897,2025-08-01 22:03:59,269.43,TRANSFERENCIA,APROBADO
2503,3899,2025-02-18 11:50:21,14520.17,PLIN,APROBADO
2504,3900,2025-12-22 06:57:24,7146.33,YAPE,APROBADO
2505,3901,2025-08-16 06:25:16,7191.14,YAPE,APROBADO
2506,3902,2025-10-04 06:28:41,14924.34,TRANSFERENCIA,APROBADO
2507,3903,2025-05-09 14:24:57,8207.3,YAPE,APROBADO
2508,3906,2025-11-13 09:50:30,16447.19,TRANSFERENCIA,APROBADO
2509,3907,2025-10-29 23:11:58,9407.1,TARJETA,APROBADO
2510,3908,2025-08-23 07:12:50,6629.7,YAPE,APROBADO
2511,3909,2025-02-03 06:47:11,21662.64,TRANSFERENCIA,APROBADO
2512,3911,2025-06-07 10:44:52,1595.44,TARJETA,APROBADO
2513,3912,2025-11-14 10:02:27,12885.04,TRANSFERENCIA,APROBADO
2514,3913,2025-03-10 14:02:54,11675.73,TARJETA,APROBADO
2515,3914,2025-09-11 18:33:07,11035.32,TRANSFERENCIA,APROBADO
2516,3915,2025-12-28 21:52:40,12537.25,PLIN,APROBADO
2517,3916,2025-04-01 18:29:18,4178.67,TARJETA,APROBADO
2518,3917,2025-06-10 14:46:37,22629.27,TRANSFERENCIA,APROBADO
2519,3918,2025-02-08 20:20:49,7261.75,PLIN,APROBADO
2520,3919,2025-10-06 22:45:17,7585.48,TRANSFERENCIA,APROBADO
2521,3921,2025-06-17 18:04:12,24196.41,TARJETA,APROBADO
2522,3924,2025-02-24 11:42:13,4119.41,YAPE,APROBADO
2523,3925,2025-07-30 06:35:10,6953.93,TARJETA,APROBADO
2524,3926,2025-05-19 09:56:36,10202.07,PLIN,APROBADO
2525,3929,2025-06-29 10:53:50,27056.36,TRANSFERENCIA,APROBADO
2526,3930,2025-10-29 19:09:47,3874.37,PLIN,APROBADO
2527,3932,2025-11-21 23:42:36,15763.35,PLIN,APROBADO
2528,3933,2025-05-14 05:16:10,14220.75,PLIN,APROBADO
2529,3934,2025-03-29 10:55:42,7302.25,TRANSFERENCIA,APROBADO
2530,3935,2025-06-21 23:32:29,23695.04,PLIN,APROBADO
2531,3937,2025-07-25 15:10:17,17681.75,TRANSFERENCIA,APROBADO
2532,3938,2025-06-27 05:59:12,15351.44,TRANSFERENCIA,APROBADO
2533,3939,2025-10-15 13:57:59,12996.61,YAPE,APROBADO
2534,3941,2025-10-14 22:48:43,1966.12,TRANSFERENCIA,APROBADO
2535,3944,2025-05-04 10:16:50,11901.72,YAPE,APROBADO
2536,3946,2025-12-26 10:51:48,18541.03,TRANSFERENCIA,APROBADO
2537,3947,2025-10-15 15:31:52,2232.1,YAPE,APROBADO
2538,3948,2025-10-25 06:40:23,5647.03,TARJETA,APROBADO
2539,3951,2025-12-05 02:08:16,17726.44,YAPE,APROBADO
2540,3952,2025-04-28 17:31:28,18896.75,YAPE,APROBADO
2541,3953,2025-06-02 13:20:40,4180.92,YAPE,APROBADO
2542,3954,2025-03-01 05:35:01,12244.34,YAPE,APROBADO
2543,3957,2025-05-12 07:47:34,25951.03,YAPE,APROBADO
2544,3958,2025-04-27 07:49:33,11196.55,TARJETA,APROBADO
2545,3959,2025-08-16 05:22:41,9364.08,PLIN,APROBADO
2546,3960,2025-04-28 23:06:48,26285.82,YAPE,APROBADO
2547,3966,2025-11-10 07:34:44,23728.76,TARJETA,APROBADO
2548,3970,2025-08-02 11:49:31,23265.71,TARJETA,APROBADO
2549,3973,2025-02-27 04:59:54,10006.62,YAPE,APROBADO
2550,3975,2025-08-10 12:48:29,8446.8,TRANSFERENCIA,APROBADO
2551,3976,2025-11-11 00:42:20,4995.3,YAPE,APROBADO
2552,3980,2025-01-05 10:11:23,3500.73,TARJETA,APROBADO
2553,3981,2025-06-08 21:40:46,3262.86,PLIN,APROBADO
2554,3982,2025-11-21 13:34:04,16840.36,TRANSFERENCIA,APROBADO
2555,3983,2025-10-29 10:46:14,8096.34,YAPE,APROBADO
2556,3984,2025-08-05 21:04:51,11642.98,TRANSFERENCIA,APROBADO
2557,3985,2025-10-31 13:15:13,11862.28,TARJETA,APROBADO
2558,3987,2025-04-05 19:20:37,4153.74,TARJETA,APROBADO
2559,3988,2025-02-09 15:37:32,16984.12,YAPE,APROBADO
2560,3990,2025-07-27 13:37:02,3084.83,YAPE,APROBADO
2561,3991,2025-07-20 08:17:56,18915.22,YAPE,APROBADO
2562,3994,2025-11-09 21:56:42,38590.37,PLIN,APROBADO
2563,3997,2025-03-01 08:06:43,25565.81,TRANSFERENCIA,APROBADO
2564,3999,2025-10-12 05:23:56,12640.06,YAPE,APROBADO
2565,4001,2025-12-18 20:59:11,8061.52,TRANSFERENCIA,APROBADO
2566,4003,2025-09-19 08:11:48,9041.51,TRANSFERENCIA,APROBADO
2567,4004,2025-05-22 14:01:40,14716.27,PLIN,APROBADO
2568,4006,2025-05-02 14:56:41,21818.78,TARJETA,APROBADO
2569,4007,2025-11-19 00:46:48,9208.95,TARJETA,APROBADO
2570,4011,2025-02-11 15:55:06,5920.11,YAPE,APROBADO
2571,4013,2025-08-18 15:15:48,6233.38,YAPE,APROBADO
2572,4014,2025-08-17 06:02:07,9127.46,YAPE,APROBADO
2573,4015,2025-03-04 02:21:35,25607.72,YAPE,APROBADO
2574,4017,2025-07-12 10:06:14,15308.87,TARJETA,APROBADO
2575,4020,2025-10-03 21:37:41,15299.63,TARJETA,APROBADO
2576,4021,2025-05-09 22:29:18,25031.64,YAPE,APROBADO
2577,4023,2025-10-18 04:18:35,7748.74,YAPE,APROBADO
2578,4026,2025-09-27 07:04:43,8120.01,TRANSFERENCIA,APROBADO
2579,4027,2025-11-03 13:15:38,2417.94,TARJETA,APROBADO
2580,4028,2025-09-29 20:06:59,28648.52,PLIN,APROBADO
2581,4029,2025-08-20 23:18:31,13702.89,PLIN,APROBADO
2582,4030,2025-05-15 10:31:25,9064.76,TRANSFERENCIA,APROBADO
2583,4032,2025-04-27 07:34:03,1153.64,PLIN,APROBADO
2584,4033,2025-11-17 02:17:01,10134.84,TARJETA,APROBADO
2585,4035,2025-04-18 05:00:20,10033.29,PLIN,APROBADO
2586,4036,2025-05-28 09:36:43,15632.34,TARJETA,APROBADO
2587,4038,2025-11-18 21:06:06,19266.56,TRANSFERENCIA,APROBADO
2588,4039,2025-12-11 16:06:25,7793.96,PLIN,APROBADO
2589,4041,2025-02-25 23:05:10,15720.26,TARJETA,APROBADO
2590,4043,2025-04-05 15:22:12,18998.92,TARJETA,APROBADO
2591,4044,2025-11-18 13:04:15,22980.73,YAPE,APROBADO
2592,4045,2025-09-21 15:50:47,9310.04,YAPE,APROBADO
2593,4046,2025-05-21 00:53:30,4919.78,YAPE,APROBADO
2594,4048,2025-03-04 11:12:06,17747.21,YAPE,APROBADO
2595,4049,2025-03-08 03:54:39,28880.11,TRANSFERENCIA,APROBADO
2596,4050,2025-03-19 04:34:19,20571.84,TRANSFERENCIA,APROBADO
2597,4051,2025-06-28 10:44:12,274.53,PLIN,APROBADO
2598,4052,2025-02-10 09:09:49,18324.99,YAPE,APROBADO
2599,4053,2025-01-11 22:40:39,2415.44,YAPE,APROBADO
2600,4054,2025-10-05 20:31:41,28724.52,TRANSFERENCIA,APROBADO
2601,4055,2025-07-21 13:55:03,16721.3,YAPE,APROBADO
2602,4058,2025-05-02 21:56:32,13311.12,TARJETA,APROBADO
2603,4059,2025-10-04 19:47:36,4603.02,YAPE,APROBADO
2604,4060,2025-09-14 17:58:11,19372.23,TARJETA,APROBADO
2605,4062,2025-11-01 00:12:32,4541.1,TARJETA,APROBADO
2606,4063,2025-10-18 16:00:45,14532.14,YAPE,APROBADO
2607,4064,2025-06-09 22:42:02,10534.08,YAPE,APROBADO
2608,4065,2025-10-16 03:59:46,4699.49,YAPE,APROBADO
2609,4066,2025-10-07 12:35:00,5152.47,YAPE,APROBADO
2610,4067,2025-03-16 10:17:11,3091.9,TRANSFERENCIA,APROBADO
2611,4068,2025-07-03 02:29:13,10752.99,TRANSFERENCIA,APROBADO
2612,4070,2025-04-20 11:29:36,4392.97,YAPE,APROBADO
2613,4072,2025-03-07 22:57:25,20742.7,TRANSFERENCIA,APROBADO
2614,4073,2025-11-27 15:11:23,177.14,TARJETA,APROBADO
2615,4074,2025-01-16 00:48:58,13878.24,PLIN,APROBADO
2616,4075,2025-02-28 04:23:28,18015.29,TARJETA,APROBADO
2617,4076,2025-10-19 19:03:56,12927.72,PLIN,APROBADO
2618,4077,2025-04-22 18:18:28,5521.13,TRANSFERENCIA,APROBADO
2619,4078,2025-12-23 12:08:55,8004.99,TRANSFERENCIA,APROBADO
2620,4079,2025-01-05 10:58:21,13495.48,TARJETA,APROBADO
2621,4080,2025-12-16 21:22:58,16412.02,PLIN,APROBADO
2622,4081,2025-12-23 18:47:46,23691.79,PLIN,APROBADO
2623,4082,2025-12-18 04:22:55,9091.65,TRANSFERENCIA,APROBADO
2624,4083,2025-05-12 21:18:20,493.24,TARJETA,APROBADO
2625,4084,2025-05-18 01:57:34,16223.92,PLIN,APROBADO
2626,4085,2025-01-22 20:07:23,32588.26,TARJETA,APROBADO
2627,4086,2025-07-10 19:34:45,16328.03,TARJETA,APROBADO
2628,4088,2025-03-03 06:37:03,15252.84,TARJETA,APROBADO
2629,4089,2025-08-29 18:49:52,4583.06,TARJETA,APROBADO
2630,4091,2025-01-11 13:51:02,1277.66,TRANSFERENCIA,APROBADO
2631,4092,2025-11-26 07:51:25,8498.33,PLIN,APROBADO
2632,4093,2025-05-09 01:10:07,1539.22,YAPE,APROBADO
2633,4094,2025-09-25 23:59:44,6764.22,YAPE,APROBADO
2634,4095,2025-09-08 17:59:01,26515.04,YAPE,APROBADO
2635,4096,2025-09-23 01:14:00,17220.28,YAPE,APROBADO
2636,4098,2025-04-26 12:22:22,17455.24,TARJETA,APROBADO
2637,4099,2025-07-18 07:09:49,10934.08,TRANSFERENCIA,APROBADO
2638,4100,2025-03-05 03:31:31,6754.9,PLIN,APROBADO
2639,4101,2025-08-21 00:48:46,3243.12,YAPE,APROBADO
2640,4103,2025-03-04 17:59:29,15244.42,YAPE,APROBADO
2641,4105,2025-03-06 18:14:57,1108.56,TARJETA,APROBADO
2642,4110,2025-05-15 13:38:34,7497.19,TARJETA,APROBADO
2643,4111,2025-02-16 10:51:26,4972.9,TARJETA,APROBADO
2644,4113,2025-03-19 15:39:04,8550.32,TARJETA,APROBADO
2645,4114,2025-02-12 23:26:56,16036.41,TARJETA,APROBADO
2646,4115,2025-09-03 01:00:18,10460.4,TRANSFERENCIA,APROBADO
2647,4116,2025-03-05 18:50:33,22677.07,YAPE,APROBADO
2648,4117,2025-12-06 07:41:24,27436.26,YAPE,APROBADO
2649,4118,2025-11-23 21:12:22,3774.48,YAPE,APROBADO
2650,4122,2025-04-21 23:07:57,14410.6,YAPE,APROBADO
2651,4123,2025-05-07 13:14:28,8587.43,TRANSFERENCIA,APROBADO
2652,4124,2025-01-14 05:12:17,22594.78,PLIN,APROBADO
2653,4125,2025-04-19 19:12:58,26264.61,TRANSFERENCIA,APROBADO
2654,4131,2025-04-26 16:17:23,3464.25,YAPE,APROBADO
2655,4133,2026-01-02 07:48:48,6536.44,TARJETA,APROBADO
2656,4134,2025-03-29 05:35:33,36031.91,TARJETA,APROBADO
2657,4135,2025-08-06 15:23:36,18430.59,PLIN,APROBADO
2658,4136,2025-02-15 21:21:20,12463.32,PLIN,APROBADO
2659,4137,2025-10-03 15:27:19,2782.41,TARJETA,APROBADO
2660,4138,2025-07-25 10:31:13,2764.16,TARJETA,APROBADO
2661,4139,2025-11-28 15:16:01,6202.48,YAPE,APROBADO
2662,4141,2025-10-10 07:54:52,21072.91,PLIN,APROBADO
2663,4142,2025-02-09 20:39:40,20439.59,PLIN,APROBADO
2664,4143,2025-01-19 03:07:29,2216.28,PLIN,APROBADO
2665,4144,2025-01-04 07:16:55,18062.48,YAPE,APROBADO
2666,4145,2025-12-16 03:47:12,13789.98,PLIN,APROBADO
2667,4147,2025-05-03 23:07:41,16214.08,YAPE,APROBADO
2668,4148,2025-11-20 11:16:09,7470.12,TRANSFERENCIA,APROBADO
2669,4149,2025-07-05 11:25:55,15520.79,PLIN,APROBADO
2670,4150,2025-09-11 13:42:47,4045.59,YAPE,APROBADO
2671,4151,2025-10-05 15:42:22,12287.22,PLIN,APROBADO
2672,4152,2025-04-10 02:45:30,13569.82,PLIN,APROBADO
2673,4153,2025-03-11 17:36:28,11667.62,TARJETA,APROBADO
2674,4154,2025-12-19 11:12:18,18585.86,TRANSFERENCIA,APROBADO
2675,4155,2025-08-29 11:22:56,11335.17,PLIN,APROBADO
2676,4156,2025-10-15 22:13:43,12356.02,PLIN,APROBADO
2677,4157,2025-05-26 13:03:12,2967.53,TRANSFERENCIA,APROBADO
2678,4158,2025-10-14 01:49:02,8609.73,TRANSFERENCIA,APROBADO
2679,4159,2025-06-19 11:10:27,5646.32,TARJETA,APROBADO
2680,4160,2025-07-21 22:17:13,14478.47,YAPE,APROBADO
2681,4161,2025-11-21 13:59:41,15503.76,YAPE,APROBADO
2682,4162,2025-10-10 15:00:15,9365.39,YAPE,APROBADO
2683,4164,2025-07-09 10:23:21,7112.75,YAPE,APROBADO
2684,4166,2025-12-11 00:16:31,6319.77,TARJETA,APROBADO
2685,4167,2025-06-23 18:26:49,1346.1,TARJETA,APROBADO
2686,4170,2025-11-08 21:32:01,12368.92,TARJETA,APROBADO
2687,4172,2025-09-08 13:04:59,19531.27,PLIN,APROBADO
2688,4173,2025-07-25 23:47:28,9798.53,TRANSFERENCIA,APROBADO
2689,4174,2025-03-23 21:55:58,4473.86,TARJETA,APROBADO
2690,4175,2025-06-14 23:18:34,12108.87,TARJETA,APROBADO
2691,4176,2025-10-08 16:47:17,4315.75,TARJETA,APROBADO
2692,4178,2025-01-17 19:32:17,4182.62,PLIN,APROBADO
2693,4179,2025-01-09 14:45:30,4218.87,YAPE,APROBADO
2694,4180,2025-08-17 23:20:32,29272.04,TRANSFERENCIA,APROBADO
2695,4181,2025-01-27 15:00:24,4194.71,YAPE,APROBADO
2696,4182,2025-02-11 21:46:24,4931.47,YAPE,APROBADO
2697,4183,2025-08-20 07:29:51,7597.61,PLIN,APROBADO
2698,4184,2025-04-30 15:34:34,13578.35,TARJETA,APROBADO
2699,4185,2025-01-26 01:56:59,7826.02,TARJETA,APROBADO
2700,4189,2025-10-11 04:12:53,9791.08,YAPE,APROBADO
2701,4190,2025-06-09 17:10:52,2090.96,PLIN,APROBADO
2702,4191,2025-05-28 19:02:37,16154.77,YAPE,APROBADO
2703,4192,2025-12-09 08:10:46,6871.47,PLIN,APROBADO
2704,4194,2025-05-09 23:37:04,317.16,TARJETA,APROBADO
2705,4195,2025-09-17 10:45:43,11870.82,PLIN,APROBADO
2706,4196,2025-08-17 03:59:38,19512.55,TRANSFERENCIA,APROBADO
2707,4197,2025-07-31 13:23:09,11253.36,YAPE,APROBADO
2708,4198,2025-09-11 17:18:22,18521.0,TARJETA,APROBADO
2709,4200,2025-09-10 10:23:26,8201.58,TARJETA,APROBADO
2710,4201,2025-04-21 10:16:43,10500.37,TRANSFERENCIA,APROBADO
2711,4203,2025-01-09 03:36:38,21722.64,YAPE,APROBADO
2712,4207,2025-10-03 06:20:10,22541.1,TRANSFERENCIA,APROBADO
2713,4208,2025-10-14 03:25:02,10733.99,PLIN,APROBADO
2714,4209,2025-05-03 16:58:16,4163.4,PLIN,APROBADO
2715,4210,2025-07-14 08:37:56,1103.54,TARJETA,APROBADO
2716,4211,2025-08-22 06:30:10,21229.89,TRANSFERENCIA,APROBADO
2717,4213,2025-10-11 16:27:35,20359.87,TRANSFERENCIA,APROBADO
2718,4217,2025-01-19 11:51:11,18879.61,TRANSFERENCIA,APROBADO
2719,4218,2025-03-26 12:31:28,12380.99,TRANSFERENCIA,APROBADO
2720,4219,2025-07-05 01:45:39,21801.67,TARJETA,APROBADO
2721,4221,2025-05-17 08:37:02,13170.46,TRANSFERENCIA,APROBADO
2722,4223,2025-02-05 05:50:29,21504.21,TRANSFERENCIA,APROBADO
2723,4225,2025-01-17 10:49:03,20128.22,TRANSFERENCIA,APROBADO
2724,4226,2025-10-22 07:20:45,27783.47,YAPE,APROBADO
2725,4228,2025-06-30 09:34:39,12933.46,TRANSFERENCIA,APROBADO
2726,4231,2025-01-07 23:29:44,15551.36,YAPE,APROBADO
2727,4232,2025-05-20 22:23:47,11174.4,TARJETA,APROBADO
2728,4233,2025-03-02 08:34:44,15450.33,PLIN,APROBADO
2729,4235,2025-01-07 22:23:57,16574.82,YAPE,APROBADO
2730,4236,2025-12-20 23:15:25,16187.88,TRANSFERENCIA,APROBADO
2731,4237,2025-06-04 06:27:42,3523.96,PLIN,APROBADO
2732,4239,2025-10-26 19:21:29,14279.3,TARJETA,APROBADO
2733,4240,2025-02-28 14:00:57,7436.92,TARJETA,APROBADO
2734,4241,2025-02-25 13:41:14,14158.9,TARJETA,APROBADO
2735,4243,2025-07-07 11:49:04,29465.35,PLIN,APROBADO
2736,4245,2025-11-25 20:06:45,1761.98,TARJETA,APROBADO
2737,4246,2026-01-02 13:22:48,22625.46,TARJETA,APROBADO
2738,4249,2025-11-11 23:14:34,635.38,TARJETA,APROBADO
2739,4250,2025-11-01 08:13:59,15110.33,YAPE,APROBADO
2740,4252,2025-06-14 19:03:18,15944.47,PLIN,APROBADO
2741,4255,2025-04-25 14:14:57,15962.43,YAPE,APROBADO
2742,4257,2025-04-19 15:53:52,15971.98,YAPE,APROBADO
2743,4258,2025-10-04 15:37:33,22484.67,TARJETA,APROBADO
2744,4260,2025-07-31 00:39:45,2536.78,TRANSFERENCIA,APROBADO
2745,4262,2025-08-13 03:50:12,6523.66,PLIN,APROBADO
2746,4263,2025-08-26 13:49:22,14200.0,TARJETA,APROBADO
2747,4264,2025-05-05 16:07:51,1486.56,TARJETA,APROBADO
2748,4266,2025-08-17 04:45:08,7126.97,TRANSFERENCIA,APROBADO
2749,4268,2025-08-27 20:55:32,9978.61,TRANSFERENCIA,APROBADO
2750,4269,2025-11-02 02:02:06,1482.94,YAPE,APROBADO
2751,4272,2025-09-05 15:48:27,17907.23,PLIN,APROBADO
2752,4275,2025-06-20 09:18:57,30148.27,TARJETA,APROBADO
2753,4276,2025-08-29 22:17:22,735.89,PLIN,APROBADO
2754,4277,2025-02-23 02:29:35,7560.78,YAPE,APROBADO
2755,4279,2025-11-18 08:57:28,12836.03,TARJETA,APROBADO
2756,4281,2025-03-11 10:04:37,7775.11,TARJETA,APROBADO
2757,4283,2025-03-29 16:52:27,8138.98,PLIN,APROBADO
2758,4284,2025-01-09 02:31:21,21657.38,TRANSFERENCIA,APROBADO
2759,4285,2025-10-27 06:26:37,11650.53,TARJETA,APROBADO
2760,4288,2025-12-30 03:56:26,18491.86,PLIN,APROBADO
2761,4290,2025-10-28 09:58:59,1947.77,PLIN,APROBADO
2762,4291,2025-08-13 09:44:27,24481.83,TRANSFERENCIA,APROBADO
2763,4292,2025-10-07 13:12:57,9835.78,TARJETA,APROBADO
2764,4294,2025-09-10 19:32:58,10888.32,PLIN,APROBADO
2765,4295,2025-08-17 10:23:43,10999.22,TARJETA,APROBADO
2766,4298,2025-09-19 17:30:11,8196.87,PLIN,APROBADO
2767,4300,2025-06-16 14:12:44,8574.41,PLIN,APROBADO
2768,4301,2025-01-23 03:39:50,9952.44,TARJETA,APROBADO
2769,4302,2025-10-11 06:18:55,2309.5,TRANSFERENCIA,APROBADO
2770,4304,2025-10-31 13:07:34,5674.44,TARJETA,APROBADO
2771,4305,2025-03-27 17:51:22,14510.86,PLIN,APROBADO
2772,4306,2025-11-06 21:29:19,18393.41,YAPE,APROBADO
2773,4307,2025-07-22 22:58:16,7184.65,TARJETA,APROBADO
2774,4310,2025-10-20 19:16:21,15611.49,PLIN,APROBADO
2775,4311,2025-05-11 06:11:26,365.8,TRANSFERENCIA,APROBADO
2776,4312,2025-07-24 02:53:01,6458.6,YAPE,APROBADO
2777,4313,2025-02-19 16:22:14,6109.09,TARJETA,APROBADO
2778,4315,2025-06-28 10:31:45,5625.07,TRANSFERENCIA,APROBADO
2779,4317,2025-06-28 02:50:48,13067.4,TRANSFERENCIA,APROBADO
2780,4318,2025-04-15 14:48:03,4478.76,PLIN,APROBADO
2781,4321,2025-06-05 10:25:59,8491.14,YAPE,APROBADO
2782,4322,2025-05-15 17:38:47,39063.54,TRANSFERENCIA,APROBADO
2783,4325,2025-07-02 16:15:51,7170.86,YAPE,APROBADO
2784,4327,2025-01-26 22:24:35,365.39,YAPE,APROBADO
2785,4328,2025-08-25 13:24:24,1786.2,YAPE,APROBADO
2786,4330,2025-11-14 18:21:37,13304.49,PLIN,APROBADO
2787,4331,2025-09-16 23:43:27,9074.22,PLIN,APROBADO
2788,4332,2025-07-20 02:34:04,19792.68,TARJETA,APROBADO
2789,4333,2025-07-22 00:50:06,15341.65,YAPE,APROBADO
2790,4334,2025-04-11 11:57:34,13811.27,YAPE,APROBADO
2791,4335,2025-12-19 20:53:05,19617.72,YAPE,APROBADO
2792,4336,2025-06-28 04:32:50,7956.68,PLIN,APROBADO
2793,4338,2025-03-04 21:28:38,42525.9,TARJETA,APROBADO
2794,4339,2025-02-23 08:04:29,9645.99,YAPE,APROBADO
2795,4340,2025-08-20 16:11:03,8929.09,TARJETA,APROBADO
2796,4342,2025-02-22 21:59:35,21236.56,TARJETA,APROBADO
2797,4344,2025-07-19 22:34:17,10675.68,YAPE,APROBADO
2798,4345,2025-09-01 00:57:57,5244.54,TRANSFERENCIA,APROBADO
2799,4346,2025-08-14 17:18:47,22629.64,TRANSFERENCIA,APROBADO
2800,4347,2025-02-22 14:12:00,11367.25,TARJETA,APROBADO
2801,4349,2025-04-11 23:04:09,12962.12,TARJETA,APROBADO
2802,4350,2025-11-03 00:39:12,14116.58,YAPE,APROBADO
2803,4353,2025-02-23 01:02:20,20725.24,YAPE,APROBADO
2804,4354,2025-04-12 06:06:38,8297.96,YAPE,APROBADO
2805,4357,2025-10-29 08:41:46,10370.36,PLIN,APROBADO
2806,4358,2025-05-21 03:40:08,4154.14,YAPE,APROBADO
2807,4359,2025-07-06 07:42:12,6417.84,YAPE,APROBADO
2808,4360,2025-04-15 18:32:14,4252.55,PLIN,APROBADO
2809,4361,2025-10-19 01:43:31,20234.24,TARJETA,APROBADO
2810,4363,2026-01-01 04:38:40,14350.67,TRANSFERENCIA,APROBADO
2811,4364,2025-11-20 07:29:36,11958.88,YAPE,APROBADO
2812,4365,2025-07-16 23:47:26,5262.24,TRANSFERENCIA,APROBADO
2813,4367,2025-03-26 01:05:41,18831.76,PLIN,APROBADO
2814,4369,2025-01-13 03:20:12,3755.78,TARJETA,APROBADO
2815,4371,2025-07-16 19:33:50,9312.9,PLIN,APROBADO
2816,4372,2025-10-07 10:10:29,2807.82,TRANSFERENCIA,APROBADO
2817,4375,2025-05-31 18:38:51,15571.6,TARJETA,APROBADO
2818,4376,2025-12-16 03:55:39,8289.68,YAPE,APROBADO
2819,4377,2025-04-21 20:18:04,9943.31,YAPE,APROBADO
2820,4378,2025-08-22 11:51:34,452.87,TRANSFERENCIA,APROBADO
2821,4379,2025-08-27 04:58:56,11724.39,TARJETA,APROBADO
2822,4380,2025-06-15 20:18:03,10112.41,PLIN,APROBADO
2823,4381,2025-05-23 22:17:28,10795.1,TARJETA,APROBADO
2824,4382,2025-02-05 17:14:07,17223.28,TRANSFERENCIA,APROBADO
2825,4383,2025-11-24 06:25:50,8347.23,TARJETA,APROBADO
2826,4384,2025-12-12 08:50:37,13933.23,PLIN,APROBADO
2827,4385,2025-07-01 12:50:22,21084.65,YAPE,APROBADO
2828,4386,2025-07-10 08:17:25,4495.8,PLIN,APROBADO
2829,4388,2025-06-16 23:50:24,11854.51,PLIN,APROBADO
2830,4389,2025-09-29 03:04:28,2778.02,YAPE,APROBADO
2831,4390,2025-12-10 18:04:09,6982.3,PLIN,APROBADO
2832,4391,2025-09-17 01:31:13,17486.16,TARJETA,APROBADO
2833,4393,2025-10-19 03:49:32,8697.9,YAPE,APROBADO
2834,4396,2026-01-04 09:30:42,6943.7,PLIN,APROBADO
2835,4397,2025-01-26 23:47:37,24645.11,PLIN,APROBADO
2836,4398,2025-04-15 00:13:36,2207.08,PLIN,APROBADO
2837,4401,2025-12-23 10:45:04,3877.68,TRANSFERENCIA,APROBADO
2838,4402,2026-01-02 16:10:07,17577.77,PLIN,APROBADO
2839,4404,2025-09-13 03:53:44,32881.49,TRANSFERENCIA,APROBADO
2840,4405,2025-06-30 18:25:30,9965.21,PLIN,APROBADO
2841,4408,2025-03-06 16:15:35,11062.32,YAPE,APROBADO
2842,4410,2025-10-06 17:57:24,7832.04,YAPE,APROBADO
2843,4411,2025-11-28 17:07:44,14297.18,YAPE,APROBADO
2844,4412,2025-06-05 06:21:46,29505.23,TARJETA,APROBADO
2845,4413,2025-01-24 03:44:32,11154.49,PLIN,APROBADO
2846,4414,2025-07-01 00:27:09,5026.32,TARJETA,APROBADO
2847,4416,2025-03-31 11:51:18,19946.8,YAPE,APROBADO
2848,4417,2025-08-24 00:18:07,6969.46,TARJETA,APROBADO
2849,4418,2025-12-25 03:15:30,25658.16,PLIN,APROBADO
2850,4419,2025-07-03 13:29:32,6308.97,TARJETA,APROBADO
2851,4421,2025-03-16 09:29:30,2870.8,TARJETA,APROBADO
2852,4424,2025-07-04 09:12:51,4386.96,PLIN,APROBADO
2853,4425,2025-02-17 04:09:03,11202.45,PLIN,APROBADO
2854,4426,2025-11-21 18:36:27,16613.23,YAPE,APROBADO
2855,4428,2025-06-15 02:58:57,5395.32,PLIN,APROBADO
2856,4429,2025-12-23 18:46:15,4081.31,TARJETA,APROBADO
2857,4431,2025-07-09 10:16:28,6791.01,TRANSFERENCIA,APROBADO
2858,4432,2025-02-21 22:12:14,1621.59,YAPE,APROBADO
2859,4434,2025-12-13 07:49:29,6806.63,YAPE,APROBADO
2860,4435,2025-05-05 08:07:22,19423.25,PLIN,APROBADO
2861,4436,2025-04-25 21:49:25,22861.31,TARJETA,APROBADO
2862,4437,2025-02-25 10:53:37,24408.25,PLIN,APROBADO
2863,4438,2025-10-05 04:13:48,7191.14,TARJETA,APROBADO
2864,4441,2025-05-05 01:51:15,16344.66,PLIN,APROBADO
2865,4443,2025-01-10 23:38:59,21306.26,YAPE,APROBADO
2866,4444,2025-04-16 18:19:43,3456.22,TRANSFERENCIA,APROBADO
2867,4445,2025-03-15 18:56:03,10002.38,YAPE,APROBADO
2868,4446,2025-04-22 17:13:56,7881.04,YAPE,APROBADO
2869,4447,2025-08-21 23:34:32,11579.64,YAPE,APROBADO
2870,4448,2025-08-04 13:35:51,13511.16,TARJETA,APROBADO
2871,4449,2025-11-27 14:01:00,16654.65,YAPE,APROBADO
2872,4450,2025-09-11 07:46:11,5898.36,YAPE,APROBADO
2873,4452,2025-02-04 09:43:30,1022.62,TRANSFERENCIA,APROBADO
2874,4453,2025-09-30 01:31:08,4375.8,PLIN,APROBADO
2875,4454,2025-11-06 23:11:48,1475.98,PLIN,APROBADO
2876,4456,2025-02-10 20:15:04,17267.42,TRANSFERENCIA,APROBADO
2877,4460,2025-04-18 10:07:56,1096.82,PLIN,APROBADO
2878,4461,2025-06-03 02:09:33,8853.86,TARJETA,APROBADO
2879,4462,2025-10-16 06:44:13,8088.5,YAPE,APROBADO
2880,4464,2025-02-08 14:55:54,17360.71,YAPE,APROBADO
2881,4465,2025-05-12 14:58:40,8161.35,TARJETA,APROBADO
2882,4466,2025-12-27 04:43:17,2609.88,TARJETA,APROBADO
2883,4467,2025-03-30 14:02:31,3003.63,PLIN,APROBADO
2884,4468,2025-09-29 19:24:31,14103.08,YAPE,APROBADO
2885,4469,2025-11-19 20:29:54,1220.76,PLIN,APROBADO
2886,4470,2025-11-10 06:01:22,8161.35,TRANSFERENCIA,APROBADO
2887,4472,2025-10-22 07:24:45,13383.3,YAPE,APROBADO
2888,4473,2025-10-02 17:06:21,16181.86,TRANSFERENCIA,APROBADO
2889,4474,2025-01-27 04:14:05,1306.05,PLIN,APROBADO
2890,4475,2025-03-23 11:24:14,8555.54,TARJETA,APROBADO
2891,4476,2025-04-16 04:48:19,14216.2,YAPE,APROBADO
2892,4477,2025-07-10 09:25:29,490.76,YAPE,APROBADO
2893,4480,2025-12-22 14:22:53,2538.03,PLIN,APROBADO
2894,4481,2025-11-06 11:08:22,8354.3,TRANSFERENCIA,APROBADO
2895,4482,2025-06-24 21:40:03,22661.42,PLIN,APROBADO
2896,4483,2025-02-11 04:06:34,13575.3,TARJETA,APROBADO
2897,4485,2025-04-07 09:51:45,15585.89,YAPE,APROBADO
2898,4487,2025-07-02 18:12:58,13123.12,PLIN,APROBADO
2899,4488,2025-11-24 02:17:38,19767.64,TARJETA,APROBADO
2900,4489,2025-04-17 22:10:11,30361.04,PLIN,APROBADO
2901,4491,2025-01-10 23:31:57,11748.06,TRANSFERENCIA,APROBADO
2902,4493,2025-12-09 17:49:57,17065.12,TARJETA,APROBADO
2903,4495,2025-07-01 09:00:20,3447.92,YAPE,APROBADO
2904,4498,2025-04-21 20:22:26,20143.56,TARJETA,APROBADO
2905,4500,2025-08-19 04:55:29,22327.19,TARJETA,APROBADO
2906,4501,2025-07-01 14:01:03,24363.26,PLIN,APROBADO
2907,4502,2025-02-01 18:40:37,14492.82,TARJETA,APROBADO
2908,4503,2025-04-30 00:17:51,3262.86,TRANSFERENCIA,APROBADO
2909,4504,2025-07-14 15:02:09,19454.54,YAPE,APROBADO
2910,4506,2025-06-07 12:26:32,12584.13,PLIN,APROBADO
2911,4509,2025-03-29 04:19:09,6887.64,TARJETA,APROBADO
2912,4510,2025-11-14 19:21:49,4393.93,TARJETA,APROBADO
2913,4511,2025-11-07 08:51:14,808.29,TRANSFERENCIA,APROBADO
2914,4512,2025-08-10 05:47:37,13099.31,TRANSFERENCIA,APROBADO
2915,4514,2025-04-05 07:46:27,12603.45,TARJETA,APROBADO
2916,4516,2025-07-14 06:30:02,1161.86,TRANSFERENCIA,APROBADO
2917,4517,2025-01-04 13:39:39,10725.7,TARJETA,APROBADO
2918,4518,2025-02-27 13:57:37,8843.79,TARJETA,APROBADO
2919,4519,2025-03-26 07:01:42,11091.9,TARJETA,APROBADO
2920,4520,2025-12-30 20:49:10,13944.92,YAPE,APROBADO
2921,4522,2025-01-24 03:07:42,12456.99,TARJETA,APROBADO
2922,4523,2025-03-02 19:25:07,8487.56,TRANSFERENCIA,APROBADO
2923,4525,2025-12-04 02:42:33,21602.83,YAPE,APROBADO
2924,4526,2025-06-22 09:22:25,6345.46,PLIN,APROBADO
2925,4527,2025-07-10 22:43:09,1601.73,TRANSFERENCIA,APROBADO
2926,4528,2025-07-06 20:52:30,24266.52,YAPE,APROBADO
2927,4530,2025-04-10 18:33:34,5543.52,YAPE,APROBADO
2928,4531,2025-07-24 10:48:11,18413.46,TARJETA,APROBADO
2929,4532,2025-09-16 07:52:57,1997.76,PLIN,APROBADO
2930,4533,2025-05-27 09:03:55,4494.57,PLIN,APROBADO
2931,4534,2025-12-14 19:09:47,7403.55,YAPE,APROBADO
2932,4535,2025-12-19 02:24:57,10929.51,YAPE,APROBADO
2933,4536,2025-12-09 02:37:15,8120.01,TRANSFERENCIA,APROBADO
2934,4537,2025-12-13 08:27:07,8970.56,PLIN,APROBADO
2935,4538,2025-04-10 21:49:37,18365.96,YAPE,APROBADO
2936,4539,2025-06-14 21:31:22,18068.59,TARJETA,APROBADO
2937,4540,2025-09-11 11:39:58,1630.24,TRANSFERENCIA,APROBADO
2938,4541,2025-07-07 21:10:09,5407.4,PLIN,APROBADO
2939,4543,2025-04-29 09:57:51,12171.24,YAPE,APROBADO
2940,4545,2025-11-20 05:17:30,2813.86,TRANSFERENCIA,APROBADO
2941,4546,2025-08-23 06:10:07,16440.77,TARJETA,APROBADO
2942,4547,2025-04-09 02:00:17,3485.58,YAPE,APROBADO
2943,4548,2025-01-14 17:58:03,16540.92,YAPE,APROBADO
2944,4549,2025-11-26 07:41:05,12419.1,PLIN,APROBADO
2945,4550,2025-07-05 17:04:32,4172.0,TARJETA,APROBADO
2946,4552,2025-06-23 01:05:07,8603.91,TARJETA,APROBADO
2947,4553,2025-12-16 17:23:12,3633.7,TARJETA,APROBADO
2948,4554,2025-10-22 19:29:13,5970.51,YAPE,APROBADO
2949,4557,2025-11-05 14:33:35,15049.34,PLIN,APROBADO
2950,4558,2025-03-08 23:09:32,3807.04,YAPE,APROBADO
2951,4559,2025-03-05 21:57:43,6648.46,TRANSFERENCIA,APROBADO
2952,4562,2025-01-18 11:19:13,1287.6,PLIN,APROBADO
2953,4563,2025-01-25 16:49:10,3862.8,TARJETA,APROBADO
2954,4564,2025-04-21 16:47:27,16452.37,YAPE,APROBADO
2955,4566,2025-04-07 10:01:23,8244.46,PLIN,APROBADO
2956,4567,2025-05-27 11:08:44,11906.4,TARJETA,APROBADO
2957,4568,2025-11-28 03:28:41,3312.69,TARJETA,APROBADO
2958,4569,2025-04-08 20:16:24,5546.31,YAPE,APROBADO
2959,4571,2025-06-01 15:58:29,8763.29,YAPE,APROBADO
2960,4574,2025-03-18 15:03:03,3980.64,TRANSFERENCIA,APROBADO
2961,4575,2025-07-02 08:05:25,1485.88,PLIN,APROBADO
2962,4578,2025-04-24 08:37:24,7465.25,TARJETA,APROBADO
2963,4579,2025-04-15 12:14:38,10507.19,TRANSFERENCIA,APROBADO
2964,4580,2025-11-21 05:46:02,10302.04,PLIN,APROBADO
2965,4582,2025-05-11 16:37:52,7211.32,TRANSFERENCIA,APROBADO
2966,4583,2025-09-22 17:13:59,5339.87,PLIN,APROBADO
2967,4584,2025-04-08 06:43:32,16304.84,YAPE,APROBADO
2968,4585,2025-05-01 21:09:14,882.83,YAPE,APROBADO
2969,4586,2025-09-01 23:14:06,22914.94,PLIN,APROBADO
2970,4587,2025-09-28 03:12:45,13745.92,TARJETA,APROBADO
2971,4589,2025-09-10 06:15:30,16247.81,TARJETA,APROBADO
2972,4590,2025-11-03 02:01:07,25385.67,YAPE,APROBADO
2973,4591,2025-11-10 01:49:18,8752.98,TRANSFERENCIA,APROBADO
2974,4593,2025-04-13 08:02:06,19339.93,PLIN,APROBADO
2975,4596,2025-05-19 07:37:42,20708.47,YAPE,APROBADO
2976,4597,2025-09-17 02:49:20,1163.13,TARJETA,APROBADO
2977,4599,2025-11-03 21:23:49,10379.88,PLIN,APROBADO
2978,4600,2025-07-12 04:40:44,12876.52,YAPE,APROBADO
2979,4602,2025-03-25 05:11:32,22695.04,PLIN,APROBADO
2980,4603,2025-02-26 05:03:54,21781.07,TARJETA,APROBADO
2981,4604,2025-08-16 19:10:54,19956.77,TRANSFERENCIA,APROBADO
2982,4606,2025-11-11 04:06:48,13814.2,YAPE,APROBADO
2983,4607,2025-09-19 14:20:27,9212.62,PLIN,APROBADO
2984,4608,2025-05-21 17:55:37,113.2,PLIN,APROBADO
2985,4609,2025-05-27 15:36:05,617.84,TRANSFERENCIA,APROBADO
2986,4610,2025-11-03 21:17:10,16060.14,TRANSFERENCIA,APROBADO
2987,4611,2025-10-23 12:07:15,2650.44,YAPE,APROBADO
2988,4612,2025-10-05 02:07:21,17584.19,TRANSFERENCIA,APROBADO
2989,4613,2025-12-17 13:44:53,6398.58,TRANSFERENCIA,APROBADO
2990,4614,2025-12-28 05:47:56,9548.22,YAPE,APROBADO
2991,4615,2025-04-08 11:43:39,4152.33,YAPE,APROBADO
2992,4617,2025-08-25 17:01:21,18300.51,TARJETA,APROBADO
2993,4622,2025-06-08 18:33:05,19785.45,PLIN,APROBADO
2994,4624,2025-10-15 04:55:08,5716.15,PLIN,APROBADO
2995,4626,2025-05-20 21:37:19,22075.16,TARJETA,APROBADO
2996,4627,2025-04-15 04:32:21,3071.01,PLIN,APROBADO
2997,4628,2025-02-12 15:00:09,15024.54,TRANSFERENCIA,APROBADO
2998,4629,2025-10-01 04:02:33,9012.99,TARJETA,APROBADO
2999,4630,2025-07-12 16:02:32,16205.18,PLIN,APROBADO
3000,4631,2025-10-13 21:36:31,1524.71,PLIN,APROBADO
3001,4632,2025-05-24 16:06:25,14989.8,YAPE,APROBADO
3002,4633,2025-02-05 18:06:08,13945.06,YAPE,APROBADO
3003,4634,2025-02-22 09:31:15,3312.69,TARJETA,APROBADO
3004,4635,2025-07-11 10:51:40,17147.86,PLIN,APROBADO
3005,4636,2025-12-11 19:34:57,16619.7,YAPE,APROBADO
3006,4637,2025-06-17 03:11:17,13553.62,PLIN,APROBADO
3007,4639,2025-03-17 11:48:10,1827.6,PLIN,APROBADO
3008,4641,2025-08-07 02:45:47,15523.62,TARJETA,APROBADO
3009,4643,2025-07-30 17:23:14,15362.38,PLIN,APROBADO
3010,4645,2025-03-03 03:29:18,16818.92,YAPE,APROBADO
3011,4647,2025-03-25 05:31:18,10207.94,TRANSFERENCIA,APROBADO
3012,4648,2025-07-22 19:38:44,19047.75,TRANSFERENCIA,APROBADO
3013,4649,2025-01-21 05:38:24,20948.69,PLIN,APROBADO
3014,4651,2025-05-29 16:27:07,11551.82,PLIN,APROBADO
3015,4652,2025-12-20 03:54:58,24262.67,YAPE,APROBADO
3016,4653,2025-08-08 13:30:33,16766.99,YAPE,APROBADO
3017,4654,2025-10-24 13:08:32,16440.8,TRANSFERENCIA,APROBADO
3018,4655,2025-03-04 23:35:46,12407.87,YAPE,APROBADO
3019,4656,2025-05-11 15:32:09,22994.27,TARJETA,APROBADO
3020,4657,2025-09-19 09:57:08,9208.94,PLIN,APROBADO
3021,4658,2025-07-10 13:18:22,22452.11,TARJETA,APROBADO
3022,4660,2025-02-08 21:35:47,450.12,YAPE,APROBADO
3023,4662,2025-02-19 01:55:11,22108.29,TARJETA,APROBADO
3024,4664,2025-05-06 16:23:39,21142.2,YAPE,APROBADO
3025,4665,2025-09-26 00:02:02,24291.23,TARJETA,APROBADO
3026,4666,2025-08-15 01:23:53,10351.78,TARJETA,APROBADO
3027,4668,2025-11-03 23:27:07,22878.48,TARJETA,APROBADO
3028,4669,2025-04-27 21:40:34,13029.3,TARJETA,APROBADO
3029,4672,2025-12-23 14:19:14,3341.25,YAPE,APROBADO
3030,4675,2025-05-28 03:21:55,18184.31,TARJETA,APROBADO
3031,4676,2025-09-01 21:44:09,15819.29,TARJETA,APROBADO
3032,4677,2025-12-26 10:07:57,7859.68,TARJETA,APROBADO
3033,4678,2025-10-31 03:09:40,8289.37,PLIN,APROBADO
3034,4679,2025-04-04 15:54:53,21989.66,TARJETA,APROBADO
3035,4681,2025-08-09 16:28:24,4444.61,TRANSFERENCIA,APROBADO
3036,4682,2025-08-24 22:37:16,6398.58,PLIN,APROBADO
3037,4683,2025-07-18 06:02:07,13559.46,PLIN,APROBADO
3038,4686,2025-11-27 23:29:35,14590.67,TRANSFERENCIA,APROBADO
3039,4687,2025-05-02 06:59:26,16754.39,TRANSFERENCIA,APROBADO
3040,4690,2025-01-18 08:26:28,1966.12,YAPE,APROBADO
3041,4691,2025-09-22 07:08:31,9051.01,TARJETA,APROBADO
3042,4697,2025-02-07 09:26:19,15376.37,TRANSFERENCIA,APROBADO
3043,4698,2025-09-29 02:42:49,10877.48,YAPE,APROBADO
3044,4699,2025-03-26 18:26:11,6060.0,PLIN,APROBADO
3045,4700,2025-03-07 20:18:23,6754.34,PLIN,APROBADO
3046,4701,2025-09-05 12:34:41,14061.96,PLIN,APROBADO
3047,4702,2025-08-23 06:37:04,2390.4,YAPE,APROBADO
3048,4703,2025-07-20 12:49:42,23899.51,TARJETA,APROBADO
3049,4704,2025-03-27 18:42:37,13225.5,PLIN,APROBADO
3050,4705,2025-11-27 02:12:22,1205.49,YAPE,APROBADO
3051,4709,2025-11-01 02:02:39,15426.73,PLIN,APROBADO
3052,4710,2025-06-19 13:42:08,5182.41,PLIN,APROBADO
3053,4713,2025-05-15 17:07:28,23095.31,TRANSFERENCIA,APROBADO
3054,4715,2025-12-08 02:15:52,18191.33,PLIN,APROBADO
3055,4717,2025-09-02 23:50:43,16151.12,PLIN,APROBADO
3056,4718,2025-09-17 05:36:58,6195.25,TARJETA,APROBADO
3057,4719,2025-05-16 00:23:15,3363.71,YAPE,APROBADO
3058,4721,2025-12-11 10:34:30,16526.93,YAPE,APROBADO
3059,4722,2025-03-06 14:51:46,5757.75,YAPE,APROBADO
3060,4727,2025-01-28 07:54:38,9300.94,TARJETA,APROBADO
3061,4728,2025-05-19 19:34:38,11926.88,TRANSFERENCIA,APROBADO
3062,4729,2025-08-29 21:50:38,20906.93,TARJETA,APROBADO
3063,4730,2025-04-22 23:57:48,28075.52,YAPE,APROBADO
3064,4731,2025-05-29 16:55:03,7948.43,TRANSFERENCIA,APROBADO
3065,4733,2025-04-15 00:11:45,12103.37,TARJETA,APROBADO
3066,4737,2025-09-04 07:34:41,893.1,PLIN,APROBADO
3067,4739,2025-08-20 20:57:19,6041.14,TARJETA,APROBADO
3068,4740,2025-02-05 08:04:54,8713.43,TRANSFERENCIA,APROBADO
3069,4741,2025-12-19 18:21:32,14692.93,YAPE,APROBADO
3070,4742,2025-09-19 18:33:44,16483.13,YAPE,APROBADO
3071,4744,2025-09-10 21:10:57,6229.02,TRANSFERENCIA,APROBADO
3072,4745,2025-10-11 00:35:31,4605.52,TARJETA,APROBADO
3073,4747,2025-01-27 10:15:40,27500.49,PLIN,APROBADO
3074,4748,2025-01-24 04:21:55,237.73,TRANSFERENCIA,APROBADO
3075,4749,2025-04-26 17:06:52,20087.19,YAPE,APROBADO
3076,4750,2025-11-10 17:47:22,237.73,PLIN,APROBADO
3077,4751,2025-06-11 07:09:43,5741.6,PLIN,APROBADO
3078,4753,2025-08-13 05:04:24,4643.88,PLIN,APROBADO
3079,4754,2025-07-10 02:06:19,3522.9,YAPE,APROBADO
3080,4755,2025-04-27 00:58:10,6156.76,PLIN,APROBADO
3081,4756,2025-08-09 05:55:55,14883.93,TRANSFERENCIA,APROBADO
3082,4758,2025-01-16 10:13:43,3013.94,TRANSFERENCIA,APROBADO
3083,4759,2025-01-12 21:07:34,1643.85,YAPE,APROBADO
3084,4760,2025-05-19 01:57:32,2535.36,TRANSFERENCIA,APROBADO
3085,4761,2025-06-09 08:13:56,26682.44,YAPE,APROBADO
3086,4763,2025-12-27 18:24:10,26403.92,TARJETA,APROBADO
3087,4765,2025-03-21 06:48:25,14284.84,YAPE,APROBADO
3088,4768,2025-01-29 04:14:18,3348.83,YAPE,APROBADO
3089,4769,2025-07-09 09:48:36,8292.4,YAPE,APROBADO
3090,4770,2025-09-11 03:41:23,7668.04,YAPE,APROBADO
3091,4771,2025-01-09 07:30:41,8496.6,YAPE,APROBADO
3092,4772,2025-10-29 16:08:42,4890.72,YAPE,APROBADO
3093,4774,2025-09-27 17:12:10,21534.84,TRANSFERENCIA,APROBADO
3094,4776,2025-09-12 21:23:42,3109.04,TARJETA,APROBADO
3095,4778,2025-08-03 05:21:31,16802.26,PLIN,APROBADO
3096,4779,2025-01-13 05:18:48,7893.31,PLIN,APROBADO
3097,4780,2025-06-08 04:54:20,19718.7,YAPE,APROBADO
3098,4782,2025-10-17 11:05:39,10400.74,YAPE,APROBADO
3099,4783,2025-12-02 21:09:39,26153.56,TRANSFERENCIA,APROBADO
3100,4784,2025-07-19 22:48:06,15963.02,PLIN,APROBADO
3101,4785,2025-09-03 12:27:34,9310.76,TARJETA,APROBADO
3102,4787,2025-05-13 12:05:43,10323.25,YAPE,APROBADO
3103,4788,2025-12-13 12:42:32,12219.02,TRANSFERENCIA,APROBADO
3104,4790,2025-07-05 06:07:12,10379.88,PLIN,APROBADO
3105,4791,2025-02-17 09:25:43,25641.83,PLIN,APROBADO
3106,4792,2025-05-17 00:14:16,15328.58,PLIN,APROBADO
3107,4793,2025-04-28 06:52:58,883.84,YAPE,APROBADO
3108,4795,2025-11-18 03:40:56,22870.92,PLIN,APROBADO
3109,4801,2025-05-31 13:45:56,911.6,PLIN,APROBADO
3110,4802,2025-01-06 20:18:56,7755.76,TARJETA,APROBADO
3111,4803,2025-03-01 20:19:42,11945.01,YAPE,APROBADO
3112,4806,2025-09-10 13:46:41,1747.96,YAPE,APROBADO
3113,4807,2025-08-07 00:02:54,9515.03,YAPE,APROBADO
3114,4810,2025-01-28 22:37:49,4048.53,TARJETA,APROBADO
3115,4811,2025-03-10 05:44:39,2870.8,TARJETA,APROBADO
3116,4812,2026-01-03 13:23:30,13345.34,TARJETA,APROBADO
3117,4813,2025-07-07 18:40:02,11929.27,PLIN,APROBADO
3118,4815,2025-05-19 01:08:53,5098.07,PLIN,APROBADO
3119,4817,2025-11-20 08:23:03,14318.25,TARJETA,APROBADO
3120,4818,2025-10-08 18:11:06,4151.46,PLIN,APROBADO
3121,4822,2025-03-23 14:26:09,4268.72,TARJETA,APROBADO
3122,4823,2025-11-09 14:11:11,12705.3,PLIN,APROBADO
3123,4824,2025-10-01 14:26:36,34329.15,YAPE,APROBADO
3124,4825,2025-03-06 01:12:45,12965.1,YAPE,APROBADO
3125,4826,2025-09-05 18:34:05,4205.27,TRANSFERENCIA,APROBADO
3126,4827,2025-04-20 22:19:12,16048.66,YAPE,APROBADO
3127,4828,2025-08-16 11:42:30,5936.16,TRANSFERENCIA,APROBADO
3128,4831,2025-03-06 13:23:00,2435.82,PLIN,APROBADO
3129,4832,2025-02-26 03:36:58,5950.23,TARJETA,APROBADO
3130,4834,2025-01-18 17:17:55,25385.13,PLIN,APROBADO
3131,4835,2025-02-25 13:23:41,17648.31,PLIN,APROBADO
3132,4837,2025-02-13 09:40:05,15527.28,TRANSFERENCIA,APROBADO
3133,4839,2025-02-18 16:25:08,15080.02,TARJETA,APROBADO
3134,4841,2025-01-06 23:31:18,12068.99,TARJETA,APROBADO
3135,4842,2025-02-02 09:41:12,7224.63,YAPE,APROBADO
3136,4846,2025-12-26 19:17:39,12948.59,YAPE,APROBADO
3137,4848,2025-05-29 08:50:51,20015.78,PLIN,APROBADO
3138,4849,2025-03-24 20:05:20,10636.57,TARJETA,APROBADO
3139,4850,2025-12-22 17:22:51,15456.47,TRANSFERENCIA,APROBADO
3140,4852,2025-12-28 22:14:59,5945.81,YAPE,APROBADO
3141,4854,2025-05-31 06:31:17,20239.31,TARJETA,APROBADO
3142,4855,2025-11-21 19:16:53,29812.47,PLIN,APROBADO
3143,4857,2025-04-09 13:34:01,2810.5,TRANSFERENCIA,APROBADO
3144,4858,2025-09-25 01:13:19,29872.08,TARJETA,APROBADO
3145,4859,2025-04-14 14:34:52,2039.86,YAPE,APROBADO
3146,4860,2025-07-12 00:59:36,11409.66,YAPE,APROBADO
3147,4861,2025-03-27 17:11:53,19786.83,PLIN,APROBADO
3148,4865,2025-12-17 12:46:04,14593.5,PLIN,APROBADO
3149,4868,2025-10-12 03:24:07,5363.98,TRANSFERENCIA,APROBADO
3150,4869,2025-04-20 18:19:27,24864.63,YAPE,APROBADO
3151,4870,2025-10-16 03:40:33,402.05,YAPE,APROBADO
3152,4871,2025-11-07 00:28:15,17731.5,TRANSFERENCIA,APROBADO
3153,4873,2025-01-07 11:59:14,18590.43,TARJETA,APROBADO
3154,4874,2025-06-11 04:22:39,19277.27,YAPE,APROBADO
3155,4875,2025-08-13 05:52:55,1096.83,PLIN,APROBADO
3156,4876,2025-04-02 11:38:59,3307.66,PLIN,APROBADO
3157,4878,2025-06-18 20:20:55,18370.26,PLIN,APROBADO
3158,4879,2025-05-02 01:47:20,28869.64,TRANSFERENCIA,APROBADO
3159,4881,2025-09-18 16:34:53,21072.48,YAPE,APROBADO
3160,4882,2025-08-24 19:20:50,15517.5,PLIN,APROBADO
3161,4883,2025-08-23 19:01:04,4043.73,TARJETA,APROBADO
3162,4884,2025-10-27 05:39:56,19592.73,PLIN,APROBADO
3163,4885,2025-11-25 19:35:22,9154.36,TARJETA,APROBADO
3164,4888,2025-11-16 19:58:46,8313.6,PLIN,APROBADO
3165,4889,2025-09-06 19:08:14,13681.25,TRANSFERENCIA,APROBADO
3166,4890,2025-07-25 19:58:02,6723.86,TRANSFERENCIA,APROBADO
3167,4891,2025-12-27 03:41:44,2119.64,TARJETA,APROBADO
3168,4892,2025-07-12 10:02:44,6961.83,TARJETA,APROBADO
3169,4893,2025-07-18 05:46:01,13552.46,TRANSFERENCIA,APROBADO
3170,4894,2025-01-26 03:41:51,8074.81,PLIN,APROBADO
3171,4895,2025-07-08 17:32:43,21407.64,YAPE,APROBADO
3172,4896,2025-10-10 06:54:15,13866.81,YAPE,APROBADO
3173,4898,2025-09-22 01:39:14,14145.04,YAPE,APROBADO
3174,4899,2025-05-19 12:10:13,9949.47,TRANSFERENCIA,APROBADO
3175,4900,2025-02-18 12:27:00,22191.89,TRANSFERENCIA,APROBADO
3176,4902,2025-05-13 02:08:33,11988.79,PLIN,APROBADO
3177,4903,2025-04-25 22:50:09,10591.32,YAPE,APROBADO
3178,4904,2025-06-08 17:35:16,19278.82,PLIN,APROBADO
3179,4905,2025-12-08 01:21:51,1296.8,TARJETA,APROBADO
3180,4910,2025-06-28 00:36:38,1638.84,PLIN,APROBADO
3181,4912,2025-05-02 16:07:11,3487.46,TARJETA,APROBADO
3182,4913,2025-09-06 22:41:23,17753.21,TARJETA,APROBADO
3183,4914,2025-05-01 04:44:48,7151.59,YAPE,APROBADO
3184,4918,2025-03-25 09:59:02,8977.75,TRANSFERENCIA,APROBADO
3185,4920,2025-11-04 04:11:50,2538.03,PLIN,APROBADO
3186,4921,2025-08-31 14:11:06,4635.7,PLIN,APROBADO
3187,4922,2025-11-26 14:07:11,8397.33,TRANSFERENCIA,APROBADO
3188,4923,2025-07-24 01:39:18,18483.84,PLIN,APROBADO
3189,4924,2025-05-20 22:16:59,3785.24,PLIN,APROBADO
3190,4925,2025-03-26 19:04:31,12135.38,TRANSFERENCIA,APROBADO
3191,4927,2025-05-01 21:56:59,13175.89,PLIN,APROBADO
3192,4928,2025-08-26 01:29:54,26439.67,YAPE,APROBADO
3193,4929,2025-11-22 04:07:56,7028.16,PLIN,APROBADO
3194,4930,2025-09-25 13:47:26,17194.9,TARJETA,APROBADO
3195,4931,2025-07-14 07:55:09,12526.8,TRANSFERENCIA,APROBADO
3196,4932,2025-12-31 15:59:33,18996.65,TRANSFERENCIA,APROBADO
3197,4933,2025-01-24 02:05:59,9286.18,YAPE,APROBADO
3198,4934,2026-01-03 18:11:17,1408.5,YAPE,APROBADO
3199,4936,2025-12-23 03:42:27,21300.18,TRANSFERENCIA,APROBADO
3200,4937,2025-03-11 18:04:18,11993.5,YAPE,APROBADO
3201,4938,2025-05-14 16:29:45,1724.18,TRANSFERENCIA,APROBADO
3202,4939,2025-04-26 11:30:16,18685.95,PLIN,APROBADO
3203,4940,2025-06-23 04:39:50,2904.78,YAPE,APROBADO
3204,4941,2025-08-18 04:49:55,101.74,PLIN,APROBADO
3205,4942,2025-09-07 05:59:15,2782.41,YAPE,APROBADO
3206,4943,2025-05-23 10:54:35,24561.41,TRANSFERENCIA,APROBADO
3207,4944,2025-08-14 13:39:23,7909.18,TARJETA,APROBADO
3208,4946,2025-09-11 19:14:19,15172.65,YAPE,APROBADO
3209,4948,2025-07-05 19:30:24,16025.02,TARJETA,APROBADO
3210,4949,2025-07-19 04:22:14,12870.62,PLIN,APROBADO
3211,4955,2025-03-10 22:27:29,23625.68,TRANSFERENCIA,APROBADO
3212,4956,2025-01-06 21:42:00,14194.81,YAPE,APROBADO
3213,4957,2025-10-07 20:14:49,1909.68,TARJETA,APROBADO
3214,4958,2025-11-04 22:06:38,4221.2,TRANSFERENCIA,APROBADO
3215,4959,2025-10-05 00:03:37,9052.59,TARJETA,APROBADO
3216,4961,2025-07-03 08:02:55,7118.2,TARJETA,APROBADO
3217,4962,2025-04-17 10:02:22,34133.52,PLIN,APROBADO
3218,4964,2025-01-14 11:46:51,1131.56,YAPE,APROBADO
3219,4965,2025-06-13 02:19:01,21592.02,TARJETA,APROBADO
3220,4966,2025-02-07 23:26:30,3330.2,PLIN,APROBADO
3221,4967,2025-07-22 11:57:42,3651.6,YAPE,APROBADO
3222,4968,2025-08-07 00:19:48,27619.57,TRANSFERENCIA,APROBADO
3223,4969,2025-10-07 13:32:29,23660.21,YAPE,APROBADO
3224,4970,2025-11-06 14:04:32,24311.53,YAPE,APROBADO
3225,4971,2025-09-04 06:11:29,12814.14,YAPE,APROBADO
3226,4972,2025-06-15 09:33:40,24023.96,TARJETA,APROBADO
3227,4973,2025-01-25 10:00:00,23255.38,TARJETA,APROBADO
3228,4974,2025-01-26 17:56:51,18814.26,YAPE,APROBADO
3229,4975,2025-08-22 13:55:51,11079.3,TRANSFERENCIA,APROBADO
3230,4976,2025-06-12 07:11:09,2952.13,PLIN,APROBADO
3231,4977,2025-07-24 17:08:38,1904.62,PLIN,APROBADO
3232,4978,2025-08-14 13:44:03,26819.07,TRANSFERENCIA,APROBADO
3233,4979,2025-10-08 22:20:22,9026.66,PLIN,APROBADO
3234,4980,2025-05-20 13:42:09,13315.92,TRANSFERENCIA,APROBADO
3235,4982,2025-03-25 07:50:55,6525.89,PLIN,APROBADO
3236,4983,2025-07-16 17:30:56,9042.29,PLIN,APROBADO
3237,4985,2025-08-13 22:04:28,8163.61,YAPE,APROBADO
3238,4986,2025-07-31 07:23:38,3260.48,TRANSFERENCIA,APROBADO
3239,4988,2025-10-03 18:47:25,22438.48,TRANSFERENCIA,APROBADO
3240,4989,2025-05-31 14:18:51,6706.9,TRANSFERENCIA,APROBADO
3241,4990,2025-04-30 17:22:44,17374.23,YAPE,APROBADO
3242,4994,2025-06-03 09:24:12,20669.52,PLIN,APROBADO
3243,4995,2025-03-17 19:35:22,14043.05,YAPE,APROBADO
3244,4996,2025-11-07 14:14:09,5741.6,TARJETA,APROBADO
3245,5001,2025-01-21 08:12:56,7724.33,TRANSFERENCIA,APROBADO
3246,5002,2025-01-26 03:45:27,21009.12,TARJETA,APROBADO
3247,5003,2025-04-05 04:40:37,9300.29,YAPE,APROBADO
3248,5006,2025-08-17 00:06:07,3003.63,PLIN,APROBADO
3249,5007,2025-03-16 23:03:07,2562.3,TARJETA,APROBADO
3250,5008,2025-05-22 15:35:49,21284.69,YAPE,APROBADO
3251,5009,2025-01-31 03:33:11,14469.21,TRANSFERENCIA,APROBADO
3252,5010,2025-04-24 23:28:51,15129.88,PLIN,APROBADO
3253,5012,2025-10-18 03:13:26,738.76,TARJETA,APROBADO
3254,5014,2025-01-21 09:41:33,21547.74,YAPE,APROBADO
3255,5015,2025-07-11 23:46:20,23704.26,YAPE,APROBADO
3256,5016,2025-01-11 11:41:48,7054.16,PLIN,APROBADO
3257,5017,2025-07-04 18:23:00,8621.56,TRANSFERENCIA,APROBADO
3258,5018,2025-09-03 03:58:31,13375.0,PLIN,APROBADO
3259,5019,2025-11-16 09:20:57,7449.04,TRANSFERENCIA,APROBADO
3260,5020,2025-09-11 14:06:30,1067.82,YAPE,APROBADO
3261,5021,2025-02-13 05:30:16,2612.1,PLIN,APROBADO
3262,5026,2025-11-11 01:09:59,7791.85,YAPE,APROBADO
3263,5027,2025-01-13 04:48:47,19547.66,PLIN,APROBADO
3264,5028,2025-01-18 23:51:37,19674.18,TRANSFERENCIA,APROBADO
3265,5029,2025-01-06 17:25:43,2665.1,YAPE,APROBADO
3266,5030,2025-05-24 13:03:00,12763.98,TARJETA,APROBADO
3267,5031,2025-01-29 20:12:07,10805.22,PLIN,APROBADO
3268,5032,2025-06-06 19:06:26,5907.0,PLIN,APROBADO
3269,5033,2025-12-29 16:15:07,3653.61,YAPE,APROBADO
3270,5034,2025-02-28 22:41:24,16128.38,TRANSFERENCIA,APROBADO
3271,5040,2025-11-16 15:08:52,14193.59,YAPE,APROBADO
3272,5043,2025-08-15 15:47:08,4605.52,TRANSFERENCIA,APROBADO
3273,5044,2025-12-27 19:15:40,21646.06,TRANSFERENCIA,APROBADO
3274,5049,2025-11-12 15:48:21,2892.73,TARJETA,APROBADO
3275,5050,2025-09-28 22:50:37,11145.63,YAPE,APROBADO
3276,5051,2025-02-21 16:50:48,11996.08,TRANSFERENCIA,APROBADO
3277,5052,2025-11-13 08:03:56,365.39,TRANSFERENCIA,APROBADO
3278,5054,2025-08-13 22:25:23,17691.98,TARJETA,APROBADO
3279,5055,2025-02-04 09:20:29,5303.8,TARJETA,APROBADO
3280,5057,2025-09-21 22:34:19,880.49,YAPE,APROBADO
3281,5058,2025-08-16 00:44:36,5877.83,TRANSFERENCIA,APROBADO
3282,5059,2025-05-04 23:12:25,4520.91,TARJETA,APROBADO
3283,5060,2025-09-21 19:35:08,9797.34,TARJETA,APROBADO
3284,5062,2025-08-21 23:04:36,5497.5,TRANSFERENCIA,APROBADO
3285,5065,2025-06-13 18:20:46,15911.29,TRANSFERENCIA,APROBADO
3286,5067,2025-01-18 15:58:13,3337.8,TRANSFERENCIA,APROBADO
3287,5068,2025-10-26 01:38:59,18100.6,YAPE,APROBADO
3288,5069,2025-11-09 12:21:23,32997.95,YAPE,APROBADO
3289,5070,2025-12-31 00:59:20,5300.62,YAPE,APROBADO
3290,5072,2025-01-04 23:07:49,15475.75,TARJETA,APROBADO
3291,5074,2025-02-06 13:24:08,12941.86,TRANSFERENCIA,APROBADO
3292,5076,2025-07-04 14:06:23,12187.71,TRANSFERENCIA,APROBADO
3293,5077,2025-11-16 23:09:52,11154.78,PLIN,APROBADO
3294,5078,2025-04-28 13:36:04,1073.19,PLIN,APROBADO
3295,5079,2025-09-27 00:14:36,5314.81,TARJETA,APROBADO
3296,5080,2025-12-16 10:36:09,5239.51,PLIN,APROBADO
3297,5081,2025-09-28 05:48:02,12040.28,PLIN,APROBADO
3298,5082,2025-04-01 17:30:18,14910.99,TRANSFERENCIA,APROBADO
3299,5083,2025-05-08 10:22:43,18768.84,TRANSFERENCIA,APROBADO
3300,5084,2025-09-30 16:35:10,20532.0,YAPE,APROBADO
3301,5085,2025-12-06 20:07:19,2081.29,TARJETA,APROBADO
3302,5086,2025-07-08 07:06:51,2178.52,PLIN,APROBADO
3303,5087,2025-03-29 20:31:28,9564.91,PLIN,APROBADO
3304,5089,2025-10-10 22:41:59,10582.46,YAPE,APROBADO
3305,5090,2025-02-21 06:00:46,13115.12,YAPE,APROBADO
3306,5091,2025-06-03 00:27:37,3646.9,TRANSFERENCIA,APROBADO
3307,5092,2025-03-13 17:03:52,13839.48,TRANSFERENCIA,APROBADO
3308,5093,2025-09-14 11:35:56,8569.62,TRANSFERENCIA,APROBADO
3309,5094,2025-04-08 02:10:59,14381.19,TARJETA,APROBADO
3310,5095,2025-06-08 21:03:11,17855.53,TRANSFERENCIA,APROBADO
3311,5096,2025-01-08 17:30:34,8963.64,YAPE,APROBADO
3312,5097,2025-03-19 21:04:37,1408.74,TRANSFERENCIA,APROBADO
3313,5101,2025-02-03 01:17:12,16198.74,TRANSFERENCIA,APROBADO
3314,5102,2025-03-13 20:09:55,10407.43,YAPE,APROBADO
3315,5104,2025-10-17 21:34:11,17823.36,PLIN,APROBADO
3316,5107,2025-04-06 12:45:19,7064.5,YAPE,APROBADO
3317,5108,2025-02-04 15:07:02,11672.0,TRANSFERENCIA,APROBADO
3318,5110,2025-08-19 18:51:03,30966.72,TARJETA,APROBADO
3319,5111,2025-03-23 05:42:23,20913.71,TRANSFERENCIA,APROBADO
3320,5113,2025-07-18 11:15:07,8339.34,YAPE,APROBADO
3321,5115,2025-02-13 20:15:05,9387.86,TARJETA,APROBADO
3322,5116,2025-02-02 19:29:33,24742.89,TARJETA,APROBADO
3323,5117,2025-09-07 06:18:41,8829.58,TRANSFERENCIA,APROBADO
3324,5119,2025-07-28 02:50:01,10439.82,YAPE,APROBADO
3325,5120,2025-05-03 15:37:51,21329.82,YAPE,APROBADO
3326,5121,2025-07-11 15:32:54,17488.64,YAPE,APROBADO
3327,5122,2025-06-27 23:16:04,28183.33,TARJETA,APROBADO
3328,5123,2025-06-10 06:42:16,31611.3,TRANSFERENCIA,APROBADO
3329,5125,2025-02-17 07:14:16,3842.43,TRANSFERENCIA,APROBADO
3330,5126,2025-02-13 12:59:13,16067.37,YAPE,APROBADO
3331,5127,2025-03-30 02:26:06,12970.42,PLIN,APROBADO
3332,5129,2025-03-10 09:30:40,9917.47,TRANSFERENCIA,APROBADO
3333,5130,2025-07-18 15:34:47,4459.68,YAPE,APROBADO
3334,5131,2025-04-15 16:17:14,19638.98,YAPE,APROBADO
3335,5132,2025-08-25 15:24:44,5716.38,TARJETA,APROBADO
3336,5135,2025-05-14 02:21:30,6660.34,TARJETA,APROBADO
3337,5137,2025-06-05 05:36:32,11694.58,TRANSFERENCIA,APROBADO
3338,5139,2025-05-10 16:41:22,3595.57,TARJETA,APROBADO
3339,5140,2025-01-06 03:46:53,4134.48,TRANSFERENCIA,APROBADO
3340,5142,2025-10-20 05:06:00,12585.27,YAPE,APROBADO
3341,5144,2025-06-11 00:59:41,4920.44,TRANSFERENCIA,APROBADO
3342,5145,2025-03-14 17:13:01,4205.48,TRANSFERENCIA,APROBADO
3343,5147,2025-04-30 10:30:10,1963.79,TRANSFERENCIA,APROBADO
3344,5149,2025-10-04 22:32:55,24663.42,YAPE,APROBADO
3345,5150,2025-10-12 23:13:26,2084.52,PLIN,APROBADO
3346,5151,2025-04-18 11:45:49,18477.09,TARJETA,APROBADO
3347,5153,2025-05-24 13:31:27,3979.2,TARJETA,APROBADO
3348,5155,2025-05-25 13:06:23,13378.17,PLIN,APROBADO
3349,5156,2025-02-27 20:41:42,3419.0,TRANSFERENCIA,APROBADO
3350,5157,2025-10-18 12:35:41,8456.08,YAPE,APROBADO
3351,5158,2025-10-29 14:08:25,6680.36,PLIN,APROBADO
3352,5160,2025-01-20 05:35:04,6726.73,PLIN,APROBADO
3353,5162,2025-03-06 11:54:49,10613.58,TRANSFERENCIA,APROBADO
3354,5163,2025-10-10 01:48:31,6582.87,PLIN,APROBADO
3355,5165,2025-08-08 08:39:09,10652.7,TARJETA,APROBADO
3356,5167,2025-03-12 21:32:21,18422.25,TARJETA,APROBADO
3357,5168,2025-07-24 23:58:21,16530.17,PLIN,APROBADO
3358,5169,2025-07-26 22:10:40,14370.91,TRANSFERENCIA,APROBADO
3359,5174,2025-10-11 22:33:26,8609.93,PLIN,APROBADO
3360,5176,2025-01-13 09:24:14,3086.65,TRANSFERENCIA,APROBADO
3361,5182,2025-08-01 16:26:11,11617.42,YAPE,APROBADO
3362,5184,2025-08-23 09:19:03,11037.28,YAPE,APROBADO
3363,5185,2025-03-18 22:29:35,18232.73,TRANSFERENCIA,APROBADO
3364,5186,2025-08-18 19:05:17,1327.98,TARJETA,APROBADO
3365,5187,2025-04-24 16:37:08,3803.04,TRANSFERENCIA,APROBADO
3366,5188,2026-01-02 05:31:17,13002.82,TRANSFERENCIA,APROBADO
3367,5190,2025-01-05 08:20:14,5711.94,YAPE,APROBADO
3368,5192,2025-06-12 15:32:43,16609.51,TARJETA,APROBADO
3369,5195,2025-12-29 02:42:21,3035.46,TRANSFERENCIA,APROBADO
3370,5197,2025-10-30 12:08:28,10954.96,YAPE,APROBADO
3371,5198,2025-06-12 20:46:29,8313.6,TRANSFERENCIA,APROBADO
3372,5199,2025-03-19 01:05:55,10372.2,TRANSFERENCIA,APROBADO
3373,5200,2025-10-27 21:15:31,1096.83,YAPE,APROBADO
3374,5201,2025-09-06 04:01:04,5148.18,TRANSFERENCIA,APROBADO
3375,5202,2025-08-31 04:00:49,7888.38,TRANSFERENCIA,APROBADO
3376,5203,2025-03-07 15:26:42,10506.98,TRANSFERENCIA,APROBADO
3377,5205,2025-07-15 07:54:21,14156.19,TRANSFERENCIA,APROBADO
3378,5206,2025-10-17 14:35:15,24916.16,YAPE,APROBADO
3379,5207,2025-10-04 20:16:18,18676.27,TRANSFERENCIA,APROBADO
3380,5208,2025-05-29 00:22:02,9053.23,TRANSFERENCIA,APROBADO
3381,5209,2025-11-13 23:19:18,9725.96,YAPE,APROBADO
3382,5211,2025-12-09 12:37:39,5871.26,PLIN,APROBADO
3383,5212,2025-09-14 05:55:09,11355.6,YAPE,APROBADO
3384,5215,2025-07-13 08:33:50,10462.01,TRANSFERENCIA,APROBADO
3385,5216,2025-11-25 05:55:04,10830.51,YAPE,APROBADO
3386,5217,2025-12-24 21:24:27,1376.94,TRANSFERENCIA,APROBADO
3387,5218,2025-07-03 05:20:25,11281.48,TARJETA,APROBADO
3388,5219,2025-11-09 07:10:41,8407.17,TARJETA,APROBADO
3389,5222,2025-07-25 19:51:02,7170.93,TRANSFERENCIA,APROBADO
3390,5223,2025-06-05 06:27:06,13130.64,PLIN,APROBADO
3391,5226,2025-05-25 16:25:47,15114.13,PLIN,APROBADO
3392,5227,2025-11-20 15:47:11,7050.66,TARJETA,APROBADO
3393,5228,2025-11-29 12:10:15,2065.1,PLIN,APROBADO
3394,5231,2025-11-24 16:49:10,4541.1,TARJETA,APROBADO
3395,5232,2025-07-12 13:31:53,6206.42,PLIN,APROBADO
3396,5233,2025-06-17 11:46:34,10257.78,TARJETA,APROBADO
3397,5234,2025-06-30 12:41:15,3182.94,YAPE,APROBADO
3398,5235,2025-04-09 02:13:46,21888.02,YAPE,APROBADO
3399,5236,2025-06-20 19:18:06,13323.44,TARJETA,APROBADO
3400,5237,2025-11-01 09:21:06,20655.92,TARJETA,APROBADO
3401,5240,2025-11-21 23:02:55,15799.41,TARJETA,APROBADO
3402,5244,2025-02-16 18:30:22,3643.71,TRANSFERENCIA,APROBADO
3403,5247,2025-01-23 08:44:42,25839.62,PLIN,APROBADO
3404,5248,2025-11-01 19:55:40,425.32,YAPE,APROBADO
3405,5249,2025-09-20 03:33:38,11651.97,YAPE,APROBADO
3406,5250,2025-12-07 02:23:27,5359.64,TARJETA,APROBADO
3407,5251,2025-04-09 22:13:53,13712.96,TRANSFERENCIA,APROBADO
3408,5252,2025-01-25 20:24:27,10133.94,TARJETA,APROBADO
3409,5253,2025-05-20 13:08:50,9009.65,TRANSFERENCIA,APROBADO
3410,5254,2025-06-22 10:00:26,22465.74,TRANSFERENCIA,APROBADO
3411,5256,2025-05-02 10:43:26,3597.78,TRANSFERENCIA,APROBADO
3412,5261,2025-10-24 16:33:15,107.5,TARJETA,APROBADO
3413,5266,2025-05-09 17:14:45,19364.84,YAPE,APROBADO
3414,5267,2025-07-17 10:50:18,7117.21,PLIN,APROBADO
3415,5269,2025-04-27 02:04:18,7985.37,TRANSFERENCIA,APROBADO
3416,5270,2025-05-05 23:09:00,1906.14,TARJETA,APROBADO
3417,5271,2025-10-18 18:33:25,4930.34,TRANSFERENCIA,APROBADO
3418,5272,2025-01-14 14:58:14,24752.09,TRANSFERENCIA,APROBADO
3419,5274,2025-10-16 03:09:18,28281.89,PLIN,APROBADO
3420,5276,2025-01-10 22:58:47,8853.86,TARJETA,APROBADO
3421,5277,2025-11-22 05:07:32,2236.93,YAPE,APROBADO
3422,5279,2025-09-18 20:42:31,21062.64,TARJETA,APROBADO
3423,5281,2025-04-30 17:45:13,4364.46,YAPE,APROBADO
3424,5283,2025-09-30 00:21:01,26887.42,TARJETA,APROBADO
3425,5284,2025-11-03 16:11:49,2302.76,YAPE,APROBADO
3426,5286,2025-05-16 22:12:23,9309.16,YAPE,APROBADO
3427,5288,2025-07-07 21:31:50,14703.62,YAPE,APROBADO
3428,5289,2025-06-25 16:45:30,17055.23,PLIN,APROBADO
3429,5290,2025-06-11 19:38:00,19039.09,PLIN,APROBADO
3430,5293,2025-05-03 21:08:49,13244.14,TRANSFERENCIA,APROBADO
3431,5298,2025-01-20 18:46:21,922.64,TRANSFERENCIA,APROBADO
3432,5299,2025-10-24 10:06:38,22912.24,TARJETA,APROBADO
3433,5300,2025-12-05 03:17:09,6011.8,TRANSFERENCIA,APROBADO
3434,5301,2025-04-23 19:59:18,5323.58,PLIN,APROBADO
3435,5302,2025-07-19 00:57:23,10087.5,TARJETA,APROBADO
3436,5303,2025-04-19 17:14:04,7456.52,TRANSFERENCIA,APROBADO
3437,5304,2025-07-20 04:12:23,4882.48,PLIN,APROBADO
3438,5305,2025-05-22 18:04:14,12915.18,TRANSFERENCIA,APROBADO
3439,5307,2025-04-19 14:56:15,11611.35,TRANSFERENCIA,APROBADO
3440,5311,2025-06-17 22:24:56,13681.13,TRANSFERENCIA,APROBADO
3441,5313,2025-05-11 05:12:22,6329.18,YAPE,APROBADO
3442,5315,2025-04-08 04:24:34,5452.1,TRANSFERENCIA,APROBADO
3443,5316,2025-02-01 17:44:58,13745.68,PLIN,APROBADO
3444,5318,2025-06-19 19:34:45,13632.9,TRANSFERENCIA,APROBADO
3445,5320,2025-11-19 17:52:20,7418.8,TARJETA,APROBADO
3446,5321,2025-08-13 20:54:36,10492.83,PLIN,APROBADO
3447,5322,2025-10-17 17:17:13,8837.07,YAPE,APROBADO
3448,5324,2025-09-21 04:17:56,4527.56,YAPE,APROBADO
3449,5325,2025-09-26 19:16:41,3039.22,YAPE,APROBADO
3450,5326,2025-10-03 01:38:46,15596.19,YAPE,APROBADO
3451,5327,2025-07-19 11:08:14,6077.07,YAPE,APROBADO
3452,5330,2025-01-06 19:08:15,17095.32,PLIN,APROBADO
3453,5331,2025-01-19 07:53:16,20509.43,TARJETA,APROBADO
3454,5332,2025-12-09 14:15:38,4696.88,TARJETA,APROBADO
3455,5333,2025-07-04 01:20:16,1757.98,YAPE,APROBADO
3456,5334,2025-08-19 07:26:42,3774.84,TRANSFERENCIA,APROBADO
3457,5335,2025-12-25 20:05:21,13228.78,TARJETA,APROBADO
3458,5337,2025-04-05 00:29:01,22161.93,TRANSFERENCIA,APROBADO
3459,5339,2025-02-18 15:21:39,26777.26,TRANSFERENCIA,APROBADO
3460,5341,2025-11-09 08:40:09,917.96,PLIN,APROBADO
3461,5342,2025-08-13 16:09:04,30676.32,PLIN,APROBADO
3462,5343,2025-09-06 09:56:37,7954.64,TRANSFERENCIA,APROBADO
3463,5344,2025-10-17 05:16:22,6141.8,TRANSFERENCIA,APROBADO
3464,5345,2025-10-20 13:15:17,16956.02,PLIN,APROBADO
3465,5349,2025-09-21 03:38:15,16455.52,YAPE,APROBADO
3466,5350,2025-05-26 16:46:24,10501.69,TRANSFERENCIA,APROBADO
3467,5356,2025-06-17 17:12:41,8224.22,YAPE,APROBADO
3468,5357,2025-03-28 08:22:52,8691.15,PLIN,APROBADO
3469,5359,2025-07-16 16:57:49,22073.58,PLIN,APROBADO
3470,5360,2025-02-25 17:53:31,23362.91,TARJETA,APROBADO
3471,5361,2025-11-08 17:47:56,17718.52,TRANSFERENCIA,APROBADO
3472,5363,2025-04-25 06:29:15,14824.14,TARJETA,APROBADO
3473,5364,2025-01-15 01:52:20,9203.47,PLIN,APROBADO
3474,5365,2025-03-21 20:08:33,16535.8,PLIN,APROBADO
3475,5367,2025-03-08 13:02:48,4534.12,TRANSFERENCIA,APROBADO
3476,5369,2025-04-21 03:21:48,9090.0,YAPE,APROBADO
3477,5370,2025-02-19 17:54:19,14433.64,TARJETA,APROBADO
3478,5373,2025-08-23 12:29:28,3418.41,YAPE,APROBADO
3479,5374,2025-10-22 17:44:16,9145.51,TRANSFERENCIA,APROBADO
3480,5375,2025-02-25 02:07:02,6678.31,PLIN,APROBADO
3481,5376,2025-10-18 12:15:20,4745.14,TRANSFERENCIA,APROBADO
3482,5378,2025-12-02 02:11:51,9114.07,PLIN,APROBADO
3483,5379,2025-04-04 23:07:53,24668.34,YAPE,APROBADO
3484,5381,2025-12-20 11:18:59,31701.58,TRANSFERENCIA,APROBADO
3485,5382,2025-11-13 16:10:50,7819.96,TRANSFERENCIA,APROBADO
3486,5384,2025-11-16 06:45:31,1589.14,PLIN,APROBADO
3487,5386,2025-03-21 20:33:42,21942.26,TRANSFERENCIA,APROBADO
3488,5388,2025-09-25 15:14:50,1148.64,TARJETA,APROBADO
3489,5393,2025-10-13 02:10:21,1761.98,TARJETA,APROBADO
3490,5394,2025-12-06 22:41:26,12031.61,TRANSFERENCIA,APROBADO
3491,5396,2025-01-19 03:48:49,10791.1,TRANSFERENCIA,APROBADO
3492,5397,2025-11-05 08:30:12,10588.6,TARJETA,APROBADO
3493,5398,2025-07-06 15:01:48,4689.51,TRANSFERENCIA,APROBADO
3494,5399,2025-05-19 16:25:26,15308.8,YAPE,APROBADO
3495,5400,2025-03-09 10:31:30,20232.45,TARJETA,APROBADO
3496,5402,2025-03-14 18:53:46,16083.42,TARJETA,APROBADO
3497,5405,2025-12-12 21:57:25,11599.86,TARJETA,APROBADO
3498,5407,2025-04-25 09:36:32,19951.61,TARJETA,APROBADO
3499,5408,2025-07-11 08:59:19,12832.66,TRANSFERENCIA,APROBADO
3500,5409,2025-07-28 09:09:33,24921.79,TRANSFERENCIA,APROBADO
3501,5411,2025-10-26 07:57:49,2417.94,TRANSFERENCIA,APROBADO
3502,5412,2025-04-12 05:14:47,1982.43,TRANSFERENCIA,APROBADO
3503,5413,2025-07-31 17:04:34,4814.61,TRANSFERENCIA,APROBADO
3504,5414,2025-11-12 05:02:21,8130.38,TARJETA,APROBADO
3505,5415,2025-07-25 07:23:44,15478.18,TARJETA,APROBADO
3506,5416,2025-12-22 15:51:51,11085.34,YAPE,APROBADO
3507,5417,2025-11-25 13:41:44,8244.96,YAPE,APROBADO
3508,5419,2025-06-23 16:17:47,14967.98,TARJETA,APROBADO
3509,5420,2025-07-24 21:07:55,812.56,TARJETA,APROBADO
3510,5421,2025-10-20 11:03:44,20123.53,YAPE,APROBADO
3511,5422,2025-06-07 23:33:54,1189.38,TRANSFERENCIA,APROBADO
3512,5423,2025-04-06 16:59:35,1905.46,PLIN,APROBADO
3513,5424,2025-02-18 05:24:28,13672.85,YAPE,APROBADO
3514,5426,2025-08-07 09:48:15,14593.47,YAPE,APROBADO
3515,5427,2025-09-22 04:56:50,10175.34,YAPE,APROBADO
3516,5429,2025-09-05 05:23:06,12618.54,YAPE,APROBADO
3517,5432,2025-03-03 09:21:16,9035.8,YAPE,APROBADO
3518,5433,2025-11-21 04:06:07,23530.59,PLIN,APROBADO
3519,5434,2025-11-21 02:12:17,449.34,PLIN,APROBADO
3520,5436,2025-01-23 16:29:24,425.32,YAPE,APROBADO
3521,5438,2025-11-12 10:52:38,7075.73,YAPE,APROBADO
3522,5439,2025-01-28 06:16:43,10334.34,TARJETA,APROBADO
3523,5441,2025-05-20 18:49:50,1757.98,PLIN,APROBADO
3524,5445,2025-12-18 06:07:59,31515.77,TARJETA,APROBADO
3525,5447,2025-07-19 16:17:03,9130.79,YAPE,APROBADO
3526,5448,2025-12-26 20:14:54,19471.01,PLIN,APROBADO
3527,5451,2025-09-30 11:34:16,2852.19,PLIN,APROBADO
3528,5452,2025-10-27 14:45:43,20544.19,TRANSFERENCIA,APROBADO
3529,5453,2025-09-30 05:17:59,3067.86,YAPE,APROBADO
3530,5454,2025-05-21 23:21:03,10476.7,TARJETA,APROBADO
3531,5456,2025-07-03 07:27:18,10084.54,YAPE,APROBADO
3532,5457,2025-10-21 01:08:09,7505.18,TARJETA,APROBADO
3533,5458,2025-10-15 02:21:22,20067.19,YAPE,APROBADO
3534,5459,2025-12-22 03:21:44,1367.4,PLIN,APROBADO
3535,5461,2025-10-05 09:48:23,10963.56,PLIN,APROBADO
3536,5462,2025-06-20 15:11:34,17005.79,TARJETA,APROBADO
3537,5465,2025-10-07 16:27:56,15642.34,PLIN,APROBADO
3538,5466,2025-10-28 05:36:41,6131.28,TARJETA,APROBADO
3539,5467,2025-10-08 13:39:51,5405.59,TARJETA,APROBADO
3540,5469,2025-05-28 09:40:23,6150.31,YAPE,APROBADO
3541,5471,2025-06-12 19:48:34,552.35,TRANSFERENCIA,APROBADO
3542,5472,2025-01-04 09:54:48,7770.71,PLIN,APROBADO
3543,5474,2025-06-20 10:10:18,12245.64,PLIN,APROBADO
3544,5475,2025-01-28 08:52:37,23749.06,PLIN,APROBADO
3545,5477,2025-07-15 11:04:14,21155.73,YAPE,APROBADO
3546,5480,2025-08-13 17:45:45,4758.76,PLIN,APROBADO
3547,5482,2025-08-31 09:23:28,5253.1,PLIN,APROBADO
3548,5483,2025-02-21 03:34:18,11521.74,TARJETA,APROBADO
3549,5484,2025-02-23 10:29:30,9703.7,TRANSFERENCIA,APROBADO
3550,5486,2025-11-26 20:04:16,1757.98,TRANSFERENCIA,APROBADO
3551,5487,2025-06-03 17:56:40,17247.3,PLIN,APROBADO
3552,5488,2025-02-05 14:26:24,20477.73,TRANSFERENCIA,APROBADO
3553,5489,2025-05-22 12:38:41,4865.21,YAPE,APROBADO
3554,5490,2025-04-10 22:56:00,19640.59,TRANSFERENCIA,APROBADO
3555,5491,2025-03-07 12:43:12,11856.21,PLIN,APROBADO
3556,5496,2025-05-15 19:18:47,12151.36,PLIN,APROBADO
3557,5498,2025-10-19 18:05:18,15403.04,TARJETA,APROBADO
3558,5499,2025-11-13 09:32:38,26855.47,YAPE,APROBADO
3559,5500,2025-11-04 19:54:48,16833.2,TRANSFERENCIA,APROBADO
3560,5502,2025-09-06 12:59:20,7361.37,YAPE,APROBADO
3561,5503,2025-08-27 17:01:22,9465.03,TRANSFERENCIA,APROBADO
3562,5504,2025-01-31 21:10:07,26701.57,PLIN,APROBADO
3563,5505,2025-06-13 23:49:55,2720.45,TRANSFERENCIA,APROBADO
3564,5506,2025-07-21 08:32:02,7689.6,YAPE,APROBADO
3565,5508,2025-02-24 08:44:09,3697.36,TARJETA,APROBADO
3566,5509,2025-06-13 18:40:43,13554.71,YAPE,APROBADO
3567,5510,2025-05-18 16:49:10,8414.42,TARJETA,APROBADO
3568,5512,2025-10-05 10:56:59,8700.02,PLIN,APROBADO
3569,5514,2025-10-12 16:37:55,8933.31,YAPE,APROBADO
3570,5515,2025-03-24 01:52:59,1595.44,TARJETA,APROBADO
3571,5518,2025-10-16 22:20:37,9720.56,TRANSFERENCIA,APROBADO
3572,5519,2025-02-19 02:14:25,13293.86,TARJETA,APROBADO
3573,5524,2025-09-01 10:56:54,3387.36,PLIN,APROBADO
3574,5525,2025-09-08 00:31:51,23798.91,YAPE,APROBADO
3575,5526,2025-01-14 06:08:43,7410.85,YAPE,APROBADO
3576,5529,2025-12-21 10:13:34,7316.69,PLIN,APROBADO
3577,5530,2025-02-21 19:54:57,1638.84,PLIN,APROBADO
3578,5531,2025-03-10 00:24:48,3514.82,TRANSFERENCIA,APROBADO
3579,5532,2025-11-13 00:04:31,8218.36,TARJETA,APROBADO
3580,5534,2025-12-22 05:07:24,28654.44,TARJETA,APROBADO
3581,5537,2025-09-14 08:12:50,15320.27,TRANSFERENCIA,APROBADO
3582,5538,2025-11-02 18:39:50,21736.68,TARJETA,APROBADO
3583,5539,2025-04-14 18:19:38,1848.68,YAPE,APROBADO
3584,5542,2025-08-21 11:51:27,2067.11,YAPE,APROBADO
3585,5543,2025-04-09 07:56:10,11517.14,TRANSFERENCIA,APROBADO
3586,5544,2025-12-15 17:05:14,11086.63,TARJETA,APROBADO
3587,5545,2025-04-17 12:14:54,5011.26,TARJETA,APROBADO
3588,5547,2025-04-19 15:04:05,13130.64,PLIN,APROBADO
3589,5548,2025-11-28 12:26:55,7408.92,PLIN,APROBADO
3590,5550,2025-02-11 11:00:57,17298.26,TARJETA,APROBADO
3591,5551,2025-07-29 10:59:32,10361.25,TRANSFERENCIA,APROBADO
3592,5552,2025-12-10 11:24:17,19271.94,TARJETA,APROBADO
3593,5553,2025-01-12 06:24:23,9926.86,TARJETA,APROBADO
3594,5556,2025-03-24 20:07:33,6732.99,YAPE,APROBADO
3595,5558,2025-12-23 01:17:25,9322.14,TRANSFERENCIA,APROBADO
3596,5559,2025-07-31 22:51:38,26229.91,PLIN,APROBADO
3597,5560,2025-01-18 17:16:15,10119.14,TRANSFERENCIA,APROBADO
3598,5561,2025-02-19 21:59:00,6790.38,TARJETA,APROBADO
3599,5562,2025-02-08 05:24:37,8004.54,TRANSFERENCIA,APROBADO
3600,5563,2025-12-28 06:07:42,952.31,TRANSFERENCIA,APROBADO
3601,5567,2025-07-04 17:15:33,16705.21,PLIN,APROBADO
3602,5568,2025-07-19 05:02:32,23247.6,TARJETA,APROBADO
3603,5571,2025-07-17 14:26:05,17018.97,YAPE,APROBADO
3604,5573,2025-10-01 15:17:21,25518.27,TARJETA,APROBADO
3605,5574,2025-04-20 11:36:36,10379.88,YAPE,APROBADO
3606,5575,2025-01-31 18:34:48,23041.52,TRANSFERENCIA,APROBADO
3607,5576,2026-01-01 06:32:29,16283.34,TRANSFERENCIA,APROBADO
3608,5577,2025-06-26 05:43:57,9011.33,TARJETA,APROBADO
3609,5579,2025-02-24 15:15:13,6338.79,PLIN,APROBADO
3610,5580,2025-10-29 18:06:35,3748.51,YAPE,APROBADO
3611,5581,2025-07-05 02:22:10,6717.74,TRANSFERENCIA,APROBADO
3612,5582,2025-08-25 02:06:43,30355.89,PLIN,APROBADO
3613,5583,2025-04-29 02:35:50,17790.52,TARJETA,APROBADO
3614,5585,2025-11-01 01:10:57,2698.78,PLIN,APROBADO
3615,5586,2025-04-30 03:11:00,9938.07,YAPE,APROBADO
3616,5587,2025-04-23 22:13:01,13340.69,PLIN,APROBADO
3617,5588,2025-02-09 04:53:45,2902.02,YAPE,APROBADO
3618,5589,2025-10-06 18:08:25,1083.42,TRANSFERENCIA,APROBADO
3619,5591,2025-01-26 22:03:04,11623.11,TARJETA,APROBADO
3620,5593,2025-08-26 17:12:49,10224.15,YAPE,APROBADO
3621,5596,2025-06-29 09:36:39,17590.44,TRANSFERENCIA,APROBADO
3622,5597,2025-02-24 19:01:05,13784.75,TRANSFERENCIA,APROBADO
3623,5601,2025-10-28 04:44:46,11210.74,YAPE,APROBADO
3624,5603,2025-04-26 13:38:09,2648.49,YAPE,APROBADO
3625,5604,2025-08-12 04:42:04,17133.23,TARJETA,APROBADO
3626,5606,2025-06-19 09:42:39,9891.14,TARJETA,APROBADO
3627,5607,2025-12-15 20:12:41,21054.41,PLIN,APROBADO
3628,5609,2025-09-06 22:21:18,34865.43,TARJETA,APROBADO
3629,5610,2025-11-13 15:54:07,19998.92,PLIN,APROBADO
3630,5611,2025-03-21 13:38:56,12800.46,YAPE,APROBADO
3631,5614,2025-01-21 04:12:40,11645.72,YAPE,APROBADO
3632,5615,2025-04-27 08:13:32,10029.18,TRANSFERENCIA,APROBADO
3633,5616,2025-04-15 22:45:39,15308.34,PLIN,APROBADO
3634,5617,2025-01-10 13:08:11,5809.2,PLIN,APROBADO
3635,5618,2025-12-16 04:57:42,25493.98,TARJETA,APROBADO
3636,5620,2025-09-24 08:31:17,15715.21,TARJETA,APROBADO
3637,5621,2025-02-15 04:32:32,4902.96,PLIN,APROBADO
3638,5622,2025-12-02 21:07:43,654.03,YAPE,APROBADO
3639,5623,2025-12-07 10:23:28,12648.48,YAPE,APROBADO
3640,5624,2025-10-13 00:06:44,27274.82,YAPE,APROBADO
3641,5627,2025-07-17 22:34:31,23120.34,TARJETA,APROBADO
3642,5629,2025-10-20 15:50:38,23219.73,TARJETA,APROBADO
3643,5632,2025-07-20 01:50:55,21619.74,TRANSFERENCIA,APROBADO
3644,5633,2025-10-27 00:27:57,17334.93,PLIN,APROBADO
3645,5638,2025-11-06 16:26:00,6407.67,TRANSFERENCIA,APROBADO
3646,5639,2025-06-29 10:10:37,1096.17,YAPE,APROBADO
3647,5640,2025-01-18 14:46:34,267.69,YAPE,APROBADO
3648,5641,2025-11-04 12:23:47,5456.01,YAPE,APROBADO
3649,5644,2025-04-29 06:13:11,20396.34,PLIN,APROBADO
3650,5646,2025-03-23 20:28:08,1643.34,TRANSFERENCIA,APROBADO
3651,5649,2025-05-05 05:15:58,2207.67,TARJETA,APROBADO
3652,5650,2025-02-06 12:26:50,13287.36,YAPE,APROBADO
3653,5651,2025-05-26 18:42:19,1406.29,PLIN,APROBADO
3654,5654,2026-01-02 14:30:46,22768.75,YAPE,APROBADO
3655,5655,2025-11-02 20:49:48,18229.9,TARJETA,APROBADO
3656,5656,2025-05-22 14:18:18,19023.35,TARJETA,APROBADO
3657,5657,2025-03-06 15:31:03,10854.84,PLIN,APROBADO
3658,5658,2025-03-04 14:16:24,3376.98,TRANSFERENCIA,APROBADO
3659,5659,2025-11-12 11:59:40,7975.02,PLIN,APROBADO
3660,5660,2025-09-20 11:24:50,7180.02,TRANSFERENCIA,APROBADO
3661,5661,2025-08-01 08:58:47,4622.18,TRANSFERENCIA,APROBADO
3662,5663,2025-09-30 04:20:25,6207.42,PLIN,APROBADO
3663,5664,2025-09-29 13:53:23,5804.04,TRANSFERENCIA,APROBADO
3664,5666,2025-09-19 06:02:07,13472.82,YAPE,APROBADO
3665,5667,2025-02-03 23:15:08,12060.0,YAPE,APROBADO
3666,5668,2025-08-23 22:22:00,16311.16,PLIN,APROBADO
3667,5669,2025-12-08 17:55:29,6115.87,TARJETA,APROBADO
3668,5670,2025-09-11 11:52:48,3039.22,PLIN,APROBADO
3669,5671,2025-09-09 19:47:35,24756.2,TARJETA,APROBADO
3670,5672,2025-09-15 01:44:19,1346.1,PLIN,APROBADO
3671,5673,2025-07-19 04:57:15,14366.27,TRANSFERENCIA,APROBADO
3672,5674,2025-03-23 14:12:20,22490.66,TARJETA,APROBADO
3673,5676,2025-08-27 10:08:29,5789.07,TRANSFERENCIA,APROBADO
3674,5679,2025-04-14 04:20:45,4419.8,YAPE,APROBADO
3675,5680,2025-08-24 02:24:08,10678.56,TARJETA,APROBADO
3676,5682,2025-10-20 05:46:33,12276.82,YAPE,APROBADO
3677,5686,2025-03-14 02:32:22,6904.53,PLIN,APROBADO
3678,5687,2025-04-16 17:33:24,1498.19,YAPE,APROBADO
3679,5690,2025-02-20 14:52:17,13514.56,YAPE,APROBADO
3680,5691,2025-12-20 20:05:28,19607.49,TARJETA,APROBADO
3681,5694,2025-11-10 02:49:27,8628.82,TRANSFERENCIA,APROBADO
3682,5695,2025-05-10 00:28:04,9829.97,YAPE,APROBADO
3683,5696,2025-10-27 14:15:28,10543.35,PLIN,APROBADO
3684,5698,2025-10-04 13:22:21,13013.13,TRANSFERENCIA,APROBADO
3685,5699,2025-08-06 19:38:23,25028.59,TRANSFERENCIA,APROBADO
3686,5700,2025-07-26 14:41:21,7302.76,TARJETA,APROBADO
3687,5702,2025-09-26 08:28:40,16314.51,TRANSFERENCIA,APROBADO
3688,5704,2025-01-14 06:37:05,7131.48,PLIN,APROBADO
3689,5706,2025-06-23 02:48:43,17036.84,TARJETA,APROBADO
3690,5707,2025-08-06 23:58:10,15822.83,YAPE,APROBADO
3691,5709,2025-05-19 01:10:36,14238.73,PLIN,APROBADO
3692,5710,2025-08-22 03:02:22,2353.96,YAPE,APROBADO
3693,5712,2025-07-17 13:28:34,18840.38,TARJETA,APROBADO
3694,5713,2025-06-07 17:54:58,25805.91,TARJETA,APROBADO
3695,5716,2025-07-24 14:47:25,6598.62,PLIN,APROBADO
3696,5717,2025-01-30 00:39:23,12932.69,TRANSFERENCIA,APROBADO
3697,5718,2025-06-29 11:19:41,21019.26,PLIN,APROBADO
3698,5719,2025-05-26 07:00:26,16555.4,TARJETA,APROBADO
3699,5720,2025-06-24 07:46:31,2720.45,TRANSFERENCIA,APROBADO
3700,5721,2025-04-12 17:48:14,8335.7,YAPE,APROBADO
3701,5723,2025-08-22 16:17:24,10678.56,TRANSFERENCIA,APROBADO
3702,5724,2025-02-10 16:52:44,2520.14,YAPE,APROBADO
3703,5725,2025-10-03 05:49:32,10398.97,PLIN,APROBADO
3704,5727,2025-06-10 09:55:32,8228.74,TARJETA,APROBADO
3705,5730,2025-02-23 07:35:02,7998.84,TRANSFERENCIA,APROBADO
3706,5731,2025-04-15 10:49:06,20331.46,TRANSFERENCIA,APROBADO
3707,5733,2025-05-24 18:40:15,29755.03,PLIN,APROBADO
3708,5739,2025-03-23 16:32:39,12972.58,PLIN,APROBADO
3709,5741,2025-10-22 20:25:48,28984.87,TARJETA,APROBADO
3710,5744,2025-06-15 08:43:22,10530.99,YAPE,APROBADO
3711,5745,2025-01-31 06:50:13,12840.21,YAPE,APROBADO
3712,5746,2025-09-22 02:25:33,8370.9,TRANSFERENCIA,APROBADO
3713,5747,2025-09-19 07:31:03,11726.08,YAPE,APROBADO
3714,5749,2025-03-28 15:40:34,16397.05,TARJETA,APROBADO
3715,5750,2025-06-03 05:14:38,10663.06,TARJETA,APROBADO
3716,5752,2025-07-09 10:02:42,2648.49,PLIN,APROBADO
3717,5754,2025-11-02 16:02:08,1696.41,TARJETA,APROBADO
3718,5755,2025-08-15 19:03:22,14948.71,YAPE,APROBADO
3719,5756,2025-07-21 21:36:22,9579.49,YAPE,APROBADO
3720,5757,2025-11-13 04:43:21,24800.88,YAPE,APROBADO
3721,5758,2025-02-02 11:02:44,23787.6,TARJETA,APROBADO
3722,5759,2025-01-31 05:40:22,14510.63,YAPE,APROBADO
3723,5760,2025-11-03 00:15:20,1354.14,YAPE,APROBADO
3724,5761,2025-04-20 12:55:16,9885.99,TARJETA,APROBADO
3725,5762,2025-03-14 08:55:07,4468.69,YAPE,APROBADO
3726,5763,2025-07-31 04:01:36,14325.54,YAPE,APROBADO
3727,5766,2025-01-16 02:31:34,5709.54,TRANSFERENCIA,APROBADO
3728,5767,2025-12-14 07:57:42,14536.45,TARJETA,APROBADO
3729,5768,2025-08-07 07:59:20,19410.41,PLIN,APROBADO
3730,5772,2025-11-10 23:57:00,15990.51,PLIN,APROBADO
3731,5773,2025-06-01 14:19:39,10821.71,TARJETA,APROBADO
3732,5774,2025-03-22 12:15:37,17821.56,YAPE,APROBADO
3733,5775,2025-02-12 02:08:48,12971.3,TRANSFERENCIA,APROBADO
3734,5777,2025-11-29 07:15:16,808.29,TARJETA,APROBADO
3735,5778,2025-03-12 06:57:23,10951.09,TRANSFERENCIA,APROBADO
3736,5779,2025-02-19 19:06:51,14023.45,YAPE,APROBADO
3737,5780,2025-08-03 08:56:23,5219.76,PLIN,APROBADO
3738,5781,2025-11-27 00:14:10,8238.82,YAPE,APROBADO
3739,5783,2025-02-15 04:12:08,5132.88,TARJETA,APROBADO
3740,5784,2025-11-10 03:29:05,32932.37,TRANSFERENCIA,APROBADO
3741,5785,2025-01-18 16:31:39,7294.28,YAPE,APROBADO
3742,5786,2025-08-05 09:32:31,4258.36,TRANSFERENCIA,APROBADO
3743,5788,2025-10-02 23:20:11,2795.41,YAPE,APROBADO
3744,5789,2025-01-25 14:53:40,2162.08,PLIN,APROBADO
3745,5790,2025-11-14 19:17:36,11911.83,PLIN,APROBADO
3746,5792,2025-03-12 20:17:10,3667.26,TARJETA,APROBADO
3747,5793,2025-06-23 22:00:49,15524.63,YAPE,APROBADO
3748,5795,2025-12-25 04:22:20,1571.51,PLIN,APROBADO
3749,5796,2025-09-23 15:01:54,7873.46,TARJETA,APROBADO
3750,5797,2025-02-11 12:09:36,17548.65,TRANSFERENCIA,APROBADO
3751,5798,2025-06-18 23:58:47,5111.17,YAPE,APROBADO
3752,5799,2025-12-22 01:00:46,7737.77,PLIN,APROBADO
3753,5801,2025-09-05 06:06:18,2661.79,PLIN,APROBADO
3754,5803,2025-06-04 21:34:53,26887.24,TRANSFERENCIA,APROBADO
3755,5804,2025-06-22 05:09:06,13230.34,TRANSFERENCIA,APROBADO
3756,5805,2025-06-13 10:29:40,13063.91,YAPE,APROBADO
3757,5806,2026-01-03 10:49:34,21120.9,TARJETA,APROBADO
3758,5807,2025-04-04 14:19:50,11631.2,TRANSFERENCIA,APROBADO
3759,5809,2025-12-15 23:49:23,3610.47,TARJETA,APROBADO
3760,5810,2025-08-08 12:25:33,8552.8,YAPE,APROBADO
3761,5811,2025-07-23 10:12:44,1851.66,TRANSFERENCIA,APROBADO
3762,5812,2025-09-05 21:09:54,12665.36,TRANSFERENCIA,APROBADO
3763,5813,2025-10-20 09:59:38,13102.35,YAPE,APROBADO
3764,5814,2025-06-26 05:32:58,15581.7,PLIN,APROBADO
3765,5819,2025-09-02 20:42:23,8903.43,TRANSFERENCIA,APROBADO
3766,5820,2025-04-30 13:10:16,8370.15,TRANSFERENCIA,APROBADO
3767,5822,2025-11-11 05:13:24,9322.55,PLIN,APROBADO
3768,5824,2025-08-29 17:48:19,31930.21,TRANSFERENCIA,APROBADO
3769,5825,2025-07-29 18:13:11,4934.4,TARJETA,APROBADO
3770,5826,2025-05-23 05:36:45,3260.48,YAPE,APROBADO
3771,5828,2026-01-03 23:07:59,18161.79,TARJETA,APROBADO
3772,5829,2025-08-31 18:13:04,5951.51,TRANSFERENCIA,APROBADO
3773,5830,2025-05-28 16:15:16,25416.34,PLIN,APROBADO
3774,5831,2025-12-28 13:38:43,6826.96,PLIN,APROBADO
3775,5832,2025-11-10 06:38:29,2982.07,YAPE,APROBADO
3776,5834,2025-08-31 14:51:52,18737.03,TARJETA,APROBADO
3777,5836,2025-10-18 17:09:09,1940.07,TARJETA,APROBADO
3778,5837,2025-03-04 07:11:16,12992.42,TARJETA,APROBADO
3779,5838,2025-04-01 21:26:00,12768.12,PLIN,APROBADO
3780,5839,2025-05-03 18:11:33,8982.29,YAPE,APROBADO
3781,5840,2025-06-21 20:49:34,13742.16,TARJETA,APROBADO
3782,5841,2025-12-02 01:02:52,8325.58,TRANSFERENCIA,APROBADO
3783,5845,2025-11-05 08:56:58,18046.8,TARJETA,APROBADO
3784,5846,2025-03-15 21:32:20,10201.93,PLIN,APROBADO
3785,5848,2025-02-26 10:35:06,15073.55,TRANSFERENCIA,APROBADO
3786,5850,2025-05-20 15:57:11,1267.68,TRANSFERENCIA,APROBADO
3787,5852,2025-11-07 05:33:16,21157.26,TRANSFERENCIA,APROBADO
3788,5854,2025-02-19 13:57:03,25425.24,PLIN,APROBADO
3789,5855,2025-05-16 18:58:46,6484.92,TRANSFERENCIA,APROBADO
3790,5857,2025-10-08 19:49:46,14918.46,TARJETA,APROBADO
3791,5859,2025-11-02 06:36:29,12374.36,YAPE,APROBADO
3792,5863,2025-10-06 16:35:10,13366.73,PLIN,APROBADO
3793,5865,2025-04-19 13:18:50,12419.1,TARJETA,APROBADO
3794,5866,2025-08-31 05:11:48,7482.52,TARJETA,APROBADO
3795,5869,2025-07-19 13:27:49,5397.56,YAPE,APROBADO
3796,5871,2025-08-17 06:39:11,15602.69,YAPE,APROBADO
3797,5872,2025-10-24 10:35:58,4154.14,TARJETA,APROBADO
3798,5874,2025-07-31 04:37:14,12697.7,TARJETA,APROBADO
3799,5875,2025-03-23 23:50:54,19707.11,PLIN,APROBADO
3800,5877,2025-08-11 01:40:33,1081.04,YAPE,APROBADO
3801,5881,2025-04-11 04:53:49,1273.94,YAPE,APROBADO
3802,5883,2025-02-19 06:10:44,882.83,PLIN,APROBADO
3803,5886,2025-02-20 23:55:40,22535.67,YAPE,APROBADO
3804,5889,2025-05-20 02:57:27,5241.06,PLIN,APROBADO
3805,5890,2025-02-01 00:01:46,22373.71,TRANSFERENCIA,APROBADO
3806,5892,2025-01-27 14:20:24,8289.68,TRANSFERENCIA,APROBADO
3807,5893,2025-05-21 01:30:41,2178.52,PLIN,APROBADO
3808,5895,2025-04-08 04:56:46,8102.9,PLIN,APROBADO
3809,5896,2025-07-16 05:06:48,1542.9,PLIN,APROBADO
3810,5899,2025-05-15 05:37:18,4570.5,PLIN,APROBADO
3811,5900,2025-01-13 17:27:13,10123.33,TARJETA,APROBADO
3812,5904,2025-11-22 23:52:17,23864.85,PLIN,APROBADO
3813,5905,2025-04-02 17:51:12,6335.32,PLIN,APROBADO
3814,5906,2025-08-07 15:30:27,31106.43,PLIN,APROBADO
3815,5907,2025-09-11 02:05:30,13649.65,PLIN,APROBADO
3816,5908,2025-04-01 14:17:07,27493.38,TARJETA,APROBADO
3817,5910,2025-06-30 04:33:51,23004.6,TRANSFERENCIA,APROBADO
3818,5911,2025-11-17 12:45:04,13651.04,TARJETA,APROBADO
3819,5912,2025-03-16 05:56:57,7240.68,PLIN,APROBADO
3820,5914,2025-11-05 10:13:51,4127.61,YAPE,APROBADO
3821,5915,2025-04-05 05:57:28,8291.74,TRANSFERENCIA,APROBADO
3822,5916,2025-06-01 16:17:47,8394.93,PLIN,APROBADO
3823,5917,2025-10-06 07:23:42,17011.15,PLIN,APROBADO
3824,5918,2025-11-02 13:57:43,5798.6,PLIN,APROBADO
3825,5920,2025-01-31 11:14:26,6191.44,TARJETA,APROBADO
3826,5921,2025-02-23 23:56:41,22794.5,TRANSFERENCIA,APROBADO
3827,5922,2025-10-24 11:17:06,25959.16,TARJETA,APROBADO
3828,5926,2025-04-03 07:04:36,12311.73,YAPE,APROBADO
3829,5928,2025-12-08 15:15:59,16393.08,TRANSFERENCIA,APROBADO
3830,5929,2025-12-04 23:16:20,10119.5,TARJETA,APROBADO
3831,5930,2025-11-08 05:08:42,19024.37,PLIN,APROBADO
3832,5931,2025-12-09 00:50:03,2031.58,PLIN,APROBADO
3833,5932,2025-04-08 08:44:20,15355.26,TARJETA,APROBADO
3834,5933,2025-10-20 01:10:17,13354.42,PLIN,APROBADO
3835,5934,2025-08-15 04:04:21,11060.95,YAPE,APROBADO
3836,5936,2025-07-22 18:26:27,1467.2,TARJETA,APROBADO
3837,5937,2025-11-10 13:37:48,9676.74,TARJETA,APROBADO
3838,5939,2025-08-28 13:52:16,278.33,YAPE,APROBADO
3839,5940,2025-10-12 12:53:00,20675.76,TARJETA,APROBADO
3840,5941,2025-01-06 13:14:53,18094.02,TRANSFERENCIA,APROBADO
3841,5944,2025-07-17 13:42:44,9667.74,TRANSFERENCIA,APROBADO
3842,5945,2025-04-17 07:41:33,5240.13,TRANSFERENCIA,APROBADO
3843,5946,2025-08-31 13:55:34,18768.56,YAPE,APROBADO
3844,5947,2025-09-10 23:20:52,3807.04,TARJETA,APROBADO
3845,5948,2025-11-18 04:14:51,3218.49,TARJETA,APROBADO
3846,5949,2025-03-22 15:37:46,8357.34,PLIN,APROBADO
3847,5950,2025-01-26 06:41:19,4343.23,YAPE,APROBADO
3848,5951,2025-09-04 23:26:38,1383.27,TARJETA,APROBADO
3849,5952,2025-09-11 12:22:51,2065.1,YAPE,APROBADO
3850,5955,2025-01-11 04:22:04,17856.41,YAPE,APROBADO
3851,5957,2025-04-21 03:53:05,13597.7,YAPE,APROBADO
3852,5958,2025-02-15 19:20:22,15266.58,YAPE,APROBADO
3853,5959,2025-11-09 22:42:48,119.9,TRANSFERENCIA,APROBADO
3854,5960,2025-01-06 06:40:04,7791.74,TRANSFERENCIA,APROBADO
3855,5965,2025-11-16 20:39:28,493.24,TRANSFERENCIA,APROBADO
3856,5966,2025-01-07 12:35:46,12773.3,TARJETA,APROBADO
3857,5967,2025-05-01 15:44:23,2301.82,PLIN,APROBADO
3858,5969,2025-08-23 21:08:03,1212.8,YAPE,APROBADO
3859,5970,2025-03-18 02:00:24,8768.5,TRANSFERENCIA,APROBADO
3860,5971,2025-10-16 22:11:20,4975.53,YAPE,APROBADO
3861,5975,2025-12-27 20:08:26,19442.45,PLIN,APROBADO
3862,5976,2025-09-12 19:14:07,4099.21,YAPE,APROBADO
3863,5977,2025-11-08 23:50:35,28799.24,PLIN,APROBADO
3864,5980,2025-02-14 01:34:25,29449.56,TARJETA,APROBADO
3865,5981,2025-08-15 17:26:07,6300.02,YAPE,APROBADO
3866,5982,2025-10-11 02:56:27,14894.68,TRANSFERENCIA,APROBADO
3867,5984,2025-10-09 07:32:10,17566.13,TARJETA,APROBADO
3868,5985,2025-06-08 12:53:36,15626.28,YAPE,APROBADO
3869,5986,2025-10-11 14:36:58,16450.03,YAPE,APROBADO
3870,5987,2025-08-26 16:47:15,2440.84,PLIN,APROBADO
3871,5989,2025-09-06 02:26:06,15202.43,YAPE,APROBADO
3872,5990,2025-11-23 10:09:47,29538.11,YAPE,APROBADO
3873,5991,2025-07-18 11:42:16,5037.05,YAPE,APROBADO
3874,5993,2025-04-05 09:28:03,5929.25,PLIN,APROBADO
3875,5994,2025-02-04 06:08:50,2220.9,PLIN,APROBADO
3876,5996,2025-02-01 02:12:15,21076.46,TARJETA,APROBADO
3877,5998,2025-01-07 22:06:33,16959.22,PLIN,APROBADO
3878,6002,2025-06-25 19:19:45,2538.03,TARJETA,APROBADO
3879,6003,2025-10-28 03:44:24,7624.98,TRANSFERENCIA,APROBADO
3880,6005,2025-08-02 04:04:52,9336.35,YAPE,APROBADO
3881,6006,2025-06-09 15:51:48,20957.92,TRANSFERENCIA,APROBADO
3882,6008,2025-11-02 05:28:59,11869.98,PLIN,APROBADO
3883,6009,2025-09-13 19:43:05,15132.53,YAPE,APROBADO
3884,6010,2025-04-05 17:40:15,4388.79,YAPE,APROBADO
3885,6011,2025-12-18 21:37:41,4139.7,TARJETA,APROBADO
3886,6012,2025-08-10 18:06:31,8087.93,YAPE,APROBADO
3887,6013,2025-10-21 04:42:35,8655.02,TARJETA,APROBADO
3888,6014,2025-09-02 17:03:00,11729.94,TARJETA,APROBADO
3889,6015,2025-03-14 21:41:08,8104.61,PLIN,APROBADO
3890,6016,2025-12-15 07:55:22,13383.36,PLIN,APROBADO
3891,6017,2025-05-26 17:21:18,19653.64,PLIN,APROBADO
3892,6018,2025-08-19 12:24:04,7773.57,PLIN,APROBADO
3893,6021,2025-04-17 20:56:47,6120.1,PLIN,APROBADO
3894,6022,2025-09-13 16:05:48,19403.63,TARJETA,APROBADO
3895,6023,2025-11-04 09:19:03,18060.3,YAPE,APROBADO
3896,6024,2025-10-20 10:33:46,13422.03,PLIN,APROBADO
3897,6026,2025-01-10 03:31:55,12703.41,TRANSFERENCIA,APROBADO
3898,6027,2025-08-22 00:13:50,8048.13,TARJETA,APROBADO
3899,6028,2025-06-08 20:29:45,10547.8,TARJETA,APROBADO
3900,6029,2025-03-07 15:49:00,8552.8,TARJETA,APROBADO
3901,6031,2025-02-14 12:06:54,15092.24,TRANSFERENCIA,APROBADO
3902,6033,2025-11-05 07:29:29,2991.86,TARJETA,APROBADO
3903,6035,2025-12-08 03:49:29,1134.78,TARJETA,APROBADO
3904,6040,2025-01-28 05:43:45,19397.36,TRANSFERENCIA,APROBADO
3905,6041,2025-02-03 04:24:19,7055.54,TARJETA,APROBADO
3906,6042,2025-09-29 20:34:32,20578.02,YAPE,APROBADO
3907,6043,2025-01-18 10:05:55,565.47,TRANSFERENCIA,APROBADO
3908,6044,2025-11-12 15:28:40,16005.42,TRANSFERENCIA,APROBADO
3909,6045,2025-03-20 03:00:18,14214.44,TRANSFERENCIA,APROBADO
3910,6046,2025-09-21 19:47:31,19428.36,YAPE,APROBADO
3911,6047,2025-12-11 19:47:45,11264.71,TARJETA,APROBADO
3912,6049,2025-10-10 07:03:08,16836.81,PLIN,APROBADO
3913,6051,2025-05-29 09:25:32,18137.68,TARJETA,APROBADO
3914,6052,2025-07-30 23:56:33,22421.78,PLIN,APROBADO
3915,6054,2025-08-09 15:04:44,19210.8,TRANSFERENCIA,APROBADO
3916,6056,2025-04-10 13:32:43,12659.89,TARJETA,APROBADO
3917,6057,2025-04-06 15:42:22,5359.64,TRANSFERENCIA,APROBADO
3918,6058,2025-02-17 16:35:49,11655.35,YAPE,APROBADO
3919,6059,2025-01-13 07:02:31,8738.31,TRANSFERENCIA,APROBADO
3920,6060,2025-07-04 00:17:36,17226.3,YAPE,APROBADO
3921,6061,2025-10-06 23:05:36,8386.56,TARJETA,APROBADO
3922,6063,2025-02-20 21:49:40,1982.43,PLIN,APROBADO
3923,6064,2025-12-06 21:19:11,15227.48,TARJETA,APROBADO
3924,6066,2025-10-06 12:32:14,5804.04,YAPE,APROBADO
3925,6068,2025-01-27 20:37:12,1233.8,YAPE,APROBADO
3926,6070,2025-03-20 21:55:36,18319.24,PLIN,APROBADO
3927,6071,2025-06-26 14:35:17,19324.2,TARJETA,APROBADO
3928,6073,2025-10-28 01:33:33,15704.04,PLIN,APROBADO
3929,6074,2025-11-11 21:23:49,31574.67,PLIN,APROBADO
3930,6075,2025-06-08 07:44:23,13010.12,TARJETA,APROBADO
3931,6076,2025-07-05 17:02:27,6919.78,TARJETA,APROBADO
3932,6078,2025-06-10 08:51:51,8861.63,YAPE,APROBADO
3933,6079,2025-06-05 15:42:03,8333.52,TARJETA,APROBADO
3934,6080,2025-08-24 01:30:21,15037.29,TRANSFERENCIA,APROBADO
3935,6082,2025-08-27 12:20:21,10888.32,PLIN,APROBADO
3936,6084,2025-04-25 15:48:19,16061.11,TRANSFERENCIA,APROBADO
3937,6085,2025-10-28 06:14:42,4764.22,YAPE,APROBADO
3938,6086,2025-09-17 13:38:12,8883.08,PLIN,APROBADO
3939,6087,2025-07-15 19:37:24,3243.12,YAPE,APROBADO
3940,6088,2025-01-30 07:06:37,11961.36,TRANSFERENCIA,APROBADO
3941,6089,2025-06-17 02:36:16,5397.56,TARJETA,APROBADO
3942,6091,2025-03-14 05:56:16,6073.0,PLIN,APROBADO
3943,6092,2025-06-29 18:16:04,8540.29,PLIN,APROBADO
3944,6093,2025-02-23 13:37:50,5562.81,PLIN,APROBADO
3945,6094,2025-06-21 10:18:32,13139.4,TARJETA,APROBADO
3946,6096,2025-07-22 06:25:09,3078.44,TARJETA,APROBADO
3947,6099,2025-12-17 05:32:27,23020.8,YAPE,APROBADO
3948,6100,2025-08-26 18:50:26,13264.22,TARJETA,APROBADO
3949,6101,2025-11-21 22:53:58,2718.84,PLIN,APROBADO
3950,6103,2025-11-02 03:01:34,18212.23,YAPE,APROBADO
3951,6106,2025-06-22 19:40:29,3662.28,TARJETA,APROBADO
3952,6108,2025-10-03 02:20:46,18077.04,YAPE,APROBADO
3953,6109,2025-12-07 05:58:56,1519.61,TRANSFERENCIA,APROBADO
3954,6111,2025-11-19 15:08:13,7871.53,TRANSFERENCIA,APROBADO
3955,6112,2025-11-12 02:18:48,22404.09,TRANSFERENCIA,APROBADO
3956,6113,2025-06-06 17:52:35,8021.46,TRANSFERENCIA,APROBADO
3957,6114,2025-09-30 10:20:30,4885.07,TRANSFERENCIA,APROBADO
3958,6116,2025-09-08 07:00:19,10824.03,PLIN,APROBADO
3959,6117,2025-08-26 01:08:20,15693.0,TRANSFERENCIA,APROBADO
3960,6118,2025-05-20 00:20:54,2132.86,PLIN,APROBADO
3961,6119,2025-03-25 10:50:16,13743.16,TRANSFERENCIA,APROBADO
3962,6122,2025-03-25 04:49:31,12611.49,YAPE,APROBADO
3963,6123,2025-02-15 10:30:30,1067.82,TRANSFERENCIA,APROBADO
3964,6124,2025-11-08 08:57:27,11785.39,YAPE,APROBADO
3965,6125,2025-04-07 07:43:39,8008.42,YAPE,APROBADO
3966,6127,2025-05-06 10:12:55,13882.58,YAPE,APROBADO
3967,6128,2025-05-26 21:15:32,25288.77,TARJETA,APROBADO
3968,6129,2025-10-12 00:02:13,7617.28,PLIN,APROBADO
3969,6130,2025-04-15 19:54:42,3703.32,TARJETA,APROBADO
3970,6131,2025-12-19 23:02:28,2435.91,TRANSFERENCIA,APROBADO
3971,6132,2025-05-26 22:58:41,8932.77,PLIN,APROBADO
3972,6133,2025-01-27 05:43:27,13464.06,YAPE,APROBADO
3973,6136,2025-04-11 18:53:32,17852.55,TARJETA,APROBADO
3974,6137,2025-12-09 21:08:52,32144.48,TARJETA,APROBADO
3975,6139,2025-05-17 13:16:25,7838.54,TRANSFERENCIA,APROBADO
3976,6140,2025-01-04 06:54:17,22690.8,TARJETA,APROBADO
3977,6142,2025-05-05 01:21:46,7865.88,TARJETA,APROBADO
3978,6144,2025-07-13 21:37:17,1067.82,PLIN,APROBADO
3979,6146,2025-01-26 07:33:39,23319.08,TRANSFERENCIA,APROBADO
3980,6148,2025-10-29 18:05:30,14347.12,TARJETA,APROBADO
3981,6150,2025-02-02 10:25:42,12459.87,TRANSFERENCIA,APROBADO
3982,6151,2025-10-31 07:34:34,4769.36,TARJETA,APROBADO
3983,6152,2025-07-30 21:06:24,19448.71,YAPE,APROBADO
3984,6153,2025-11-24 13:55:51,5599.88,TRANSFERENCIA,APROBADO
3985,6155,2025-02-13 03:43:38,12978.99,YAPE,APROBADO
3986,6158,2025-09-02 01:12:30,1589.14,YAPE,APROBADO
3987,6159,2025-02-25 21:08:29,7791.74,PLIN,APROBADO
3988,6161,2025-12-05 20:54:05,24862.9,TRANSFERENCIA,APROBADO
3989,6162,2025-09-25 22:56:47,2679.06,TRANSFERENCIA,APROBADO
3990,6163,2025-07-07 00:53:57,16602.4,YAPE,APROBADO
3991,6164,2025-08-12 21:00:36,7917.36,TARJETA,APROBADO
3992,6165,2025-10-07 05:54:57,1382.08,PLIN,APROBADO
3993,6166,2025-05-27 05:43:42,5985.36,TRANSFERENCIA,APROBADO
3994,6167,2025-06-10 02:20:43,18784.66,PLIN,APROBADO
3995,6168,2025-03-13 11:19:26,10594.49,YAPE,APROBADO
3996,6174,2025-12-13 00:47:50,21786.77,PLIN,APROBADO
3997,6176,2025-03-28 22:30:54,15025.15,TARJETA,APROBADO
3998,6177,2025-09-27 02:50:35,3697.36,YAPE,APROBADO
3999,6180,2025-10-19 08:34:15,14574.5,YAPE,APROBADO
4000,6181,2025-11-27 08:00:06,25448.62,YAPE,APROBADO
4001,6183,2025-10-28 17:50:34,5694.37,PLIN,APROBADO
4002,6184,2025-04-13 07:45:10,4169.04,YAPE,APROBADO
4003,6185,2025-07-23 08:09:57,19213.01,TRANSFERENCIA,APROBADO
4004,6187,2025-10-07 16:48:03,7867.58,TRANSFERENCIA,APROBADO
4005,6188,2025-04-04 06:38:46,9484.9,PLIN,APROBADO
4006,6190,2025-12-03 10:08:09,3337.8,TRANSFERENCIA,APROBADO
4007,6192,2025-11-09 02:53:54,10941.36,TRANSFERENCIA,APROBADO
4008,6194,2025-10-25 08:32:30,25488.36,YAPE,APROBADO
4009,6195,2025-02-20 23:38:23,15808.95,YAPE,APROBADO
4010,6196,2025-01-12 04:30:28,4144.1,YAPE,APROBADO
4011,6197,2025-04-09 08:44:06,25342.03,TRANSFERENCIA,APROBADO
4012,6198,2025-06-25 06:53:08,24725.37,YAPE,APROBADO
4013,6204,2025-09-19 04:36:20,490.76,PLIN,APROBADO
4014,6205,2025-01-05 11:31:01,3538.31,YAPE,APROBADO
4015,6206,2025-06-13 13:37:06,523.3,YAPE,APROBADO
4016,6207,2025-11-14 04:30:14,14434.55,TARJETA,APROBADO
4017,6208,2025-01-28 16:38:18,8792.86,YAPE,APROBADO
4018,6210,2025-11-08 02:08:46,6882.54,YAPE,APROBADO
4019,6211,2025-06-29 13:52:40,2679.2,YAPE,APROBADO
4020,6212,2025-07-10 04:22:16,620.69,PLIN,APROBADO
4021,6213,2025-01-22 05:01:04,13379.44,TARJETA,APROBADO
4022,6214,2025-10-15 01:39:12,16767.37,TRANSFERENCIA,APROBADO
4023,6215,2025-06-04 09:19:08,17257.42,TARJETA,APROBADO
4024,6216,2025-06-19 19:25:40,9810.6,TRANSFERENCIA,APROBADO
4025,6217,2025-02-24 14:10:03,8334.06,PLIN,APROBADO
4026,6218,2025-03-04 21:41:54,6084.86,TRANSFERENCIA,APROBADO
4027,6219,2025-10-21 17:31:37,34184.68,TARJETA,APROBADO
4028,6222,2025-07-09 19:06:29,22978.32,PLIN,APROBADO
4029,6224,2025-06-21 06:19:08,3377.17,TRANSFERENCIA,APROBADO
4030,6226,2025-01-23 16:36:33,13543.46,YAPE,APROBADO
4031,6227,2025-08-15 02:56:27,4264.68,TRANSFERENCIA,APROBADO
4032,6228,2025-12-26 20:16:06,5651.89,PLIN,APROBADO
4033,6230,2025-05-09 07:30:54,12738.2,PLIN,APROBADO
4034,6231,2025-11-03 18:35:20,8936.2,TARJETA,APROBADO
4035,6232,2025-11-23 20:05:56,4270.3,PLIN,APROBADO
4036,6233,2025-04-17 15:59:31,31084.82,TRANSFERENCIA,APROBADO
4037,6236,2025-06-16 11:47:06,4357.04,PLIN,APROBADO
4038,6238,2025-12-29 06:11:07,16065.25,YAPE,APROBADO
4039,6239,2025-12-21 22:01:36,8098.01,TRANSFERENCIA,APROBADO
4040,6240,2025-10-31 23:31:38,14931.81,TARJETA,APROBADO
4041,6241,2025-09-08 13:59:20,3895.54,TRANSFERENCIA,APROBADO
4042,6243,2025-02-23 07:36:59,10353.43,TARJETA,APROBADO
4043,6244,2025-07-24 18:52:41,7624.06,YAPE,APROBADO
4044,6245,2025-08-07 10:03:24,22431.48,PLIN,APROBADO
4045,6246,2025-12-09 13:33:17,11763.55,YAPE,APROBADO
4046,6247,2025-09-06 00:54:28,28529.2,TARJETA,APROBADO
4047,6248,2025-12-18 04:01:19,4973.53,YAPE,APROBADO
4048,6249,2025-12-26 03:31:28,19942.54,PLIN,APROBADO
4049,6250,2025-06-15 19:13:14,5454.72,TARJETA,APROBADO
4050,6252,2025-05-11 11:38:57,14087.24,YAPE,APROBADO
4051,6253,2025-11-29 08:37:43,9853.77,PLIN,APROBADO
4052,6255,2025-07-11 09:07:52,16417.17,TRANSFERENCIA,APROBADO
4053,6256,2025-02-05 11:56:02,18011.91,YAPE,APROBADO
4054,6257,2025-10-16 06:17:17,2606.48,TARJETA,APROBADO
4055,6258,2025-08-04 19:55:12,3350.88,TRANSFERENCIA,APROBADO
4056,6259,2025-01-27 12:47:18,4134.22,PLIN,APROBADO
4057,6260,2025-10-19 04:36:45,7172.77,TRANSFERENCIA,APROBADO
4058,6261,2025-05-15 02:09:04,16922.77,TRANSFERENCIA,APROBADO
4059,6262,2025-10-03 15:29:50,14418.81,TARJETA,APROBADO
4060,6265,2025-01-19 07:32:39,12392.08,PLIN,APROBADO
4061,6266,2025-09-06 11:20:52,14883.12,PLIN,APROBADO
4062,6267,2025-03-11 10:36:44,9608.26,TARJETA,APROBADO
4063,6268,2025-01-15 03:25:04,6584.98,PLIN,APROBADO
4064,6272,2025-10-08 02:45:47,12983.72,YAPE,APROBADO
4065,6273,2025-03-13 23:57:10,9253.48,PLIN,APROBADO
4066,6274,2025-08-27 13:46:04,12174.61,TARJETA,APROBADO
4067,6275,2025-03-29 20:39:35,15395.45,PLIN,APROBADO
4068,6276,2025-03-11 23:18:23,12360.85,YAPE,APROBADO
4069,6278,2025-12-17 01:09:46,11145.63,TRANSFERENCIA,APROBADO
4070,6279,2025-05-29 11:00:46,1997.76,PLIN,APROBADO
4071,6281,2025-11-26 14:44:08,9054.39,TRANSFERENCIA,APROBADO
4072,6282,2025-07-06 23:47:43,14047.36,YAPE,APROBADO
4073,6284,2025-11-21 09:20:11,4902.96,TRANSFERENCIA,APROBADO
4074,6285,2025-10-16 03:39:50,1608.92,TARJETA,APROBADO
4075,6286,2025-11-09 09:36:46,2104.23,TRANSFERENCIA,APROBADO
4076,6289,2025-11-17 13:44:44,25022.58,TARJETA,APROBADO
4077,6290,2025-12-21 16:12:36,16791.37,PLIN,APROBADO
4078,6293,2025-10-20 12:28:04,21700.77,TRANSFERENCIA,APROBADO
4079,6294,2025-04-20 00:55:47,13810.91,PLIN,APROBADO
4080,6295,2025-12-14 12:10:50,20688.04,YAPE,APROBADO
4081,6297,2025-11-26 19:21:54,13252.95,TARJETA,APROBADO
4082,6298,2025-09-21 21:30:51,10993.64,TARJETA,APROBADO
4083,6299,2025-05-01 19:33:28,4020.48,TRANSFERENCIA,APROBADO
4084,6303,2025-09-23 03:43:35,3088.22,YAPE,APROBADO
4085,6305,2025-05-30 22:59:34,12198.18,PLIN,APROBADO
4086,6306,2025-06-28 03:04:34,13560.5,TRANSFERENCIA,APROBADO
4087,6308,2025-01-31 20:54:00,23949.62,TRANSFERENCIA,APROBADO
4088,6309,2025-01-15 02:22:07,1979.56,TRANSFERENCIA,APROBADO
4089,6314,2025-09-04 05:58:02,8527.54,TARJETA,APROBADO
4090,6316,2025-10-20 04:42:51,11421.83,PLIN,APROBADO
4091,6317,2025-06-15 12:07:22,17532.87,YAPE,APROBADO
4092,6318,2025-03-09 17:08:18,16069.69,TARJETA,APROBADO
4093,6320,2025-08-17 06:18:39,14833.5,YAPE,APROBADO
4094,6321,2025-04-15 05:01:20,14598.02,TRANSFERENCIA,APROBADO
4095,6322,2025-06-21 01:21:27,24916.95,YAPE,APROBADO
4096,6323,2025-04-12 01:10:19,11842.33,TRANSFERENCIA,APROBADO
4097,6325,2025-06-22 03:30:18,16301.54,PLIN,APROBADO
4098,6326,2025-12-30 10:04:23,7831.9,TRANSFERENCIA,APROBADO
4099,6327,2025-12-01 20:10:51,15928.33,TRANSFERENCIA,APROBADO
4100,6329,2025-10-07 17:13:15,12243.25,TRANSFERENCIA,APROBADO
4101,6330,2025-04-17 06:29:10,3909.98,YAPE,APROBADO
4102,6331,2025-01-27 13:44:43,6021.29,TRANSFERENCIA,APROBADO
4103,6333,2025-07-26 08:45:15,11422.11,TRANSFERENCIA,APROBADO
4104,6334,2025-04-16 16:14:04,6207.0,TRANSFERENCIA,APROBADO
4105,6335,2025-09-28 01:51:34,8829.63,YAPE,APROBADO
4106,6336,2025-02-15 09:09:45,7842.28,PLIN,APROBADO
4107,6337,2025-02-01 19:01:19,2102.99,YAPE,APROBADO
4108,6338,2025-08-12 05:05:26,16729.08,PLIN,APROBADO
4109,6339,2025-05-30 14:16:56,4153.29,YAPE,APROBADO
4110,6342,2025-01-12 11:11:49,7435.35,TRANSFERENCIA,APROBADO
4111,6343,2025-05-25 13:31:28,10393.9,PLIN,APROBADO
4112,6345,2025-06-27 07:52:33,17698.58,TARJETA,APROBADO
4113,6347,2025-05-02 16:38:58,9693.04,YAPE,APROBADO
4114,6349,2025-04-17 09:06:26,8161.35,TRANSFERENCIA,APROBADO
4115,6350,2025-06-27 00:53:46,10060.59,TRANSFERENCIA,APROBADO
4116,6352,2025-03-10 20:35:00,270.86,TARJETA,APROBADO
4117,6353,2025-05-04 05:50:15,13331.2,YAPE,APROBADO
4118,6356,2025-10-03 08:13:55,7675.8,YAPE,APROBADO
4119,6357,2025-07-25 23:14:53,15864.18,TRANSFERENCIA,APROBADO
4120,6361,2025-05-15 13:02:55,665.92,TARJETA,APROBADO
4121,6362,2025-02-06 02:08:15,14668.86,YAPE,APROBADO
4122,6368,2025-06-24 12:37:05,2609.88,PLIN,APROBADO
4123,6370,2025-07-22 18:49:40,1450.2,TRANSFERENCIA,APROBADO
4124,6371,2025-02-21 02:59:53,15092.44,TRANSFERENCIA,APROBADO
4125,6373,2025-08-07 21:45:11,16091.93,PLIN,APROBADO
4126,6374,2025-08-30 22:16:40,12462.48,TARJETA,APROBADO
4127,6377,2025-02-12 10:57:30,1482.94,PLIN,APROBADO
4128,6378,2025-11-11 16:14:03,3353.07,TARJETA,APROBADO
4129,6379,2025-06-13 12:32:24,13459.44,TRANSFERENCIA,APROBADO
4130,6380,2025-02-21 15:59:32,7947.94,TARJETA,APROBADO
4131,6382,2025-05-12 15:06:59,558.74,YAPE,APROBADO
4132,6383,2025-12-20 01:14:55,22147.08,TRANSFERENCIA,APROBADO
4133,6387,2025-11-06 19:09:23,1108.56,PLIN,APROBADO
4134,6388,2025-08-11 04:26:42,8022.54,TRANSFERENCIA,APROBADO
4135,6390,2025-07-18 20:14:13,1868.64,TARJETA,APROBADO
4136,6391,2025-10-15 00:05:15,7997.96,TARJETA,APROBADO
4137,6392,2025-04-04 18:17:07,5276.79,PLIN,APROBADO
4138,6394,2025-12-20 23:13:27,617.84,TARJETA,APROBADO
4139,6395,2025-03-22 06:45:02,10655.37,TRANSFERENCIA,APROBADO
4140,6396,2025-07-27 00:30:57,2193.64,TRANSFERENCIA,APROBADO
4141,6400,2025-08-04 18:03:19,5607.89,YAPE,APROBADO
4142,6402,2025-08-31 16:33:49,10435.09,YAPE,APROBADO
4143,6403,2025-07-13 06:50:42,17824.44,PLIN,APROBADO
4144,6404,2025-02-26 10:55:18,12311.66,TRANSFERENCIA,APROBADO
4145,6407,2025-11-17 15:01:11,13400.44,PLIN,APROBADO
4146,6408,2025-12-02 17:47:55,9965.42,TARJETA,APROBADO
4147,6409,2025-07-02 11:53:48,9072.78,TARJETA,APROBADO
4148,6410,2025-09-01 03:21:17,18574.08,TRANSFERENCIA,APROBADO
4149,6411,2025-07-23 10:23:35,2366.57,YAPE,APROBADO
4150,6414,2025-08-16 07:23:25,2815.8,PLIN,APROBADO
4151,6418,2025-07-19 04:13:27,29062.78,TRANSFERENCIA,APROBADO
4152,6420,2025-06-21 09:50:28,4490.94,TARJETA,APROBADO
4153,6421,2025-05-09 10:14:20,27269.06,TRANSFERENCIA,APROBADO
4154,6422,2025-12-13 19:32:53,24602.01,PLIN,APROBADO
4155,6423,2025-01-30 10:03:45,15453.58,TRANSFERENCIA,APROBADO
4156,6425,2025-08-23 14:20:16,8976.56,YAPE,APROBADO
4157,6426,2025-02-17 17:29:57,8435.36,TRANSFERENCIA,APROBADO
4158,6428,2025-10-10 00:07:58,16641.36,PLIN,APROBADO
4159,6429,2025-02-20 03:59:10,6048.84,TARJETA,APROBADO
4160,6430,2025-12-06 20:55:41,23659.26,YAPE,APROBADO
4161,6433,2025-05-25 23:40:16,11932.07,TARJETA,APROBADO
4162,6434,2025-09-03 03:02:28,17036.84,PLIN,APROBADO
4163,6435,2025-05-30 12:02:10,9283.66,PLIN,APROBADO
4164,6436,2025-12-08 00:14:45,3490.6,TARJETA,APROBADO
4165,6438,2025-12-27 11:42:23,22338.62,PLIN,APROBADO
4166,6439,2026-01-02 07:17:45,9046.35,YAPE,APROBADO
4167,6440,2025-07-22 17:19:02,17013.57,TARJETA,APROBADO
4168,6441,2025-08-26 07:06:53,12912.86,TRANSFERENCIA,APROBADO
4169,6442,2025-09-28 07:39:25,19390.24,TRANSFERENCIA,APROBADO
4170,6443,2025-06-24 14:41:25,8254.3,PLIN,APROBADO
4171,6444,2025-05-13 04:45:44,13424.61,TRANSFERENCIA,APROBADO
4172,6445,2025-01-20 13:39:05,27406.02,TRANSFERENCIA,APROBADO
4173,6446,2025-10-30 15:02:17,13422.66,TARJETA,APROBADO
4174,6448,2026-01-03 23:50:54,4218.87,TARJETA,APROBADO
4175,6449,2025-08-12 18:38:00,13477.75,TRANSFERENCIA,APROBADO
4176,6450,2025-07-25 02:27:00,8415.54,TRANSFERENCIA,APROBADO
4177,6452,2025-10-09 18:47:40,4419.8,YAPE,APROBADO
4178,6454,2025-06-27 19:48:27,21721.42,TARJETA,APROBADO
4179,6455,2025-05-04 11:28:17,3480.05,YAPE,APROBADO
4180,6456,2025-11-18 08:49:30,17194.41,YAPE,APROBADO
4181,6458,2025-04-01 00:52:18,22334.97,YAPE,APROBADO
4182,6459,2025-01-13 01:37:33,21851.76,TRANSFERENCIA,APROBADO
4183,6460,2025-04-22 12:19:55,8927.46,YAPE,APROBADO
4184,6462,2025-10-21 21:17:18,8710.52,TRANSFERENCIA,APROBADO
4185,6463,2025-05-12 02:54:19,18827.27,TARJETA,APROBADO
4186,6466,2026-01-01 15:52:27,8796.53,TRANSFERENCIA,APROBADO
4187,6467,2026-01-02 17:03:21,8309.78,PLIN,APROBADO
4188,6468,2025-09-01 12:26:35,15788.91,YAPE,APROBADO
4189,6470,2025-02-19 08:10:12,4517.94,TARJETA,APROBADO
4190,6472,2025-04-06 03:52:39,8806.89,YAPE,APROBADO
4191,6474,2025-07-19 17:21:25,13049.73,TRANSFERENCIA,APROBADO
4192,6475,2025-03-02 05:06:33,12677.18,PLIN,APROBADO
4193,6476,2025-06-26 03:55:51,13340.39,TRANSFERENCIA,APROBADO
4194,6477,2025-07-25 08:03:33,3452.73,YAPE,APROBADO
4195,6478,2025-11-01 18:19:08,9373.63,YAPE,APROBADO
4196,6480,2025-06-23 15:42:16,19717.26,PLIN,APROBADO
4197,6482,2025-12-18 21:45:36,6722.23,PLIN,APROBADO
4198,6483,2025-03-15 02:07:36,24586.38,YAPE,APROBADO
4199,6484,2025-03-12 02:55:52,11034.6,PLIN,APROBADO
4200,6487,2025-09-07 06:07:42,14788.01,TARJETA,APROBADO
4201,6489,2025-01-07 06:19:51,1406.66,YAPE,APROBADO
4202,6490,2025-04-15 08:27:37,13157.62,TARJETA,APROBADO
4203,6491,2025-06-08 14:36:46,3105.03,PLIN,APROBADO
4204,6492,2025-02-16 18:18:04,16381.68,PLIN,APROBADO
4205,6494,2025-08-19 00:41:21,13273.54,TRANSFERENCIA,APROBADO
4206,6497,2025-02-08 10:09:24,14120.26,YAPE,APROBADO
4207,6498,2025-07-03 15:07:55,6729.12,PLIN,APROBADO
4208,6499,2025-02-12 05:20:46,10050.88,PLIN,APROBADO
4209,6500,2025-02-10 03:58:15,9339.24,YAPE,APROBADO
4210,6501,2025-09-11 12:15:41,32144.79,PLIN,APROBADO
4211,6502,2025-07-17 14:34:47,8313.6,TARJETA,APROBADO
4212,6503,2025-02-07 01:38:57,65.72,PLIN,APROBADO
4213,6504,2025-04-19 13:02:12,17832.69,TARJETA,APROBADO
4214,6508,2025-11-28 12:20:20,25703.68,TARJETA,APROBADO
4215,6509,2025-07-02 04:55:35,558.74,PLIN,APROBADO
4216,6512,2025-12-11 19:17:55,7474.48,PLIN,APROBADO
4217,6515,2025-03-04 05:47:51,15832.46,TARJETA,APROBADO
4218,6516,2025-09-28 10:07:20,14403.24,TARJETA,APROBADO
4219,6517,2025-07-10 01:47:47,15093.08,TRANSFERENCIA,APROBADO
4220,6519,2025-12-18 04:42:14,4990.45,TRANSFERENCIA,APROBADO
4221,6520,2025-02-11 13:18:07,2228.82,TRANSFERENCIA,APROBADO
4222,6521,2025-09-18 00:44:41,12157.83,TARJETA,APROBADO
4223,6522,2025-03-11 08:18:59,13429.94,PLIN,APROBADO
4224,6523,2025-07-28 14:44:35,8015.55,TARJETA,APROBADO
4225,6524,2025-04-11 20:56:04,22105.55,PLIN,APROBADO
4226,6525,2025-08-08 16:18:08,2478.89,YAPE,APROBADO
4227,6526,2025-07-30 20:49:37,4740.42,PLIN,APROBADO
4228,6527,2025-03-28 18:15:47,16037.15,YAPE,APROBADO
4229,6528,2025-01-09 20:21:57,13517.82,TARJETA,APROBADO
4230,6529,2025-12-04 01:29:36,16913.34,PLIN,APROBADO
4231,6530,2025-12-04 14:04:59,23806.59,YAPE,APROBADO
4232,6533,2025-01-27 15:44:53,7559.43,YAPE,APROBADO
4233,6534,2025-12-17 19:00:50,10354.21,YAPE,APROBADO
4234,6537,2025-09-24 06:06:47,3312.69,PLIN,APROBADO
4235,6538,2025-02-15 10:13:49,22586.61,TRANSFERENCIA,APROBADO
4236,6539,2025-01-31 05:50:35,13238.58,TARJETA,APROBADO
4237,6541,2025-03-31 23:17:20,5559.4,YAPE,APROBADO
4238,6542,2025-12-28 16:51:11,16638.51,TARJETA,APROBADO
4239,6543,2025-11-20 10:02:11,23368.96,TARJETA,APROBADO
4240,6545,2026-01-03 11:49:35,11931.98,TRANSFERENCIA,APROBADO
4241,6546,2025-07-23 16:26:40,13945.07,TRANSFERENCIA,APROBADO
4242,6547,2025-07-06 23:37:00,15794.83,TRANSFERENCIA,APROBADO
4243,6550,2025-05-14 16:50:38,19171.03,TARJETA,APROBADO
4244,6551,2025-08-13 16:18:18,8194.9,YAPE,APROBADO
4245,6553,2025-05-30 23:14:24,6442.47,YAPE,APROBADO
4246,6554,2025-10-18 09:07:22,12296.39,TARJETA,APROBADO
4247,6555,2025-05-25 11:41:35,9881.58,PLIN,APROBADO
4248,6557,2025-07-09 15:53:23,9533.01,TRANSFERENCIA,APROBADO
4249,6558,2025-09-14 02:29:52,21442.17,PLIN,APROBADO
4250,6559,2025-08-04 20:13:57,16517.45,TRANSFERENCIA,APROBADO
4251,6562,2025-11-22 17:34:35,6518.62,TARJETA,APROBADO
4252,6563,2025-03-31 09:53:26,10442.79,TRANSFERENCIA,APROBADO
4253,6564,2025-08-16 09:19:42,14581.48,TARJETA,APROBADO
4254,6565,2025-06-20 07:40:57,1690.17,PLIN,APROBADO
4255,6566,2025-02-01 06:44:04,16389.55,PLIN,APROBADO
4256,6568,2025-02-27 19:14:45,12510.24,YAPE,APROBADO
4257,6569,2025-02-15 15:35:05,13822.69,TRANSFERENCIA,APROBADO
4258,6575,2025-08-25 16:38:52,19684.13,TARJETA,APROBADO
4259,6576,2025-05-16 11:56:51,4851.06,TARJETA,APROBADO
4260,6580,2025-12-26 18:17:32,10642.84,PLIN,APROBADO
4261,6584,2025-07-03 02:31:45,12164.57,YAPE,APROBADO
4262,6585,2025-02-25 21:18:19,16308.55,YAPE,APROBADO
4263,6589,2025-07-01 17:07:54,3540.39,YAPE,APROBADO
4264,6590,2025-04-02 04:01:55,8825.7,TRANSFERENCIA,APROBADO
4265,6593,2025-07-21 23:05:47,15325.95,TRANSFERENCIA,APROBADO
4266,6595,2025-06-29 06:22:03,14406.73,PLIN,APROBADO
4267,6596,2025-09-30 12:10:42,27920.94,PLIN,APROBADO
4268,6597,2025-04-10 09:49:15,22577.15,YAPE,APROBADO
4269,6601,2025-10-13 00:05:37,6455.22,PLIN,APROBADO
4270,6602,2025-05-09 04:45:09,2095.1,TRANSFERENCIA,APROBADO
4271,6606,2025-04-27 05:10:14,7220.34,PLIN,APROBADO
4272,6608,2025-06-03 05:38:55,10786.71,YAPE,APROBADO
4273,6611,2025-09-17 20:29:58,5585.28,TARJETA,APROBADO
4274,6612,2025-02-08 00:53:30,9003.79,YAPE,APROBADO
4275,6613,2025-09-27 04:37:22,7103.58,PLIN,APROBADO
4276,6614,2025-02-19 16:47:21,7715.92,YAPE,APROBADO
4277,6615,2025-04-30 23:46:29,10646.95,TRANSFERENCIA,APROBADO
4278,6616,2025-02-07 04:45:12,6038.5,TRANSFERENCIA,APROBADO
4279,6617,2025-10-04 11:32:50,1495.06,PLIN,APROBADO
4280,6618,2025-03-24 20:56:17,11349.45,PLIN,APROBADO
4281,6620,2026-01-02 15:20:51,6922.9,TRANSFERENCIA,APROBADO
4282,6621,2025-06-14 02:06:42,14295.64,TRANSFERENCIA,APROBADO
4283,6622,2025-09-27 08:31:29,2378.53,TARJETA,APROBADO
4284,6623,2025-08-20 20:29:09,14881.39,TARJETA,APROBADO
4285,6624,2025-05-14 13:34:21,2652.18,PLIN,APROBADO
4286,6627,2025-10-25 13:45:01,10970.2,PLIN,APROBADO
4287,6629,2025-02-20 19:05:53,2133.83,TRANSFERENCIA,APROBADO
4288,6631,2025-10-06 01:30:44,6133.42,TARJETA,APROBADO
4289,6633,2025-07-01 10:50:34,1958.7,TRANSFERENCIA,APROBADO
4290,6636,2025-03-11 20:01:55,17675.1,TARJETA,APROBADO
4291,6637,2025-05-06 12:15:25,20621.78,TRANSFERENCIA,APROBADO
4292,6638,2025-12-23 08:34:54,4641.27,PLIN,APROBADO
4293,6639,2025-08-18 00:49:35,14304.73,TARJETA,APROBADO
4294,6640,2025-10-09 18:21:35,11475.25,PLIN,APROBADO
4295,6642,2025-10-10 02:12:52,13608.6,TRANSFERENCIA,APROBADO
4296,6643,2025-06-13 07:16:09,5888.0,TRANSFERENCIA,APROBADO
4297,6644,2025-09-21 04:09:36,5080.66,TRANSFERENCIA,APROBADO
4298,6645,2025-09-08 00:50:04,20618.22,TRANSFERENCIA,APROBADO
4299,6646,2025-03-08 17:20:52,9632.28,TARJETA,APROBADO
4300,6648,2026-01-01 11:16:28,5026.32,TARJETA,APROBADO
4301,6650,2025-06-14 20:23:46,21422.38,TRANSFERENCIA,APROBADO
4302,6651,2025-04-05 14:44:45,11997.72,YAPE,APROBADO
4303,6652,2025-08-22 10:10:26,18574.3,TRANSFERENCIA,APROBADO
4304,6656,2025-11-05 04:11:27,7038.92,TARJETA,APROBADO
4305,6657,2025-10-19 11:54:47,5741.6,PLIN,APROBADO
4306,6658,2025-11-22 05:20:30,7436.52,TRANSFERENCIA,APROBADO
4307,6660,2025-05-23 04:07:30,28848.66,YAPE,APROBADO
4308,6661,2025-07-29 14:47:58,10152.67,TARJETA,APROBADO
4309,6666,2025-06-18 11:09:29,8910.69,TRANSFERENCIA,APROBADO
4310,6667,2025-05-27 01:34:24,23402.1,PLIN,APROBADO
4311,6669,2025-08-21 14:46:39,4826.76,TARJETA,APROBADO
4312,6670,2025-01-17 00:15:40,12066.34,YAPE,APROBADO
4313,6672,2025-07-14 17:48:18,25301.14,TRANSFERENCIA,APROBADO
4314,6673,2025-10-10 01:29:41,12433.2,TRANSFERENCIA,APROBADO
4315,6674,2025-06-09 12:22:11,15967.01,YAPE,APROBADO
4316,6675,2025-05-19 11:29:47,21225.72,TRANSFERENCIA,APROBADO
4317,6680,2025-06-02 19:08:42,9911.28,YAPE,APROBADO
4318,6682,2025-03-12 00:25:52,2207.08,TARJETA,APROBADO
4319,6683,2025-10-26 18:24:52,2832.2,TARJETA,APROBADO
4320,6687,2025-05-28 21:33:32,21055.91,TRANSFERENCIA,APROBADO
4321,6688,2025-04-20 22:44:23,22265.91,PLIN,APROBADO
4322,6690,2025-12-02 03:03:48,2209.9,TRANSFERENCIA,APROBADO
4323,6694,2025-10-20 21:47:55,6060.0,PLIN,APROBADO
4324,6695,2025-07-26 20:38:28,11472.95,YAPE,APROBADO
4325,6697,2025-12-23 21:42:04,5334.24,TARJETA,APROBADO
4326,6698,2025-07-29 20:55:39,765.28,TRANSFERENCIA,APROBADO
4327,6701,2025-01-09 13:15:25,7745.17,PLIN,APROBADO
4328,6702,2025-08-04 15:08:18,7561.62,PLIN,APROBADO
4329,6703,2025-11-23 23:43:19,21656.7,TRANSFERENCIA,APROBADO
4330,6704,2025-04-20 09:19:11,5484.98,PLIN,APROBADO
4331,6707,2025-12-23 16:52:41,5052.02,PLIN,APROBADO
4332,6708,2025-01-19 12:16:18,7624.12,YAPE,APROBADO
4333,6711,2025-10-14 07:44:04,5133.13,TRANSFERENCIA,APROBADO
4334,6712,2025-05-02 19:49:59,5173.24,PLIN,APROBADO
4335,6713,2025-07-24 10:52:38,15733.81,PLIN,APROBADO
4336,6714,2025-02-21 09:55:00,2986.88,YAPE,APROBADO
4337,6715,2025-06-14 06:31:05,12451.13,TARJETA,APROBADO
4338,6720,2025-03-12 17:32:54,23444.9,TRANSFERENCIA,APROBADO
4339,6722,2025-10-04 07:33:12,14413.17,PLIN,APROBADO
4340,6724,2025-08-11 04:24:36,14714.56,TARJETA,APROBADO
4341,6726,2025-02-25 00:17:05,6635.28,PLIN,APROBADO
4342,6728,2025-03-07 19:18:57,24189.11,PLIN,APROBADO
4343,6730,2025-05-07 04:41:45,1471.78,TRANSFERENCIA,APROBADO
4344,6731,2025-06-14 20:44:21,18729.34,PLIN,APROBADO
4345,6732,2025-06-26 22:56:39,7471.0,PLIN,APROBADO
4346,6733,2025-10-20 09:27:33,9723.36,TRANSFERENCIA,APROBADO
4347,6734,2025-03-20 18:43:34,20006.29,YAPE,APROBADO
4348,6735,2025-01-13 04:54:04,22506.41,TARJETA,APROBADO
4349,6736,2025-09-25 17:14:35,4894.29,PLIN,APROBADO
4350,6740,2025-10-17 08:59:18,21468.39,TRANSFERENCIA,APROBADO
4351,6741,2025-12-17 08:30:40,20113.24,TRANSFERENCIA,APROBADO
4352,6742,2025-01-04 17:00:25,7505.18,TRANSFERENCIA,APROBADO
4353,6743,2025-10-19 07:05:56,5849.48,YAPE,APROBADO
4354,6744,2025-09-02 17:06:52,16845.88,TARJETA,APROBADO
4355,6745,2025-09-16 19:55:33,19006.24,PLIN,APROBADO
4356,6748,2025-04-07 16:13:12,6210.06,TRANSFERENCIA,APROBADO
4357,6749,2025-01-07 19:22:18,20702.07,TARJETA,APROBADO
4358,6750,2025-07-21 03:29:28,3403.29,YAPE,APROBADO
4359,6751,2025-03-07 05:53:26,2532.87,TARJETA,APROBADO
4360,6753,2025-08-16 14:43:40,3090.32,YAPE,APROBADO
4361,6755,2025-11-27 05:23:08,13792.08,YAPE,APROBADO
4362,6757,2025-08-18 18:13:31,20434.88,YAPE,APROBADO
4363,6758,2025-04-26 14:09:07,15436.23,TRANSFERENCIA,APROBADO
4364,6760,2025-11-02 03:02:33,8624.17,TRANSFERENCIA,APROBADO
4365,6762,2025-04-12 18:57:24,2090.96,YAPE,APROBADO
4366,6764,2025-11-30 11:58:45,10379.88,TARJETA,APROBADO
4367,6765,2025-05-25 12:43:56,10880.37,TRANSFERENCIA,APROBADO
4368,6766,2025-01-30 12:23:26,8368.47,PLIN,APROBADO
4369,6767,2025-05-09 17:01:36,10989.59,TRANSFERENCIA,APROBADO
4370,6768,2025-05-31 22:43:19,23233.12,YAPE,APROBADO
4371,6769,2025-12-29 06:01:18,7220.94,TRANSFERENCIA,APROBADO
4372,6771,2025-10-31 02:33:06,12045.46,TRANSFERENCIA,APROBADO
4373,6773,2025-02-20 11:23:54,26595.94,TRANSFERENCIA,APROBADO
4374,6775,2025-07-13 22:48:28,19708.44,TRANSFERENCIA,APROBADO
4375,6776,2025-12-28 05:29:43,8238.45,PLIN,APROBADO
4376,6777,2025-01-23 05:05:47,2813.86,TRANSFERENCIA,APROBADO
4377,6779,2025-08-17 10:57:27,6731.46,PLIN,APROBADO
4378,6781,2025-02-15 16:00:03,16729.92,TRANSFERENCIA,APROBADO
4379,6782,2025-03-12 03:00:44,2084.52,TARJETA,APROBADO
4380,6783,2025-12-13 09:19:25,8308.28,TARJETA,APROBADO
4381,6784,2025-01-28 03:12:45,13414.14,TRANSFERENCIA,APROBADO
4382,6785,2025-06-12 01:45:03,3354.24,PLIN,APROBADO
4383,6787,2025-10-09 00:16:12,2568.15,YAPE,APROBADO
4384,6789,2025-02-02 13:05:08,14716.61,PLIN,APROBADO
4385,6791,2025-01-31 21:02:14,11234.47,TARJETA,APROBADO
4386,6793,2025-02-26 01:10:28,29838.59,TRANSFERENCIA,APROBADO
4387,6794,2025-09-11 19:17:07,12547.83,TARJETA,APROBADO
4388,6795,2025-01-31 05:50:21,12108.19,TRANSFERENCIA,APROBADO
4389,6798,2025-07-27 09:15:28,15943.98,PLIN,APROBADO
4390,6799,2025-02-21 01:00:47,18799.12,TARJETA,APROBADO
4391,6800,2025-05-10 23:54:14,30424.53,TARJETA,APROBADO
4392,6801,2025-08-18 11:30:42,2597.95,TRANSFERENCIA,APROBADO
4393,6803,2025-09-19 01:09:43,637.98,PLIN,APROBADO
4394,6804,2025-10-06 01:46:22,21973.17,TRANSFERENCIA,APROBADO
4395,6805,2025-06-05 23:42:47,13447.68,YAPE,APROBADO
4396,6806,2025-09-20 06:02:05,2822.54,PLIN,APROBADO
4397,6808,2025-01-07 09:51:48,8022.9,PLIN,APROBADO
4398,6809,2025-12-24 14:26:20,22857.08,TARJETA,APROBADO
4399,6810,2025-05-03 17:24:07,28614.71,TRANSFERENCIA,APROBADO
4400,6812,2025-06-03 03:52:21,20991.44,TARJETA,APROBADO
4401,6813,2025-10-22 05:44:38,19567.62,YAPE,APROBADO
4402,6815,2025-08-31 07:22:02,22303.57,TARJETA,APROBADO
4403,6816,2025-01-24 07:52:05,1552.63,TARJETA,APROBADO
4404,6817,2025-10-12 17:33:00,17424.2,TARJETA,APROBADO
4405,6818,2025-03-25 05:45:58,19847.51,TRANSFERENCIA,APROBADO
4406,6819,2025-01-14 03:25:12,13205.5,YAPE,APROBADO
4407,6821,2025-10-13 15:25:32,10575.99,TRANSFERENCIA,APROBADO
4408,6822,2025-06-07 08:09:38,252.44,TRANSFERENCIA,APROBADO
4409,6823,2025-10-01 22:44:42,1443.07,TRANSFERENCIA,APROBADO
4410,6824,2025-09-06 04:27:41,25560.9,TRANSFERENCIA,APROBADO
4411,6825,2025-03-24 20:59:01,10546.46,YAPE,APROBADO
4412,6826,2025-05-14 14:44:07,17995.74,TRANSFERENCIA,APROBADO
4413,6828,2025-05-15 08:13:31,14826.0,YAPE,APROBADO
4414,6830,2025-10-12 12:50:05,3916.02,YAPE,APROBADO
4415,6832,2025-03-25 20:29:24,25834.0,YAPE,APROBADO
4416,6834,2025-08-21 07:56:32,1297.19,YAPE,APROBADO
4417,6835,2025-11-23 00:41:20,13658.27,TRANSFERENCIA,APROBADO
4418,6836,2025-11-20 16:21:12,4661.64,YAPE,APROBADO
4419,6837,2025-10-29 23:27:25,12238.16,TRANSFERENCIA,APROBADO
4420,6838,2025-03-15 18:42:31,13817.96,YAPE,APROBADO
4421,6839,2025-01-23 00:02:17,18540.0,TARJETA,APROBADO
4422,6840,2025-09-17 01:46:26,12998.59,TRANSFERENCIA,APROBADO
4423,6842,2025-01-24 10:37:46,2748.32,YAPE,APROBADO
4424,6846,2025-05-13 05:44:38,1657.05,PLIN,APROBADO
4425,6849,2025-09-01 05:23:23,3480.05,YAPE,APROBADO
4426,6854,2025-08-08 10:14:37,5866.52,TRANSFERENCIA,APROBADO
4427,6855,2025-12-03 05:02:24,8027.4,TARJETA,APROBADO
4428,6856,2025-11-01 03:27:29,158.46,YAPE,APROBADO
4429,6857,2025-01-16 06:48:24,13291.89,TARJETA,APROBADO
4430,6858,2025-11-27 11:51:05,14148.25,TARJETA,APROBADO
4431,6859,2025-08-09 03:12:16,11833.76,TRANSFERENCIA,APROBADO
4432,6861,2025-11-09 11:17:43,24321.32,TRANSFERENCIA,APROBADO
4433,6863,2025-07-21 06:46:44,20662.58,TRANSFERENCIA,APROBADO
4434,6864,2025-06-23 03:36:51,3917.02,YAPE,APROBADO
4435,6865,2025-10-09 03:05:14,1480.58,TRANSFERENCIA,APROBADO
4436,6866,2025-05-29 17:42:41,13765.89,TRANSFERENCIA,APROBADO
4437,6869,2025-04-30 12:05:01,3291.12,TARJETA,APROBADO
4438,6870,2025-11-04 16:54:59,18858.63,PLIN,APROBADO
4439,6871,2025-01-22 02:36:59,4961.38,TRANSFERENCIA,APROBADO
4440,6872,2025-10-22 12:15:51,14135.01,TARJETA,APROBADO
4441,6874,2025-12-29 19:59:04,6230.49,PLIN,APROBADO
4442,6877,2025-07-21 22:23:40,18095.51,TRANSFERENCIA,APROBADO
4443,6879,2025-11-20 04:19:30,7017.61,TARJETA,APROBADO
4444,6880,2025-07-05 23:29:52,15628.79,TARJETA,APROBADO
4445,6881,2025-05-31 01:30:39,1545.95,YAPE,APROBADO
4446,6884,2025-10-05 13:20:11,3877.68,YAPE,APROBADO
4447,6885,2025-12-23 15:35:36,12110.48,PLIN,APROBADO
4448,6886,2025-05-01 03:04:50,14600.86,PLIN,APROBADO
4449,6887,2025-12-05 20:55:20,3230.79,PLIN,APROBADO
4450,6888,2025-09-25 17:03:09,20457.04,TARJETA,APROBADO
4451,6889,2025-08-03 15:40:15,17292.74,TRANSFERENCIA,APROBADO
4452,6890,2025-08-03 04:23:11,18336.66,PLIN,APROBADO
4453,6891,2025-03-17 21:24:59,16643.26,TRANSFERENCIA,APROBADO
4454,6892,2025-11-01 00:03:28,19678.4,TARJETA,APROBADO
4455,6893,2025-02-27 22:32:10,12585.27,TRANSFERENCIA,APROBADO
4456,6896,2025-01-19 19:09:20,4595.31,TARJETA,APROBADO
4457,6897,2025-12-08 18:33:42,7118.2,PLIN,APROBADO
4458,6901,2025-06-24 12:48:41,27321.51,TARJETA,APROBADO
4459,6902,2025-08-08 03:18:11,13021.8,TARJETA,APROBADO
4460,6903,2025-01-13 08:38:02,12041.04,TRANSFERENCIA,APROBADO
4461,6904,2025-05-14 18:48:35,9052.62,TRANSFERENCIA,APROBADO
4462,6905,2025-12-02 00:26:48,2314.35,PLIN,APROBADO
4463,6906,2025-09-20 06:49:19,12218.02,YAPE,APROBADO
4464,6908,2025-08-29 22:22:53,23728.98,PLIN,APROBADO
4465,6909,2025-10-19 05:47:04,23191.1,YAPE,APROBADO
4466,6910,2025-05-05 08:32:43,7724.1,TARJETA,APROBADO
4467,6911,2025-06-03 07:14:05,8867.39,TARJETA,APROBADO
4468,6912,2025-03-11 06:09:58,7658.45,PLIN,APROBADO
4469,6913,2025-05-18 20:01:13,29431.77,PLIN,APROBADO
4470,6914,2025-07-30 22:10:46,14425.87,PLIN,APROBADO
4471,6915,2025-02-05 18:53:18,11526.94,TRANSFERENCIA,APROBADO
4472,6916,2025-10-22 08:19:31,20721.81,TRANSFERENCIA,APROBADO
4473,6918,2025-01-16 09:56:15,10850.13,PLIN,APROBADO
4474,6921,2025-12-18 12:08:58,22982.44,YAPE,APROBADO
4475,6923,2025-08-28 19:05:15,1677.12,YAPE,APROBADO
4476,6924,2025-09-10 02:24:40,8978.91,YAPE,APROBADO
4477,6927,2025-06-10 09:22:41,12441.3,YAPE,APROBADO
4478,6928,2025-03-17 02:19:36,11637.77,TARJETA,APROBADO
4479,6929,2025-10-25 08:41:02,12249.57,TARJETA,APROBADO
4480,6930,2025-05-14 07:22:50,14952.04,TRANSFERENCIA,APROBADO
4481,6931,2025-04-02 11:02:25,2794.74,PLIN,APROBADO
4482,6932,2025-07-04 00:58:29,9370.73,TRANSFERENCIA,APROBADO
4483,6933,2025-08-25 16:36:26,339.6,TRANSFERENCIA,APROBADO
4484,6935,2025-07-07 03:24:37,13500.77,PLIN,APROBADO
4485,6936,2025-12-02 09:30:18,5456.56,TARJETA,APROBADO
4486,6937,2025-01-18 04:21:08,14897.47,PLIN,APROBADO
4487,6938,2025-08-21 05:30:29,5488.43,PLIN,APROBADO
4488,6940,2025-05-17 12:57:56,10324.14,YAPE,APROBADO
4489,6941,2025-08-07 08:43:22,11502.56,TARJETA,APROBADO
4490,6942,2025-04-26 11:53:15,11689.13,TARJETA,APROBADO
4491,6943,2025-10-10 05:17:45,13104.11,TARJETA,APROBADO
4492,6944,2025-10-15 11:19:05,1339.53,YAPE,APROBADO
4493,6945,2025-03-05 23:29:35,33305.21,PLIN,APROBADO
4494,6946,2025-10-27 18:06:31,12902.95,YAPE,APROBADO
4495,6947,2025-09-08 02:23:17,7028.27,TARJETA,APROBADO
4496,6948,2025-09-27 06:08:41,9380.31,TRANSFERENCIA,APROBADO
4497,6949,2025-02-14 23:58:40,24479.56,TRANSFERENCIA,APROBADO
4498,6954,2025-01-05 20:14:45,1643.34,YAPE,APROBADO
4499,6955,2025-02-20 04:40:05,4364.46,TARJETA,APROBADO
4500,6956,2025-12-03 13:30:35,16170.2,TRANSFERENCIA,APROBADO
4501,6958,2025-07-31 10:11:43,26596.0,TARJETA,APROBADO
4502,6959,2025-05-31 23:48:48,4614.58,PLIN,APROBADO
4503,6960,2025-06-13 07:20:52,11463.79,TRANSFERENCIA,APROBADO
4504,6963,2025-03-30 02:58:22,19198.0,TRANSFERENCIA,APROBADO
4505,6965,2025-04-25 11:18:33,15645.21,TRANSFERENCIA,APROBADO
4506,6966,2025-08-08 02:31:45,12535.6,TARJETA,APROBADO
4507,6967,2025-11-21 10:39:21,4262.28,TARJETA,APROBADO
4508,6968,2025-02-18 23:00:08,7935.38,TRANSFERENCIA,APROBADO
4509,6971,2025-05-04 15:34:03,11676.03,TRANSFERENCIA,APROBADO
4510,6973,2025-12-01 17:04:32,7294.24,YAPE,APROBADO
4511,6974,2025-10-23 03:05:15,24132.69,TARJETA,APROBADO
4512,6977,2025-04-18 11:19:13,25323.83,TARJETA,APROBADO
4513,6979,2025-03-15 16:05:21,4637.85,TRANSFERENCIA,APROBADO
4514,6980,2025-07-05 06:03:17,14030.52,TRANSFERENCIA,APROBADO
4515,6981,2025-03-28 22:03:32,11406.81,TARJETA,APROBADO
4516,6984,2025-02-05 07:23:20,23129.34,YAPE,APROBADO
4517,6985,2025-07-11 10:22:33,11549.31,YAPE,APROBADO
4518,6986,2025-07-08 01:58:08,12165.34,TARJETA,APROBADO
4519,6987,2025-01-16 23:52:42,20008.05,PLIN,APROBADO
4520,6988,2025-03-06 13:10:08,13299.19,TRANSFERENCIA,APROBADO
4521,6989,2025-09-01 05:26:20,10933.05,PLIN,APROBADO
4522,6990,2025-12-21 15:13:49,18264.09,YAPE,APROBADO
4523,6992,2025-02-11 12:33:22,3964.04,TRANSFERENCIA,APROBADO
4524,6993,2025-12-17 06:38:55,11111.64,PLIN,APROBADO
4525,6996,2025-11-01 00:44:07,8279.55,TARJETA,APROBADO
4526,6997,2025-11-21 06:53:00,13061.64,TARJETA,APROBADO
4527,6999,2025-05-25 13:06:08,12605.93,TRANSFERENCIA,APROBADO
4528,7001,2025-12-12 14:11:52,2758.43,TRANSFERENCIA,APROBADO
4529,7002,2025-11-23 08:59:42,19349.99,PLIN,APROBADO
4530,7004,2025-03-15 20:26:27,10728.64,TARJETA,APROBADO
4531,7006,2025-05-09 22:34:43,8738.47,YAPE,APROBADO
4532,7008,2025-10-24 10:47:51,25647.05,TRANSFERENCIA,APROBADO
4533,7010,2025-04-26 00:18:31,6691.45,TRANSFERENCIA,APROBADO
4534,7011,2025-12-25 01:20:36,8300.6,YAPE,APROBADO
4535,7013,2025-04-10 01:33:37,28611.97,YAPE,APROBADO
4536,7014,2025-08-13 16:56:51,7946.22,YAPE,APROBADO
4537,7015,2025-01-16 09:41:11,6207.42,TARJETA,APROBADO
4538,7017,2025-10-04 02:39:37,11255.97,TRANSFERENCIA,APROBADO
4539,7018,2025-01-08 23:22:48,598.74,TARJETA,APROBADO
4540,7019,2025-05-29 05:46:09,28044.56,TARJETA,APROBADO
4541,7020,2025-05-27 05:54:00,8531.94,YAPE,APROBADO
4542,7021,2025-10-07 16:18:31,10466.05,TARJETA,APROBADO
4543,7023,2025-03-25 00:51:43,4105.54,YAPE,APROBADO
4544,7027,2025-05-28 02:39:40,9677.42,TARJETA,APROBADO
4545,7028,2025-08-31 23:23:32,19086.86,PLIN,APROBADO
4546,7030,2025-02-24 22:48:08,18468.29,TARJETA,APROBADO
4547,7031,2025-03-24 11:14:33,6048.15,TRANSFERENCIA,APROBADO
4548,7032,2025-02-21 19:10:53,21514.59,YAPE,APROBADO
4549,7033,2025-03-02 13:40:54,29778.67,PLIN,APROBADO
4550,7034,2025-05-03 07:39:22,13230.4,TRANSFERENCIA,APROBADO
4551,7035,2025-09-23 05:15:33,16015.88,YAPE,APROBADO
4552,7036,2025-01-17 23:31:46,19339.25,PLIN,APROBADO
4553,7038,2025-11-05 03:39:24,2798.9,TARJETA,APROBADO
4554,7039,2025-05-15 14:17:24,6000.84,PLIN,APROBADO
4555,7040,2025-01-17 13:27:43,15369.73,TRANSFERENCIA,APROBADO
4556,7041,2025-05-10 06:09:10,1270.76,TARJETA,APROBADO
4557,7042,2025-11-19 07:30:23,27973.6,YAPE,APROBADO
4558,7044,2025-09-01 22:48:47,19089.46,PLIN,APROBADO
4559,7045,2025-02-23 03:56:28,17448.71,TRANSFERENCIA,APROBADO
4560,7046,2025-12-13 19:10:08,2748.32,PLIN,APROBADO
4561,7047,2025-03-13 22:58:43,15174.99,TARJETA,APROBADO
4562,7048,2025-05-31 10:32:43,30065.46,TRANSFERENCIA,APROBADO
4563,7049,2025-09-19 00:42:13,33505.29,PLIN,APROBADO
4564,7050,2025-10-26 17:06:57,5753.93,YAPE,APROBADO
4565,7051,2025-06-01 13:16:44,7032.73,PLIN,APROBADO
4566,7052,2025-01-06 14:37:57,7978.26,PLIN,APROBADO
4567,7053,2025-10-23 16:33:05,7659.84,PLIN,APROBADO
4568,7054,2025-06-27 06:24:58,17049.67,TARJETA,APROBADO
4569,7055,2025-04-30 11:11:29,853.5,TRANSFERENCIA,APROBADO
4570,7057,2025-10-03 05:07:37,8932.92,PLIN,APROBADO
4571,7058,2025-06-13 04:07:48,27083.66,TRANSFERENCIA,APROBADO
4572,7060,2025-01-30 18:55:59,9952.92,TRANSFERENCIA,APROBADO
4573,7061,2025-04-13 09:07:17,10501.77,TRANSFERENCIA,APROBADO
4574,7062,2025-09-20 05:52:41,4531.25,TARJETA,APROBADO
4575,7065,2025-09-02 02:51:39,10724.33,TRANSFERENCIA,APROBADO
4576,7066,2025-04-27 04:37:27,25359.36,YAPE,APROBADO
4577,7067,2025-05-07 18:54:46,5091.87,TARJETA,APROBADO
4578,7068,2025-07-17 02:38:30,2358.23,YAPE,APROBADO
4579,7069,2025-03-21 13:15:15,19729.97,YAPE,APROBADO
4580,7070,2025-03-10 03:16:18,8946.93,YAPE,APROBADO
4581,7071,2025-07-01 23:22:18,8923.64,YAPE,APROBADO
4582,7073,2025-08-24 04:12:49,10477.48,PLIN,APROBADO
4583,7074,2025-09-13 19:08:05,25476.5,TARJETA,APROBADO
4584,7076,2025-02-22 23:35:10,15067.66,TARJETA,APROBADO
4585,7077,2025-02-03 12:44:45,14076.27,TRANSFERENCIA,APROBADO
4586,7078,2025-02-02 23:06:42,15577.04,TRANSFERENCIA,APROBADO
4587,7083,2025-03-22 21:33:39,14793.73,TARJETA,APROBADO
4588,7084,2025-03-10 16:36:08,16792.52,TARJETA,APROBADO
4589,7085,2025-03-22 06:11:17,25793.01,YAPE,APROBADO
4590,7086,2025-12-26 23:49:52,7087.78,YAPE,APROBADO
4591,7087,2025-08-10 16:10:12,24175.29,TARJETA,APROBADO
4592,7088,2025-01-15 00:50:28,20567.1,TRANSFERENCIA,APROBADO
4593,7089,2026-01-01 14:08:36,5266.06,PLIN,APROBADO
4594,7090,2025-02-06 15:28:21,27330.2,TARJETA,APROBADO
4595,7093,2025-08-26 01:13:00,21570.4,TRANSFERENCIA,APROBADO
4596,7094,2025-10-11 10:24:33,23251.97,YAPE,APROBADO
4597,7096,2025-02-11 21:40:15,5871.26,TRANSFERENCIA,APROBADO
4598,7097,2025-01-21 14:53:04,17480.89,TRANSFERENCIA,APROBADO
4599,7098,2025-03-24 23:10:25,1241.38,TARJETA,APROBADO
4600,7099,2025-12-13 01:31:23,262.31,PLIN,APROBADO
4601,7102,2025-12-05 23:47:56,15595.42,TARJETA,APROBADO
4602,7103,2025-09-08 22:21:21,5014.56,TARJETA,APROBADO
4603,7104,2025-09-12 03:50:21,11581.37,YAPE,APROBADO
4604,7107,2025-02-20 22:23:05,13761.63,YAPE,APROBADO
4605,7108,2025-03-15 00:05:09,4154.54,TARJETA,APROBADO
4606,7109,2025-09-18 17:19:58,4441.8,TARJETA,APROBADO
4607,7110,2025-03-10 02:59:25,14859.52,PLIN,APROBADO
4608,7111,2025-12-01 22:09:52,15649.13,PLIN,APROBADO
4609,7112,2025-10-02 13:02:05,3470.41,TARJETA,APROBADO
4610,7115,2025-01-31 12:13:56,5216.66,TRANSFERENCIA,APROBADO
4611,7116,2025-07-30 10:36:11,5990.24,TRANSFERENCIA,APROBADO
4612,7117,2025-06-20 22:37:40,3698.54,YAPE,APROBADO
4613,7119,2025-04-16 18:29:45,8313.26,TARJETA,APROBADO
4614,7120,2025-12-07 23:56:18,15256.81,YAPE,APROBADO
4615,7121,2025-03-20 06:57:56,6625.38,TARJETA,APROBADO
4616,7122,2025-09-25 13:09:09,1462.86,PLIN,APROBADO
4617,7123,2025-05-05 00:20:01,635.38,YAPE,APROBADO
4618,7125,2025-05-24 03:38:04,14948.96,TARJETA,APROBADO
4619,7127,2025-12-13 22:47:05,21625.92,TARJETA,APROBADO
4620,7129,2025-05-10 13:36:23,2973.12,PLIN,APROBADO
4621,7130,2025-07-08 05:51:28,6953.63,TARJETA,APROBADO
4622,7131,2025-10-25 18:41:19,8465.5,PLIN,APROBADO
4623,7132,2025-12-23 19:19:30,4134.22,YAPE,APROBADO
4624,7133,2025-12-21 06:24:30,10844.81,TRANSFERENCIA,APROBADO
4625,7136,2025-06-03 06:06:23,13765.15,YAPE,APROBADO
4626,7140,2025-05-13 22:15:10,11251.89,TARJETA,APROBADO
4627,7141,2025-08-02 21:04:39,25153.4,TARJETA,APROBADO
4628,7142,2025-11-14 17:42:32,6279.08,TRANSFERENCIA,APROBADO
4629,7147,2025-08-03 18:41:26,21388.19,TRANSFERENCIA,APROBADO
4630,7149,2025-06-20 15:30:28,9789.55,PLIN,APROBADO
4631,7150,2025-06-09 01:13:17,541.72,TRANSFERENCIA,APROBADO
4632,7151,2025-07-18 10:50:52,4925.71,TRANSFERENCIA,APROBADO
4633,7154,2025-05-01 09:49:35,3009.72,YAPE,APROBADO
4634,7155,2025-04-08 23:34:25,11194.11,YAPE,APROBADO
4635,7156,2025-10-07 20:57:17,17359.41,PLIN,APROBADO
4636,7157,2025-09-05 20:32:47,7519.96,TARJETA,APROBADO
4637,7158,2025-04-15 01:23:33,7451.44,YAPE,APROBADO
4638,7161,2025-05-13 04:25:33,12054.43,TRANSFERENCIA,APROBADO
4639,7163,2025-11-29 11:47:02,3217.84,PLIN,APROBADO
4640,7164,2025-04-09 22:19:23,7146.33,TARJETA,APROBADO
4641,7166,2025-02-13 00:30:03,9400.92,YAPE,APROBADO
4642,7168,2025-11-03 00:24:53,10939.9,PLIN,APROBADO
4643,7169,2025-05-15 10:51:21,17394.96,TARJETA,APROBADO
4644,7173,2025-04-20 13:43:30,7553.48,TARJETA,APROBADO
4645,7174,2025-12-22 01:07:08,1104.7,TARJETA,APROBADO
4646,7175,2025-05-23 11:53:26,4706.42,PLIN,APROBADO
4647,7176,2025-08-20 06:46:58,21789.3,YAPE,APROBADO
4648,7177,2025-02-05 10:08:54,913.48,YAPE,APROBADO
4649,7178,2025-09-04 04:26:51,10335.48,YAPE,APROBADO
4650,7181,2025-07-22 21:01:40,4036.29,PLIN,APROBADO
4651,7182,2025-08-15 23:17:50,1905.46,YAPE,APROBADO
4652,7188,2025-01-22 19:03:05,17243.56,PLIN,APROBADO
4653,7189,2025-11-01 02:39:45,15850.77,PLIN,APROBADO
4654,7190,2025-09-01 09:12:42,15399.18,PLIN,APROBADO
4655,7191,2025-05-29 05:32:08,13344.63,TARJETA,APROBADO
4656,7192,2025-09-01 01:09:24,18635.18,TRANSFERENCIA,APROBADO
4657,7193,2025-10-19 05:15:09,3001.13,TRANSFERENCIA,APROBADO
4658,7194,2025-07-11 06:26:22,22296.13,TARJETA,APROBADO
4659,7195,2025-07-19 00:13:32,17382.85,PLIN,APROBADO
4660,7196,2025-03-08 03:14:50,11161.44,YAPE,APROBADO
4661,7197,2025-04-20 20:41:37,17349.45,YAPE,APROBADO
4662,7201,2025-08-16 06:04:30,3206.28,YAPE,APROBADO
4663,7202,2025-07-07 07:37:40,1614.48,TARJETA,APROBADO
4664,7203,2025-10-04 00:04:52,19587.9,TRANSFERENCIA,APROBADO
4665,7204,2025-02-02 16:55:28,7530.61,TRANSFERENCIA,APROBADO
4666,7205,2025-03-30 20:38:37,4541.1,PLIN,APROBADO
4667,7206,2025-12-31 12:23:40,25960.38,TRANSFERENCIA,APROBADO
4668,7207,2025-02-04 19:59:28,14225.25,TARJETA,APROBADO
4669,7208,2025-01-26 10:28:08,17232.39,YAPE,APROBADO
4670,7209,2025-12-06 08:26:47,4763.44,YAPE,APROBADO
4671,7211,2025-01-20 17:59:55,9972.69,PLIN,APROBADO
4672,7212,2025-11-11 18:58:11,1131.56,PLIN,APROBADO
4673,7213,2025-02-09 15:17:33,20290.92,TARJETA,APROBADO
4674,7215,2025-02-18 18:45:11,18915.62,PLIN,APROBADO
4675,7216,2025-06-25 19:51:11,8733.63,YAPE,APROBADO
4676,7217,2025-07-11 09:08:43,19489.91,YAPE,APROBADO
4677,7218,2025-12-09 09:19:30,14604.94,TARJETA,APROBADO
4678,7219,2025-09-08 11:53:55,10912.04,TARJETA,APROBADO
4679,7220,2025-01-26 21:45:14,5404.31,TRANSFERENCIA,APROBADO
4680,7221,2025-01-16 18:35:46,9016.45,YAPE,APROBADO
4681,7222,2025-08-24 18:08:43,1339.53,PLIN,APROBADO
4682,7223,2025-04-08 08:26:41,10261.48,PLIN,APROBADO
4683,7227,2025-06-29 00:49:25,4570.32,TRANSFERENCIA,APROBADO
4684,7228,2025-03-27 04:05:51,1257.33,TARJETA,APROBADO
4685,7229,2025-02-10 20:17:58,19434.76,PLIN,APROBADO
4686,7231,2025-07-30 15:32:49,11498.52,TARJETA,APROBADO
4687,7232,2025-01-27 02:20:28,18439.89,YAPE,APROBADO
4688,7233,2025-12-05 16:33:51,10023.27,TARJETA,APROBADO
4689,7234,2025-12-24 05:57:33,3808.92,TARJETA,APROBADO
4690,7236,2025-02-23 14:54:59,7192.13,TRANSFERENCIA,APROBADO
4691,7237,2025-03-26 14:35:54,8359.81,TARJETA,APROBADO
4692,7238,2025-03-17 04:57:24,19281.28,TRANSFERENCIA,APROBADO
4693,7240,2025-02-20 02:50:16,8863.58,TARJETA,APROBADO
4694,7242,2025-03-05 09:09:51,1327.98,TRANSFERENCIA,APROBADO
4695,7245,2025-09-21 04:31:15,79.23,TARJETA,APROBADO
4696,7247,2025-05-02 21:20:09,12819.28,YAPE,APROBADO
4697,7249,2025-03-15 22:04:46,13126.85,PLIN,APROBADO
4698,7250,2025-09-14 14:37:29,11845.43,YAPE,APROBADO
4699,7252,2025-10-13 16:20:37,16907.14,PLIN,APROBADO
4700,7253,2025-06-27 10:25:06,16913.38,TRANSFERENCIA,APROBADO
4701,7254,2025-11-20 12:19:28,14816.43,YAPE,APROBADO
4702,7255,2025-07-22 07:10:33,567.39,YAPE,APROBADO
4703,7256,2025-10-07 01:28:51,2009.14,PLIN,APROBADO
4704,7257,2025-12-27 15:47:56,16251.77,YAPE,APROBADO
4705,7259,2025-12-28 14:36:33,14196.74,TARJETA,APROBADO
4706,7260,2025-10-25 21:43:03,13580.96,PLIN,APROBADO
4707,7263,2025-02-27 12:13:40,9737.7,TRANSFERENCIA,APROBADO
4708,7265,2025-01-24 21:57:54,24247.1,TARJETA,APROBADO
4709,7266,2025-06-24 05:31:36,7753.8,YAPE,APROBADO
4710,7267,2025-01-19 20:08:44,7677.86,TRANSFERENCIA,APROBADO
4711,7270,2025-10-11 08:28:30,2530.84,PLIN,APROBADO
4712,7272,2025-03-04 19:53:17,6775.37,PLIN,APROBADO
4713,7276,2025-02-08 02:58:35,21744.53,YAPE,APROBADO
4714,7277,2025-08-14 07:03:00,1187.06,PLIN,APROBADO
4715,7278,2025-12-06 14:42:05,13363.58,TRANSFERENCIA,APROBADO
4716,7279,2025-09-04 16:25:53,6465.24,TARJETA,APROBADO
4717,7281,2025-01-27 03:13:13,23312.79,TRANSFERENCIA,APROBADO
4718,7284,2025-06-23 07:01:44,12607.96,YAPE,APROBADO
4719,7285,2025-05-28 21:26:04,21888.2,TRANSFERENCIA,APROBADO
4720,7287,2025-04-13 13:25:28,12266.41,YAPE,APROBADO
4721,7288,2025-09-07 12:49:35,16203.02,TARJETA,APROBADO
4722,7289,2025-06-27 13:21:47,1689.88,PLIN,APROBADO
4723,7290,2025-08-23 18:56:08,16007.34,TRANSFERENCIA,APROBADO
4724,7292,2025-01-28 01:38:36,23180.7,TARJETA,APROBADO
4725,7293,2025-12-09 20:08:09,9797.34,TARJETA,APROBADO
4726,7294,2025-12-05 07:35:01,23044.33,TRANSFERENCIA,APROBADO
4727,7295,2025-06-03 05:00:50,25222.14,YAPE,APROBADO
4728,7296,2025-03-17 22:07:18,1724.46,TARJETA,APROBADO
4729,7298,2025-06-22 21:29:02,8863.44,YAPE,APROBADO
4730,7299,2025-07-17 04:54:02,30863.94,TRANSFERENCIA,APROBADO
4731,7301,2025-12-27 18:13:12,9651.87,TARJETA,APROBADO
4732,7302,2025-12-16 18:11:19,8328.72,YAPE,APROBADO
4733,7305,2025-04-13 13:16:44,26494.47,TRANSFERENCIA,APROBADO
4734,7306,2025-12-23 03:11:05,8043.75,TARJETA,APROBADO
4735,7307,2025-04-10 14:08:18,3256.83,TRANSFERENCIA,APROBADO
4736,7309,2025-02-04 03:46:07,17330.44,TRANSFERENCIA,APROBADO
4737,7310,2025-05-27 02:35:55,18759.34,TARJETA,APROBADO
4738,7311,2025-02-17 06:36:53,5615.64,TRANSFERENCIA,APROBADO
4739,7312,2025-01-26 06:29:14,14733.08,TRANSFERENCIA,APROBADO
4740,7313,2025-06-20 03:18:22,9739.07,YAPE,APROBADO
4741,7314,2025-02-27 13:58:52,8910.69,TRANSFERENCIA,APROBADO
4742,7315,2025-12-30 23:22:29,11015.17,TARJETA,APROBADO
4743,7316,2025-03-16 18:35:39,6302.91,YAPE,APROBADO
4744,7318,2025-07-19 18:21:45,15550.14,YAPE,APROBADO
4745,7319,2025-10-13 18:52:07,17758.44,PLIN,APROBADO
4746,7320,2025-04-20 12:09:21,8700.02,TARJETA,APROBADO
4747,7321,2025-05-12 08:05:37,2562.3,TARJETA,APROBADO
4748,7322,2025-10-06 22:27:08,2220.9,YAPE,APROBADO
4749,7323,2025-10-13 13:17:11,15026.38,TRANSFERENCIA,APROBADO
4750,7324,2025-01-26 00:35:27,14395.31,YAPE,APROBADO
4751,7325,2025-02-04 23:58:40,19918.68,TARJETA,APROBADO
4752,7326,2025-02-18 21:15:07,14025.84,TARJETA,APROBADO
4753,7328,2025-02-18 21:35:47,12899.14,YAPE,APROBADO
4754,7330,2025-09-16 13:30:08,21313.14,TARJETA,APROBADO
4755,7331,2025-11-25 14:48:25,13755.18,YAPE,APROBADO
4756,7332,2025-07-17 02:52:28,8079.31,YAPE,APROBADO
4757,7333,2025-09-11 13:23:08,138.27,TARJETA,APROBADO
4758,7334,2025-06-19 12:46:47,11845.18,TARJETA,APROBADO
4759,7335,2025-08-03 15:23:29,5810.83,PLIN,APROBADO
4760,7336,2025-08-31 21:22:34,19066.99,YAPE,APROBADO
4761,7337,2025-11-20 06:37:09,14950.85,TARJETA,APROBADO
4762,7338,2025-04-20 08:38:25,8655.02,YAPE,APROBADO
4763,7339,2025-12-30 19:10:21,12223.36,PLIN,APROBADO
4764,7344,2025-12-27 01:57:48,4195.09,TARJETA,APROBADO
4765,7345,2025-06-28 03:31:03,5465.89,PLIN,APROBADO
4766,7346,2025-07-09 19:41:37,8931.24,YAPE,APROBADO
4767,7348,2025-07-16 13:13:52,2209.9,TARJETA,APROBADO
4768,7349,2025-11-15 19:32:50,20897.89,TARJETA,APROBADO
4769,7350,2025-10-29 00:07:10,224.18,YAPE,APROBADO
4770,7352,2025-01-23 14:46:27,16731.14,YAPE,APROBADO
4771,7353,2025-06-20 12:47:26,18409.8,TARJETA,APROBADO
4772,7354,2025-06-26 08:56:40,1031.64,TRANSFERENCIA,APROBADO
4773,7355,2025-10-11 02:54:08,15900.19,YAPE,APROBADO
4774,7357,2025-12-30 04:47:29,4787.85,TARJETA,APROBADO
4775,7358,2025-12-08 01:16:48,14195.79,YAPE,APROBADO
4776,7359,2025-04-30 19:52:43,11942.1,TRANSFERENCIA,APROBADO
4777,7360,2025-04-01 11:49:55,17353.23,YAPE,APROBADO
4778,7361,2025-01-26 14:50:00,24672.63,TRANSFERENCIA,APROBADO
4779,7363,2025-04-09 02:36:53,15302.66,YAPE,APROBADO
4780,7364,2025-10-08 16:14:52,16596.43,TRANSFERENCIA,APROBADO
4781,7368,2025-11-20 18:40:49,10869.01,TRANSFERENCIA,APROBADO
4782,7369,2025-11-19 23:52:40,4484.72,TARJETA,APROBADO
4783,7370,2025-07-23 19:19:57,12151.42,YAPE,APROBADO
4784,7371,2025-06-13 18:29:51,10862.61,TARJETA,APROBADO
4785,7372,2025-03-08 15:00:58,8496.83,PLIN,APROBADO
4786,7373,2025-09-13 17:39:07,14785.18,YAPE,APROBADO
4787,7374,2025-03-26 04:33:48,21412.67,YAPE,APROBADO
4788,7376,2025-05-31 17:10:37,10240.53,TRANSFERENCIA,APROBADO
4789,7377,2025-07-26 03:56:50,13855.05,TRANSFERENCIA,APROBADO
4790,7378,2025-12-12 03:34:50,3291.6,TARJETA,APROBADO
4791,7379,2025-12-25 07:46:51,9553.97,TARJETA,APROBADO
4792,7381,2025-03-03 18:13:28,12563.74,TARJETA,APROBADO
4793,7382,2025-07-15 03:31:05,25850.89,TRANSFERENCIA,APROBADO
4794,7386,2025-04-14 06:17:57,1267.68,TRANSFERENCIA,APROBADO
4795,7388,2025-05-26 22:39:14,7302.76,TRANSFERENCIA,APROBADO
4796,7389,2025-11-06 10:28:58,11421.03,PLIN,APROBADO
4797,7390,2025-01-19 20:30:29,6767.63,YAPE,APROBADO
4798,7392,2025-04-07 19:49:18,8139.5,TRANSFERENCIA,APROBADO
4799,7393,2025-12-20 22:42:41,1280.25,TRANSFERENCIA,APROBADO
4800,7394,2025-12-19 08:53:22,10403.34,TARJETA,APROBADO
4801,7396,2025-05-30 08:29:41,10636.71,TRANSFERENCIA,APROBADO
4802,7397,2025-09-06 06:40:21,567.39,PLIN,APROBADO
4803,7398,2025-04-14 19:42:37,2588.7,YAPE,APROBADO
4804,7399,2025-04-23 15:41:42,5459.13,PLIN,APROBADO
4805,7401,2025-04-08 02:22:10,19314.96,YAPE,APROBADO
4806,7402,2025-03-20 19:55:29,5707.87,TARJETA,APROBADO
4807,7404,2025-05-11 04:28:11,17329.77,YAPE,APROBADO
4808,7406,2025-07-18 23:11:03,24220.49,PLIN,APROBADO
4809,7409,2025-12-21 16:49:07,10387.2,PLIN,APROBADO
4810,7410,2025-06-11 01:59:54,5303.8,TARJETA,APROBADO
4811,7412,2025-05-28 08:13:09,3278.52,YAPE,APROBADO
4812,7413,2025-01-12 12:46:26,2679.3,TARJETA,APROBADO
4813,7414,2025-06-21 20:34:13,10440.15,TRANSFERENCIA,APROBADO
4814,7416,2025-11-07 17:08:08,27093.63,PLIN,APROBADO
4815,7417,2025-01-28 14:16:40,6312.45,PLIN,APROBADO
4816,7420,2025-08-29 12:06:17,9343.53,PLIN,APROBADO
4817,7421,2025-10-03 03:04:47,8587.24,TARJETA,APROBADO
4818,7423,2025-08-08 20:17:41,9547.75,PLIN,APROBADO
4819,7425,2025-05-05 16:00:22,9772.89,PLIN,APROBADO
4820,7426,2025-09-05 07:30:15,12799.84,PLIN,APROBADO
4821,7427,2025-11-10 16:55:59,3046.88,YAPE,APROBADO
4822,7429,2025-06-04 22:15:35,25548.1,YAPE,APROBADO
4823,7430,2025-11-11 02:14:59,10543.35,YAPE,APROBADO
4824,7435,2025-03-16 01:40:19,7576.01,PLIN,APROBADO
4825,7436,2025-11-17 07:25:47,11207.21,PLIN,APROBADO
4826,7437,2025-12-15 18:24:39,1608.92,TARJETA,APROBADO
4827,7439,2025-01-23 08:57:15,11550.75,YAPE,APROBADO
4828,7440,2025-09-04 14:44:41,1325.22,PLIN,APROBADO
4829,7442,2025-08-20 17:11:54,5739.82,PLIN,APROBADO
4830,7443,2025-08-06 05:53:14,10215.21,PLIN,APROBADO
4831,7445,2025-11-17 19:21:31,8529.36,TARJETA,APROBADO
4832,7446,2025-10-13 12:10:54,17598.21,TARJETA,APROBADO
4833,7449,2025-08-04 07:08:23,5777.63,YAPE,APROBADO
4834,7451,2025-09-27 17:31:35,18656.1,TARJETA,APROBADO
4835,7452,2025-07-05 13:22:13,15706.73,TRANSFERENCIA,APROBADO
4836,7454,2025-06-22 21:05:52,6709.86,TARJETA,APROBADO
4837,7457,2025-10-07 04:58:36,6063.13,TARJETA,APROBADO
4838,7458,2025-05-29 22:53:46,4548.35,TRANSFERENCIA,APROBADO
4839,7459,2025-03-29 23:39:55,1205.49,PLIN,APROBADO
4840,7460,2025-06-05 17:42:09,8503.4,PLIN,APROBADO
4841,7463,2025-07-09 08:51:15,17826.18,YAPE,APROBADO
4842,7464,2025-07-27 22:41:36,15783.43,TARJETA,APROBADO
4843,7465,2025-12-19 21:34:35,15661.43,PLIN,APROBADO
4844,7466,2025-11-21 01:27:00,1287.6,TRANSFERENCIA,APROBADO
4845,7468,2025-04-24 10:14:25,12820.96,PLIN,APROBADO
4846,7469,2025-11-29 05:17:41,10379.88,TRANSFERENCIA,APROBADO
4847,7470,2025-08-26 22:14:25,16892.67,TARJETA,APROBADO
4848,7471,2025-10-03 19:13:52,14096.88,TRANSFERENCIA,APROBADO
4849,7472,2025-04-26 06:13:38,24826.52,YAPE,APROBADO
4850,7475,2025-06-30 22:05:59,19528.16,PLIN,APROBADO
4851,7476,2025-03-26 18:34:11,1766.32,PLIN,APROBADO
4852,7477,2025-07-10 00:54:11,15835.08,TRANSFERENCIA,APROBADO
4853,7479,2025-10-02 06:59:32,10399.68,TRANSFERENCIA,APROBADO
4854,7481,2025-08-26 01:28:29,4807.62,TRANSFERENCIA,APROBADO
4855,7482,2025-11-12 17:12:18,11005.68,PLIN,APROBADO
4856,7483,2025-05-17 10:51:19,9526.83,YAPE,APROBADO
4857,7484,2026-01-03 02:54:52,4129.23,TARJETA,APROBADO
4858,7485,2025-06-29 23:00:43,11066.03,TRANSFERENCIA,APROBADO
4859,7487,2025-05-23 16:58:17,14560.12,TRANSFERENCIA,APROBADO
4860,7488,2025-09-02 19:52:30,20068.75,YAPE,APROBADO
4861,7489,2025-05-20 15:33:53,3532.25,PLIN,APROBADO
4862,7490,2025-07-08 20:27:29,4407.76,YAPE,APROBADO
4863,7492,2025-05-08 02:39:09,9411.5,YAPE,APROBADO
4864,7493,2025-06-23 12:01:06,15168.81,PLIN,APROBADO
4865,7494,2025-05-07 04:38:12,7481.44,TRANSFERENCIA,APROBADO
4866,7495,2025-12-03 04:17:00,3256.83,TARJETA,APROBADO
4867,7496,2025-05-23 17:20:13,17722.32,TARJETA,APROBADO
4868,7497,2025-02-26 03:38:52,22279.48,TARJETA,APROBADO
4869,7499,2025-07-20 16:52:58,7302.76,TARJETA,APROBADO
4870,7500,2025-12-29 09:20:08,4895.74,TRANSFERENCIA,APROBADO
4871,7502,2025-07-08 18:22:37,1085.61,YAPE,APROBADO
4872,7504,2025-09-16 05:43:34,12192.5,TARJETA,APROBADO
4873,7505,2025-04-02 19:05:44,2964.84,TRANSFERENCIA,APROBADO
4874,7506,2025-04-19 18:04:59,27139.32,PLIN,APROBADO
4875,7507,2025-01-10 22:00:35,4484.72,PLIN,APROBADO
4876,7508,2025-08-02 16:41:08,4079.72,TRANSFERENCIA,APROBADO
4877,7509,2025-09-22 01:51:23,24921.1,YAPE,APROBADO
4878,7511,2025-01-18 05:26:24,449.34,TARJETA,APROBADO
4879,7513,2025-04-17 03:06:48,18990.22,TRANSFERENCIA,APROBADO
4880,7515,2025-08-24 01:00:52,4410.08,TARJETA,APROBADO
4881,7516,2025-02-08 15:24:15,17111.83,PLIN,APROBADO
4882,7517,2025-04-09 08:19:06,19752.25,TARJETA,APROBADO
4883,7519,2025-04-02 19:41:20,30301.23,TRANSFERENCIA,APROBADO
4884,7524,2025-12-16 09:58:16,11595.4,PLIN,APROBADO
4885,7525,2025-09-26 20:04:40,16369.26,TARJETA,APROBADO
4886,7527,2025-03-05 00:41:04,13724.17,TARJETA,APROBADO
4887,7528,2025-03-30 00:48:13,21503.16,TRANSFERENCIA,APROBADO
4888,7531,2025-08-28 11:27:47,8388.78,TARJETA,APROBADO
4889,7532,2025-06-10 12:08:17,3425.44,PLIN,APROBADO
4890,7533,2025-02-04 20:41:29,5125.08,PLIN,APROBADO
4891,7534,2025-08-28 04:20:26,887.18,PLIN,APROBADO
4892,7536,2025-03-09 20:53:57,4721.1,TARJETA,APROBADO
4893,7538,2025-12-10 16:49:00,6839.42,TRANSFERENCIA,APROBADO
4894,7539,2025-06-28 12:31:47,12872.79,PLIN,APROBADO
4895,7546,2025-12-20 23:29:26,16807.04,YAPE,APROBADO
4896,7547,2025-12-10 18:02:52,8386.23,YAPE,APROBADO
4897,7548,2025-09-29 11:09:42,7154.04,TARJETA,APROBADO
4898,7551,2025-05-25 19:41:42,11743.58,TRANSFERENCIA,APROBADO
4899,7552,2025-04-17 21:42:10,20656.05,TRANSFERENCIA,APROBADO
4900,7555,2025-07-10 18:04:32,18632.82,TARJETA,APROBADO
4901,7557,2025-08-12 18:57:41,12068.11,TARJETA,APROBADO
4902,7558,2026-01-03 08:34:04,5692.03,TARJETA,APROBADO
4903,7559,2025-10-04 22:55:40,9141.84,TRANSFERENCIA,APROBADO
4904,7560,2025-06-06 02:26:38,3312.69,PLIN,APROBADO
4905,7561,2025-06-18 12:51:20,28461.46,PLIN,APROBADO
4906,7563,2025-04-03 09:03:34,12080.87,YAPE,APROBADO
4907,7564,2025-02-19 01:42:31,6224.68,PLIN,APROBADO
4908,7567,2025-01-20 21:59:10,2460.81,YAPE,APROBADO
4909,7569,2025-05-11 08:57:19,655.46,PLIN,APROBADO
4910,7570,2025-06-28 04:24:40,20851.28,TRANSFERENCIA,APROBADO
4911,7571,2025-09-23 01:07:26,14710.34,TRANSFERENCIA,APROBADO
4912,7572,2025-08-02 06:35:30,15429.88,TARJETA,APROBADO
4913,7573,2025-11-14 22:29:26,14832.61,YAPE,APROBADO
4914,7574,2025-11-22 23:05:58,5965.59,TARJETA,APROBADO
4915,7575,2025-02-12 19:20:20,15150.64,TRANSFERENCIA,APROBADO
4916,7576,2025-06-15 08:21:10,14660.87,PLIN,APROBADO
4917,7577,2025-06-02 09:10:51,16213.41,TRANSFERENCIA,APROBADO
4918,7579,2025-08-02 20:10:57,12304.51,YAPE,APROBADO
4919,7580,2025-06-14 14:56:44,18844.79,TARJETA,APROBADO
4920,7582,2025-04-22 02:58:01,15331.88,TRANSFERENCIA,APROBADO
4921,7583,2025-02-11 22:52:43,9557.16,PLIN,APROBADO
4922,7584,2025-11-19 11:29:26,6586.13,YAPE,APROBADO
4923,7585,2025-01-22 19:47:58,15297.96,PLIN,APROBADO
4924,7586,2025-12-23 18:11:19,8574.33,YAPE,APROBADO
4925,7587,2025-07-29 09:43:31,237.73,YAPE,APROBADO
4926,7588,2025-10-03 04:36:32,8331.93,PLIN,APROBADO
4927,7592,2025-03-26 10:38:30,17814.05,YAPE,APROBADO
4928,7593,2025-02-27 15:53:35,20294.53,PLIN,APROBADO
4929,7595,2025-12-18 11:10:00,7309.54,PLIN,APROBADO
4930,7596,2025-07-30 12:45:32,16548.09,TARJETA,APROBADO
4931,7597,2025-07-03 23:13:38,12214.56,YAPE,APROBADO
4932,7598,2025-02-15 09:25:29,1501.35,YAPE,APROBADO
4933,7600,2025-02-15 11:33:30,19999.13,YAPE,APROBADO
4934,7601,2025-10-13 10:57:54,1973.37,TARJETA,APROBADO
4935,7602,2025-04-01 19:12:50,13340.92,TRANSFERENCIA,APROBADO
4936,7605,2025-05-18 00:55:53,4871.96,PLIN,APROBADO
4937,7607,2025-07-24 17:28:17,17847.81,PLIN,APROBADO
4938,7608,2025-03-05 03:17:36,25025.19,YAPE,APROBADO
4939,7609,2025-05-26 02:42:05,291.24,YAPE,APROBADO
4940,7612,2025-05-25 04:06:12,5284.35,YAPE,APROBADO
4941,7613,2025-07-10 19:02:26,5148.7,YAPE,APROBADO
4942,7614,2025-01-22 22:53:34,12861.21,PLIN,APROBADO
4943,7615,2025-08-24 16:16:00,19645.04,TRANSFERENCIA,APROBADO
4944,7616,2025-05-30 23:48:54,1000.9,YAPE,APROBADO
4945,7617,2025-11-19 11:25:47,5590.82,PLIN,APROBADO
4946,7618,2025-04-16 13:39:01,14030.43,PLIN,APROBADO
4947,7619,2025-06-04 19:07:36,27902.64,TARJETA,APROBADO
4948,7623,2025-06-29 18:07:32,4195.09,TRANSFERENCIA,APROBADO
4949,7625,2025-02-04 21:19:47,10891.86,TRANSFERENCIA,APROBADO
4950,7626,2025-05-19 17:13:51,5513.85,YAPE,APROBADO
4951,7628,2025-02-09 10:31:22,12629.06,TRANSFERENCIA,APROBADO
4952,7629,2025-05-21 02:36:35,17890.61,TRANSFERENCIA,APROBADO
4953,7632,2025-04-25 02:35:10,16627.99,TRANSFERENCIA,APROBADO
4954,7634,2025-02-05 04:22:53,5612.66,YAPE,APROBADO
4955,7635,2025-03-08 21:26:38,17501.14,TARJETA,APROBADO
4956,7636,2025-01-06 14:21:24,9859.72,PLIN,APROBADO
4957,7637,2025-09-02 22:25:41,32251.8,YAPE,APROBADO
4958,7638,2025-02-16 00:12:05,4225.86,TRANSFERENCIA,APROBADO
4959,7639,2025-12-19 20:07:03,15958.83,TARJETA,APROBADO
4960,7640,2025-01-09 07:49:02,2865.86,PLIN,APROBADO
4961,7641,2025-01-08 22:44:01,5418.06,YAPE,APROBADO
4962,7645,2026-01-01 13:58:48,9723.86,TRANSFERENCIA,APROBADO
4963,7648,2025-01-11 13:27:16,17986.86,TARJETA,APROBADO
4964,7650,2025-10-16 00:22:14,7517.5,TRANSFERENCIA,APROBADO
4965,7651,2025-08-05 21:36:16,11371.78,TRANSFERENCIA,APROBADO
4966,7652,2025-06-14 11:32:05,3390.37,PLIN,APROBADO
4967,7653,2025-04-07 09:17:14,5640.42,TRANSFERENCIA,APROBADO
4968,7655,2025-12-21 12:52:56,7928.54,PLIN,APROBADO
4969,7656,2025-09-17 04:02:48,7048.3,PLIN,APROBADO
4970,7657,2025-10-14 13:48:21,616.9,PLIN,APROBADO
4971,7658,2025-07-20 04:08:34,11860.5,YAPE,APROBADO
4972,7659,2025-07-19 13:02:49,3497.61,YAPE,APROBADO
4973,7661,2025-07-27 12:15:41,18684.92,PLIN,APROBADO
4974,7664,2025-06-07 23:41:49,6571.0,TARJETA,APROBADO
4975,7665,2025-07-16 01:42:57,12775.26,YAPE,APROBADO
4976,7667,2025-12-16 22:48:28,9732.51,PLIN,APROBADO
4977,7668,2025-05-29 18:28:45,12336.68,TRANSFERENCIA,APROBADO
4978,7669,2025-05-21 05:44:12,7136.72,TRANSFERENCIA,APROBADO
4979,7670,2025-08-08 22:02:19,13352.26,TRANSFERENCIA,APROBADO
4980,7672,2025-07-03 22:53:50,2246.01,PLIN,APROBADO
4981,7673,2025-01-08 11:40:24,8432.32,PLIN,APROBADO
4982,7678,2025-07-01 08:25:07,24735.09,PLIN,APROBADO
4983,7679,2025-06-12 18:52:40,4847.64,PLIN,APROBADO
4984,7680,2025-07-01 21:09:04,1934.22,TARJETA,APROBADO
4985,7682,2025-02-26 00:02:46,6069.18,TRANSFERENCIA,APROBADO
4986,7683,2025-05-06 05:12:27,2717.95,TRANSFERENCIA,APROBADO
4987,7684,2025-03-19 11:54:31,20864.51,PLIN,APROBADO
4988,7685,2025-06-07 10:13:04,18004.94,YAPE,APROBADO
4989,7687,2025-08-09 13:28:21,6954.77,PLIN,APROBADO
4990,7689,2025-08-26 16:59:33,7642.38,YAPE,APROBADO
4991,7690,2025-02-12 05:31:29,1159.86,YAPE,APROBADO
4992,7696,2025-07-07 21:02:21,19162.28,YAPE,APROBADO
4993,7698,2025-03-03 06:40:59,4337.71,TRANSFERENCIA,APROBADO
4994,7700,2025-04-29 21:42:05,7995.94,YAPE,APROBADO
4995,7701,2025-06-16 03:02:52,16880.32,TARJETA,APROBADO
4996,7702,2025-03-10 12:10:39,9863.02,TARJETA,APROBADO
4997,7704,2025-09-19 03:51:07,19197.56,TARJETA,APROBADO
4998,7705,2025-11-04 14:21:18,16017.83,TARJETA,APROBADO
4999,7710,2025-11-14 19:00:30,12434.52,TRANSFERENCIA,APROBADO
5000,7711,2025-11-24 20:46:08,5487.57,YAPE,APROBADO
5001,7713,2025-05-23 18:28:59,15092.88,TARJETA,APROBADO
5002,7715,2025-09-06 06:47:22,12272.59,YAPE,APROBADO
5003,7716,2025-03-03 16:04:37,1359.42,YAPE,APROBADO
5004,7718,2025-11-07 01:16:23,4045.48,TARJETA,APROBADO
5005,7719,2025-02-16 00:19:04,11763.7,YAPE,APROBADO
5006,7720,2025-01-07 02:23:31,16570.47,TARJETA,APROBADO
5007,7721,2025-10-19 15:51:22,8096.34,TARJETA,APROBADO
5008,7722,2025-03-30 22:00:25,1019.16,PLIN,APROBADO
5009,7723,2025-03-24 12:03:11,23458.15,TRANSFERENCIA,APROBADO
5010,7724,2025-02-19 02:29:01,7045.32,PLIN,APROBADO
5011,7726,2025-12-29 22:24:49,5646.32,TRANSFERENCIA,APROBADO
5012,7727,2025-06-03 11:59:52,13654.47,YAPE,APROBADO
5013,7728,2025-07-02 22:50:18,8964.06,YAPE,APROBADO
5014,7731,2025-12-31 17:07:04,7495.39,TRANSFERENCIA,APROBADO
5015,7733,2025-12-09 20:24:00,19505.46,TARJETA,APROBADO
5016,7736,2025-02-03 12:38:19,6207.42,TRANSFERENCIA,APROBADO
5017,7737,2025-03-07 15:05:00,16863.05,TARJETA,APROBADO
5018,7738,2025-01-06 06:41:45,252.44,TARJETA,APROBADO
5019,7740,2025-07-17 17:48:16,3290.46,TRANSFERENCIA,APROBADO
5020,7741,2025-02-03 09:52:22,4676.04,TARJETA,APROBADO
5021,7742,2025-11-07 16:51:01,18146.6,TARJETA,APROBADO
5022,7744,2025-08-06 21:39:20,10151.73,YAPE,APROBADO
5023,7745,2025-12-05 08:14:49,9959.28,TRANSFERENCIA,APROBADO
5024,7746,2025-06-18 04:04:16,4386.7,PLIN,APROBADO
5025,7750,2025-12-06 01:53:55,5710.38,TARJETA,APROBADO
5026,7753,2025-06-27 16:44:20,8525.36,TRANSFERENCIA,APROBADO
5027,7754,2025-05-31 06:37:24,1887.42,PLIN,APROBADO
5028,7755,2025-03-14 04:05:14,3067.86,TARJETA,APROBADO
5029,7756,2025-12-18 03:31:55,2107.17,PLIN,APROBADO
5030,7757,2025-12-09 03:57:46,15474.03,TARJETA,APROBADO
5031,7758,2025-01-26 18:36:13,3218.49,PLIN,APROBADO
5032,7759,2025-02-28 21:02:07,24275.73,TARJETA,APROBADO
5033,7760,2025-05-12 05:13:11,17202.21,PLIN,APROBADO
5034,7761,2025-10-01 21:04:28,9998.85,TRANSFERENCIA,APROBADO
5035,7762,2025-05-13 18:13:36,9244.64,TRANSFERENCIA,APROBADO
5036,7764,2025-05-15 13:00:49,28297.17,YAPE,APROBADO
5037,7765,2025-12-31 19:42:35,4520.91,PLIN,APROBADO
5038,7766,2025-02-19 11:00:26,11469.17,TARJETA,APROBADO
5039,7767,2025-12-18 04:40:53,25631.35,YAPE,APROBADO
5040,7769,2025-02-01 07:59:47,10151.73,TARJETA,APROBADO
5041,7770,2025-05-28 20:12:22,13763.26,PLIN,APROBADO
5042,7771,2025-01-16 09:10:32,4570.32,TRANSFERENCIA,APROBADO
5043,7772,2025-10-09 11:19:00,16171.86,PLIN,APROBADO
5044,7777,2025-05-03 00:56:43,7570.9,TARJETA,APROBADO
5045,7778,2025-10-15 18:56:49,6590.4,TRANSFERENCIA,APROBADO
5046,7779,2025-06-03 20:35:14,7702.32,YAPE,APROBADO
5047,7780,2025-07-19 22:53:29,13209.42,YAPE,APROBADO
5048,7782,2025-11-24 02:13:54,25566.09,YAPE,APROBADO
5049,7783,2025-12-29 00:46:18,16389.75,PLIN,APROBADO
5050,7784,2025-09-20 04:39:15,7691.35,PLIN,APROBADO
5051,7785,2025-09-21 06:40:50,1116.05,TRANSFERENCIA,APROBADO
5052,7786,2025-05-18 21:41:57,3330.2,YAPE,APROBADO
5053,7790,2025-06-12 19:39:10,17379.96,YAPE,APROBADO
5054,7791,2025-04-22 08:16:31,12483.8,TRANSFERENCIA,APROBADO
5055,7795,2025-12-05 20:43:45,23711.31,TRANSFERENCIA,APROBADO
5056,7799,2025-08-17 08:21:03,17166.56,TARJETA,APROBADO
5057,7801,2025-11-11 22:32:52,28553.83,YAPE,APROBADO
5058,7803,2025-01-07 02:48:17,5646.17,YAPE,APROBADO
5059,7804,2025-10-17 15:08:36,161.25,PLIN,APROBADO
5060,7805,2025-07-21 12:10:26,4242.23,YAPE,APROBADO
5061,7807,2025-08-25 05:08:31,19509.3,TARJETA,APROBADO
5062,7809,2025-03-31 02:57:14,8933.31,TRANSFERENCIA,APROBADO
5063,7811,2025-05-16 03:06:45,1995.12,YAPE,APROBADO
5064,7813,2025-10-01 04:43:39,448.7,TARJETA,APROBADO
5065,7814,2025-07-16 16:49:19,26258.55,TARJETA,APROBADO
5066,7818,2025-04-23 23:59:11,7715.92,YAPE,APROBADO
5067,7819,2025-03-29 18:41:18,2207.67,TARJETA,APROBADO
5068,7820,2025-11-24 00:33:15,12152.97,YAPE,APROBADO
5069,7826,2025-05-07 03:41:16,23068.09,TARJETA,APROBADO
5070,7827,2025-05-10 19:29:36,2576.66,PLIN,APROBADO
5071,7828,2025-09-14 14:06:00,10620.93,TARJETA,APROBADO
5072,7829,2025-12-27 09:40:02,7539.08,TARJETA,APROBADO
5073,7830,2025-06-20 07:37:53,13428.5,YAPE,APROBADO
5074,7834,2025-07-11 16:32:51,3359.97,TRANSFERENCIA,APROBADO
5075,7835,2025-08-23 00:05:13,5564.3,TARJETA,APROBADO
5076,7836,2025-04-06 14:27:52,1506.97,TARJETA,APROBADO
5077,7837,2025-11-17 04:16:03,12072.6,PLIN,APROBADO
5078,7838,2025-03-26 17:06:14,19573.36,TARJETA,APROBADO
5079,7840,2025-09-21 06:04:29,2586.62,PLIN,APROBADO
5080,7842,2025-06-11 05:10:42,4394.74,TRANSFERENCIA,APROBADO
5081,7843,2026-01-04 09:57:10,13806.03,TRANSFERENCIA,APROBADO
5082,7844,2025-08-24 08:09:23,26432.41,TARJETA,APROBADO
5083,7845,2025-08-28 21:31:35,19880.86,PLIN,APROBADO
5084,7846,2025-02-25 03:41:02,6499.08,TRANSFERENCIA,APROBADO
5085,7847,2025-08-12 12:46:36,14915.14,YAPE,APROBADO
5086,7848,2025-10-23 03:24:08,4590.87,YAPE,APROBADO
5087,7850,2025-01-05 07:21:46,13908.83,YAPE,APROBADO
5088,7851,2025-09-21 23:33:39,9615.81,TARJETA,APROBADO
5089,7853,2025-08-30 23:35:41,3348.15,PLIN,APROBADO
5090,7854,2025-02-20 04:06:52,8659.57,TRANSFERENCIA,APROBADO
5091,7855,2025-01-18 05:33:27,12515.08,TRANSFERENCIA,APROBADO
5092,7856,2025-07-05 05:43:06,15668.85,TRANSFERENCIA,APROBADO
5093,7857,2025-10-24 09:32:10,13794.6,PLIN,APROBADO
5094,7858,2025-09-09 22:51:34,24060.54,PLIN,APROBADO
5095,7860,2025-05-11 10:13:44,7695.78,YAPE,APROBADO
5096,7863,2025-11-10 13:55:25,11718.58,PLIN,APROBADO
5097,7869,2025-05-04 18:14:57,10095.24,TRANSFERENCIA,APROBADO
5098,7873,2025-06-02 23:46:43,9289.57,PLIN,APROBADO
5099,7874,2025-07-10 04:33:52,17574.49,PLIN,APROBADO
5100,7875,2025-07-28 20:25:42,3785.86,YAPE,APROBADO
5101,7876,2025-09-11 12:15:23,5322.12,PLIN,APROBADO
5102,7877,2025-04-25 15:58:18,6170.86,PLIN,APROBADO
5103,7878,2025-03-09 12:36:20,9541.68,TRANSFERENCIA,APROBADO
5104,7879,2025-02-20 17:10:39,11396.13,YAPE,APROBADO
5105,7880,2025-11-02 04:49:10,8246.13,TRANSFERENCIA,APROBADO
5106,7881,2025-08-06 02:06:55,2764.16,YAPE,APROBADO
5107,7883,2025-04-18 17:58:35,3249.3,YAPE,APROBADO
5108,7884,2025-05-05 23:40:58,9117.36,YAPE,APROBADO
5109,7885,2025-05-05 20:04:28,21964.87,TARJETA,APROBADO
5110,7886,2025-07-22 04:59:17,8837.58,TARJETA,APROBADO
5111,7888,2026-01-03 11:08:37,3287.7,YAPE,APROBADO
5112,7890,2025-10-19 01:24:30,7574.72,TARJETA,APROBADO
5113,7891,2025-04-11 16:03:06,11721.45,PLIN,APROBADO
5114,7893,2025-10-30 10:34:00,13595.87,TRANSFERENCIA,APROBADO
5115,7895,2025-08-07 10:47:16,16583.44,TARJETA,APROBADO
5116,7896,2025-09-04 01:48:36,13254.82,TRANSFERENCIA,APROBADO
5117,7898,2025-04-02 08:52:08,2782.41,TRANSFERENCIA,APROBADO
5118,7899,2025-11-18 10:08:21,11235.27,YAPE,APROBADO
5119,7900,2025-06-10 04:30:50,10836.99,YAPE,APROBADO
5120,7901,2025-04-08 23:12:43,12808.35,PLIN,APROBADO
5121,7902,2025-10-23 01:04:19,6499.38,YAPE,APROBADO
5122,7904,2025-09-05 17:25:42,10020.54,PLIN,APROBADO
5123,7905,2025-06-17 19:36:02,12276.08,YAPE,APROBADO
5124,7908,2025-07-01 19:56:56,13425.2,TARJETA,APROBADO
5125,7910,2025-12-16 02:56:38,23761.3,TARJETA,APROBADO
5126,7911,2025-10-04 07:58:55,4065.74,YAPE,APROBADO
5127,7912,2025-02-17 06:03:27,11145.63,TARJETA,APROBADO
5128,7913,2025-01-25 03:35:56,8306.58,PLIN,APROBADO
5129,7915,2025-10-29 21:07:04,16251.2,TARJETA,APROBADO
5130,7916,2025-04-10 21:13:16,14384.55,TARJETA,APROBADO
5131,7918,2025-08-04 12:38:55,11075.34,TARJETA,APROBADO
5132,7921,2025-08-06 05:33:24,15487.33,TARJETA,APROBADO
5133,7922,2025-05-01 18:11:49,450.12,YAPE,APROBADO
5134,7923,2025-09-26 21:23:15,19732.76,PLIN,APROBADO
5135,7924,2025-06-30 04:58:31,922.64,YAPE,APROBADO
5136,7926,2025-11-05 06:28:29,7356.88,TARJETA,APROBADO
5137,7928,2025-01-09 17:40:40,4393.53,TRANSFERENCIA,APROBADO
5138,7929,2025-12-08 18:26:27,14079.15,TARJETA,APROBADO
5139,7930,2025-02-14 12:13:39,7416.04,TRANSFERENCIA,APROBADO
5140,7931,2025-07-02 06:51:04,11531.48,PLIN,APROBADO
5141,7932,2025-05-12 08:27:17,6187.86,TARJETA,APROBADO
5142,7934,2025-05-26 09:51:14,9453.26,PLIN,APROBADO
5143,7937,2025-09-30 10:51:04,18116.11,TRANSFERENCIA,APROBADO
5144,7939,2025-12-27 06:26:13,19723.72,PLIN,APROBADO
5145,7942,2025-12-10 05:30:24,2240.33,TRANSFERENCIA,APROBADO
5146,7943,2025-12-21 14:01:36,23633.28,TRANSFERENCIA,APROBADO
5147,7944,2025-09-13 06:35:56,26271.3,YAPE,APROBADO
5148,7945,2025-05-10 16:22:46,12829.2,TRANSFERENCIA,APROBADO
5149,7946,2025-03-18 22:02:28,17714.38,TARJETA,APROBADO
5150,7949,2025-06-16 04:14:14,13618.77,TRANSFERENCIA,APROBADO
5151,7950,2025-08-23 06:57:01,12576.81,TARJETA,APROBADO
5152,7952,2025-05-28 16:10:45,11128.2,PLIN,APROBADO
5153,7953,2025-05-15 18:37:43,16949.17,YAPE,APROBADO
5154,7955,2025-09-01 22:54:16,16020.64,TRANSFERENCIA,APROBADO
5155,7957,2025-08-20 04:58:44,10447.62,YAPE,APROBADO
5156,7958,2025-09-08 23:41:09,7380.45,TRANSFERENCIA,APROBADO
5157,7959,2025-04-11 08:58:11,131.44,PLIN,APROBADO
5158,7960,2025-08-03 16:32:47,11894.04,TARJETA,APROBADO
5159,7961,2025-10-22 07:40:19,11227.35,PLIN,APROBADO
5160,7962,2025-09-19 14:17:53,10131.51,YAPE,APROBADO
5161,7964,2025-10-08 16:08:33,22642.9,PLIN,APROBADO
5162,7966,2025-03-10 09:22:03,12894.73,YAPE,APROBADO
5163,7967,2025-06-22 06:41:34,14598.9,PLIN,APROBADO
5164,7970,2025-09-10 04:33:54,11774.65,PLIN,APROBADO
5165,7971,2025-10-09 22:04:41,28106.97,PLIN,APROBADO
5166,7972,2025-05-05 10:45:45,1890.51,TRANSFERENCIA,APROBADO
5167,7973,2025-11-13 03:26:44,20135.07,YAPE,APROBADO
5168,7974,2025-10-05 17:03:01,7045.32,YAPE,APROBADO
5169,7975,2025-09-08 01:59:10,414.81,YAPE,APROBADO
5170,7977,2025-06-25 21:45:45,16500.88,PLIN,APROBADO
5171,7978,2025-11-28 19:11:39,19354.0,TRANSFERENCIA,APROBADO
5172,7979,2025-05-19 02:52:44,12126.17,TRANSFERENCIA,APROBADO
5173,7980,2025-08-24 07:21:48,16064.34,TRANSFERENCIA,APROBADO
5174,7981,2025-06-20 18:47:08,15633.3,TARJETA,APROBADO
5175,7984,2025-11-17 10:17:23,10550.2,TARJETA,APROBADO
5176,7986,2025-01-25 12:17:50,939.16,TRANSFERENCIA,APROBADO
5177,7987,2025-03-02 13:13:55,12304.39,PLIN,APROBADO
5178,7988,2025-08-03 01:04:52,11346.43,TARJETA,APROBADO
5179,7991,2025-01-10 12:39:36,7424.32,TARJETA,APROBADO
5180,7993,2025-10-20 01:20:44,9108.89,YAPE,APROBADO
5181,7994,2025-11-27 16:23:36,17664.8,TRANSFERENCIA,APROBADO
5182,7995,2025-06-20 16:48:57,10191.29,TARJETA,APROBADO
5183,7997,2025-07-23 02:18:03,15544.45,YAPE,APROBADO
